[brain] server :8120, launching 3 workers
[brain] resumed at iteration 5135, stage league
[brain] it 5136 [league 63%] R/ep 9.32 ent 2.21 kl 0.006 | hit/swing 35% dj/min 35.7 blk/min 3.0 abiHit 80 supHit 33 | expert 2/2 hunter 7/9 self 0/1 medium 2/2 sov fast 2/4 switcher 1/1 zoner 2/2 hard 1/1 summoner 1/1 counter 1/1 | roll 2.9s upd 17.3s
[brain] it 5137 [league 64%] R/ep 4.80 ent 2.10 kl 0.008 | hit/swing 39% dj/min 29.9 blk/min 4.3 abiHit 84 supHit 48 | hunter 2/12 expert 2/2 human 1/1 expert x2 1/1 self 3/5 idle 1/1 sovereign 2/4 summoner 1/1 turtle 1/1 sov fast 1/3 medium 2/2 zoner 1/1 hard 1/1 | roll 2.8s upd 18.2s
[brain] it 5138 [league 64%] R/ep 1.89 ent 2.30 kl 0.007 | hit/swing 33% dj/min 38.0 blk/min 4.7 abiHit 56 supHit 24 | summoner 1/1 hunter 2/11 sov fast 1/3 expert 1/1 self 0/3 sovereign 1/1 expert x2 1/1 easy 1/1 aerial 1/1 turtle 1/1 | roll 2.7s upd 20.2s
[brain] it 5139 [league 66%] R/ep 6.64 ent 2.15 kl 0.006 | hit/swing 45% dj/min 32.1 blk/min 5.0 abiHit 72 supHit 46 | hunter 8/13 sov fast 1/2 sovereign 4/5 self 2/2 medium 2/2 easy 1/1 hard 1/1 aerial 1/1 expert 1/1 | roll 3.4s upd 50.8s
[brain] it 5140 [league 66%] R/ep 6.54 ent 2.18 kl 0.008 | hit/swing 43% dj/min 32.9 blk/min 4.3 abiHit 66 supHit 38 | summoner 2/2 hunter 3/9 counter 2/2 medium 2/2 switcher 1/1 self 1/1 sovereign 1/2 sov fast 3/3 turtle 1/1 | roll 5.0s upd 69.1s
[brain] it 5141 [league 66%] R/ep 2.90 ent 2.15 kl 0.007 | hit/swing 44% dj/min 35.2 blk/min 4.4 abiHit 82 supHit 53 | sovereign 2/3 aerial 1/1 hunter 3/13 idle 3/3 sov fast 1/3 medium 2/2 self 1/2 expert x2 1/1 expert 2/2 | roll 5.1s upd 103.7s
[brain] it 5142 [league 68%] R/ep 5.54 ent 2.26 kl 0.007 | hit/swing 35% dj/min 36.2 blk/min 5.3 abiHit 71 supHit 39 | hunter 4/12 sov fast 0/1 self 2/2 expert 1/1 rushdown 1/1 human 1/1 easy 2/2 expert x2 0/1 sovereign 2/2 switcher 1/2 medium 1/1 | roll 10.1s upd 59.1s
[brain] it 5143 [league 68%] R/ep 8.84 ent 2.12 kl 0.007 | hit/swing 46% dj/min 34.8 blk/min 5.3 abiHit 90 supHit 47 | rushdown 2/2 self 2/5 sovereign 3/5 medium 1/1 counter 1/1 hunter 4/8 hard x3 1/1 expert 1/1 sov fast 2/2 human 1/1 summoner 1/1 switcher 1/1 | roll 2.2s upd 9.5s
[brain] it 5144 [league 68%] R/ep 4.07 ent 2.24 kl 0.008 | hit/swing 45% dj/min 35.1 blk/min 3.8 abiHit 95 supHit 49 | sov fast 3/6 hunter 3/10 self 1/3 expert 3/3 easy 1/1 expert x2 1/1 hard 2/2 counter 1/1 | roll 1.6s upd 7.8s
[brain] it 5145 [league 68%] R/ep 2.15 ent 2.17 kl 0.006 | hit/swing 42% dj/min 32.9 blk/min 5.3 abiHit 67 supHit 40 | zoner 1/1 sovereign 3/4 idle 1/1 hunter 0/10 self 2/4 sov fast 0/1 human 2/3 medium 1/1 expert 1/1 | roll 1.6s upd 9.0s
[brain] it 5146 [league 67%] R/ep 2.78 ent 2.33 kl 0.008 | hit/swing 32% dj/min 38.4 blk/min 4.5 abiHit 59 supHit 40 | hunter 2/11 sovereign 3/6 easy 1/1 sov fast 1/1 expert x2 1/1 self 0/2 human 1/1 expert 1/1 turtle 1/1 aerial 1/1 summoner 1/1 | roll 4.5s upd 9.5s
[brain] it 5147 [league 68%] R/ep 3.29 ent 2.20 kl 0.007 | hit/swing 44% dj/min 33.9 blk/min 4.9 abiHit 77 supHit 49 | hunter 1/13 hard 1/1 expert x2 1/1 counter 1/1 hard x3 1/2 sovereign 3/3 sov fast 2/3 summoner 0/1 expert 2/2 self 0/2 | roll 2.4s upd 9.6s
[brain] it 5148 [league 67%] R/ep 5.17 ent 2.19 kl 0.008 | hit/swing 41% dj/min 30.3 blk/min 4.4 abiHit 128 supHit 49 | hunter 2/12 self 1/2 turtle 2/2 idle 2/2 expert x2 2/2 sov fast 1/2 expert 2/2 sovereign 0/1 summoner 0/1 | roll 1.8s upd 11.0s
[brain] it 5149 [league 66%] R/ep 5.05 ent 2.09 kl 0.008 | hit/swing 46% dj/min 35.4 blk/min 4.8 abiHit 78 supHit 56 | rushdown 1/1 hunter 3/10 expert 3/3 self 2/5 counter 1/1 sovereign 1/3 sov fast 2/2 medium 1/1 expert x2 1/1 switcher 1/1 | roll 1.8s upd 12.7s
[brain] it 5150 [league 66%] R/ep -0.58 ent 2.23 kl 0.006 | hit/swing 33% dj/min 32.8 blk/min 5.0 abiHit 82 supHit 36 | self 1/3 human 0/1 switcher 0/1 hunter 3/14 sov fast 2/4 zoner 1/1 hard 2/2 medium 1/1 | roll 1.9s upd 14.5s
[brain] it 5151 [league 63%] R/ep 3.79 ent 2.19 kl 0.010 | hit/swing 48% dj/min 32.9 blk/min 5.2 abiHit 109 supHit 53 | self 2/6 hunter 0/8 expert x2 1/2 counter 1/1 sov fast 3/3 expert 2/2 hard x3 1/1 sovereign 0/4 medium 1/1 easy 1/1 summoner 1/1 zoner 1/1 | roll 2.1s upd 13.2s
[brain] it 5152 [league 61%] R/ep 6.33 ent 2.12 kl 0.007 | hit/swing 37% dj/min 31.9 blk/min 5.0 abiHit 86 supHit 63 | sov fast 2/3 easy 1/1 sovereign 0/2 expert 2/2 hunter 3/14 medium 3/3 switcher 1/1 hard x3 1/1 hard 1/1 rushdown 2/2 | roll 2.0s upd 10.7s
[brain] it 5153 [league 63%] R/ep 5.29 ent 2.22 kl 0.008 | hit/swing 35% dj/min 35.9 blk/min 5.2 abiHit 103 supHit 50 | summoner 2/2 hunter 5/14 hard 2/2 sov fast 0/2 self 1/2 sovereign 3/4 expert 1/1 zoner 1/1 easy 1/1 | roll 1.9s upd 8.6s
[brain] it 5154 [league 65%] R/ep 5.29 ent 2.32 kl 0.010 | hit/swing 33% dj/min 41.2 blk/min 5.7 abiHit 69 supHit 33 | hunter 4/10 self 3/5 zoner 2/2 sovereign 4/4 sov fast 0/1 aerial 1/1 rushdown 1/2 expert 1/1 | roll 1.6s upd 10.5s
[brain] it 5155 [league 65%] R/ep 3.88 ent 2.26 kl 0.008 | hit/swing 36% dj/min 38.4 blk/min 3.4 abiHit 55 supHit 41 | hunter 4/11 medium 1/1 sovereign 2/2 easy 1/1 expert 2/2 zoner 1/1 self 1/2 sov fast 0/4 aerial 2/2 human 1/1 | roll 1.6s upd 13.5s
[brain] it 5156 [league 65%] R/ep 8.42 ent 2.11 kl 0.008 | hit/swing 52% dj/min 33.4 blk/min 4.9 abiHit 85 supHit 67 | medium 2/2 hunter 5/10 sov fast 4/6 sovereign 1/3 expert x2 1/2 switcher 1/1 zoner 1/1 self 0/1 aerial 1/1 expert 2/2 hard x3 0/1 summoner 1/1 | roll 1.8s upd 10.5s
[brain] it 5157 [league 64%] R/ep 6.32 ent 2.17 kl 0.008 | hit/swing 51% dj/min 34.3 blk/min 5.7 abiHit 92 supHit 41 | expert 2/2 hunter 3/8 self 3/5 turtle 1/2 sovereign 0/1 aerial 1/1 human 0/1 easy 1/1 summoner 1/1 hard x3 1/1 medium 1/1 | roll 1.7s upd 9.9s
[brain] it 5158 [league 64%] R/ep 5.57 ent 2.17 kl 0.008 | hit/swing 33% dj/min 36.3 blk/min 3.5 abiHit 87 supHit 35 | hunter 5/13 sov fast 0/1 hard 1/1 expert x2 1/1 self 1/3 sovereign 2/2 expert 3/3 medium 2/2 easy 1/1 idle 1/1 | roll 1.9s upd 9.9s
[brain] it 5159 [league 64%] R/ep 6.64 ent 2.23 kl 0.011 | hit/swing 44% dj/min 37.9 blk/min 4.3 abiHit 61 supHit 45 | hunter 6/13 hard x3 2/2 idle 1/1 human 0/1 expert 1/1 sov fast 4/4 sovereign 1/1 | roll 1.6s upd 9.2s
[brain] it 5160 [league 65%] R/ep 4.53 ent 2.17 kl 0.007 | hit/swing 38% dj/min 35.2 blk/min 5.1 abiHit 80 supHit 44 | hunter 5/12 turtle 1/1 sovereign 6/6 summoner 1/1 self 2/2 hard 1/1 | roll 1.8s upd 9.7s
[brain] it 5161 [league 68%] R/ep 7.96 ent 2.08 kl 0.009 | hit/swing 45% dj/min 35.0 blk/min 3.8 abiHit 111 supHit 50 | easy 1/1 hard 2/2 turtle 1/1 hunter 7/11 expert 3/3 medium 1/1 sovereign 4/4 sov fast 1/2 self 1/1 summoner 1/1 expert x2 0/1 | roll 1.6s upd 12.2s
[brain] it 5162 [league 68%] R/ep 8.63 ent 2.15 kl 0.008 | hit/swing 54% dj/min 34.8 blk/min 4.4 abiHit 105 supHit 58 | sov fast 6/8 hunter 5/8 medium 2/2 easy 1/1 zoner 1/1 expert x2 1/2 self 0/2 aerial 1/1 expert 2/2 idle 1/1 sovereign 0/1 | roll 1.7s upd 7.5s
[brain] it 5163 [league 68%] R/ep 3.98 ent 2.20 kl 0.010 | hit/swing 44% dj/min 33.8 blk/min 4.6 abiHit 129 supHit 54 | hunter 2/10 sov fast 1/5 hard 1/1 sovereign 1/2 medium 2/2 easy 1/1 expert x2 1/1 hard x3 0/1 summoner 1/1 expert 1/1 self 2/2 | roll 1.6s upd 8.1s
[brain] it 5164 [league 69%] R/ep 6.36 ent 2.19 kl 0.007 | hit/swing 42% dj/min 33.1 blk/min 4.2 abiHit 75 supHit 36 | sov fast 0/1 hard x3 2/2 hunter 3/10 counter 1/1 expert 1/1 summoner 1/1 self 1/2 sovereign 2/3 idle 1/1 aerial 1/1 | roll 1.5s upd 7.4s
[brain] it 5165 [league 70%] R/ep 2.89 ent 2.12 kl 0.009 | hit/swing 43% dj/min 31.5 blk/min 5.4 abiHit 64 supHit 54 | self 1/3 summoner 2/2 sov fast 1/4 expert x2 1/1 hunter 5/15 expert 1/1 sovereign 1/1 medium 1/1 easy 1/1 turtle 1/1 | roll 1.5s upd 7.4s
[brain] it 5166 [league 70%] R/ep 4.54 ent 2.19 kl 0.008 | hit/swing 36% dj/min 38.2 blk/min 3.5 abiHit 83 supHit 27 | hunter 5/14 self 1/2 expert 1/1 sov fast 2/2 sovereign 1/1 easy 1/1 expert x2 0/1 turtle 1/1 medium 1/1 | roll 1.6s upd 7.2s
[brain] it 5167 [league 71%] R/ep 6.59 ent 2.17 kl 0.007 | hit/swing 40% dj/min 38.3 blk/min 4.7 abiHit 83 supHit 51 | sov fast 3/3 expert x2 1/1 sovereign 3/4 summoner 1/1 human 3/3 zoner 1/1 hunter 4/13 self 1/2 medium 1/1 idle 1/1 | roll 1.6s upd 7.3s
[brain] it 5168 [league 70%] R/ep 7.38 ent 2.35 kl 0.006 | hit/swing 41% dj/min 38.5 blk/min 5.4 abiHit 60 supHit 46 | sovereign 4/5 turtle 1/1 zoner 1/1 hunter 5/10 self 2/2 sov fast 1/2 expert 2/2 switcher 1/1 aerial 1/1 human 1/1 counter 1/1 summoner 1/1 | roll 1.3s upd 8.5s
[brain] it 5169 [league 70%] R/ep 4.85 ent 2.28 kl 0.007 | hit/swing 39% dj/min 34.1 blk/min 4.4 abiHit 59 supHit 38 | summoner 4/4 sovereign 2/3 hunter 3/10 easy 3/3 expert x2 1/1 sov fast 1/2 expert 1/1 self 1/2 zoner 1/1 | roll 1.4s upd 6.8s
[brain] it 5170 [league 69%] R/ep 3.01 ent 2.24 kl 0.009 | hit/swing 33% dj/min 37.0 blk/min 4.9 abiHit 56 supHit 35 | sov fast 2/3 human 1/1 hunter 3/9 hard 1/1 expert x2 1/1 sovereign 2/3 switcher 0/1 idle 1/1 self 1/2 | roll 1.4s upd 9.0s
[brain] it 5171 [league 68%] R/ep 4.87 ent 2.20 kl 0.008 | hit/swing 33% dj/min 34.7 blk/min 5.6 abiHit 102 supHit 50 | expert 2/2 zoner 2/2 hunter 3/12 sovereign 3/4 hard 2/2 expert x2 1/1 switcher 0/1 rushdown 1/1 self 0/2 summoner 1/1 hard x3 0/1 | roll 1.6s upd 9.9s
[brain] it 5172 [league 68%] R/ep 5.68 ent 2.31 kl 0.008 | hit/swing 40% dj/min 31.7 blk/min 4.9 abiHit 75 supHit 40 | hunter 0/7 self 3/5 expert 5/5 sovereign 1/2 sov fast 1/2 expert x2 1/1 zoner 1/1 easy 1/1 hard x3 0/1 | roll 1.6s upd 9.5s
[brain] it 5173 [league 67%] R/ep 3.58 ent 2.22 kl 0.006 | hit/swing 32% dj/min 36.4 blk/min 5.4 abiHit 62 supHit 36 | hunter 3/11 sovereign 1/3 expert 2/2 self 4/5 medium 1/1 | roll 2.0s upd 8.7s
[brain] it 5174 [league 67%] R/ep 0.56 ent 2.27 kl 0.008 | hit/swing 32% dj/min 38.2 blk/min 4.7 abiHit 53 supHit 31 | hunter 2/15 human 1/1 sov fast 3/4 idle 1/1 expert 1/1 sovereign 1/1 self 0/1 | roll 2.0s upd 8.8s
[brain] it 5175 [league 67%] R/ep 10.70 ent 2.10 kl 0.010 | hit/swing 67% dj/min 31.2 blk/min 5.8 abiHit 100 supHit 74 | sovereign 4/6 hunter 1/6 hard x3 3/3 hard 1/1 sov fast 4/5 expert 3/3 easy 2/2 medium 1/1 rushdown 1/1 expert x2 1/2 self 0/2 turtle 1/1 | roll 1.6s upd 9.1s
[brain] it 5176 [league 66%] R/ep 8.46 ent 2.14 kl 0.008 | hit/swing 41% dj/min 34.6 blk/min 4.7 abiHit 71 supHit 55 | hunter 4/9 zoner 1/1 sov fast 2/3 sovereign 2/4 human 2/2 switcher 1/1 expert 2/2 summoner 1/1 turtle 2/2 self 1/1 | roll 1.6s upd 7.8s
[brain] it 5177 [league 66%] R/ep 6.98 ent 2.19 kl 0.008 | hit/swing 46% dj/min 33.9 blk/min 3.8 abiHit 71 supHit 55 | self 1/1 sov fast 6/8 expert 2/2 counter 2/2 hunter 4/13 easy 1/1 sovereign 3/3 idle 1/1 summoner 0/1 hard 1/1 | roll 1.8s upd 8.2s
[brain] it 5178 [league 66%] R/ep 8.58 ent 2.18 kl 0.008 | hit/swing 30% dj/min 33.6 blk/min 3.9 abiHit 106 supHit 45 | sovereign 1/1 hunter 5/8 easy 2/2 expert x2 1/1 rushdown 0/1 sov fast 4/4 self 3/3 expert 2/2 human 1/1 medium 1/1 | roll 1.4s upd 7.7s
[brain] it 5179 [league 67%] R/ep 10.60 ent 2.27 kl 0.008 | hit/swing 44% dj/min 34.3 blk/min 4.6 abiHit 78 supHit 41 | hunter 2/8 zoner 2/2 easy 2/2 expert 1/1 sov fast 0/2 sovereign 2/2 counter 2/2 hard x3 1/1 idle 1/1 summoner 1/1 aerial 1/1 human 1/2 | roll 1.4s upd 7.5s
[brain] it 5180 [league 67%] R/ep 3.08 ent 2.20 kl 0.009 | hit/swing 33% dj/min 34.0 blk/min 4.0 abiHit 80 supHit 26 | hunter 4/9 self 0/2 switcher 1/1 sovereign 1/2 sov fast 0/1 idle 1/1 medium 1/1 expert 1/1 easy 1/1 human 1/1 | roll 1.5s upd 9.8s
[brain] it 5181 [league 68%] R/ep 7.68 ent 2.13 kl 0.007 | hit/swing 53% dj/min 32.7 blk/min 4.8 abiHit 72 supHit 61 | hunter 6/12 human 1/1 idle 1/1 zoner 1/1 sov fast 5/6 easy 1/1 sovereign 4/6 medium 1/1 expert x2 1/1 hard 1/1 self 1/1 turtle 1/1 | roll 1.7s upd 9.9s
[brain] it 5182 [league 68%] R/ep 3.09 ent 2.21 kl 0.007 | hit/swing 35% dj/min 33.3 blk/min 5.4 abiHit 82 supHit 33 | hunter 4/13 sov fast 2/2 zoner 1/1 self 1/2 medium 2/2 sovereign 1/2 human 1/1 expert 1/1 counter 1/1 | roll 1.8s upd 8.8s
[brain] it 5183 [league 68%] R/ep 4.24 ent 2.32 kl 0.008 | hit/swing 37% dj/min 36.5 blk/min 6.6 abiHit 63 supHit 46 | hunter 7/12 sovereign 2/2 aerial 2/2 expert 1/1 sov fast 5/5 self 1/5 hard 1/1 | roll 1.7s upd 9.2s
[brain] it 5184 [league 68%] R/ep 7.77 ent 2.35 kl 0.006 | hit/swing 31% dj/min 37.0 blk/min 4.2 abiHit 69 supHit 40 | sovereign 1/1 hunter 6/12 human 0/1 counter 1/1 expert 1/1 sov fast 1/1 switcher 1/1 hard 1/1 idle 1/1 turtle 1/1 hard x3 1/1 self 1/1 | roll 1.7s upd 8.8s
[brain] it 5185 [league 69%] R/ep 3.35 ent 2.24 kl 0.007 | hit/swing 34% dj/min 35.9 blk/min 4.6 abiHit 55 supHit 37 | zoner 1/1 self 1/3 hunter 7/16 sovereign 2/3 rushdown 0/1 expert 1/1 hard x3 1/1 | roll 1.9s upd 10.5s
[brain] it 5186 [league 71%] R/ep 5.65 ent 2.21 kl 0.009 | hit/swing 40% dj/min 34.1 blk/min 4.3 abiHit 87 supHit 41 | sov fast 2/3 hunter 6/13 sovereign 3/4 medium 2/2 hard 1/1 rushdown 1/1 expert 1/1 idle 1/1 expert x2 1/1 self 1/1 | roll 1.9s upd 9.1s
[brain] it 5187 [league 71%] R/ep 5.22 ent 2.14 kl 0.008 | hit/swing 44% dj/min 34.6 blk/min 5.7 abiHit 76 supHit 48 | hunter 4/12 sov fast 1/3 idle 2/2 self 2/5 hard x3 1/2 counter 1/1 switcher 1/1 hard 2/2 expert 1/1 | roll 1.8s upd 10.3s
[brain] it 5188 [league 71%] R/ep 4.35 ent 2.18 kl 0.009 | hit/swing 46% dj/min 31.8 blk/min 6.3 abiHit 97 supHit 44 | summoner 1/1 hunter 3/13 sov fast 1/2 self 3/5 easy 2/2 expert 2/2 expert x2 2/2 counter 1/1 idle 1/1 | roll 1.7s upd 8.8s
[brain] it 5189 [league 71%] R/ep 1.24 ent 2.28 kl 0.006 | hit/swing 29% dj/min 34.5 blk/min 5.0 abiHit 93 supHit 31 | hard x3 0/1 self 0/2 turtle 2/2 hunter 6/15 expert x2 1/1 sov fast 1/3 expert 1/1 easy 1/1 | roll 1.8s upd 10.8s
[brain] it 5190 [league 73%] R/ep 6.99 ent 2.23 kl 0.009 | hit/swing 45% dj/min 35.2 blk/min 5.1 abiHit 79 supHit 44 | hard 1/1 hunter 2/7 sov fast 2/3 sovereign 2/4 expert 3/3 self 4/5 zoner 1/1 rushdown 1/1 summoner 1/1 expert x2 1/1 | roll 1.8s upd 10.1s
[brain] it 5191 [league 72%] R/ep 4.30 ent 2.28 kl 0.009 | hit/swing 38% dj/min 32.0 blk/min 4.5 abiHit 83 supHit 33 | sov fast 0/1 hunter 3/10 counter 2/2 medium 3/3 sovereign 2/4 expert 1/1 switcher 1/1 idle 1/1 | roll 1.6s upd 9.9s
[brain] it 5192 [league 70%] R/ep 7.33 ent 2.29 kl 0.008 | hit/swing 45% dj/min 36.9 blk/min 4.1 abiHit 81 supHit 34 | idle 3/3 expert 2/2 sov fast 1/3 sovereign 1/3 hunter 6/10 self 1/1 zoner 1/1 hard 2/2 medium 1/1 | roll 1.6s upd 9.2s
[brain] it 5193 [league 70%] R/ep 6.00 ent 2.26 kl 0.007 | hit/swing 38% dj/min 32.9 blk/min 4.6 abiHit 70 supHit 36 | sovereign 3/3 hunter 3/11 idle 2/2 easy 1/1 sov fast 2/2 self 1/1 expert 1/1 rushdown 1/1 summoner 0/1 aerial 1/1 counter 1/1 | roll 1.8s upd 8.5s
[brain] it 5194 [league 70%] R/ep 5.66 ent 2.18 kl 0.008 | hit/swing 41% dj/min 35.6 blk/min 5.7 abiHit 64 supHit 55 | zoner 1/1 sov fast 5/5 sovereign 1/4 expert 2/2 hunter 4/13 medium 1/1 rushdown 1/1 hard 2/2 aerial 1/1 self 1/2 | roll 1.6s upd 8.4s
[brain] it 5195 [league 70%] R/ep 4.27 ent 2.18 kl 0.009 | hit/swing 35% dj/min 34.4 blk/min 5.9 abiHit 57 supHit 42 | self 1/4 hunter 4/12 sovereign 2/2 hard x3 1/1 counter 1/1 human 1/1 hard 1/1 sov fast 0/1 medium 1/1 | roll 1.7s upd 8.2s
[brain] it 5196 [league 69%] R/ep 4.55 ent 2.19 kl 0.007 | hit/swing 39% dj/min 35.8 blk/min 4.4 abiHit 58 supHit 40 | hunter 3/10 rushdown 1/1 medium 1/1 self 5/5 sov fast 3/4 sovereign 0/1 summoner 1/1 expert 1/1 | roll 1.6s upd 8.7s
[brain] it 5197 [league 69%] R/ep 7.84 ent 2.28 kl 0.008 | hit/swing 32% dj/min 38.2 blk/min 4.6 abiHit 75 supHit 60 | hunter 4/9 self 4/5 expert 2/2 sov fast 2/3 medium 1/1 sovereign 2/2 counter 1/1 easy 1/1 switcher 1/1 expert x2 1/1 | roll 1.6s upd 8.9s
[brain] it 5198 [league 69%] R/ep 5.01 ent 2.24 kl 0.007 | hit/swing 50% dj/min 33.4 blk/min 5.2 abiHit 82 supHit 34 | hunter 2/9 self 2/5 turtle 1/1 expert 2/2 sovereign 2/2 switcher 0/1 hard x3 1/1 sov fast 0/1 hard 1/1 | roll 1.5s upd 7.4s
[brain] it 5199 [league 69%] R/ep 4.64 ent 2.31 kl 0.009 | hit/swing 31% dj/min 36.0 blk/min 5.1 abiHit 92 supHit 50 | switcher 0/1 hunter 4/12 hard 1/1 expert 1/1 self 2/2 sovereign 3/3 sov fast 1/2 hard x3 0/1 easy 2/2 idle 1/1 aerial 1/2 rushdown 1/1 | roll 1.5s upd 7.4s
[brain] it 5200 [league 69%] R/ep 5.81 ent 2.17 kl 0.009 | hit/swing 39% dj/min 33.8 blk/min 5.3 abiHit 101 supHit 54 | sov fast 2/3 hunter 7/15 idle 1/1 easy 2/2 summoner 1/1 aerial 2/2 turtle 1/1 sovereign 2/2 counter 1/1 self 0/1 | roll 1.7s upd 7.5s
[brain] it 5201 [league 68%] R/ep 4.96 ent 2.25 kl 0.007 | hit/swing 35% dj/min 33.2 blk/min 4.9 abiHit 73 supHit 34 | hunter 6/10 summoner 1/1 human 1/2 sovereign 1/3 self 2/5 easy 1/1 expert x2 1/1 idle 1/1 hard 1/1 | roll 1.4s upd 8.9s
[brain] it 5202 [league 69%] R/ep 6.26 ent 2.21 kl 0.009 | hit/swing 39% dj/min 31.8 blk/min 5.2 abiHit 109 supHit 60 | sov fast 4/6 counter 1/1 hunter 2/9 idle 2/2 easy 1/1 zoner 1/1 expert x2 2/3 summoner 1/1 self 1/3 hard x3 1/1 sovereign 1/1 | roll 1.6s upd 8.7s
[brain] it 5203 [league 69%] R/ep 3.74 ent 2.34 kl 0.007 | hit/swing 30% dj/min 33.6 blk/min 3.9 abiHit 54 supHit 32 | sovereign 2/3 sov fast 0/2 expert 1/1 hunter 6/11 idle 1/1 self 0/2 counter 1/1 summoner 2/2 switcher 1/1 | roll 1.6s upd 7.1s
[brain] it 5204 [league 69%] R/ep 8.32 ent 2.23 kl 0.008 | hit/swing 47% dj/min 35.1 blk/min 3.1 abiHit 103 supHit 51 | sovereign 4/5 hunter 3/7 hard 2/2 sov fast 5/6 self 2/3 expert 2/2 easy 1/1 zoner 1/1 counter 2/2 | roll 1.3s upd 6.9s
[brain] it 5205 [league 70%] R/ep 6.16 ent 2.21 kl 0.008 | hit/swing 41% dj/min 31.3 blk/min 5.4 abiHit 102 supHit 50 | hunter 1/10 sovereign 2/2 self 1/2 rushdown 2/2 expert 2/2 zoner 1/1 human 2/2 hard 1/1 idle 2/2 sov fast 2/2 aerial 1/1 | roll 1.4s upd 11.3s
[brain] it 5206 [league 69%] R/ep 6.43 ent 2.37 kl 0.010 | hit/swing 34% dj/min 38.2 blk/min 4.2 abiHit 70 supHit 28 | summoner 1/1 hard 1/1 hunter 4/10 medium 1/1 sov fast 1/1 self 2/3 easy 1/1 expert 1/1 sovereign 0/1 hard x3 1/1 | roll 1.8s upd 497.9s
[brain] worker 0 failed (Attempted to use detached Frame '28C2EA7B8D44ED413C85A4BCFB824FF3'.); relaunching
[brain] worker 1 failed (Attempted to use detached Frame 'DAC219364D5C1D5670CCF9E320EEC6DF'.); relaunching
[brain] worker 2 failed (Attempted to use detached Frame 'C5DEF40B634CA11598F15CC99813832A'.); relaunching
[brain] no worker returned data this iteration
[brain] it 5207 [league 67%] R/ep 3.25 ent 2.27 kl 0.006 | hit/swing 36% dj/min 36.2 blk/min 5.0 abiHit 49 supHit 33 | sov fast 2/4 hard x3 2/2 self 1/4 hunter 1/9 counter 2/2 sovereign 1/3 | roll 1.9s upd 16.9s
[brain] it 5208 [league 68%] R/ep 5.83 ent 2.33 kl 0.007 | hit/swing 38% dj/min 38.0 blk/min 3.7 abiHit 62 supHit 43 | hunter 4/7 sovereign 5/6 sov fast 2/2 self 1/1 turtle 1/2 aerial 0/1 expert x2 1/1 hard 1/1 rushdown 0/1 | roll 1.6s upd 9.5s
[brain] it 5209 [league 68%] R/ep 3.27 ent 2.26 kl 0.008 | hit/swing 32% dj/min 36.3 blk/min 5.2 abiHit 81 supHit 34 | hunter 3/11 expert 1/1 rushdown 1/2 sovereign 1/2 easy 1/1 self 0/1 counter 1/1 idle 1/1 hard 2/2 hard x3 0/1 | roll 1.4s upd 8.4s
[brain] it 5210 [league 68%] R/ep 6.74 ent 2.34 kl 0.009 | hit/swing 33% dj/min 37.1 blk/min 4.9 abiHit 81 supHit 36 | sovereign 1/1 hard 1/1 hunter 1/8 human 2/2 hard x3 0/1 expert 1/1 idle 1/1 counter 1/1 sov fast 0/1 rushdown 0/1 aerial 1/1 self 1/1 zoner 1/1 | roll 1.8s upd 9.1s
[brain] it 5211 [league 68%] R/ep 6.35 ent 2.18 kl 0.010 | hit/swing 44% dj/min 32.9 blk/min 5.1 abiHit 64 supHit 51 | self 1/3 hunter 4/11 sov fast 2/3 hard x3 1/2 hard 1/1 sovereign 2/3 easy 1/1 human 1/1 turtle 1/1 | roll 1.6s upd 11.2s
[brain] it 5212 [league 68%] R/ep 6.67 ent 2.15 kl 0.007 | hit/swing 42% dj/min 34.4 blk/min 5.2 abiHit 94 supHit 49 | counter 1/1 hunter 6/13 sov fast 4/4 sovereign 1/2 self 3/4 idle 3/3 hard 1/1 summoner 1/1 | roll 1.9s upd 8.2s
[brain] it 5213 [league 69%] R/ep 8.18 ent 2.07 kl 0.008 | hit/swing 41% dj/min 31.1 blk/min 4.1 abiHit 108 supHit 70 | summoner 1/2 sov fast 3/3 hunter 8/13 switcher 1/1 sovereign 3/3 idle 2/2 self 2/3 counter 1/1 easy 1/1 expert 2/2 hard 1/1 medium 1/1 | roll 1.8s upd 7.6s
[brain] it 5214 [league 67%] R/ep 7.66 ent 2.31 kl 0.007 | hit/swing 34% dj/min 34.3 blk/min 4.7 abiHit 77 supHit 39 | hunter 5/12 sovereign 0/4 self 1/2 expert 1/1 idle 1/1 sov fast 2/2 hard x3 1/1 easy 2/2 aerial 1/1 | roll 1.6s upd 8.5s
[brain] it 5215 [league 68%] R/ep 5.92 ent 2.25 kl 0.008 | hit/swing 40% dj/min 32.2 blk/min 4.9 abiHit 73 supHit 37 | summoner 2/2 hunter 3/10 sovereign 4/4 medium 2/2 self 1/2 aerial 0/1 sov fast 1/1 human 1/1 hard 1/1 turtle 1/1 | roll 1.5s upd 8.6s
[brain] it 5216 [league 67%] R/ep 7.77 ent 2.12 kl 0.007 | hit/swing 42% dj/min 32.6 blk/min 4.8 abiHit 70 supHit 56 | hunter 3/12 aerial 1/1 hard x3 1/1 sov fast 1/2 sovereign 5/7 zoner 3/3 expert x2 1/1 medium 2/2 idle 1/1 | roll 1.7s upd 9.1s
[brain] it 5217 [league 66%] R/ep 8.26 ent 2.24 kl 0.009 | hit/swing 37% dj/min 33.1 blk/min 4.3 abiHit 65 supHit 44 | self 2/4 idle 2/2 expert 2/2 easy 1/1 hunter 4/7 expert x2 1/1 sovereign 1/3 sov fast 0/1 hard x3 1/1 | roll 1.6s upd 7.2s
[brain] it 5218 [league 67%] R/ep 7.61 ent 2.21 kl 0.008 | hit/swing 34% dj/min 37.2 blk/min 4.3 abiHit 97 supHit 41 | expert x2 1/1 hunter 6/15 medium 2/2 sov fast 1/1 sovereign 1/1 turtle 0/1 zoner 1/1 self 1/1 hard x3 1/1 | roll 1.6s upd 8.1s
[brain] it 5219 [league 67%] R/ep 3.21 ent 2.30 kl 0.010 | hit/swing 34% dj/min 36.1 blk/min 5.4 abiHit 44 supHit 24 | rushdown 1/2 self 2/2 hunter 3/10 sovereign 1/2 medium 1/1 easy 1/1 sov fast 1/2 idle 1/1 switcher 0/1 | roll 1.5s upd 7.8s
[brain] it 5220 [league 66%] R/ep 8.41 ent 2.19 kl 0.007 | hit/swing 50% dj/min 27.7 blk/min 4.9 abiHit 98 supHit 42 | counter 1/1 self 1/3 hunter 2/7 medium 2/2 sov fast 2/3 hard x3 0/1 sovereign 2/3 expert 4/4 zoner 2/2 easy 2/2 idle 1/1 summoner 1/1 | roll 1.5s upd 9.1s
[brain] it 5221 [league 66%] R/ep 8.70 ent 2.23 kl 0.008 | hit/swing 39% dj/min 31.4 blk/min 6.1 abiHit 91 supHit 43 | sovereign 1/2 idle 1/1 self 2/3 hunter 5/13 sov fast 2/2 expert 1/1 zoner 3/3 turtle 1/1 rushdown 1/1 expert x2 2/2 | roll 1.9s upd 8.2s
[brain] it 5222 [league 65%] R/ep 1.18 ent 2.41 kl 0.009 | hit/swing 30% dj/min 35.0 blk/min 4.3 abiHit 61 supHit 31 | sov fast 1/2 rushdown 1/1 hunter 4/10 sovereign 2/4 self 0/2 hard 1/1 easy 1/1 hard x3 0/1 medium 1/1 | roll 1.5s upd 9.2s
[brain] it 5223 [league 65%] R/ep 9.38 ent 2.02 kl 0.007 | hit/swing 49% dj/min 30.1 blk/min 6.4 abiHit 93 supHit 67 | hunter 11/18 idle 2/2 expert 2/2 self 3/3 sov fast 0/1 hard x3 0/1 summoner 1/1 aerial 1/1 switcher 1/1 counter 1/1 zoner 1/1 easy 1/1 human 1/1 | roll 1.5s upd 8.1s
[brain] it 5224 [league 64%] R/ep 8.48 ent 2.20 kl 0.009 | hit/swing 48% dj/min 31.3 blk/min 5.5 abiHit 115 supHit 53 | hunter 2/7 sovereign 3/5 switcher 4/4 sov fast 4/4 self 1/3 medium 2/2 summoner 2/2 expert 2/2 hard 1/1 expert x2 1/1 | roll 1.4s upd 6.2s
[brain] it 5225 [league 63%] R/ep 7.00 ent 2.32 kl 0.008 | hit/swing 38% dj/min 36.5 blk/min 3.9 abiHit 59 supHit 33 | hunter 6/12 hard 1/1 expert x2 1/1 idle 2/2 medium 1/1 sov fast 3/5 sovereign 0/2 rushdown 1/1 expert 1/1 | roll 1.4s upd 7.6s
[brain] it 5226 [league 64%] R/ep 6.33 ent 2.15 kl 0.008 | hit/swing 44% dj/min 33.0 blk/min 5.5 abiHit 81 supHit 54 | human 1/1 sov fast 3/4 hunter 2/13 expert 2/2 sovereign 2/4 self 1/2 idle 1/1 expert x2 2/2 zoner 1/1 easy 1/1 hard 1/1 | roll 1.5s upd 8.0s
[brain] it 5227 [league 64%] R/ep 10.89 ent 2.08 kl 0.009 | hit/swing 50% dj/min 31.0 blk/min 5.9 abiHit 85 supHit 57 | switcher 1/1 self 3/3 turtle 1/1 hunter 4/9 sov fast 2/3 hard x3 1/1 zoner 2/2 idle 2/2 expert 1/1 sovereign 3/3 summoner 2/2 aerial 1/1 hard 1/1 | roll 1.9s upd 14.0s
[brain] it 5228 [league 64%] R/ep 6.02 ent 2.18 kl 0.009 | hit/swing 39% dj/min 33.1 blk/min 6.9 abiHit 82 supHit 44 | idle 3/3 hunter 1/10 sov fast 2/2 switcher 1/1 medium 2/2 self 1/1 aerial 0/1 counter 1/1 hard x3 1/1 rushdown 1/1 sovereign 0/2 zoner 1/1 | roll 1.3s upd 7.0s
[brain] it 5229 [league 64%] R/ep 7.85 ent 2.25 kl 0.008 | hit/swing 35% dj/min 34.5 blk/min 5.7 abiHit 72 supHit 44 | hunter 6/15 sov fast 2/3 zoner 2/2 turtle 2/2 switcher 2/2 easy 2/2 hard 1/1 sovereign 1/1 counter 1/1 | roll 1.6s upd 9.4s
[brain] it 5230 [league 64%] R/ep 9.15 ent 2.29 kl 0.011 | hit/swing 50% dj/min 32.8 blk/min 5.8 abiHit 97 supHit 40 | hunter 1/8 self 1/2 expert x2 1/1 sovereign 2/2 sov fast 4/4 idle 1/1 turtle 2/2 aerial 0/1 summoner 1/1 expert 3/3 hard 1/1 | roll 1.3s upd 7.7s
[brain] it 5231 [league 64%] R/ep 3.98 ent 2.24 kl 0.009 | hit/swing 33% dj/min 34.8 blk/min 5.1 abiHit 65 supHit 40 | expert 1/1 expert x2 1/1 medium 1/1 idle 3/3 hunter 4/11 sov fast 2/3 self 2/5 hard x3 0/1 sovereign 1/1 | roll 1.7s upd 7.6s
[brain] it 5232 [league 66%] R/ep 5.93 ent 2.25 kl 0.007 | hit/swing 42% dj/min 31.8 blk/min 6.3 abiHit 131 supHit 49 | hunter 3/9 sovereign 2/2 rushdown 1/2 hard x3 1/2 expert 1/1 summoner 0/1 sov fast 2/5 easy 1/1 hard 1/1 counter 1/1 self 0/1 switcher 1/1 | roll 1.4s upd 7.5s
[brain] it 5233 [league 67%] R/ep 9.98 ent 2.22 kl 0.008 | hit/swing 47% dj/min 31.1 blk/min 4.6 abiHit 106 supHit 59 | self 1/3 expert 3/3 sov fast 1/1 hunter 2/8 switcher 1/1 human 1/1 expert x2 1/1 turtle 2/2 easy 1/1 sovereign 3/3 hard x3 1/1 idle 1/1 counter 1/1 medium 1/1 | roll 1.5s upd 7.5s
[brain] it 5234 [league 66%] R/ep 8.32 ent 2.16 kl 0.007 | hit/swing 46% dj/min 30.8 blk/min 5.5 abiHit 77 supHit 58 | hunter 4/9 rushdown 1/1 sov fast 2/3 sovereign 3/5 hard x3 1/1 expert 3/3 human 1/1 expert x2 0/1 easy 1/1 summoner 1/1 turtle 1/1 | roll 1.6s upd 7.7s
[brain] it 5235 [league 65%] R/ep 2.57 ent 2.25 kl 0.007 | hit/swing 38% dj/min 34.4 blk/min 4.7 abiHit 97 supHit 42 | sovereign 3/4 self 1/3 turtle 1/1 sov fast 4/5 hard 1/1 hunter 1/8 expert x2 1/1 idle 1/1 counter 1/1 | roll 1.7s upd 8.7s
[brain] it 5236 [league 65%] R/ep 8.65 ent 2.10 kl 0.009 | hit/swing 48% dj/min 33.7 blk/min 7.0 abiHit 86 supHit 51 | hunter 3/11 expert x2 2/2 zoner 1/1 easy 2/2 sov fast 2/2 human 1/1 counter 1/1 sovereign 1/2 hard x3 1/1 self 1/1 | roll 1.5s upd 7.9s
[brain] it 5237 [league 66%] R/ep 8.66 ent 2.23 kl 0.009 | hit/swing 45% dj/min 34.1 blk/min 4.9 abiHit 76 supHit 51 | hunter 3/10 sovereign 2/2 summoner 2/2 zoner 1/1 sov fast 4/4 hard x3 0/2 counter 1/1 self 1/1 rushdown 2/2 expert 2/2 | roll 1.5s upd 7.6s
[brain] it 5238 [league 66%] R/ep 6.03 ent 2.32 kl 0.008 | hit/swing 34% dj/min 33.9 blk/min 5.4 abiHit 66 supHit 37 | expert 2/2 sov fast 2/2 self 0/1 hunter 6/11 sovereign 2/2 idle 1/1 human 0/1 hard x3 1/1 | roll 1.5s upd 7.9s
[brain] it 5239 [league 66%] R/ep 4.95 ent 2.16 kl 0.008 | hit/swing 30% dj/min 35.2 blk/min 5.6 abiHit 77 supHit 55 | hunter 4/13 sov fast 2/2 self 1/1 sovereign 1/2 idle 1/1 expert 3/3 aerial 2/2 medium 1/1 hard x3 0/1 easy 1/1 summoner 0/1 | roll 1.5s upd 7.8s
[brain] it 5240 [league 67%] R/ep 6.42 ent 2.09 kl 0.008 | hit/swing 43% dj/min 31.3 blk/min 6.8 abiHit 86 supHit 51 | self 2/4 hunter 4/15 human 1/1 sovereign 4/4 summoner 3/3 rushdown 1/1 expert 1/1 zoner 2/2 sov fast 5/5 | roll 1.6s upd 7.4s
[brain] it 5241 [league 65%] R/ep 3.79 ent 2.37 kl 0.009 | hit/swing 34% dj/min 37.2 blk/min 3.9 abiHit 64 supHit 21 | hunter 3/8 self 0/1 aerial 1/1 sovereign 1/3 sov fast 0/3 expert x2 1/1 medium 1/1 hard 1/1 | roll 1.6s upd 8.3s
[brain] it 5242 [league 65%] R/ep 5.47 ent 2.15 kl 0.009 | hit/swing 38% dj/min 34.0 blk/min 4.5 abiHit 109 supHit 41 | hard 2/2 self 1/4 hunter 5/12 sov fast 0/1 aerial 1/1 zoner 1/1 expert 1/1 sovereign 0/1 summoner 2/2 rushdown 1/1 easy 1/1 | roll 1.6s upd 7.8s
[brain] it 5243 [league 65%] R/ep 8.94 ent 2.14 kl 0.007 | hit/swing 39% dj/min 33.7 blk/min 5.5 abiHit 62 supHit 46 | hard x3 1/1 hunter 8/13 aerial 1/1 expert x2 1/1 self 2/3 sov fast 2/2 hard 1/1 counter 1/1 sovereign 1/1 | roll 1.5s upd 7.7s
[brain] it 5244 [league 65%] R/ep 7.31 ent 2.30 kl 0.006 | hit/swing 28% dj/min 33.4 blk/min 4.8 abiHit 83 supHit 44 | hunter 3/11 human 1/1 counter 1/1 sovereign 0/1 expert 1/1 self 0/1 sov fast 1/1 hard x3 1/1 idle 1/1 hard 1/1 summoner 2/2 turtle 1/1 expert x2 1/1 | roll 1.5s upd 7.4s
[brain] it 5245 [league 65%] R/ep 9.68 ent 2.30 kl 0.006 | hit/swing 40% dj/min 33.6 blk/min 5.1 abiHit 72 supHit 42 | self 2/2 hunter 6/12 sovereign 1/2 expert 2/2 human 2/2 zoner 2/2 easy 3/3 counter 1/1 summoner 1/1 rushdown 1/1 | roll 1.6s upd 7.6s
[brain] it 5246 [league 65%] R/ep 5.05 ent 2.27 kl 0.008 | hit/swing 35% dj/min 33.0 blk/min 4.6 abiHit 95 supHit 32 | switcher 0/1 hunter 3/10 sov fast 3/3 rushdown 1/1 self 2/4 counter 1/1 hard 1/1 expert 1/1 summoner 1/1 sovereign 2/3 medium 1/1 turtle 1/1 | roll 1.4s upd 7.1s
[brain] it 5247 [league 65%] R/ep 9.38 ent 2.05 kl 0.008 | hit/swing 54% dj/min 29.8 blk/min 7.9 abiHit 101 supHit 54 | expert 2/2 sovereign 2/3 self 1/2 expert x2 4/4 hunter 4/10 aerial 1/1 sov fast 1/1 summoner 2/2 medium 1/1 idle 1/1 | roll 1.7s upd 8.6s
[brain] it 5248 [league 62%] R/ep 3.34 ent 2.17 kl 0.007 | hit/swing 41% dj/min 32.2 blk/min 6.5 abiHit 100 supHit 48 | hunter 5/11 summoner 2/2 expert x2 1/1 expert 2/2 easy 1/1 sov fast 2/2 sovereign 1/4 aerial 0/1 self 0/3 | roll 1.7s upd 7.8s
[brain] it 5249 [league 64%] R/ep 10.80 ent 2.13 kl 0.008 | hit/swing 44% dj/min 30.7 blk/min 4.9 abiHit 88 supHit 49 | expert x2 2/2 hunter 8/11 hard 2/2 turtle 1/1 sovereign 2/2 self 1/2 switcher 1/1 sov fast 2/4 expert 1/1 | roll 1.4s upd 7.4s
[brain] it 5250 [league 64%] R/ep 4.76 ent 2.22 kl 0.009 | hit/swing 32% dj/min 35.5 blk/min 6.7 abiHit 65 supHit 38 | hunter 4/16 zoner 1/1 self 2/4 sovereign 1/1 hard 1/1 human 1/1 turtle 1/1 idle 1/1 aerial 1/1 expert x2 1/1 | roll 1.4s upd 7.1s
[brain] it 5251 [league 64%] R/ep 14.46 ent 2.00 kl 0.008 | hit/swing 56% dj/min 26.9 blk/min 5.6 abiHit 66 supHit 52 | self 1/2 medium 2/2 hunter 2/4 easy 2/2 zoner 2/2 sovereign 3/3 turtle 1/1 expert x2 1/1 idle 2/2 hard x3 1/1 sov fast 2/2 counter 1/1 | roll 4.8s upd 6.4s
[brain] it 5252 [league 65%] R/ep 4.49 ent 2.27 kl 0.006 | hit/swing 33% dj/min 37.1 blk/min 3.2 abiHit 40 supHit 30 | hunter 3/7 sov fast 2/3 expert x2 1/1 sovereign 1/2 switcher 2/2 hard 1/1 counter 1/1 | roll 4.8s upd 6.5s
[brain] it 5253 [league 65%] R/ep 5.28 ent 2.34 kl 0.011 | hit/swing 31% dj/min 34.6 blk/min 3.9 abiHit 40 supHit 22 | medium 2/2 rushdown 0/1 sovereign 0/2 easy 1/1 hunter 2/5 sov fast 3/3 self 0/1 | roll 4.9s upd 8.6s
[brain] it 5254 [league 65%] R/ep 6.44 ent 2.14 kl 0.007 | hit/swing 41% dj/min 31.6 blk/min 5.5 abiHit 95 supHit 50 | hunter 6/14 sovereign 1/1 idle 1/1 sov fast 3/4 aerial 1/1 medium 1/1 self 0/2 hard 2/2 switcher 0/1 counter 1/1 rushdown 1/1 expert 1/1 | roll 2.6s upd 15.2s
[brain] it 5255 [league 65%] R/ep 6.97 ent 2.25 kl 0.007 | hit/swing 44% dj/min 34.5 blk/min 5.9 abiHit 79 supHit 38 | hunter 5/14 sov fast 2/3 sovereign 3/3 medium 2/2 zoner 2/2 idle 1/1 turtle 1/1 counter 1/1 self 1/1 | roll 2.3s upd 17.8s
[brain] it 5256 [league 65%] R/ep 8.92 ent 2.26 kl 0.006 | hit/swing 41% dj/min 34.4 blk/min 5.0 abiHit 72 supHit 55 | switcher 1/1 hunter 6/10 rushdown 1/1 idle 1/1 sovereign 3/3 sov fast 0/4 hard x3 1/2 expert x2 1/1 self 3/3 summoner 1/1 zoner 1/1 | roll 2.3s upd 12.2s
[brain] it 5257 [league 66%] R/ep 4.37 ent 2.14 kl 0.007 | hit/swing 41% dj/min 31.9 blk/min 5.7 abiHit 96 supHit 43 | hunter 6/15 sov fast 2/3 expert x2 1/1 sovereign 2/2 self 0/2 summoner 1/1 aerial 0/1 medium 1/1 expert 1/1 idle 1/1 | roll 2.9s upd 11.3s
[brain] it 5258 [league 66%] R/ep 10.07 ent 2.19 kl 0.009 | hit/swing 49% dj/min 34.1 blk/min 5.6 abiHit 108 supHit 49 | expert 4/5 sov fast 3/4 medium 2/2 sovereign 1/1 self 3/4 hunter 2/8 zoner 2/2 hard x3 1/1 | roll 1.8s upd 12.4s
[brain] it 5259 [league 69%] R/ep 7.95 ent 2.09 kl 0.006 | hit/swing 49% dj/min 30.2 blk/min 4.9 abiHit 79 supHit 77 | hunter 4/8 idle 4/4 sovereign 6/8 summoner 1/1 self 1/3 sov fast 2/5 expert 2/2 rushdown 1/1 medium 1/1 turtle 1/1 hard 3/3 | roll 2.4s upd 10.3s
[brain] it 5260 [league 68%] R/ep 7.29 ent 2.34 kl 0.009 | hit/swing 41% dj/min 32.7 blk/min 6.5 abiHit 64 supHit 36 | self 1/2 hard x3 1/2 hunter 1/9 sovereign 2/3 summoner 1/1 expert x2 1/1 hard 1/1 medium 1/1 sov fast 1/1 idle 1/1 human 1/1 | roll 1.8s upd 13.2s
[brain] it 5261 [league 69%] R/ep 2.36 ent 2.21 kl 0.007 | hit/swing 36% dj/min 33.8 blk/min 5.7 abiHit 79 supHit 52 | hunter 5/12 sov fast 3/5 self 1/4 medium 2/2 sovereign 1/1 hard 1/1 summoner 2/2 easy 1/1 expert x2 1/1 | roll 2.2s upd 12.1s
[brain] it 5262 [league 69%] R/ep 4.51 ent 2.24 kl 0.009 | hit/swing 37% dj/min 33.7 blk/min 6.3 abiHit 56 supHit 42 | hard 2/2 hunter 4/11 sov fast 3/3 sovereign 2/3 zoner 2/2 counter 1/1 self 2/4 expert 1/1 | roll 1.8s upd 8.9s
[brain] it 5263 [league 69%] R/ep 8.67 ent 2.14 kl 0.007 | hit/swing 39% dj/min 30.8 blk/min 6.5 abiHit 85 supHit 62 | sov fast 2/3 hunter 8/16 medium 4/4 hard x3 0/1 counter 1/1 self 2/2 expert 1/1 idle 1/1 summoner 1/1 zoner 1/1 switcher 1/1 | roll 2.3s upd 12.2s
[brain] it 5264 [league 70%] R/ep 3.14 ent 2.42 kl 0.010 | hit/swing 31% dj/min 38.4 blk/min 6.2 abiHit 60 supHit 40 | hunter 2/11 sov fast 5/6 summoner 1/1 self 1/3 turtle 1/1 sovereign 1/1 human 1/1 expert 1/1 | roll 2.3s upd 10.2s
[brain] it 5265 [league 71%] R/ep 9.65 ent 2.19 kl 0.008 | hit/swing 37% dj/min 34.6 blk/min 7.0 abiHit 70 supHit 55 | zoner 1/1 expert x2 1/1 hunter 4/10 sovereign 3/3 self 2/3 sov fast 4/4 counter 1/1 expert 1/1 switcher 1/1 idle 1/1 hard 2/2 | roll 1.9s upd 11.0s
[brain] it 5266 [league 71%] R/ep 11.60 ent 2.09 kl 0.008 | hit/swing 50% dj/min 31.2 blk/min 5.9 abiHit 78 supHit 59 | summoner 2/2 idle 1/1 hunter 3/8 expert x2 3/4 zoner 2/2 sov fast 2/4 counter 1/1 expert 2/2 hard x3 1/2 turtle 1/1 aerial 1/1 sovereign 1/1 easy 1/1 | roll 1.8s upd 9.8s
[brain] it 5267 [league 75%] R/ep 9.44 ent 2.25 kl 0.008 | hit/swing 41% dj/min 32.7 blk/min 5.8 abiHit 100 supHit 55 | sovereign 4/4 hunter 1/4 expert x2 1/1 turtle 1/1 easy 2/2 sov fast 3/4 self 2/5 expert 1/1 aerial 1/1 zoner 1/1 hard x3 1/2 | roll 2.2s upd 11.8s
[brain] it 5268 [league 74%] R/ep 7.13 ent 2.29 kl 0.007 | hit/swing 43% dj/min 34.9 blk/min 6.0 abiHit 43 supHit 44 | sovereign 0/1 hunter 3/9 sov fast 2/4 counter 1/1 self 1/1 hard x3 1/2 easy 2/2 expert 1/1 idle 1/1 | roll 2.1s upd 11.3s
[brain] it 5269 [league 74%] R/ep 8.37 ent 2.17 kl 0.008 | hit/swing 45% dj/min 31.4 blk/min 5.4 abiHit 74 supHit 66 | hunter 2/13 turtle 2/2 aerial 1/1 expert x2 1/1 easy 1/1 self 0/1 rushdown 2/2 sov fast 1/1 idle 1/1 medium 2/2 counter 2/2 hard x3 1/1 hard 1/1 | roll 1.7s upd 6.8s
[brain] it 5270 [league 74%] R/ep 3.29 ent 2.25 kl 0.008 | hit/swing 35% dj/min 32.7 blk/min 5.8 abiHit 79 supHit 42 | hunter 1/13 self 2/3 expert 2/2 switcher 1/1 zoner 1/1 counter 1/2 sov fast 1/2 human 1/1 easy 1/1 summoner 1/1 sovereign 2/3 | roll 1.8s upd 7.5s
[brain] it 5271 [league 73%] R/ep 7.30 ent 2.23 kl 0.009 | hit/swing 35% dj/min 33.8 blk/min 5.6 abiHit 71 supHit 51 | hunter 4/11 hard x3 1/2 sovereign 1/2 sov fast 0/1 idle 1/1 self 1/3 hard 2/2 rushdown 1/1 easy 1/1 expert 3/3 | roll 1.4s upd 5.7s
[brain] it 5272 [league 75%] R/ep 9.57 ent 2.15 kl 0.010 | hit/swing 41% dj/min 31.3 blk/min 5.8 abiHit 133 supHit 47 | self 4/5 hard 2/2 idle 1/1 hunter 4/8 sovereign 3/3 easy 1/1 medium 1/1 sov fast 0/1 expert x2 1/1 summoner 2/2 counter 1/1 switcher 1/1 | roll 1.5s upd 5.7s
[brain] it 5273 [league 75%] R/ep 4.47 ent 2.20 kl 0.007 | hit/swing 47% dj/min 34.6 blk/min 4.6 abiHit 63 supHit 49 | hunter 3/11 expert x2 2/2 expert 2/2 sovereign 2/2 switcher 3/3 sov fast 2/3 summoner 1/1 aerial 1/1 counter 0/1 self 0/2 | roll 1.3s upd 5.7s
[brain] it 5274 [league 74%] R/ep 8.58 ent 2.19 kl 0.007 | hit/swing 38% dj/min 31.4 blk/min 5.5 abiHit 86 supHit 36 | sovereign 2/3 hunter 4/9 sov fast 2/3 self 2/3 expert 2/2 medium 2/2 zoner 2/2 human 1/1 aerial 1/1 | roll 1.5s upd 5.7s
[brain] it 5275 [league 73%] R/ep 7.24 ent 2.34 kl 0.008 | hit/swing 31% dj/min 37.7 blk/min 5.9 abiHit 60 supHit 40 | hunter 5/11 expert 2/2 sov fast 2/4 zoner 2/2 expert x2 1/1 self 1/1 medium 3/3 turtle 0/1 easy 1/1 idle 1/1 sovereign 0/1 | roll 1.4s upd 5.8s
[brain] it 5276 [league 73%] R/ep 3.81 ent 2.28 kl 0.008 | hit/swing 40% dj/min 35.4 blk/min 5.4 abiHit 50 supHit 21 | summoner 1/1 hunter 3/12 sov fast 2/4 medium 2/2 switcher 1/1 counter 1/1 self 0/1 turtle 1/1 easy 1/1 | roll 1.5s upd 6.1s
[brain] it 5277 [league 73%] R/ep 3.65 ent 2.27 kl 0.007 | hit/swing 41% dj/min 36.1 blk/min 4.6 abiHit 75 supHit 38 | hunter 3/12 easy 1/1 hard 3/3 sov fast 2/3 aerial 1/1 counter 1/1 self 1/2 sovereign 2/2 | roll 1.4s upd 5.6s
[brain] it 5278 [league 73%] R/ep 3.13 ent 2.31 kl 0.007 | hit/swing 32% dj/min 37.0 blk/min 4.4 abiHit 64 supHit 34 | hunter 2/13 self 1/1 idle 2/2 summoner 1/1 sovereign 1/2 medium 2/2 hard 1/1 easy 1/1 sov fast 2/3 switcher 1/1 | roll 1.6s upd 6.1s
[brain] it 5279 [league 75%] R/ep 8.90 ent 2.31 kl 0.007 | hit/swing 38% dj/min 36.2 blk/min 5.3 abiHit 74 supHit 41 | self 2/6 expert 1/1 hunter 4/8 sovereign 4/4 rushdown 1/1 sov fast 1/1 zoner 3/3 easy 1/1 human 2/2 summoner 1/1 idle 1/1 | roll 1.6s upd 6.1s
[brain] it 5280 [league 74%] R/ep 10.44 ent 2.12 kl 0.008 | hit/swing 51% dj/min 31.5 blk/min 7.8 abiHit 85 supHit 62 | hard x3 2/2 self 2/3 sov fast 5/5 sovereign 0/1 aerial 2/3 hunter 3/7 medium 1/1 summoner 1/1 expert x2 1/1 rushdown 1/1 | roll 1.2s upd 4.9s
[brain] it 5281 [league 74%] R/ep 9.19 ent 2.29 kl 0.009 | hit/swing 36% dj/min 35.3 blk/min 5.4 abiHit 91 supHit 49 | self 0/4 turtle 1/1 aerial 1/1 sovereign 2/2 hard x3 2/2 hunter 3/6 sov fast 3/3 hard 1/1 counter 1/1 switcher 1/1 expert 1/1 | roll 1.3s upd 5.4s
[brain] it 5282 [league 73%] R/ep 7.39 ent 2.26 kl 0.007 | hit/swing 37% dj/min 33.4 blk/min 4.0 abiHit 72 supHit 44 | turtle 1/1 sov fast 3/4 hunter 4/10 idle 1/1 easy 1/1 hard 1/1 sovereign 3/5 counter 1/1 hard x3 1/1 rushdown 1/1 medium 1/1 expert 1/1 | roll 1.2s upd 5.4s
[brain] it 5283 [league 72%] R/ep 5.88 ent 2.22 kl 0.008 | hit/swing 36% dj/min 32.3 blk/min 5.7 abiHit 72 supHit 32 | hunter 2/9 expert x2 2/2 self 1/2 easy 3/3 sov fast 1/2 summoner 2/2 sovereign 1/2 medium 1/1 counter 1/1 | roll 1.3s upd 5.4s
[brain] it 5284 [league 72%] R/ep 5.04 ent 2.38 kl 0.007 | hit/swing 30% dj/min 34.9 blk/min 7.1 abiHit 71 supHit 36 | hunter 2/9 counter 1/1 sov fast 0/1 rushdown 1/1 expert x2 1/1 self 0/4 hard x3 1/1 hard 1/1 expert 2/2 sovereign 1/2 | roll 1.3s upd 5.4s
[brain] it 5285 [league 72%] R/ep 5.34 ent 2.14 kl 0.008 | hit/swing 50% dj/min 32.0 blk/min 5.0 abiHit 89 supHit 48 | sovereign 4/6 hunter 4/10 sov fast 3/3 human 2/2 self 2/2 hard 1/1 medium 1/1 expert 1/1 | roll 1.4s upd 13.5s
[brain] it 5286 [league 73%] R/ep 4.96 ent 2.19 kl 0.006 | hit/swing 43% dj/min 34.0 blk/min 5.9 abiHit 74 supHit 37 | hunter 4/12 expert 1/1 medium 2/2 self 1/4 easy 2/2 sovereign 1/1 sov fast 2/2 rushdown 1/1 expert x2 1/1 | roll 2.1s upd 9.2s
[brain] it 5287 [league 73%] R/ep 5.20 ent 2.24 kl 0.007 | hit/swing 41% dj/min 33.8 blk/min 6.4 abiHit 83 supHit 49 | human 2/2 self 1/3 hunter 4/11 sov fast 4/4 sovereign 2/4 easy 2/2 expert 1/1 medium 1/1 hard 1/1 | roll 2.1s upd 5.6s
[brain] it 5288 [league 73%] R/ep 1.17 ent 2.33 kl 0.009 | hit/swing 26% dj/min 36.2 blk/min 5.6 abiHit 69 supHit 33 | hunter 3/14 self 2/2 sov fast 2/4 aerial 1/1 sovereign 2/2 human 1/1 | roll 1.5s upd 5.5s
[brain] it 5289 [league 73%] R/ep 1.48 ent 2.38 kl 0.009 | hit/swing 26% dj/min 37.0 blk/min 5.4 abiHit 35 supHit 24 | hunter 4/16 human 1/1 medium 3/3 expert 1/1 | roll 1.4s upd 5.4s
[brain] it 5290 [league 73%] R/ep 3.80 ent 2.31 kl 0.008 | hit/swing 33% dj/min 34.7 blk/min 6.3 abiHit 69 supHit 44 | sovereign 2/5 hunter 3/10 expert 3/3 self 2/3 idle 1/1 easy 1/1 hard x3 0/1 aerial 0/1 switcher 0/1 | roll 1.3s upd 5.3s
[brain] it 5291 [league 73%] R/ep 1.92 ent 2.30 kl 0.008 | hit/swing 28% dj/min 37.8 blk/min 5.7 abiHit 33 supHit 22 | hunter 6/15 self 2/4 zoner 1/1 sov fast 0/1 expert 1/1 | roll 1.3s upd 5.4s
[brain] it 5292 [league 74%] R/ep 3.86 ent 2.28 kl 0.008 | hit/swing 28% dj/min 37.8 blk/min 6.3 abiHit 68 supHit 39 | hunter 6/14 sov fast 1/1 expert x2 0/1 sovereign 1/2 self 2/5 counter 1/1 medium 1/1 summoner 1/1 | roll 1.4s upd 5.4s
[brain] it 5293 [league 73%] R/ep 10.29 ent 2.20 kl 0.010 | hit/swing 47% dj/min 34.1 blk/min 5.7 abiHit 84 supHit 49 | medium 1/1 sov fast 2/2 idle 3/3 self 4/4 aerial 1/1 hunter 3/8 hard x3 1/1 sovereign 0/1 turtle 1/2 expert 1/1 switcher 1/1 zoner 1/1 hard 1/1 | roll 1.3s upd 5.4s
[brain] it 5294 [league 73%] R/ep 8.39 ent 2.09 kl 0.007 | hit/swing 38% dj/min 31.5 blk/min 5.2 abiHit 95 supHit 54 | hunter 7/12 self 0/2 turtle 1/1 summoner 2/2 sov fast 4/4 counter 3/3 sovereign 2/2 human 1/1 rushdown 1/1 | roll 1.4s upd 5.8s
[brain] it 5295 [league 73%] R/ep 5.06 ent 2.35 kl 0.006 | hit/swing 30% dj/min 37.6 blk/min 4.8 abiHit 92 supHit 47 | hunter 2/11 self 0/2 sov fast 1/1 sovereign 4/4 hard 3/3 medium 1/1 counter 1/1 hard x3 1/1 expert 1/1 switcher 0/1 | roll 1.3s upd 5.4s
[brain] it 5296 [league 75%] R/ep 2.46 ent 2.24 kl 0.007 | hit/swing 31% dj/min 34.8 blk/min 5.8 abiHit 58 supHit 50 | hunter 2/14 self 0/3 counter 1/1 idle 2/2 sovereign 3/3 switcher 1/1 aerial 1/2 sov fast 3/3 expert 1/1 hard x3 0/1 | roll 1.5s upd 5.9s
[brain] it 5297 [league 74%] R/ep 4.20 ent 2.25 kl 0.006 | hit/swing 40% dj/min 31.1 blk/min 4.2 abiHit 77 supHit 27 | sovereign 3/5 self 1/3 hunter 1/9 zoner 1/1 sov fast 2/3 turtle 2/2 expert 1/1 idle 2/2 human 1/1 aerial 1/1 | roll 1.3s upd 5.6s
[brain] it 5298 [league 73%] R/ep 5.21 ent 2.23 kl 0.009 | hit/swing 43% dj/min 32.5 blk/min 6.1 abiHit 65 supHit 52 | self 1/3 hunter 3/12 easy 4/4 switcher 2/2 idle 1/1 sovereign 1/2 sov fast 1/1 hard x3 2/2 counter 0/1 | roll 1.2s upd 5.4s
[brain] it 5299 [league 70%] R/ep 9.75 ent 2.21 kl 0.008 | hit/swing 43% dj/min 35.6 blk/min 4.7 abiHit 56 supHit 36 | hunter 6/8 sovereign 1/4 summoner 2/2 aerial 1/1 rushdown 2/2 expert 1/1 self 1/2 switcher 1/1 zoner 1/1 medium 1/1 idle 1/1 | roll 1.3s upd 5.4s
[brain] it 5300 [league 71%] R/ep 8.10 ent 2.27 kl 0.006 | hit/swing 44% dj/min 35.1 blk/min 5.6 abiHit 60 supHit 42 | rushdown 1/1 sovereign 3/4 hunter 1/6 hard 1/1 expert x2 0/1 expert 2/2 summoner 2/2 human 1/1 idle 1/1 medium 1/1 self 1/1 hard x3 1/1 sov fast 1/1 switcher 0/1 | roll 1.2s upd 5.4s
[brain] it 5301 [league 70%] R/ep 2.62 ent 2.26 kl 0.008 | hit/swing 36% dj/min 35.0 blk/min 5.5 abiHit 70 supHit 35 | sovereign 3/4 easy 1/1 idle 2/2 hunter 0/5 counter 0/1 summoner 1/1 self 1/4 aerial 1/2 hard x3 0/3 hard 1/1 | roll 1.3s upd 5.4s
[brain] it 5302 [league 70%] R/ep 6.48 ent 2.13 kl 0.007 | hit/swing 33% dj/min 35.1 blk/min 6.2 abiHit 94 supHit 41 | hunter 6/14 idle 1/1 self 5/5 sov fast 1/2 zoner 1/1 counter 1/1 sovereign 1/1 | roll 1.4s upd 6.5s
[brain] it 5303 [league 71%] R/ep 7.99 ent 2.29 kl 0.008 | hit/swing 36% dj/min 35.5 blk/min 5.5 abiHit 70 supHit 52 | hard 3/3 hard x3 2/2 hunter 2/11 self 1/2 human 1/1 sov fast 2/2 zoner 1/1 easy 1/1 expert x2 0/1 sovereign 2/2 counter 1/1 | roll 1.5s upd 5.7s
[brain] it 5304 [league 70%] R/ep 4.28 ent 2.28 kl 0.008 | hit/swing 35% dj/min 39.1 blk/min 4.5 abiHit 55 supHit 23 | sovereign 2/4 hunter 4/7 expert 2/2 zoner 1/1 self 1/3 sov fast 0/1 rushdown 0/2 idle 1/1 medium 1/1 | roll 1.3s upd 6.3s
[brain] it 5305 [league 70%] R/ep 3.40 ent 2.31 kl 0.006 | hit/swing 39% dj/min 36.6 blk/min 5.6 abiHit 43 supHit 36 | sov fast 2/2 hunter 3/12 switcher 1/1 self 1/2 sovereign 3/3 counter 1/1 expert x2 0/1 hard 1/1 aerial 1/1 summoner 1/1 | roll 1.3s upd 5.4s
[brain] it 5306 [league 70%] R/ep 7.48 ent 2.18 kl 0.008 | hit/swing 47% dj/min 31.5 blk/min 6.5 abiHit 80 supHit 47 | sov fast 3/5 sovereign 1/1 expert 1/1 self 2/2 hunter 2/11 human 2/2 hard 1/1 turtle 1/1 idle 2/2 medium 2/2 | roll 1.4s upd 5.4s
[brain] it 5307 [league 69%] R/ep 3.82 ent 2.31 kl 0.009 | hit/swing 42% dj/min 34.1 blk/min 5.7 abiHit 61 supHit 49 | sov fast 5/7 hunter 4/7 self 1/3 sovereign 3/4 rushdown 0/1 expert 1/1 turtle 1/1 hard 1/1 | roll 1.3s upd 5.4s
[brain] it 5308 [league 70%] R/ep 7.26 ent 2.23 kl 0.005 | hit/swing 44% dj/min 35.6 blk/min 4.6 abiHit 56 supHit 57 | expert 2/2 hard 1/1 hunter 6/11 sovereign 4/5 sov fast 4/6 idle 1/1 human 1/1 self 1/1 medium 1/1 | roll 1.3s upd 5.4s
[brain] it 5309 [league 70%] R/ep 6.17 ent 2.32 kl 0.008 | hit/swing 43% dj/min 34.7 blk/min 5.9 abiHit 60 supHit 28 | sovereign 2/3 hunter 2/10 summoner 1/1 turtle 1/1 easy 1/1 hard x3 0/1 switcher 1/1 human 0/1 self 1/1 expert 1/1 sov fast 0/1 | roll 1.4s upd 5.9s
[brain] it 5310 [league 70%] R/ep 11.57 ent 2.21 kl 0.009 | hit/swing 40% dj/min 33.7 blk/min 5.9 abiHit 74 supHit 60 | sov fast 4/4 hunter 8/12 counter 1/1 hard x3 2/2 summoner 2/2 expert x2 1/1 turtle 1/1 human 1/1 | roll 1.3s upd 5.4s
[brain] it 5311 [league 69%] R/ep 7.02 ent 2.31 kl 0.007 | hit/swing 47% dj/min 34.9 blk/min 4.8 abiHit 61 supHit 43 | hunter 1/9 idle 1/1 sovereign 6/9 sov fast 2/2 easy 1/1 zoner 1/1 hard x3 1/1 human 2/2 self 2/2 aerial 1/1 | roll 1.5s upd 5.8s
[brain] it 5312 [league 68%] R/ep 8.90 ent 2.36 kl 0.008 | hit/swing 37% dj/min 38.3 blk/min 3.8 abiHit 65 supHit 47 | sov fast 4/4 hunter 5/9 sovereign 3/5 zoner 1/1 easy 1/1 aerial 1/1 human 1/1 hard x3 1/1 hard 1/1 self 0/1 | roll 1.4s upd 6.0s
[brain] it 5313 [league 68%] R/ep 8.97 ent 2.15 kl 0.006 | hit/swing 49% dj/min 31.1 blk/min 5.9 abiHit 97 supHit 62 | self 1/2 sov fast 4/7 hunter 4/9 rushdown 2/2 sovereign 2/2 idle 1/1 easy 2/2 aerial 1/1 hard x3 1/1 human 1/1 expert 1/1 | roll 1.4s upd 6.5s
[brain] it 5314 [league 69%] R/ep 8.29 ent 2.23 kl 0.008 | hit/swing 42% dj/min 32.1 blk/min 5.8 abiHit 80 supHit 43 | idle 1/1 hunter 5/12 sovereign 3/3 medium 1/1 counter 1/1 expert 2/2 aerial 1/1 zoner 1/1 self 2/2 sov fast 0/2 human 1/1 summoner 1/1 | roll 1.5s upd 6.6s
[brain] it 5315 [league 69%] R/ep 2.91 ent 2.46 kl 0.006 | hit/swing 40% dj/min 37.9 blk/min 6.6 abiHit 60 supHit 33 | expert 3/3 self 0/3 sovereign 2/4 hunter 2/9 sov fast 0/1 summoner 2/2 medium 2/2 counter 1/1 | roll 1.6s upd 7.5s
[brain] it 5316 [league 70%] R/ep 12.76 ent 2.16 kl 0.008 | hit/swing 57% dj/min 31.2 blk/min 5.2 abiHit 102 supHit 59 | hunter 7/9 zoner 1/1 easy 1/1 sovereign 4/5 hard 1/1 hard x3 0/1 sov fast 1/4 idle 2/2 switcher 2/2 self 0/1 expert x2 2/2 medium 1/1 | roll 1.6s upd 7.2s
[brain] it 5317 [league 68%] R/ep 2.51 ent 2.34 kl 0.008 | hit/swing 33% dj/min 35.7 blk/min 4.7 abiHit 66 supHit 33 | hunter 1/9 zoner 1/1 hard x3 0/1 idle 1/1 sov fast 1/1 easy 2/2 self 0/2 hard 2/2 sovereign 1/3 human 1/1 | roll 1.6s upd 6.6s
[brain] it 5318 [league 70%] R/ep 5.89 ent 2.34 kl 0.007 | hit/swing 36% dj/min 36.7 blk/min 5.0 abiHit 72 supHit 44 | sov fast 2/3 hunter 4/10 hard 1/1 expert x2 1/2 sovereign 4/5 expert 2/2 self 3/3 easy 1/1 | roll 1.6s upd 6.7s
[brain] it 5319 [league 69%] R/ep 7.83 ent 2.40 kl 0.009 | hit/swing 39% dj/min 37.9 blk/min 5.2 abiHit 61 supHit 35 | zoner 1/1 self 2/3 sovereign 1/2 expert 1/1 summoner 4/4 hunter 3/7 expert x2 1/1 sov fast 0/1 medium 1/1 switcher 1/1 | roll 1.6s upd 6.8s
[brain] it 5320 [league 70%] R/ep 8.21 ent 2.22 kl 0.007 | hit/swing 43% dj/min 35.0 blk/min 4.6 abiHit 85 supHit 53 | hunter 6/11 medium 1/1 sovereign 3/5 sov fast 2/2 idle 1/1 self 1/2 switcher 1/1 hard x3 1/1 expert 3/3 hard 1/1 | roll 1.8s upd 6.7s
[brain] it 5321 [league 71%] R/ep 10.01 ent 2.21 kl 0.007 | hit/swing 44% dj/min 35.6 blk/min 6.2 abiHit 92 supHit 50 | expert 4/4 sov fast 2/3 self 2/4 human 1/1 medium 1/1 hunter 3/7 expert x2 2/2 hard x3 1/1 easy 2/2 sovereign 1/1 | roll 1.7s upd 7.3s
[brain] it 5322 [league 71%] R/ep 6.17 ent 2.36 kl 0.008 | hit/swing 37% dj/min 37.5 blk/min 6.7 abiHit 50 supHit 44 | sov fast 3/3 rushdown 1/1 expert 2/2 hunter 1/11 self 1/3 medium 1/1 zoner 1/1 human 1/1 summoner 1/1 hard x3 1/1 idle 1/1 | roll 1.8s upd 7.2s
[brain] it 5323 [league 70%] R/ep 7.11 ent 2.09 kl 0.007 | hit/swing 47% dj/min 33.1 blk/min 6.5 abiHit 95 supHit 51 | hard 1/1 idle 2/2 rushdown 1/1 hunter 4/11 self 3/4 medium 1/1 sovereign 1/2 expert 1/1 human 1/1 summoner 1/1 switcher 1/1 sov fast 0/1 easy 1/1 | roll 1.6s upd 6.7s
[brain] it 5324 [league 69%] R/ep 1.45 ent 2.34 kl 0.008 | hit/swing 32% dj/min 35.1 blk/min 5.8 abiHit 50 supHit 43 | hunter 2/12 sovereign 5/8 sov fast 0/2 hard 2/2 summoner 1/1 turtle 1/1 counter 1/1 human 1/1 | roll 1.7s upd 7.1s
[brain] it 5325 [league 69%] R/ep 13.79 ent 2.17 kl 0.008 | hit/swing 52% dj/min 33.0 blk/min 5.6 abiHit 81 supHit 45 | hard x3 2/2 self 1/1 hunter 4/7 human 1/1 idle 1/1 sov fast 1/2 counter 1/1 aerial 1/1 summoner 2/2 hard 3/3 sovereign 1/1 rushdown 1/1 | roll 1.6s upd 6.7s
[brain] it 5326 [league 68%] R/ep 6.78 ent 2.24 kl 0.007 | hit/swing 38% dj/min 33.9 blk/min 5.9 abiHit 72 supHit 36 | hunter 2/11 zoner 1/1 hard 2/2 aerial 1/2 idle 1/1 sov fast 0/2 expert 1/1 hard x3 1/1 rushdown 1/1 turtle 1/1 sovereign 0/1 | roll 1.5s upd 6.6s
[brain] it 5327 [league 68%] R/ep 2.52 ent 2.22 kl 0.009 | hit/swing 33% dj/min 36.5 blk/min 6.5 abiHit 46 supHit 37 | hunter 5/17 human 2/2 self 1/2 sovereign 1/1 expert 2/2 switcher 1/1 | roll 1.8s upd 7.0s
[brain] it 5328 [league 67%] R/ep 8.94 ent 2.19 kl 0.010 | hit/swing 42% dj/min 34.1 blk/min 4.8 abiHit 125 supHit 64 | switcher 1/1 hard 1/1 hunter 4/10 sov fast 3/4 counter 1/1 medium 2/2 sovereign 1/2 expert x2 2/2 self 1/2 hard x3 1/1 aerial 1/1 easy 1/1 | roll 1.6s upd 6.6s
[brain] it 5329 [league 68%] R/ep 9.78 ent 2.26 kl 0.007 | hit/swing 43% dj/min 33.2 blk/min 7.1 abiHit 89 supHit 48 | sov fast 1/2 hunter 4/8 expert x2 0/1 human 2/2 zoner 1/1 self 2/4 idle 2/2 medium 1/1 sovereign 1/1 hard x3 1/1 counter 1/1 | roll 1.6s upd 6.6s
[brain] it 5330 [league 67%] R/ep 5.32 ent 2.23 kl 0.007 | hit/swing 36% dj/min 35.0 blk/min 5.3 abiHit 75 supHit 44 | hunter 3/11 medium 1/1 sov fast 2/4 sovereign 1/2 hard 2/2 expert x2 1/1 idle 1/1 expert 1/1 summoner 1/1 human 1/1 | roll 1.7s upd 6.5s
[brain] it 5331 [league 69%] R/ep 7.10 ent 2.45 kl 0.007 | hit/swing 22% dj/min 40.0 blk/min 3.8 abiHit 57 supHit 29 | sovereign 3/3 hunter 5/13 zoner 2/2 counter 1/1 idle 2/2 sov fast 1/2 easy 1/1 | roll 1.7s upd 6.5s
[brain] it 5332 [league 71%] R/ep 8.92 ent 2.08 kl 0.008 | hit/swing 47% dj/min 30.6 blk/min 5.9 abiHit 92 supHit 49 | medium 3/3 self 2/5 expert 2/2 hard x3 2/2 sovereign 3/4 hunter 5/9 sov fast 3/3 hard 1/1 aerial 0/1 turtle 1/1 | roll 1.6s upd 6.6s
[brain] it 5333 [league 71%] R/ep 4.11 ent 2.27 kl 0.010 | hit/swing 33% dj/min 34.4 blk/min 6.5 abiHit 62 supHit 43 | hunter 5/15 switcher 3/4 expert 2/2 aerial 1/1 rushdown 1/1 self 0/2 sov fast 1/1 sovereign 1/1 | roll 1.6s upd 6.5s
[brain] it 5334 [league 70%] R/ep 4.04 ent 2.24 kl 0.008 | hit/swing 37% dj/min 34.4 blk/min 7.0 abiHit 52 supHit 32 | medium 1/1 hunter 4/10 hard x3 1/1 human 1/1 self 1/4 rushdown 1/1 sovereign 1/2 aerial 0/1 | roll 1.6s upd 6.5s
[brain] it 5335 [league 70%] R/ep 8.56 ent 2.21 kl 0.006 | hit/swing 43% dj/min 31.9 blk/min 5.7 abiHit 101 supHit 37 | sov fast 5/6 hunter 1/8 human 2/3 expert 4/4 summoner 1/1 medium 2/2 rushdown 1/1 turtle 1/1 | roll 1.5s upd 6.5s
[brain] it 5336 [league 70%] R/ep 5.42 ent 2.27 kl 0.008 | hit/swing 39% dj/min 36.3 blk/min 4.8 abiHit 59 supHit 36 | hunter 6/13 sovereign 3/5 turtle 2/2 sov fast 2/3 easy 1/1 self 1/2 zoner 1/1 idle 1/1 | roll 1.5s upd 6.5s
[brain] it 5337 [league 68%] R/ep 1.96 ent 2.22 kl 0.008 | hit/swing 32% dj/min 34.4 blk/min 4.9 abiHit 63 supHit 47 | sovereign 3/5 hunter 8/16 medium 1/1 rushdown 1/1 turtle 1/1 counter 0/1 self 0/3 idle 1/1 | roll 1.7s upd 7.1s
[brain] it 5338 [league 67%] R/ep 4.83 ent 2.28 kl 0.007 | hit/swing 33% dj/min 32.6 blk/min 5.6 abiHit 75 supHit 44 | hunter 3/13 sovereign 2/5 self 2/2 sov fast 1/2 idle 3/3 zoner 1/1 expert 1/1 summoner 1/1 human 1/1 | roll 1.7s upd 6.6s
[brain] it 5339 [league 68%] R/ep 9.03 ent 2.19 kl 0.008 | hit/swing 49% dj/min 31.5 blk/min 5.5 abiHit 77 supHit 49 | sov fast 3/3 self 0/1 hunter 5/11 idle 3/3 human 1/2 sovereign 2/2 turtle 2/2 expert 1/1 easy 2/2 medium 1/1 | roll 1.5s upd 6.5s
[brain] it 5340 [league 68%] R/ep 9.96 ent 2.17 kl 0.009 | hit/swing 46% dj/min 31.7 blk/min 5.8 abiHit 79 supHit 63 | sov fast 4/5 hunter 9/11 expert 1/1 human 1/1 sovereign 3/3 hard 1/1 self 0/1 easy 1/1 hard x3 0/1 aerial 1/1 rushdown 1/1 medium 1/1 | roll 1.7s upd 6.7s
[brain] it 5341 [league 69%] R/ep 4.41 ent 2.27 kl 0.008 | hit/swing 36% dj/min 34.9 blk/min 5.9 abiHit 60 supHit 34 | hunter 6/18 sovereign 1/1 zoner 1/1 medium 3/3 hard 1/1 human 1/2 sov fast 1/1 self 1/1 | roll 1.5s upd 6.0s
[brain] it 5342 [league 67%] R/ep 4.94 ent 2.28 kl 0.009 | hit/swing 29% dj/min 32.9 blk/min 3.9 abiHit 94 supHit 38 | sovereign 1/3 hunter 4/9 sov fast 3/6 counter 1/1 hard 1/1 self 1/2 expert 2/2 | roll 1.5s upd 5.9s
[brain] it 5343 [league 65%] R/ep 7.52 ent 2.24 kl 0.005 | hit/swing 36% dj/min 29.5 blk/min 4.8 abiHit 107 supHit 41 | sovereign 0/2 turtle 1/1 sov fast 4/7 medium 3/3 idle 1/1 summoner 2/2 human 1/1 hard x3 0/1 hunter 1/5 self 1/1 expert 1/1 hard 1/1 | roll 1.4s upd 6.0s
[brain] it 5344 [league 65%] R/ep 7.65 ent 2.25 kl 0.007 | hit/swing 39% dj/min 35.6 blk/min 6.1 abiHit 61 supHit 42 | hunter 7/13 expert 2/2 sov fast 1/3 self 2/2 hard 2/2 human 1/1 zoner 1/1 switcher 1/1 | roll 1.5s upd 5.9s
[brain] it 5345 [league 64%] R/ep 2.86 ent 2.26 kl 0.009 | hit/swing 40% dj/min 35.2 blk/min 7.3 abiHit 58 supHit 45 | hunter 4/13 turtle 1/1 expert 2/2 rushdown 1/1 sovereign 1/3 zoner 2/2 hard x3 0/1 sov fast 2/3 self 0/4 aerial 1/1 | roll 1.5s upd 6.4s
[brain] it 5346 [league 65%] R/ep 6.62 ent 2.36 kl 0.008 | hit/swing 32% dj/min 37.5 blk/min 5.0 abiHit 65 supHit 35 | medium 1/1 hunter 4/12 sovereign 2/2 sov fast 3/4 expert x2 1/1 zoner 1/1 hard 1/1 self 1/2 summoner 1/1 expert 1/1 | roll 1.5s upd 6.3s
[brain] it 5347 [league 65%] R/ep 5.46 ent 2.37 kl 0.008 | hit/swing 31% dj/min 38.8 blk/min 4.7 abiHit 69 supHit 43 | hunter 6/14 counter 3/3 human 0/1 expert 1/1 sovereign 1/1 hard 1/1 self 0/1 aerial 1/1 sov fast 1/1 | roll 1.8s upd 7.8s
[brain] it 5348 [league 65%] R/ep 4.88 ent 2.19 kl 0.008 | hit/swing 47% dj/min 31.2 blk/min 6.7 abiHit 92 supHit 44 | self 2/4 easy 1/1 sovereign 2/3 hunter 4/13 sov fast 2/2 hard 1/1 expert 1/1 hard x3 1/1 zoner 1/1 medium 1/1 counter 1/1 | roll 1.8s upd 7.3s
[brain] it 5349 [league 64%] R/ep 6.69 ent 2.31 kl 0.008 | hit/swing 38% dj/min 36.7 blk/min 5.1 abiHit 84 supHit 34 | sovereign 1/3 self 0/3 medium 3/3 hunter 7/12 summoner 1/1 turtle 1/1 idle 1/1 easy 1/1 rushdown 1/1 sov fast 1/1 | roll 1.9s upd 10.5s
[brain] it 5350 [league 64%] R/ep 9.00 ent 2.12 kl 0.008 | hit/swing 47% dj/min 28.9 blk/min 6.1 abiHit 101 supHit 54 | human 2/2 expert 3/4 hunter 5/12 self 0/2 hard 1/1 idle 3/3 counter 1/1 hard x3 1/1 sov fast 3/3 summoner 1/1 medium 1/1 | roll 1.8s upd 7.6s
[brain] it 5351 [league 64%] R/ep 3.99 ent 2.31 kl 0.009 | hit/swing 40% dj/min 35.7 blk/min 5.4 abiHit 78 supHit 38 | hunter 2/9 self 1/3 turtle 1/1 summoner 2/2 sovereign 5/7 counter 1/2 expert 1/1 hard 1/1 rushdown 1/1 | roll 1.7s upd 7.3s
[brain] it 5352 [league 64%] R/ep 7.80 ent 2.31 kl 0.007 | hit/swing 45% dj/min 34.0 blk/min 6.8 abiHit 75 supHit 55 | hunter 4/10 self 4/4 sov fast 4/4 switcher 1/1 expert 2/2 sovereign 2/2 medium 2/2 hard 1/1 summoner 1/1 expert x2 1/1 | roll 1.8s upd 7.6s
[brain] it 5353 [league 64%] R/ep 5.97 ent 2.28 kl 0.008 | hit/swing 30% dj/min 34.6 blk/min 6.0 abiHit 90 supHit 44 | counter 2/2 sov fast 3/4 rushdown 1/1 human 1/1 hunter 2/6 easy 1/1 self 2/6 expert 2/3 idle 1/1 | roll 1.8s upd 7.4s
[brain] it 5354 [league 66%] R/ep 11.75 ent 2.24 kl 0.010 | hit/swing 40% dj/min 32.0 blk/min 5.7 abiHit 100 supHit 46 | hard x3 1/3 zoner 2/2 hunter 5/9 self 2/2 rushdown 1/1 hard 1/1 expert 1/1 sov fast 2/3 sovereign 2/2 idle 1/1 easy 1/1 medium 1/1 | roll 1.6s upd 7.4s
[brain] it 5355 [league 65%] R/ep 6.47 ent 2.38 kl 0.008 | hit/swing 32% dj/min 38.0 blk/min 4.9 abiHit 63 supHit 31 | sovereign 1/2 hunter 4/9 expert 1/1 human 1/1 rushdown 1/1 easy 1/1 self 3/5 expert x2 1/1 turtle 2/2 | roll 1.9s upd 10.7s
[brain] it 5356 [league 65%] R/ep 3.16 ent 2.26 kl 0.009 | hit/swing 38% dj/min 36.3 blk/min 7.9 abiHit 66 supHit 32 | medium 1/1 hunter 5/17 sovereign 2/2 expert 1/1 self 0/2 turtle 1/1 hard 2/2 | roll 2.3s upd 8.4s
[brain] it 5357 [league 65%] R/ep 5.36 ent 2.28 kl 0.007 | hit/swing 47% dj/min 33.4 blk/min 5.9 abiHit 70 supHit 41 | counter 1/1 hunter 6/13 hard 1/1 rushdown 1/2 aerial 0/1 sovereign 1/1 expert 4/4 sov fast 1/1 hard x3 0/1 idle 1/1 summoner 1/1 | roll 2.0s upd 13.3s
[brain] it 5358 [league 64%] R/ep 6.49 ent 2.22 kl 0.007 | hit/swing 40% dj/min 34.3 blk/min 5.3 abiHit 88 supHit 44 | hunter 2/10 expert 2/2 hard 3/3 idle 1/1 zoner 1/1 sovereign 0/1 sov fast 1/3 medium 1/1 human 1/1 hard x3 1/1 switcher 1/1 | roll 2.1s upd 8.2s
[brain] it 5359 [league 65%] R/ep 10.26 ent 2.23 kl 0.009 | hit/swing 46% dj/min 36.0 blk/min 5.0 abiHit 86 supHit 45 | hunter 10/13 medium 2/2 aerial 1/1 hard 1/1 sovereign 2/3 expert x2 1/1 sov fast 1/1 self 1/1 hard x3 1/1 idle 1/1 easy 1/1 | roll 1.8s upd 7.9s
[brain] it 5360 [league 65%] R/ep 5.79 ent 2.28 kl 0.007 | hit/swing 34% dj/min 34.7 blk/min 5.5 abiHit 54 supHit 32 | self 0/1 hunter 6/13 sovereign 3/4 summoner 1/1 zoner 1/1 hard 1/1 sov fast 2/2 expert 2/2 easy 1/1 | roll 2.0s upd 7.6s
[brain] it 5361 [league 65%] R/ep 9.22 ent 2.30 kl 0.008 | hit/swing 40% dj/min 38.0 blk/min 4.8 abiHit 66 supHit 33 | hard x3 1/1 hunter 6/10 self 0/2 hard 2/2 zoner 1/1 sovereign 1/1 switcher 1/1 turtle 1/1 expert 1/1 medium 1/1 | roll 1.8s upd 7.0s
[brain] it 5362 [league 67%] R/ep 9.65 ent 2.19 kl 0.007 | hit/swing 39% dj/min 31.7 blk/min 5.4 abiHit 98 supHit 40 | human 1/1 sov fast 0/2 sovereign 4/5 medium 1/1 hunter 6/8 idle 2/2 summoner 2/2 self 0/1 expert 1/1 expert x2 1/1 | roll 2.0s upd 7.5s
[brain] it 5363 [league 68%] R/ep 8.16 ent 2.22 kl 0.007 | hit/swing 40% dj/min 36.4 blk/min 5.4 abiHit 91 supHit 42 | expert 3/3 idle 1/1 hunter 6/12 self 1/4 hard x3 1/1 expert x2 1/1 summoner 1/1 easy 1/1 sovereign 2/2 sov fast 2/2 | roll 2.0s upd 8.0s
[brain] it 5364 [league 69%] R/ep 10.63 ent 2.33 kl 0.006 | hit/swing 35% dj/min 35.9 blk/min 4.8 abiHit 69 supHit 50 | hunter 5/9 sovereign 3/3 aerial 0/1 counter 1/1 idle 1/1 self 2/3 sov fast 1/1 human 1/1 expert x2 1/1 switcher 1/1 hard x3 1/1 | roll 1.7s upd 6.1s
[brain] it 5365 [league 69%] R/ep 12.42 ent 2.17 kl 0.007 | hit/swing 53% dj/min 32.1 blk/min 7.2 abiHit 82 supHit 66 | idle 2/2 hunter 6/10 easy 2/2 sovereign 2/3 self 4/5 hard x3 2/2 hard 1/1 summoner 1/1 aerial 1/1 switcher 1/1 zoner 1/1 | roll 1.6s upd 6.6s
[brain] it 5366 [league 69%] R/ep 7.75 ent 2.22 kl 0.008 | hit/swing 43% dj/min 34.0 blk/min 7.6 abiHit 85 supHit 51 | expert 2/2 medium 1/1 self 0/1 zoner 1/1 switcher 2/2 summoner 2/2 sov fast 1/2 hunter 5/10 hard x3 0/1 counter 1/1 rushdown 1/1 sovereign 2/4 turtle 1/1 | roll 1.7s upd 6.3s
[brain] it 5367 [league 69%] R/ep 9.94 ent 2.17 kl 0.008 | hit/swing 45% dj/min 33.3 blk/min 7.7 abiHit 83 supHit 50 | hunter 7/11 medium 1/1 hard x3 1/1 hard 1/1 sovereign 1/1 counter 1/1 summoner 2/2 easy 1/1 self 0/2 zoner 1/1 human 1/1 sov fast 1/1 | roll 1.6s upd 8.3s
[brain] it 5368 [league 68%] R/ep 6.11 ent 2.27 kl 0.007 | hit/swing 36% dj/min 32.2 blk/min 4.6 abiHit 104 supHit 32 | rushdown 1/1 zoner 1/1 sovereign 0/1 sov fast 2/3 hunter 4/10 counter 2/2 summoner 1/1 medium 1/1 hard 1/1 idle 1/1 self 0/2 expert 1/1 | roll 2.0s upd 9.5s
[brain] it 5369 [league 68%] R/ep 3.44 ent 2.30 kl 0.008 | hit/swing 34% dj/min 35.0 blk/min 7.2 abiHit 67 supHit 44 | sov fast 2/3 hunter 4/18 easy 1/1 sovereign 1/1 medium 1/1 expert 4/4 summoner 2/2 self 1/2 idle 1/1 | roll 2.3s upd 8.0s
[brain] it 5370 [league 69%] R/ep 7.94 ent 2.24 kl 0.009 | hit/swing 47% dj/min 35.9 blk/min 6.5 abiHit 69 supHit 44 | summoner 1/1 hunter 4/9 sovereign 4/5 expert 1/1 self 2/3 human 0/1 sov fast 1/1 hard 1/1 zoner 1/1 easy 1/1 turtle 1/1 switcher 1/1 | roll 2.4s upd 15.4s
[brain] it 5371 [league 69%] R/ep 9.10 ent 2.22 kl 0.007 | hit/swing 46% dj/min 32.6 blk/min 6.4 abiHit 77 supHit 58 | sov fast 5/6 aerial 1/1 hard 2/2 hunter 3/8 expert 2/2 medium 1/1 self 1/3 switcher 1/1 counter 1/1 zoner 1/1 easy 1/1 | roll 2.8s upd 7.6s
[brain] it 5372 [league 69%] R/ep 5.24 ent 2.26 kl 0.007 | hit/swing 44% dj/min 35.1 blk/min 5.9 abiHit 85 supHit 44 | expert x2 1/1 hunter 5/10 self 1/3 expert 1/1 easy 3/3 turtle 1/1 sov fast 2/4 sovereign 1/2 hard x3 0/1 | roll 1.9s upd 8.4s
[brain] it 5373 [league 67%] R/ep 4.67 ent 2.29 kl 0.006 | hit/swing 41% dj/min 33.7 blk/min 5.1 abiHit 79 supHit 38 | sovereign 2/5 hunter 3/11 summoner 2/2 human 1/1 easy 2/2 sov fast 1/3 counter 2/2 turtle 1/1 rushdown 1/1 | roll 2.1s upd 9.1s
[brain] it 5374 [league 67%] R/ep 9.32 ent 2.29 kl 0.007 | hit/swing 38% dj/min 31.5 blk/min 5.8 abiHit 75 supHit 40 | sov fast 4/5 self 1/3 sovereign 3/3 easy 1/1 expert 3/3 hunter 3/6 hard 1/1 rushdown 0/1 hard x3 1/1 medium 1/1 | roll 2.1s upd 10.1s
[brain] it 5375 [league 68%] R/ep 6.48 ent 2.24 kl 0.008 | hit/swing 43% dj/min 33.3 blk/min 6.7 abiHit 75 supHit 39 | hard 2/2 easy 1/1 hunter 5/11 self 1/3 hard x3 0/1 sovereign 2/2 expert 2/2 sov fast 1/2 medium 1/1 | roll 2.5s upd 10.0s
[brain] it 5376 [league 68%] R/ep 4.63 ent 2.22 kl 0.009 | hit/swing 34% dj/min 36.8 blk/min 6.4 abiHit 51 supHit 52 | summoner 1/1 hunter 7/15 rushdown 1/1 sovereign 3/3 self 2/4 idle 1/1 sov fast 1/1 | roll 2.2s upd 7.8s
[brain] it 5377 [league 70%] R/ep 9.52 ent 2.30 kl 0.007 | hit/swing 34% dj/min 32.4 blk/min 4.4 abiHit 87 supHit 38 | aerial 1/1 sovereign 2/2 idle 2/2 hunter 7/12 medium 2/2 sov fast 2/2 hard x3 1/1 self 0/2 rushdown 1/1 expert 1/1 | roll 2.0s upd 7.8s
[brain] it 5378 [league 70%] R/ep 5.16 ent 2.29 kl 0.009 | hit/swing 34% dj/min 36.8 blk/min 5.3 abiHit 66 supHit 38 | hunter 4/10 easy 1/1 turtle 0/1 sovereign 3/5 self 2/2 summoner 2/2 sov fast 0/1 medium 1/1 hard 1/1 | roll 2.0s upd 7.5s
[brain] it 5379 [league 71%] R/ep 7.31 ent 2.17 kl 0.008 | hit/swing 40% dj/min 33.9 blk/min 4.9 abiHit 69 supHit 46 | easy 3/3 hard 2/2 hunter 7/14 sov fast 4/4 self 1/1 human 1/1 expert 2/2 sovereign 1/1 | roll 2.4s upd 10.5s
[brain] it 5380 [league 71%] R/ep 7.91 ent 2.16 kl 0.008 | hit/swing 41% dj/min 35.0 blk/min 7.0 abiHit 69 supHit 45 | sov fast 3/3 sovereign 4/6 hunter 3/9 hard x3 1/1 self 1/2 expert 1/1 expert x2 1/1 turtle 1/1 | roll 2.6s upd 7.6s
[brain] it 5381 [league 74%] R/ep 9.00 ent 2.15 kl 0.008 | hit/swing 48% dj/min 31.5 blk/min 5.2 abiHit 97 supHit 65 | sovereign 8/8 idle 1/1 self 0/2 hunter 3/6 sov fast 1/3 hard 1/1 turtle 1/1 counter 1/1 human 1/2 easy 1/1 expert 1/1 medium 2/2 | roll 1.8s upd 7.3s
[brain] it 5382 [league 75%] R/ep 4.96 ent 2.34 kl 0.010 | hit/swing 29% dj/min 39.2 blk/min 5.4 abiHit 68 supHit 30 | summoner 2/2 zoner 2/2 hunter 5/12 sov fast 3/4 easy 2/2 sovereign 1/2 self 0/1 | roll 2.0s upd 7.3s
[brain] it 5383 [league 75%] R/ep 7.42 ent 2.30 kl 0.007 | hit/swing 31% dj/min 34.3 blk/min 5.4 abiHit 67 supHit 39 | self 2/4 expert 3/3 hunter 5/10 human 2/2 easy 1/1 summoner 1/1 sov fast 1/2 hard x3 0/1 sovereign 1/1 | roll 1.9s upd 7.3s
[brain] it 5384 [league 76%] R/ep 4.50 ent 2.39 kl 0.008 | hit/swing 32% dj/min 37.5 blk/min 5.0 abiHit 49 supHit 34 | summoner 2/2 hunter 3/9 turtle 1/1 sovereign 3/3 self 2/4 rushdown 1/1 | roll 1.9s upd 7.3s
[brain] it 5385 [league 76%] R/ep 6.45 ent 2.33 kl 0.008 | hit/swing 29% dj/min 38.5 blk/min 5.9 abiHit 72 supHit 44 | self 1/2 hunter 4/12 human 1/1 sov fast 2/2 hard 1/1 turtle 2/2 switcher 1/1 sovereign 3/3 expert 1/1 | roll 2.0s upd 7.7s
[brain] it 5386 [league 78%] R/ep 3.20 ent 2.34 kl 0.008 | hit/swing 33% dj/min 38.3 blk/min 4.7 abiHit 41 supHit 25 | hunter 8/15 self 0/2 sov fast 0/1 expert 1/1 sovereign 2/2 easy 1/1 | roll 2.0s upd 7.5s
[brain] it 5387 [league 78%] R/ep 7.99 ent 2.26 kl 0.008 | hit/swing 47% dj/min 37.2 blk/min 5.2 abiHit 83 supHit 38 | hard 1/1 hunter 6/9 sov fast 3/4 self 2/4 human 1/1 idle 1/1 zoner 2/2 sovereign 3/4 aerial 1/1 | roll 1.8s upd 7.4s
[brain] it 5388 [league 78%] R/ep 4.63 ent 2.26 kl 0.009 | hit/swing 33% dj/min 33.0 blk/min 6.4 abiHit 87 supHit 36 | expert 1/1 hunter 3/12 rushdown 1/1 medium 2/2 self 0/2 expert x2 0/1 sovereign 1/1 hard 1/1 counter 2/2 hard x3 1/1 | roll 1.8s upd 7.0s
[brain] it 5389 [league 78%] R/ep 6.97 ent 2.32 kl 0.009 | hit/swing 36% dj/min 34.4 blk/min 5.6 abiHit 63 supHit 31 | hard x3 1/1 self 2/4 hard 1/1 sov fast 1/2 hunter 2/7 sovereign 1/2 human 1/1 summoner 1/1 expert x2 1/1 easy 1/1 expert 1/1 | roll 1.8s upd 6.8s
[brain] it 5390 [league 78%] R/ep 4.08 ent 2.28 kl 0.009 | hit/swing 40% dj/min 33.9 blk/min 7.8 abiHit 74 supHit 51 | sov fast 3/3 rushdown 1/1 expert 2/2 hunter 1/11 expert x2 2/2 self 2/5 sovereign 1/2 easy 1/1 hard x3 1/1 | roll 1.8s upd 6.7s
[brain] it 5391 [league 77%] R/ep 7.95 ent 2.21 kl 0.007 | hit/swing 37% dj/min 34.7 blk/min 5.1 abiHit 74 supHit 48 | rushdown 1/1 sov fast 3/5 hunter 4/8 medium 1/1 counter 0/1 expert 2/2 hard 1/1 self 1/1 sovereign 1/2 human 1/1 zoner 1/1 easy 1/1 idle 1/1 | roll 1.7s upd 7.3s
[brain] it 5392 [league 77%] R/ep 7.37 ent 2.24 kl 0.008 | hit/swing 46% dj/min 36.8 blk/min 5.8 abiHit 66 supHit 47 | self 2/3 sov fast 2/4 summoner 1/1 sovereign 1/1 hunter 2/7 idle 1/1 hard 2/2 switcher 1/1 easy 1/1 zoner 1/1 hard x3 1/1 turtle 1/1 | roll 1.7s upd 7.2s
[brain] it 5393 [league 78%] R/ep 11.44 ent 2.23 kl 0.008 | hit/swing 39% dj/min 33.4 blk/min 5.9 abiHit 93 supHit 60 | sovereign 2/2 self 6/7 expert 1/1 hunter 1/6 easy 1/1 sov fast 2/2 idle 2/2 zoner 1/1 hard 2/2 medium 1/1 turtle 1/1 aerial 1/1 rushdown 1/1 | roll 1.8s upd 7.1s
[brain] it 5394 [league 77%] R/ep 6.71 ent 2.20 kl 0.008 | hit/swing 42% dj/min 34.3 blk/min 5.7 abiHit 54 supHit 39 | hunter 3/11 switcher 1/1 self 1/3 sov fast 2/2 hard x3 1/1 zoner 2/2 summoner 1/1 medium 1/1 sovereign 2/3 idle 2/2 | roll 1.8s upd 7.1s
[brain] it 5395 [league 79%] R/ep 8.30 ent 2.30 kl 0.008 | hit/swing 48% dj/min 34.7 blk/min 4.9 abiHit 88 supHit 36 | expert 2/2 sovereign 3/3 hard 1/1 hunter 5/9 self 2/2 idle 1/1 sov fast 2/3 switcher 1/1 | roll 1.8s upd 7.1s
[brain] it 5396 [league 78%] R/ep 6.43 ent 2.29 kl 0.008 | hit/swing 35% dj/min 37.7 blk/min 6.6 abiHit 75 supHit 45 | hunter 4/10 self 5/6 hard 1/1 switcher 1/1 expert x2 2/2 sovereign 0/1 sov fast 2/3 | roll 3.0s upd 11.8s
[brain] it 5397 [league 78%] R/ep 9.10 ent 2.22 kl 0.008 | hit/swing 39% dj/min 31.8 blk/min 6.2 abiHit 94 supHit 55 | rushdown 2/2 hunter 2/7 sovereign 1/1 sov fast 5/7 self 1/2 expert x2 1/1 aerial 0/1 idle 2/2 hard x3 0/2 expert 1/1 | roll 2.1s upd 10.3s
[brain] it 5398 [league 77%] R/ep 4.19 ent 2.19 kl 0.007 | hit/swing 36% dj/min 33.5 blk/min 5.7 abiHit 64 supHit 46 | sov fast 4/4 sovereign 1/2 hunter 5/14 self 1/4 hard x3 1/1 medium 1/1 idle 1/1 summoner 1/1 | roll 2.4s upd 10.0s
[brain] it 5399 [league 76%] R/ep 6.27 ent 2.20 kl 0.006 | hit/swing 47% dj/min 34.3 blk/min 6.4 abiHit 64 supHit 59 | self 1/1 sovereign 2/4 hunter 3/14 counter 2/2 rushdown 2/2 sov fast 2/3 hard x3 1/1 hard 1/1 idle 1/1 easy 1/1 | roll 2.4s upd 7.5s
[brain] it 5400 [league 75%] R/ep 7.55 ent 2.26 kl 0.009 | hit/swing 44% dj/min 32.4 blk/min 6.8 abiHit 73 supHit 57 | easy 1/1 hunter 2/8 sovereign 2/4 sov fast 4/5 expert 2/2 rushdown 1/1 switcher 2/2 counter 2/2 self 2/2 hard x3 0/1 summoner 1/1 | roll 1.8s upd 7.2s
[brain] it 5401 [league 75%] R/ep 6.72 ent 2.32 kl 0.006 | hit/swing 33% dj/min 39.9 blk/min 6.0 abiHit 39 supHit 27 | hard x3 1/2 hunter 3/9 self 0/1 counter 1/1 summoner 1/1 sov fast 1/1 | roll 5.1s upd 6.2s
[brain] it 5402 [league 73%] R/ep 4.60 ent 2.27 kl 0.010 | hit/swing 29% dj/min 39.5 blk/min 5.1 abiHit 41 supHit 26 | hunter 4/7 sovereign 1/3 sov fast 0/2 human 1/1 self 2/2 medium 1/1 | roll 5.0s upd 7.4s
[brain] it 5403 [league 73%] R/ep 10.76 ent 2.17 kl 0.009 | hit/swing 48% dj/min 31.6 blk/min 6.5 abiHit 84 supHit 36 | expert x2 3/3 self 3/3 turtle 1/1 hunter 2/6 switcher 1/1 sov fast 1/1 medium 1/1 expert 0/1 idle 1/1 | roll 5.2s upd 9.2s
[brain] it 5404 [league 71%] R/ep 4.44 ent 2.31 kl 0.008 | hit/swing 41% dj/min 34.8 blk/min 5.7 abiHit 56 supHit 33 | self 1/2 hunter 4/12 expert 2/2 idle 1/1 sov fast 2/2 medium 1/1 sovereign 0/2 hard x3 1/1 | roll 2.5s upd 14.9s
[brain] it 5405 [league 70%] R/ep 7.93 ent 2.31 kl 0.008 | hit/swing 38% dj/min 35.3 blk/min 7.5 abiHit 74 supHit 45 | hunter 4/12 aerial 3/3 zoner 2/2 summoner 3/3 self 2/2 hard 1/1 sov fast 0/1 medium 1/1 sovereign 0/1 expert 1/1 | roll 2.3s upd 13.8s
[brain] it 5406 [league 71%] R/ep 4.38 ent 2.32 kl 0.010 | hit/swing 41% dj/min 37.3 blk/min 6.5 abiHit 70 supHit 31 | hunter 3/13 medium 1/1 sov fast 1/1 expert x2 3/3 self 2/3 summoner 1/1 sovereign 2/2 switcher 1/1 | roll 2.6s upd 17.1s
[brain] it 5407 [league 73%] R/ep 9.74 ent 2.28 kl 0.007 | hit/swing 40% dj/min 35.1 blk/min 4.6 abiHit 79 supHit 43 | hunter 5/9 summoner 1/1 self 1/2 sovereign 3/3 counter 1/1 hard 1/1 expert 2/2 medium 1/1 aerial 1/1 rushdown 1/1 sov fast 0/1 | roll 2.4s upd 16.7s
[brain] it 5408 [league 74%] R/ep 11.95 ent 2.14 kl 0.007 | hit/swing 46% dj/min 32.4 blk/min 5.3 abiHit 81 supHit 63 | self 1/2 sovereign 5/5 expert x2 2/2 hunter 4/6 switcher 1/1 expert 1/2 medium 1/1 summoner 1/1 aerial 2/2 sov fast 5/5 idle 2/2 | roll 2.7s upd 19.0s
[brain] it 5409 [league 74%] R/ep 1.58 ent 2.29 kl 0.008 | hit/swing 32% dj/min 35.3 blk/min 6.1 abiHit 69 supHit 27 | hunter 6/13 sovereign 2/3 sov fast 0/3 summoner 1/1 idle 1/1 hard 1/1 self 0/1 | roll 2.2s upd 9.0s
[brain] it 5410 [league 74%] R/ep 8.92 ent 2.18 kl 0.009 | hit/swing 46% dj/min 34.8 blk/min 6.9 abiHit 83 supHit 45 | sovereign 2/2 hunter 3/8 counter 1/1 aerial 0/1 self 2/4 turtle 3/3 sov fast 2/2 rushdown 1/1 zoner 1/1 expert 2/2 easy 1/1 idle 1/1 | roll 1.9s upd 8.7s
[brain] it 5411 [league 76%] R/ep 12.36 ent 2.19 kl 0.008 | hit/swing 41% dj/min 35.0 blk/min 4.9 abiHit 120 supHit 60 | self 3/3 zoner 1/1 sovereign 3/3 hard 1/1 hunter 3/7 expert 3/3 switcher 1/1 sov fast 2/2 aerial 1/1 counter 1/1 expert x2 1/1 idle 1/1 rushdown 0/1 human 1/1 easy 1/1 | roll 2.1s upd 10.0s
[brain] it 5412 [league 77%] R/ep 8.34 ent 2.18 kl 0.007 | hit/swing 50% dj/min 32.5 blk/min 7.6 abiHit 82 supHit 52 | sov fast 5/5 hunter 6/13 self 2/2 sovereign 2/2 hard x3 1/1 expert 2/2 expert x2 1/1 summoner 1/1 | roll 2.1s upd 8.7s
[brain] it 5413 [league 77%] R/ep 7.23 ent 2.27 kl 0.008 | hit/swing 38% dj/min 36.5 blk/min 6.8 abiHit 55 supHit 52 | idle 2/2 sovereign 1/2 hunter 5/13 hard x3 1/1 self 3/4 easy 1/1 human 1/1 expert 1/1 | roll 2.0s upd 8.4s
[brain] it 5414 [league 77%] R/ep 8.07 ent 2.33 kl 0.007 | hit/swing 42% dj/min 36.3 blk/min 5.5 abiHit 78 supHit 37 | rushdown 1/2 sovereign 5/5 hunter 7/10 summoner 1/1 easy 1/1 medium 1/1 self 1/2 idle 1/1 expert 1/1 zoner 1/1 switcher 0/1 | roll 1.9s upd 8.3s
[brain] it 5415 [league 75%] R/ep 4.12 ent 2.26 kl 0.008 | hit/swing 40% dj/min 35.4 blk/min 6.8 abiHit 58 supHit 44 | hunter 3/9 expert x2 1/1 sovereign 0/2 self 2/5 counter 1/1 zoner 1/1 sov fast 2/3 hard 1/1 | roll 1.9s upd 8.2s
[brain] it 5416 [league 75%] R/ep 5.19 ent 2.32 kl 0.008 | hit/swing 41% dj/min 35.8 blk/min 6.4 abiHit 65 supHit 52 | hunter 2/12 hard x3 1/1 self 2/3 expert 2/2 hard 1/1 sovereign 3/3 sov fast 2/4 aerial 1/1 turtle 1/1 | roll 2.0s upd 9.0s
[brain] it 5417 [league 77%] R/ep 3.34 ent 2.21 kl 0.009 | hit/swing 37% dj/min 29.1 blk/min 6.2 abiHit 90 supHit 49 | hunter 0/10 expert 2/2 idle 2/2 sovereign 4/4 rushdown 0/1 hard x3 1/1 aerial 2/2 self 0/2 hard 1/1 sov fast 0/2 human 1/1 | roll 1.6s upd 8.4s
[brain] it 5418 [league 77%] R/ep 8.51 ent 2.26 kl 0.009 | hit/swing 36% dj/min 37.4 blk/min 5.9 abiHit 63 supHit 50 | sovereign 3/3 hunter 7/13 expert x2 1/1 expert 1/1 self 3/3 summoner 1/1 turtle 1/1 | roll 2.0s upd 8.4s
[brain] it 5419 [league 78%] R/ep 11.76 ent 2.17 kl 0.010 | hit/swing 47% dj/min 33.4 blk/min 7.1 abiHit 82 supHit 80 | expert 3/3 sovereign 1/2 aerial 2/2 sov fast 5/5 easy 2/2 rushdown 1/1 self 1/2 expert x2 1/1 hard x3 1/1 counter 1/1 summoner 1/1 hunter 4/9 medium 1/1 | roll 1.9s upd 8.4s
[brain] it 5420 [league 77%] R/ep -0.66 ent 2.35 kl 0.007 | hit/swing 34% dj/min 36.3 blk/min 5.9 abiHit 45 supHit 37 | hunter 4/14 medium 1/1 sov fast 0/2 sovereign 2/3 self 1/2 summoner 1/1 expert 1/1 | roll 2.0s upd 8.6s
[brain] it 5421 [league 76%] R/ep 11.20 ent 2.16 kl 0.008 | hit/swing 45% dj/min 33.2 blk/min 5.8 abiHit 96 supHit 56 | expert 1/1 sovereign 4/5 hard 3/3 zoner 1/1 self 4/4 counter 2/2 human 1/1 sov fast 3/4 idle 1/1 hunter 3/8 easy 1/1 | roll 1.9s upd 8.1s
[brain] it 5422 [league 76%] R/ep 4.95 ent 2.30 kl 0.007 | hit/swing 42% dj/min 39.3 blk/min 5.8 abiHit 87 supHit 48 | self 3/6 aerial 1/1 hunter 2/8 sovereign 1/1 sov fast 2/5 expert 1/1 idle 1/1 switcher 0/1 hard 1/1 hard x3 1/1 | roll 2.0s upd 8.4s
[brain] it 5423 [league 75%] R/ep 8.60 ent 2.29 kl 0.007 | hit/swing 41% dj/min 38.5 blk/min 5.8 abiHit 76 supHit 40 | sovereign 0/2 hunter 6/11 expert x2 2/2 hard 2/2 turtle 1/1 expert 2/2 zoner 1/1 sov fast 2/2 rushdown 1/1 self 0/1 | roll 2.0s upd 8.6s
[brain] it 5424 [league 74%] R/ep 9.00 ent 2.26 kl 0.008 | hit/swing 43% dj/min 37.2 blk/min 4.3 abiHit 66 supHit 48 | idle 3/3 hunter 9/12 counter 1/1 self 0/1 zoner 1/1 sov fast 2/3 sovereign 2/3 aerial 0/1 hard 1/1 medium 1/1 human 1/1 | roll 2.0s upd 10.5s
[brain] it 5425 [league 74%] R/ep 7.20 ent 2.28 kl 0.006 | hit/swing 28% dj/min 36.0 blk/min 7.0 abiHit 96 supHit 40 | idle 1/1 hunter 6/11 aerial 1/1 summoner 2/2 expert 2/2 self 1/4 sovereign 2/2 easy 1/1 | roll 2.6s upd 9.4s
[brain] it 5426 [league 74%] R/ep 4.63 ent 2.39 kl 0.006 | hit/swing 27% dj/min 38.5 blk/min 6.4 abiHit 65 supHit 33 | hunter 4/10 sov fast 0/2 expert 1/1 medium 1/1 hard 1/1 self 0/3 idle 1/1 human 1/1 summoner 1/1 sovereign 1/1 | roll 2.1s upd 8.0s
[brain] it 5427 [league 74%] R/ep 8.42 ent 2.21 kl 0.007 | hit/swing 44% dj/min 32.6 blk/min 7.3 abiHit 83 supHit 36 | turtle 1/1 sovereign 2/2 expert 1/1 self 1/3 hunter 4/9 rushdown 1/1 sov fast 2/2 expert x2 1/1 idle 1/1 aerial 1/1 hard 1/1 medium 1/1 switcher 0/1 easy 1/1 | roll 1.9s upd 8.0s
[brain] it 5428 [league 74%] R/ep 9.25 ent 2.30 kl 0.008 | hit/swing 41% dj/min 36.1 blk/min 4.3 abiHit 86 supHit 38 | medium 1/1 hunter 4/9 sovereign 2/3 sov fast 4/5 zoner 1/1 summoner 1/1 hard 2/2 self 2/2 expert 1/1 counter 1/1 turtle 1/1 | roll 1.9s upd 8.0s
[brain] it 5429 [league 72%] R/ep 7.86 ent 2.34 kl 0.007 | hit/swing 40% dj/min 34.7 blk/min 5.7 abiHit 90 supHit 35 | hunter 4/8 hard 1/1 summoner 2/2 sovereign 3/5 aerial 1/1 expert 1/1 self 1/2 human 1/1 easy 1/1 sov fast 1/1 | roll 1.9s upd 8.1s
[brain] it 5430 [league 73%] R/ep 4.16 ent 2.35 kl 0.009 | hit/swing 39% dj/min 37.5 blk/min 6.6 abiHit 66 supHit 34 | hunter 9/13 sov fast 2/3 expert 2/2 self 1/4 sovereign 1/2 | roll 2.0s upd 8.0s
[brain] it 5431 [league 73%] R/ep 5.70 ent 2.24 kl 0.007 | hit/swing 38% dj/min 34.9 blk/min 7.0 abiHit 78 supHit 52 | hunter 6/14 sovereign 2/3 sov fast 3/4 rushdown 1/1 hard 2/2 easy 1/1 expert 1/1 self 1/3 | roll 2.1s upd 8.6s
[brain] it 5432 [league 73%] R/ep 8.52 ent 2.26 kl 0.008 | hit/swing 39% dj/min 34.1 blk/min 8.5 abiHit 46 supHit 41 | expert 2/2 self 0/1 hunter 4/10 counter 1/1 summoner 3/3 hard 1/1 sov fast 2/2 sovereign 1/1 hard x3 0/1 aerial 1/1 zoner 1/1 | roll 1.8s upd 7.6s
[brain] it 5433 [league 71%] R/ep 9.06 ent 2.31 kl 0.007 | hit/swing 47% dj/min 35.7 blk/min 5.3 abiHit 75 supHit 44 | hunter 6/10 sov fast 2/3 switcher 3/3 expert x2 1/1 self 1/1 aerial 1/1 human 1/1 sovereign 0/2 expert 1/1 idle 1/1 | roll 2.0s upd 8.7s
[brain] it 5434 [league 70%] R/ep 6.53 ent 2.28 kl 0.007 | hit/swing 43% dj/min 33.6 blk/min 5.7 abiHit 71 supHit 46 | hunter 4/7 hard x3 1/2 sovereign 0/2 sov fast 2/3 expert 1/1 self 2/4 medium 1/1 easy 2/2 expert x2 0/1 zoner 1/1 | roll 2.0s upd 8.7s
[brain] it 5435 [league 69%] R/ep 11.28 ent 2.15 kl 0.008 | hit/swing 47% dj/min 35.1 blk/min 7.0 abiHit 78 supHit 62 | medium 1/1 sovereign 2/3 summoner 1/1 hunter 6/12 expert x2 2/2 expert 2/2 self 1/1 rushdown 1/1 idle 1/1 sov fast 3/3 easy 2/2 switcher 1/1 hard 1/1 human 1/1 | roll 1.9s upd 8.1s
[brain] it 5436 [league 68%] R/ep 4.69 ent 2.30 kl 0.008 | hit/swing 31% dj/min 36.9 blk/min 6.1 abiHit 71 supHit 32 | hunter 5/10 expert x2 1/1 counter 0/1 sovereign 0/1 idle 1/1 summoner 2/2 self 0/2 rushdown 1/1 sov fast 0/1 expert 1/1 | roll 1.9s upd 8.1s
[brain] it 5437 [league 68%] R/ep 11.67 ent 2.14 kl 0.009 | hit/swing 53% dj/min 31.4 blk/min 7.6 abiHit 106 supHit 52 | easy 2/2 self 3/3 medium 1/1 hunter 6/10 summoner 4/4 sov fast 2/3 hard 2/2 aerial 1/1 counter 1/1 zoner 1/1 | roll 1.8s upd 7.4s
[brain] it 5438 [league 69%] R/ep 8.25 ent 2.30 kl 0.009 | hit/swing 43% dj/min 36.0 blk/min 5.9 abiHit 86 supHit 42 | hunter 6/11 sovereign 4/5 self 2/2 hard 1/1 sov fast 3/4 expert 1/1 hard x3 0/1 easy 1/1 counter 1/1 | roll 2.0s upd 8.1s
[brain] it 5439 [league 71%] R/ep 8.36 ent 2.18 kl 0.006 | hit/swing 37% dj/min 35.6 blk/min 4.3 abiHit 83 supHit 43 | hunter 9/13 medium 2/2 sovereign 3/3 expert 1/1 easy 1/1 self 2/3 hard 2/2 switcher 1/1 idle 1/1 counter 1/1 | roll 1.9s upd 8.0s
[brain] it 5440 [league 72%] R/ep 4.83 ent 2.40 kl 0.007 | hit/swing 23% dj/min 38.0 blk/min 4.8 abiHit 71 supHit 25 | hunter 4/7 sovereign 3/3 sov fast 1/4 self 1/3 expert 2/2 human 0/2 counter 1/1 zoner 1/1 | roll 1.8s upd 8.0s
[brain] it 5441 [league 72%] R/ep 8.49 ent 2.23 kl 0.009 | hit/swing 44% dj/min 37.1 blk/min 6.7 abiHit 65 supHit 46 | hunter 6/10 sov fast 3/3 self 4/5 rushdown 1/1 human 2/2 expert x2 1/1 sovereign 0/1 easy 1/1 | roll 2.1s upd 8.8s
[brain] it 5442 [league 73%] R/ep 10.47 ent 2.24 kl 0.008 | hit/swing 44% dj/min 36.8 blk/min 5.0 abiHit 74 supHit 45 | hunter 6/8 sov fast 2/4 sovereign 2/3 human 2/2 self 0/1 medium 1/1 easy 2/2 idle 1/1 aerial 1/1 hard x3 1/1 expert 1/1 | roll 2.0s upd 8.8s
[brain] it 5443 [league 75%] R/ep 11.11 ent 2.22 kl 0.008 | hit/swing 37% dj/min 35.4 blk/min 5.8 abiHit 71 supHit 54 | idle 1/1 sovereign 3/4 hunter 6/9 easy 1/1 hard x3 1/1 self 2/3 hard 2/2 expert 2/2 zoner 1/1 expert x2 1/1 | roll 2.0s upd 8.0s
[brain] it 5444 [league 73%] R/ep 6.27 ent 2.37 kl 0.007 | hit/swing 35% dj/min 39.6 blk/min 6.5 abiHit 73 supHit 37 | sovereign 2/4 hunter 5/14 hard 1/1 expert 2/2 medium 1/1 summoner 2/2 sov fast 3/4 idle 1/1 | roll 2.0s upd 8.7s
[brain] it 5445 [league 72%] R/ep 4.18 ent 2.29 kl 0.009 | hit/swing 35% dj/min 38.4 blk/min 6.9 abiHit 37 supHit 35 | hunter 2/9 medium 1/1 sovereign 3/4 sov fast 1/2 zoner 1/1 aerial 1/1 hard 1/1 self 1/2 | roll 1.9s upd 8.1s
[brain] it 5446 [league 72%] R/ep 9.84 ent 2.27 kl 0.007 | hit/swing 44% dj/min 35.4 blk/min 6.7 abiHit 90 supHit 47 | hard 3/3 self 1/4 expert 1/1 counter 2/2 sovereign 2/3 sov fast 1/2 hunter 3/6 expert x2 1/1 medium 1/1 hard x3 0/1 human 1/1 | roll 1.8s upd 8.5s
[brain] it 5447 [league 72%] R/ep 12.62 ent 2.23 kl 0.008 | hit/swing 46% dj/min 32.2 blk/min 6.4 abiHit 108 supHit 46 | hunter 7/10 summoner 1/1 turtle 1/1 sov fast 1/1 medium 2/2 idle 2/2 expert x2 1/1 sovereign 1/1 expert 1/1 switcher 1/1 self 0/1 | roll 1.8s upd 8.3s
[brain] it 5448 [league 71%] R/ep 7.74 ent 2.33 kl 0.008 | hit/swing 37% dj/min 37.0 blk/min 6.3 abiHit 54 supHit 29 | rushdown 2/3 easy 1/1 hunter 3/6 sov fast 3/3 sovereign 0/1 self 1/2 hard 1/1 counter 1/1 expert 1/1 | roll 1.7s upd 8.3s
[brain] it 5449 [league 71%] R/ep 6.62 ent 2.31 kl 0.008 | hit/swing 41% dj/min 35.1 blk/min 6.9 abiHit 56 supHit 31 | hunter 1/6 medium 1/1 sov fast 1/4 counter 1/1 rushdown 0/1 idle 2/2 zoner 1/1 switcher 1/1 self 0/2 sovereign 2/2 hard x3 0/1 easy 1/1 | roll 1.9s upd 8.2s
[brain] it 5450 [league 71%] R/ep 10.59 ent 2.15 kl 0.008 | hit/swing 47% dj/min 34.2 blk/min 8.0 abiHit 86 supHit 53 | hunter 4/10 self 1/3 hard x3 2/2 aerial 2/2 sovereign 1/1 easy 1/1 summoner 2/2 counter 2/2 expert x2 1/1 expert 1/1 sov fast 0/1 | roll 2.0s upd 10.0s
[brain] it 5451 [league 71%] R/ep 9.63 ent 2.28 kl 0.007 | hit/swing 38% dj/min 35.3 blk/min 6.4 abiHit 87 supHit 47 | sov fast 1/2 idle 1/1 hunter 4/8 self 1/2 easy 2/2 zoner 1/1 summoner 3/3 hard 2/2 medium 1/1 switcher 1/1 expert 1/1 hard x3 0/1 | roll 2.0s upd 9.0s
[brain] it 5452 [league 71%] R/ep 6.68 ent 2.23 kl 0.010 | hit/swing 38% dj/min 33.5 blk/min 8.5 abiHit 57 supHit 37 | hunter 4/10 easy 1/1 rushdown 1/1 self 6/6 sov fast 0/1 sovereign 1/1 turtle 1/1 hard x3 0/1 | roll 2.0s upd 8.9s
[brain] it 5453 [league 71%] R/ep 8.80 ent 2.24 kl 0.008 | hit/swing 45% dj/min 33.1 blk/min 6.5 abiHit 89 supHit 47 | hunter 1/9 summoner 1/1 self 2/3 expert x2 1/1 human 2/2 expert 3/3 turtle 1/1 aerial 1/2 idle 1/1 hard x3 1/1 sov fast 1/1 medium 1/1 | roll 2.0s upd 8.7s
[brain] it 5454 [league 71%] R/ep 7.39 ent 2.26 kl 0.005 | hit/swing 46% dj/min 35.0 blk/min 7.2 abiHit 69 supHit 41 | aerial 1/1 hunter 6/10 sov fast 4/5 summoner 2/2 expert 0/1 self 1/3 sovereign 1/1 zoner 2/2 rushdown 0/1 | roll 2.0s upd 8.9s
[brain] it 5455 [league 71%] R/ep 8.00 ent 2.19 kl 0.005 | hit/swing 45% dj/min 34.6 blk/min 7.8 abiHit 74 supHit 46 | hunter 8/13 sov fast 2/2 self 2/4 turtle 1/1 expert x2 1/1 hard 1/1 counter 0/1 expert 1/1 human 1/1 | roll 1.9s upd 8.8s
[brain] it 5456 [league 71%] R/ep 8.71 ent 2.22 kl 0.007 | hit/swing 43% dj/min 32.9 blk/min 6.8 abiHit 96 supHit 47 | sov fast 2/2 hard 1/1 hunter 6/10 sovereign 1/2 rushdown 2/2 self 2/3 hard x3 0/1 counter 1/1 easy 2/2 expert 1/1 | roll 1.9s upd 9.1s
[brain] it 5457 [league 71%] R/ep 10.40 ent 2.13 kl 0.007 | hit/swing 45% dj/min 31.4 blk/min 7.7 abiHit 71 supHit 43 | hunter 5/12 sov fast 4/4 summoner 1/1 sovereign 4/4 expert 2/2 self 2/2 hard x3 1/1 counter 1/1 | roll 2.1s upd 8.9s
[brain] it 5458 [league 71%] R/ep 12.64 ent 2.20 kl 0.008 | hit/swing 41% dj/min 36.6 blk/min 5.0 abiHit 80 supHit 58 | aerial 3/3 hunter 5/9 medium 1/1 sov fast 2/3 self 2/2 rushdown 2/2 expert 1/1 hard 1/1 sovereign 1/1 easy 1/1 switcher 1/1 | roll 1.9s upd 8.8s
[brain] it 5459 [league 72%] R/ep 9.36 ent 2.17 kl 0.008 | hit/swing 41% dj/min 32.8 blk/min 4.7 abiHit 79 supHit 46 | switcher 1/1 expert 3/3 sovereign 2/2 hunter 5/9 hard x3 1/1 sov fast 1/2 summoner 1/1 idle 3/3 hard 1/1 self 1/1 expert x2 0/1 | roll 1.9s upd 8.3s
[brain] it 5460 [league 72%] R/ep 9.77 ent 2.30 kl 0.006 | hit/swing 40% dj/min 36.2 blk/min 6.4 abiHit 67 supHit 52 | hunter 5/8 aerial 1/1 sovereign 2/3 self 1/1 hard 1/1 switcher 0/1 human 2/2 medium 1/1 sov fast 2/2 expert x2 2/2 idle 1/1 rushdown 0/1 | roll 2.0s upd 9.5s
[brain] it 5461 [league 72%] R/ep 6.53 ent 2.27 kl 0.009 | hit/swing 40% dj/min 36.7 blk/min 6.0 abiHit 69 supHit 42 | hunter 7/12 self 2/2 sov fast 4/5 sovereign 4/4 turtle 1/1 hard x3 0/1 | roll 2.0s upd 9.0s
[brain] it 5462 [league 71%] R/ep 9.54 ent 2.29 kl 0.008 | hit/swing 36% dj/min 35.0 blk/min 5.1 abiHit 95 supHit 38 | expert 2/2 aerial 1/2 easy 1/1 medium 2/2 zoner 1/1 sov fast 2/3 sovereign 2/3 expert x2 1/1 hunter 5/7 self 2/3 | roll 1.9s upd 8.8s
[brain] it 5463 [league 71%] R/ep 8.02 ent 2.20 kl 0.008 | hit/swing 47% dj/min 32.2 blk/min 7.6 abiHit 80 supHit 54 | self 2/2 sovereign 3/5 hunter 5/9 turtle 1/1 zoner 1/1 aerial 0/1 expert 2/2 switcher 0/1 summoner 1/1 sov fast 2/2 idle 1/1 hard x3 1/2 | roll 1.9s upd 8.7s
[brain] it 5464 [league 70%] R/ep 7.00 ent 2.20 kl 0.008 | hit/swing 38% dj/min 33.2 blk/min 9.2 abiHit 90 supHit 43 | self 2/3 expert 1/1 hard x3 1/1 idle 1/1 sov fast 0/2 hunter 3/11 counter 2/3 sovereign 0/1 rushdown 1/1 human 1/1 | roll 2.0s upd 9.6s
[brain] it 5465 [league 69%] R/ep 1.12 ent 2.37 kl 0.008 | hit/swing 31% dj/min 36.4 blk/min 6.2 abiHit 44 supHit 31 | sovereign 3/5 hard 1/1 hunter 2/13 self 1/3 easy 1/1 summoner 1/1 sov fast 0/1 expert 1/1 | roll 2.1s upd 8.7s
[brain] it 5466 [league 71%] R/ep 8.97 ent 2.19 kl 0.007 | hit/swing 55% dj/min 33.0 blk/min 6.8 abiHit 93 supHit 53 | self 1/2 expert 2/2 hunter 5/12 medium 2/2 rushdown 1/1 sov fast 2/2 sovereign 3/3 expert x2 1/1 summoner 2/2 easy 2/2 switcher 1/1 | roll 1.8s upd 9.0s
[brain] it 5467 [league 70%] R/ep 7.14 ent 2.28 kl 0.009 | hit/swing 31% dj/min 32.5 blk/min 7.0 abiHit 69 supHit 39 | sovereign 3/5 medium 1/1 hunter 2/7 turtle 1/1 sov fast 1/2 easy 1/1 self 0/2 hard x3 0/1 idle 1/1 counter 1/1 | roll 2.1s upd 8.9s
[brain] it 5468 [league 70%] R/ep 8.28 ent 2.30 kl 0.008 | hit/swing 36% dj/min 35.7 blk/min 6.5 abiHit 69 supHit 40 | hard 2/2 hunter 5/12 hard x3 1/1 sov fast 1/1 idle 1/1 sovereign 2/2 human 2/2 self 2/3 zoner 1/1 | roll 1.9s upd 8.8s
[brain] it 5469 [league 70%] R/ep 6.51 ent 2.22 kl 0.006 | hit/swing 32% dj/min 31.8 blk/min 7.9 abiHit 83 supHit 42 | hunter 2/13 human 1/1 turtle 2/2 expert x2 1/1 idle 1/1 self 1/1 sovereign 2/2 counter 1/1 medium 1/1 summoner 1/1 expert 1/1 | roll 1.9s upd 8.9s
[brain] it 5470 [league 70%] R/ep 8.58 ent 2.26 kl 0.007 | hit/swing 46% dj/min 33.6 blk/min 6.4 abiHit 81 supHit 34 | hunter 9/16 summoner 3/3 expert 4/4 zoner 1/1 hard 1/1 counter 1/1 sov fast 1/1 | roll 2.1s upd 9.1s
[brain] it 5471 [league 71%] R/ep 9.29 ent 2.17 kl 0.008 | hit/swing 38% dj/min 34.1 blk/min 5.9 abiHit 79 supHit 37 | hunter 6/8 sovereign 2/4 idle 1/1 summoner 1/1 self 2/4 medium 2/2 human 1/1 easy 1/1 | roll 2.1s upd 8.9s
[brain] it 5472 [league 71%] R/ep 4.87 ent 2.23 kl 0.008 | hit/swing 39% dj/min 34.6 blk/min 8.0 abiHit 61 supHit 42 | hunter 6/14 self 1/2 sovereign 2/2 medium 1/1 sov fast 1/3 expert x2 1/1 human 1/1 hard 1/1 | roll 2.1s upd 9.0s
[brain] it 5473 [league 71%] R/ep 7.58 ent 2.23 kl 0.007 | hit/swing 49% dj/min 32.0 blk/min 6.0 abiHit 80 supHit 51 | hunter 5/10 medium 2/2 sovereign 4/6 self 1/1 expert 2/3 easy 1/1 hard x3 0/1 sov fast 1/1 hard 2/2 human 1/1 zoner 1/1 | roll 2.1s upd 9.7s
[brain] it 5474 [league 71%] R/ep 8.75 ent 2.21 kl 0.007 | hit/swing 42% dj/min 35.4 blk/min 7.8 abiHit 58 supHit 37 | rushdown 0/1 expert 3/3 sovereign 1/1 self 1/3 hard 3/3 hunter 3/7 easy 2/2 sov fast 0/1 medium 2/2 switcher 1/1 | roll 1.9s upd 9.0s
[brain] it 5475 [league 71%] R/ep 9.94 ent 2.18 kl 0.009 | hit/swing 44% dj/min 32.5 blk/min 5.3 abiHit 89 supHit 49 | self 2/4 sov fast 4/6 hunter 8/10 hard 1/1 summoner 2/2 expert 2/2 medium 1/1 idle 2/2 easy 1/1 switcher 1/1 | roll 2.2s upd 8.2s
[brain] it 5476 [league 73%] R/ep 8.96 ent 2.23 kl 0.007 | hit/swing 34% dj/min 34.6 blk/min 7.4 abiHit 79 supHit 37 | self 2/4 hunter 8/11 counter 1/1 sovereign 2/2 expert 2/2 hard x3 0/1 medium 1/1 summoner 1/1 sov fast 1/1 turtle 1/1 | roll 1.9s upd 7.8s
[brain] it 5477 [league 75%] R/ep 6.64 ent 2.28 kl 0.007 | hit/swing 32% dj/min 31.4 blk/min 7.1 abiHit 71 supHit 33 | self 1/2 hunter 0/8 aerial 1/1 sovereign 2/3 sov fast 2/3 zoner 1/1 expert x2 2/2 hard x3 1/1 easy 1/1 human 1/1 | roll 1.8s upd 7.7s
[brain] it 5478 [league 75%] R/ep 6.90 ent 2.33 kl 0.009 | hit/swing 27% dj/min 34.7 blk/min 6.6 abiHit 51 supHit 29 | easy 1/1 hunter 5/10 expert 1/1 hard x3 1/2 sovereign 2/3 self 1/2 hard 1/1 sov fast 1/1 | roll 1.8s upd 7.6s
[brain] it 5479 [league 75%] R/ep 12.19 ent 2.21 kl 0.009 | hit/swing 42% dj/min 32.5 blk/min 8.2 abiHit 68 supHit 50 | sov fast 2/3 idle 2/2 hunter 4/8 counter 1/1 self 1/4 medium 1/1 expert x2 2/2 hard x3 1/1 sovereign 1/1 turtle 1/1 | roll 2.0s upd 7.7s
[brain] it 5480 [league 75%] R/ep 9.43 ent 2.18 kl 0.007 | hit/swing 47% dj/min 33.0 blk/min 6.7 abiHit 88 supHit 44 | hunter 4/10 expert 2/2 easy 2/2 sovereign 2/2 medium 2/2 hard 1/1 sov fast 2/3 zoner 2/2 idle 1/1 self 0/3 expert x2 1/1 | roll 1.7s upd 7.7s
[brain] it 5481 [league 74%] R/ep 8.62 ent 2.19 kl 0.009 | hit/swing 52% dj/min 34.3 blk/min 7.0 abiHit 82 supHit 43 | expert x2 1/1 self 1/3 counter 1/1 hunter 5/9 hard 4/4 idle 1/1 sov fast 2/2 sovereign 1/3 medium 1/1 switcher 1/1 hard x3 1/1 | roll 2.0s upd 8.4s
[brain] it 5482 [league 73%] R/ep 5.12 ent 2.21 kl 0.007 | hit/swing 39% dj/min 31.9 blk/min 6.5 abiHit 89 supHit 43 | hunter 3/11 sovereign 3/4 self 0/1 sov fast 2/3 zoner 1/1 expert 1/1 counter 0/1 easy 2/2 hard 1/1 aerial 1/1 | roll 1.9s upd 7.7s
[brain] it 5483 [league 74%] R/ep 10.93 ent 2.09 kl 0.009 | hit/swing 47% dj/min 29.8 blk/min 5.6 abiHit 72 supHit 51 | sovereign 4/4 counter 2/2 hunter 4/5 expert 3/3 sov fast 1/3 summoner 2/2 self 2/4 turtle 1/1 easy 1/1 | roll 1.6s upd 7.7s
[brain] it 5484 [league 75%] R/ep 6.95 ent 2.17 kl 0.009 | hit/swing 35% dj/min 31.2 blk/min 8.2 abiHit 82 supHit 34 | hunter 7/13 sov fast 1/2 hard 1/1 summoner 1/1 self 1/3 turtle 2/2 expert 1/1 sovereign 1/1 | roll 1.8s upd 7.6s
[brain] it 5485 [league 73%] R/ep 13.06 ent 2.31 kl 0.007 | hit/swing 37% dj/min 36.2 blk/min 5.9 abiHit 73 supHit 37 | hunter 3/6 hard x3 2/2 expert 1/1 switcher 1/1 idle 1/1 self 2/2 sovereign 0/3 sov fast 1/2 expert x2 1/1 | roll 1.8s upd 7.7s
[brain] it 5486 [league 73%] R/ep 8.54 ent 2.21 kl 0.009 | hit/swing 41% dj/min 33.3 blk/min 5.9 abiHit 92 supHit 44 | summoner 1/1 hunter 6/14 expert 3/3 idle 1/1 switcher 2/2 turtle 1/1 sov fast 1/1 rushdown 0/1 medium 1/1 | roll 1.8s upd 8.4s
[brain] it 5487 [league 73%] R/ep 6.25 ent 2.21 kl 0.007 | hit/swing 30% dj/min 30.6 blk/min 7.4 abiHit 98 supHit 38 | hunter 6/12 expert 2/2 sovereign 1/1 self 2/4 expert x2 1/1 summoner 1/1 medium 2/2 idle 1/1 | roll 2.1s upd 8.2s
[brain] it 5488 [league 74%] R/ep 9.04 ent 2.13 kl 0.009 | hit/swing 42% dj/min 31.5 blk/min 5.4 abiHit 89 supHit 36 | sovereign 2/3 hard x3 0/1 hunter 8/11 summoner 2/2 sov fast 3/6 easy 1/1 expert 2/2 medium 1/1 rushdown 1/1 | roll 1.8s upd 7.6s
[brain] it 5489 [league 73%] R/ep 8.12 ent 2.25 kl 0.008 | hit/swing 41% dj/min 35.8 blk/min 7.0 abiHit 58 supHit 44 | expert 1/1 summoner 1/1 hard x3 1/1 hunter 5/11 self 2/3 sovereign 2/4 expert x2 1/1 rushdown 1/1 turtle 1/1 sov fast 0/1 | roll 1.7s upd 7.5s
[brain] it 5490 [league 73%] R/ep 11.60 ent 2.14 kl 0.005 | hit/swing 49% dj/min 31.2 blk/min 6.7 abiHit 84 supHit 62 | hunter 7/13 hard 1/1 sovereign 2/2 sov fast 4/4 hard x3 2/2 human 1/1 switcher 1/1 self 1/1 idle 1/1 aerial 1/1 | roll 1.8s upd 7.6s
[brain] it 5491 [league 72%] R/ep 9.42 ent 2.18 kl 0.009 | hit/swing 42% dj/min 31.4 blk/min 8.8 abiHit 87 supHit 55 | hunter 4/9 sov fast 3/3 rushdown 1/1 self 2/2 sovereign 1/4 human 2/2 turtle 1/1 expert 2/2 expert x2 0/1 switcher 1/1 hard x3 1/1 | roll 1.9s upd 8.2s
[brain] it 5492 [league 70%] R/ep 6.83 ent 2.30 kl 0.007 | hit/swing 37% dj/min 34.8 blk/min 6.2 abiHit 75 supHit 39 | aerial 2/2 expert 2/2 self 2/2 idle 1/1 hunter 1/10 sov fast 2/2 sovereign 1/3 expert x2 1/1 summoner 1/1 hard 1/1 | roll 1.9s upd 8.2s
[brain] it 5493 [league 71%] R/ep 8.32 ent 2.12 kl 0.009 | hit/swing 48% dj/min 30.1 blk/min 7.6 abiHit 82 supHit 52 | hunter 3/10 easy 4/4 idle 1/1 sovereign 3/3 self 1/3 counter 1/1 hard 1/1 summoner 2/2 switcher 1/1 hard x3 1/1 sov fast 1/1 medium 1/1 | roll 1.6s upd 7.5s
[brain] it 5494 [league 70%] R/ep 5.64 ent 2.28 kl 0.009 | hit/swing 40% dj/min 34.0 blk/min 6.5 abiHit 68 supHit 33 | sovereign 2/3 hunter 9/15 hard x3 0/1 sov fast 1/2 summoner 1/1 expert x2 1/1 self 1/2 idle 1/1 | roll 2.0s upd 8.1s
[brain] it 5495 [league 70%] R/ep 9.13 ent 2.16 kl 0.009 | hit/swing 57% dj/min 30.7 blk/min 8.1 abiHit 94 supHit 52 | hunter 4/8 easy 1/1 summoner 1/1 sovereign 4/4 sov fast 4/5 self 2/4 human 1/1 expert x2 1/1 rushdown 1/1 expert 2/2 medium 1/1 | roll 1.8s upd 7.5s
[brain] it 5496 [league 69%] R/ep 7.03 ent 2.24 kl 0.008 | hit/swing 43% dj/min 34.8 blk/min 6.5 abiHit 68 supHit 43 | hunter 5/11 sov fast 2/3 easy 2/2 turtle 1/1 sovereign 0/1 hard x3 1/1 medium 1/1 summoner 1/1 aerial 1/1 expert 1/1 hard 1/1 self 0/1 | roll 1.9s upd 8.2s
[brain] it 5497 [league 67%] R/ep 9.29 ent 2.25 kl 0.006 | hit/swing 42% dj/min 33.4 blk/min 5.7 abiHit 67 supHit 41 | sovereign 0/2 hunter 3/7 expert 1/1 human 2/2 sov fast 3/3 switcher 1/1 summoner 2/2 easy 1/1 expert x2 1/1 hard 1/1 self 1/1 medium 1/1 | roll 1.9s upd 8.1s
[brain] it 5498 [league 67%] R/ep 8.01 ent 2.27 kl 0.009 | hit/swing 37% dj/min 36.7 blk/min 7.5 abiHit 68 supHit 45 | hunter 8/15 easy 1/1 sovereign 1/2 expert 2/2 summoner 1/1 hard x3 0/1 sov fast 1/1 expert x2 1/1 self 1/2 | roll 2.3s upd 8.2s
[brain] it 5499 [league 66%] R/ep 6.83 ent 2.30 kl 0.007 | hit/swing 31% dj/min 34.9 blk/min 6.4 abiHit 64 supHit 36 | medium 1/1 hunter 3/8 expert 2/2 idle 1/1 self 1/3 sov fast 3/3 human 1/1 sovereign 1/2 | roll 1.9s upd 8.1s
[brain] it 5500 [league 66%] R/ep 8.16 ent 2.29 kl 0.009 | hit/swing 40% dj/min 36.4 blk/min 7.3 abiHit 86 supHit 32 | sov fast 2/3 expert 1/1 human 2/2 hard x3 1/2 medium 1/1 expert x2 1/2 hunter 3/8 self 0/1 switcher 1/1 | roll 1.7s upd 7.6s
[brain] it 5501 [league 65%] R/ep 4.95 ent 2.26 kl 0.007 | hit/swing 39% dj/min 35.8 blk/min 7.3 abiHit 89 supHit 43 | sovereign 1/3 hunter 3/8 self 3/5 sov fast 2/2 hard x3 1/1 counter 1/1 expert 1/2 | roll 1.9s upd 7.7s
[brain] it 5502 [league 65%] R/ep 6.52 ent 2.27 kl 0.009 | hit/swing 43% dj/min 34.3 blk/min 8.1 abiHit 41 supHit 36 | hunter 4/13 rushdown 1/1 hard x3 1/1 human 0/1 sovereign 1/2 sov fast 1/2 self 1/1 zoner 1/1 turtle 1/1 | roll 1.8s upd 7.7s
[brain] it 5503 [league 64%] R/ep 3.40 ent 2.23 kl 0.006 | hit/swing 29% dj/min 34.3 blk/min 7.5 abiHit 51 supHit 21 | expert x2 1/1 turtle 1/1 hunter 5/12 medium 1/1 self 1/2 sov fast 0/1 sovereign 0/1 | roll 1.8s upd 8.0s
[brain] it 5504 [league 65%] R/ep 8.48 ent 2.25 kl 0.009 | hit/swing 38% dj/min 33.7 blk/min 7.6 abiHit 64 supHit 35 | hunter 3/12 medium 1/1 expert x2 1/1 sovereign 3/3 expert 2/2 sov fast 1/2 zoner 1/1 summoner 2/2 self 1/1 idle 1/1 | roll 1.9s upd 8.1s
[brain] it 5505 [league 66%] R/ep 5.65 ent 2.19 kl 0.006 | hit/swing 35% dj/min 32.0 blk/min 7.7 abiHit 58 supHit 36 | hunter 4/9 counter 1/1 self 2/5 medium 2/2 sovereign 2/3 sov fast 1/2 summoner 1/1 idle 1/1 | roll 2.0s upd 8.9s
[brain] it 5506 [league 66%] R/ep 7.19 ent 2.25 kl 0.008 | hit/swing 37% dj/min 34.0 blk/min 7.0 abiHit 74 supHit 34 | hunter 5/8 sovereign 1/1 sov fast 3/4 aerial 1/1 self 0/3 summoner 2/2 zoner 1/1 easy 1/1 human 1/1 expert x2 1/1 | roll 1.8s upd 7.7s
[brain] it 5507 [league 67%] R/ep 9.42 ent 2.17 kl 0.008 | hit/swing 38% dj/min 34.4 blk/min 9.6 abiHit 70 supHit 31 | zoner 2/2 aerial 1/1 hunter 3/9 sovereign 2/2 self 4/6 sov fast 1/2 switcher 1/1 turtle 1/1 hard 1/1 | roll 1.9s upd 7.5s
[brain] it 5508 [league 67%] R/ep 9.92 ent 2.10 kl 0.009 | hit/swing 44% dj/min 31.0 blk/min 7.0 abiHit 88 supHit 57 | self 3/3 hunter 8/13 sovereign 2/2 sov fast 4/5 human 1/1 easy 1/1 medium 1/1 hard 1/1 hard x3 1/1 idle 1/1 | roll 1.8s upd 8.0s
[brain] it 5509 [league 69%] R/ep 7.77 ent 2.22 kl 0.007 | hit/swing 46% dj/min 31.1 blk/min 7.8 abiHit 54 supHit 46 | hunter 5/11 hard x3 1/1 aerial 1/1 sovereign 5/5 idle 2/2 sov fast 1/2 easy 1/1 expert 1/1 rushdown 0/1 turtle 1/1 | roll 1.8s upd 7.7s
[brain] it 5510 [league 69%] R/ep 8.63 ent 2.23 kl 0.008 | hit/swing 43% dj/min 32.2 blk/min 6.8 abiHit 79 supHit 43 | expert 3/3 hunter 5/9 medium 1/1 sov fast 0/1 self 3/4 easy 1/1 hard 2/2 sovereign 2/2 switcher 1/1 expert x2 1/1 | roll 2.0s upd 7.9s
[brain] it 5511 [league 68%] R/ep 8.65 ent 2.13 kl 0.009 | hit/swing 41% dj/min 33.5 blk/min 6.9 abiHit 76 supHit 46 | expert 3/3 hunter 11/14 self 1/3 sov fast 1/2 sovereign 1/2 aerial 1/1 idle 1/1 | roll 2.0s upd 8.1s
[brain] it 5512 [league 68%] R/ep 5.54 ent 2.30 kl 0.009 | hit/swing 32% dj/min 36.5 blk/min 6.8 abiHit 68 supHit 31 | medium 1/1 hard 2/2 summoner 2/2 hunter 3/12 sov fast 1/2 turtle 1/1 self 1/1 switcher 0/1 idle 1/1 | roll 2.1s upd 8.0s
[brain] it 5513 [league 69%] R/ep 11.78 ent 2.17 kl 0.008 | hit/swing 51% dj/min 33.2 blk/min 5.9 abiHit 73 supHit 57 | self 1/2 sov fast 4/6 hunter 1/5 turtle 2/2 expert 2/2 hard x3 0/1 sovereign 3/3 counter 1/1 medium 1/1 expert x2 1/1 rushdown 1/1 | roll 1.9s upd 8.1s
[brain] it 5514 [league 70%] R/ep 4.25 ent 2.29 kl 0.007 | hit/swing 35% dj/min 36.2 blk/min 7.5 abiHit 60 supHit 36 | sovereign 3/3 self 2/4 hunter 2/8 human 1/1 expert 1/1 sov fast 2/3 aerial 1/1 rushdown 1/1 | roll 2.3s upd 8.0s
[brain] it 5515 [league 70%] R/ep 9.67 ent 2.20 kl 0.008 | hit/swing 41% dj/min 32.9 blk/min 5.8 abiHit 72 supHit 38 | hunter 5/7 summoner 1/1 medium 2/2 sov fast 3/5 self 0/2 counter 2/2 hard 2/2 rushdown 1/1 expert 1/1 zoner 1/1 | roll 1.7s upd 7.9s
[brain] it 5516 [league 69%] R/ep 4.59 ent 2.32 kl 0.009 | hit/swing 45% dj/min 36.5 blk/min 6.0 abiHit 41 supHit 22 | expert 3/3 hunter 3/9 easy 1/1 sov fast 0/1 switcher 2/2 self 0/2 sovereign 0/1 hard x3 0/2 aerial 1/1 | roll 1.9s upd 8.5s
[brain] it 5517 [league 70%] R/ep 8.21 ent 2.14 kl 0.008 | hit/swing 42% dj/min 33.3 blk/min 8.4 abiHit 83 supHit 58 | hunter 9/15 self 1/4 summoner 1/1 easy 1/1 idle 1/1 expert x2 1/1 hard 1/1 sovereign 3/3 sov fast 1/1 | roll 1.8s upd 7.8s
[brain] it 5518 [league 71%] R/ep 7.87 ent 2.17 kl 0.008 | hit/swing 40% dj/min 35.9 blk/min 6.9 abiHit 75 supHit 44 | self 2/4 hunter 4/8 sov fast 2/4 hard 3/3 turtle 1/1 sovereign 2/2 | roll 1.8s upd 8.1s
[brain] it 5519 [league 69%] R/ep 5.45 ent 2.27 kl 0.008 | hit/swing 47% dj/min 34.8 blk/min 7.6 abiHit 78 supHit 46 | sov fast 2/4 hunter 5/10 expert 2/2 self 2/2 sovereign 1/3 hard x3 1/1 summoner 0/1 medium 2/2 idle 1/1 | roll 1.9s upd 8.0s
[brain] it 5520 [league 68%] R/ep 9.51 ent 2.19 kl 0.007 | hit/swing 42% dj/min 32.7 blk/min 8.3 abiHit 79 supHit 46 | hunter 4/9 self 2/3 hard x3 1/1 idle 2/2 sovereign 0/1 sov fast 2/2 medium 1/1 expert 2/2 expert x2 1/1 easy 1/1 | roll 1.8s upd 7.2s
[brain] it 5521 [league 67%] R/ep 6.52 ent 2.32 kl 0.008 | hit/swing 28% dj/min 35.6 blk/min 5.2 abiHit 64 supHit 22 | hunter 8/12 sovereign 1/3 expert x2 1/1 self 1/3 aerial 1/1 sov fast 1/1 switcher 1/1 summoner 1/1 | roll 2.0s upd 7.9s
[brain] it 5522 [league 67%] R/ep 6.16 ent 2.27 kl 0.008 | hit/swing 46% dj/min 35.2 blk/min 6.2 abiHit 55 supHit 35 | easy 1/1 hunter 4/11 sov fast 4/5 turtle 1/1 self 3/4 sovereign 1/1 hard x3 0/1 | roll 2.1s upd 8.6s
[brain] it 5523 [league 67%] R/ep 7.81 ent 2.17 kl 0.007 | hit/swing 44% dj/min 32.3 blk/min 7.8 abiHit 58 supHit 38 | sovereign 4/5 expert 2/2 hunter 5/11 sov fast 3/4 self 1/1 zoner 1/1 easy 1/1 expert x2 1/1 | roll 1.9s upd 7.9s
[brain] it 5524 [league 68%] R/ep 4.22 ent 2.14 kl 0.009 | hit/swing 32% dj/min 34.4 blk/min 7.0 abiHit 88 supHit 35 | human 2/2 sov fast 2/3 turtle 1/1 hunter 4/12 self 2/2 sovereign 1/1 easy 1/1 | roll 1.9s upd 7.8s
[brain] it 5525 [league 69%] R/ep 7.17 ent 2.18 kl 0.010 | hit/swing 40% dj/min 32.0 blk/min 7.5 abiHit 66 supHit 48 | sovereign 3/3 self 1/2 expert x2 1/1 expert 2/2 hunter 4/11 sov fast 3/3 counter 2/2 medium 1/1 aerial 1/1 | roll 1.8s upd 7.9s
[brain] it 5526 [league 69%] R/ep 5.73 ent 2.22 kl 0.009 | hit/swing 53% dj/min 33.3 blk/min 8.6 abiHit 57 supHit 37 | sovereign 1/2 rushdown 0/1 sov fast 1/3 summoner 1/1 human 1/1 hunter 0/6 hard x3 1/2 self 1/1 expert 1/1 turtle 1/1 idle 1/1 | roll 1.7s upd 7.9s
[brain] it 5527 [league 68%] R/ep 8.72 ent 2.17 kl 0.008 | hit/swing 45% dj/min 32.2 blk/min 8.5 abiHit 57 supHit 51 | hard x3 2/3 sovereign 3/4 hunter 3/11 counter 1/1 expert x2 1/1 zoner 1/1 self 0/1 human 1/1 summoner 1/1 | roll 1.9s upd 7.9s
[brain] it 5528 [league 68%] R/ep 6.42 ent 2.25 kl 0.009 | hit/swing 28% dj/min 34.3 blk/min 5.6 abiHit 60 supHit 22 | self 3/3 hunter 5/10 idle 1/1 summoner 1/1 sovereign 2/2 turtle 1/2 expert 1/1 sov fast 1/1 | roll 1.9s upd 7.7s
[brain] it 5529 [league 70%] R/ep 10.57 ent 2.16 kl 0.007 | hit/swing 46% dj/min 29.7 blk/min 6.2 abiHit 96 supHit 58 | self 1/2 hunter 3/6 sovereign 2/3 sov fast 1/2 medium 1/1 idle 2/2 expert 4/4 turtle 1/1 expert x2 2/2 summoner 1/1 hard x3 0/1 | roll 1.6s upd 7.7s
[brain] it 5530 [league 71%] R/ep 7.68 ent 2.24 kl 0.006 | hit/swing 43% dj/min 33.7 blk/min 8.7 abiHit 60 supHit 55 | medium 2/2 sovereign 3/3 hunter 1/8 self 0/3 sov fast 0/3 hard x3 2/2 expert 3/3 idle 1/1 switcher 1/1 hard 1/1 | roll 2.0s upd 8.5s
[brain] it 5531 [league 71%] R/ep 9.71 ent 2.14 kl 0.007 | hit/swing 45% dj/min 29.7 blk/min 7.1 abiHit 81 supHit 34 | hunter 8/13 sov fast 1/3 expert 2/2 self 2/3 easy 1/1 zoner 2/2 hard 1/1 idle 2/2 sovereign 1/1 | roll 2.0s upd 8.3s
[brain] it 5532 [league 72%] R/ep 3.18 ent 2.25 kl 0.010 | hit/swing 43% dj/min 33.9 blk/min 7.7 abiHit 56 supHit 37 | medium 2/2 hunter 5/13 sov fast 1/4 self 3/4 turtle 1/1 sovereign 1/1 | roll 1.9s upd 7.6s
[brain] it 5533 [league 72%] R/ep 9.51 ent 2.25 kl 0.006 | hit/swing 35% dj/min 35.9 blk/min 5.8 abiHit 53 supHit 25 | idle 2/2 hunter 7/11 summoner 1/1 sov fast 1/1 self 2/2 turtle 1/1 | roll 1.8s upd 7.6s
[brain] it 5534 [league 71%] R/ep 3.92 ent 2.28 kl 0.008 | hit/swing 39% dj/min 36.3 blk/min 7.2 abiHit 57 supHit 26 | hunter 4/13 expert 2/2 self 0/2 sov fast 1/2 counter 1/1 hard 2/2 summoner 1/1 zoner 1/1 sovereign 0/1 | roll 1.8s upd 8.3s
[brain] it 5535 [league 71%] R/ep 8.46 ent 2.19 kl 0.007 | hit/swing 42% dj/min 32.1 blk/min 9.1 abiHit 73 supHit 45 | human 1/2 hunter 5/12 expert x2 1/1 summoner 1/1 expert 2/2 sov fast 1/2 hard 1/1 idle 1/1 easy 1/1 self 1/1 medium 2/2 | roll 2.0s upd 7.7s
[brain] it 5536 [league 72%] R/ep 7.28 ent 2.18 kl 0.009 | hit/swing 43% dj/min 29.8 blk/min 9.3 abiHit 82 supHit 40 | easy 2/2 sovereign 4/5 idle 2/2 expert x2 1/1 hunter 4/10 self 0/2 sov fast 1/1 expert 1/1 human 0/1 summoner 1/1 zoner 1/1 medium 1/1 | roll 2.0s upd 7.8s
[brain] it 5537 [league 73%] R/ep 7.28 ent 2.19 kl 0.008 | hit/swing 46% dj/min 32.8 blk/min 6.3 abiHit 73 supHit 35 | hunter 4/11 turtle 1/1 switcher 1/1 easy 2/2 hard x3 0/1 self 1/1 sovereign 1/1 sov fast 2/2 | roll 2.2s upd 8.4s
[brain] it 5538 [league 74%] R/ep 8.06 ent 2.12 kl 0.007 | hit/swing 46% dj/min 30.7 blk/min 7.8 abiHit 83 supHit 44 | sovereign 3/4 hunter 4/11 rushdown 3/3 self 1/3 medium 2/2 sov fast 3/3 idle 1/1 expert 1/1 easy 1/1 zoner 1/1 human 1/1 | roll 2.1s upd 8.4s
[brain] it 5539 [league 75%] R/ep 9.88 ent 2.19 kl 0.010 | hit/swing 47% dj/min 32.6 blk/min 7.1 abiHit 83 supHit 49 | aerial 1/2 hunter 2/9 zoner 1/1 sovereign 3/3 expert 3/3 self 1/1 hard x3 1/1 expert x2 1/1 hard 1/1 easy 1/1 summoner 1/1 | roll 1.7s upd 7.6s
[brain] it 5540 [league 75%] R/ep 6.94 ent 2.28 kl 0.007 | hit/swing 29% dj/min 37.0 blk/min 7.8 abiHit 54 supHit 34 | hunter 6/10 sovereign 1/2 expert x2 1/1 self 3/5 sov fast 1/1 summoner 1/1 human 1/1 | roll 2.1s upd 7.8s
[brain] it 5541 [league 75%] R/ep 9.29 ent 2.20 kl 0.007 | hit/swing 39% dj/min 33.4 blk/min 6.6 abiHit 86 supHit 59 | self 1/2 hunter 3/9 summoner 1/1 hard x3 1/1 easy 2/2 sovereign 2/2 sov fast 2/5 turtle 1/1 hard 1/1 idle 1/1 expert 1/1 switcher 1/1 | roll 1.8s upd 8.3s
[brain] it 5542 [league 75%] R/ep 5.93 ent 2.29 kl 0.009 | hit/swing 38% dj/min 35.3 blk/min 6.2 abiHit 52 supHit 34 | expert 1/1 hunter 3/8 idle 1/1 self 2/6 medium 2/2 aerial 1/1 easy 1/1 summoner 1/1 sovereign 1/1 sov fast 0/1 | roll 1.9s upd 7.2s
[brain] it 5543 [league 75%] R/ep 10.73 ent 2.13 kl 0.007 | hit/swing 40% dj/min 32.9 blk/min 7.1 abiHit 89 supHit 52 | hunter 4/10 sov fast 0/1 turtle 0/1 hard 1/1 aerial 1/1 human 3/3 zoner 1/1 self 2/2 expert 3/3 sovereign 1/1 hard x3 1/1 summoner 1/1 | roll 1.7s upd 7.8s
[brain] it 5544 [league 76%] R/ep 8.77 ent 2.20 kl 0.009 | hit/swing 44% dj/min 36.1 blk/min 8.4 abiHit 68 supHit 52 | hunter 5/10 sov fast 5/5 self 2/3 sovereign 3/5 hard x3 1/1 expert 1/1 counter 1/1 | roll 2.0s upd 8.5s
[brain] it 5545 [league 77%] R/ep 5.57 ent 2.14 kl 0.008 | hit/swing 40% dj/min 32.6 blk/min 7.4 abiHit 66 supHit 38 | sovereign 1/1 self 3/5 hunter 3/10 sov fast 2/3 human 1/1 switcher 1/1 expert 1/1 medium 2/2 summoner 1/1 | roll 1.9s upd 8.0s
[brain] it 5546 [league 77%] R/ep 11.89 ent 2.08 kl 0.008 | hit/swing 50% dj/min 31.2 blk/min 9.1 abiHit 77 supHit 63 | hunter 7/13 rushdown 0/1 switcher 1/1 self 3/4 sov fast 1/1 sovereign 1/1 zoner 1/1 hard x3 2/2 human 1/1 idle 1/1 summoner 1/1 counter 1/1 expert 2/2 turtle 1/1 | roll 2.0s upd 8.0s
[brain] it 5547 [league 80%] R/ep 9.14 ent 2.18 kl 0.009 | hit/swing 44% dj/min 34.1 blk/min 7.1 abiHit 72 supHit 51 | hunter 4/10 expert x2 1/2 hard x3 1/1 counter 1/1 sov fast 0/1 idle 2/2 sovereign 4/4 self 1/3 turtle 1/1 expert 1/1 | roll 2.0s upd 7.9s
[brain] it 5548 [league 79%] R/ep 6.36 ent 2.23 kl 0.008 | hit/swing 35% dj/min 37.0 blk/min 7.1 abiHit 54 supHit 37 | summoner 2/2 hunter 2/11 sov fast 2/2 zoner 1/1 self 2/2 idle 3/3 sovereign 1/3 human 1/1 expert 1/1 | roll 1.9s upd 8.4s
[brain] it 5549 [league 79%] R/ep 8.01 ent 2.32 kl 0.010 | hit/swing 40% dj/min 38.1 blk/min 6.7 abiHit 43 supHit 20 | zoner 3/3 hard 2/2 self 3/4 sov fast 0/1 hunter 3/10 idle 2/2 expert x2 1/1 expert 1/1 | roll 2.0s upd 8.0s
[brain] it 5550 [league 79%] R/ep 11.09 ent 2.16 kl 0.006 | hit/swing 39% dj/min 34.1 blk/min 8.1 abiHit 60 supHit 42 | medium 1/1 expert x2 0/1 sovereign 1/2 sov fast 1/2 hunter 8/10 switcher 2/2 self 2/2 zoner 1/1 hard 1/1 turtle 0/1 human 1/1 easy 1/1 | roll 1.9s upd 8.0s
[brain] it 5551 [league 79%] R/ep 10.99 ent 2.21 kl 0.006 | hit/swing 48% dj/min 33.8 blk/min 5.9 abiHit 49 supHit 31 | hard x3 0/1 rushdown 1/1 medium 1/1 self 5/5 sovereign 1/1 hunter 3/4 aerial 0/1 idle 1/1 sov fast 1/1 | roll 5.8s upd 7.8s
[brain] it 5552 [league 78%] R/ep 11.55 ent 2.20 kl 0.007 | hit/swing 45% dj/min 35.9 blk/min 5.9 abiHit 36 supHit 33 | self 4/4 expert 1/1 sovereign 1/3 hunter 1/2 switcher 1/1 counter 1/1 rushdown 1/1 sov fast 2/2 summoner 1/1 | roll 5.0s upd 6.1s
[brain] it 5553 [league 78%] R/ep 13.04 ent 2.15 kl 0.009 | hit/swing 54% dj/min 34.3 blk/min 7.0 abiHit 82 supHit 33 | hunter 4/7 hard x3 0/1 switcher 1/1 counter 1/1 expert x2 2/2 sovereign 1/1 expert 1/1 sov fast 1/1 | roll 5.1s upd 8.6s
[brain] it 5554 [league 78%] R/ep 7.62 ent 2.20 kl 0.007 | hit/swing 42% dj/min 35.0 blk/min 9.2 abiHit 76 supHit 41 | hunter 4/13 expert 1/1 sov fast 2/2 easy 2/2 self 2/2 human 1/1 hard x3 1/2 turtle 1/1 summoner 1/1 rushdown 1/1 | roll 2.5s upd 12.5s
[brain] it 5555 [league 78%] R/ep 2.64 ent 2.28 kl 0.008 | hit/swing 37% dj/min 33.7 blk/min 7.9 abiHit 59 supHit 33 | sov fast 3/4 self 0/3 sovereign 2/2 hunter 1/9 counter 2/2 expert 3/3 | roll 2.5s upd 12.9s
[brain] it 5556 [league 77%] R/ep 6.81 ent 2.23 kl 0.008 | hit/swing 46% dj/min 35.1 blk/min 7.3 abiHit 54 supHit 46 | hunter 2/9 aerial 1/1 sovereign 4/5 easy 2/2 expert 1/1 expert x2 1/1 turtle 1/1 self 0/2 sov fast 2/3 counter 1/1 hard x3 0/1 | roll 2.8s upd 13.5s
[brain] it 5557 [league 77%] R/ep 6.67 ent 2.29 kl 0.009 | hit/swing 30% dj/min 37.1 blk/min 7.1 abiHit 54 supHit 25 | hunter 3/11 switcher 1/1 self 1/2 sovereign 3/3 counter 1/1 zoner 1/1 sov fast 2/2 medium 1/1 hard 1/1 | roll 2.7s upd 12.1s
[brain] it 5558 [league 76%] R/ep 7.33 ent 2.20 kl 0.007 | hit/swing 45% dj/min 35.1 blk/min 6.4 abiHit 58 supHit 33 | idle 1/1 sovereign 1/3 hard x3 2/2 hunter 3/9 sov fast 2/3 summoner 1/1 medium 1/1 self 2/2 | roll 2.5s upd 12.0s
[brain] it 5559 [league 76%] R/ep 11.82 ent 2.13 kl 0.007 | hit/swing 50% dj/min 31.6 blk/min 9.5 abiHit 99 supHit 49 | self 2/3 hard x3 3/4 hunter 4/9 rushdown 0/1 medium 1/1 sov fast 1/1 easy 1/1 hard 1/1 sovereign 2/2 | roll 2.5s upd 13.5s
[brain] it 5560 [league 76%] R/ep 8.89 ent 2.14 kl 0.008 | hit/swing 46% dj/min 29.9 blk/min 7.3 abiHit 88 supHit 57 | hunter 4/8 expert 1/1 self 1/4 sovereign 2/2 hard 1/1 zoner 1/1 sov fast 6/6 easy 2/2 hard x3 1/3 summoner 1/1 medium 1/1 | roll 2.7s upd 14.2s
[brain] it 5561 [league 75%] R/ep 6.25 ent 2.34 kl 0.009 | hit/swing 38% dj/min 40.2 blk/min 5.2 abiHit 75 supHit 34 | sov fast 3/5 medium 1/1 aerial 1/1 hunter 3/7 self 1/1 sovereign 2/3 switcher 1/1 human 0/1 | roll 2.4s upd 14.0s
[brain] it 5562 [league 75%] R/ep 9.83 ent 2.17 kl 0.007 | hit/swing 47% dj/min 34.1 blk/min 8.5 abiHit 49 supHit 43 | human 2/3 hunter 6/11 expert 2/2 rushdown 2/2 medium 1/1 self 0/1 expert x2 1/1 sov fast 1/1 | roll 2.5s upd 10.6s
[brain] it 5563 [league 76%] R/ep 5.81 ent 2.20 kl 0.007 | hit/swing 36% dj/min 33.7 blk/min 8.0 abiHit 62 supHit 44 | hunter 5/14 easy 1/1 turtle 1/1 sov fast 2/2 medium 2/2 sovereign 1/1 summoner 2/2 self 2/2 | roll 2.1s upd 8.9s
[brain] it 5564 [league 76%] R/ep 11.36 ent 2.20 kl 0.008 | hit/swing 53% dj/min 35.0 blk/min 8.0 abiHit 65 supHit 44 | human 1/1 sov fast 1/2 sovereign 2/2 hunter 2/6 hard x3 0/1 summoner 2/2 expert 1/1 self 1/4 aerial 4/4 turtle 1/1 idle 1/1 zoner 1/1 hard 1/1 | roll 1.9s upd 9.3s
[brain] it 5565 [league 76%] R/ep 5.57 ent 2.31 kl 0.009 | hit/swing 37% dj/min 36.5 blk/min 5.8 abiHit 51 supHit 27 | hunter 6/13 hard x3 0/1 sov fast 1/1 sovereign 2/2 medium 1/1 self 3/4 switcher 1/1 aerial 0/1 expert 1/1 | roll 2.1s upd 7.5s
[brain] it 5566 [league 77%] R/ep 10.48 ent 2.22 kl 0.007 | hit/swing 42% dj/min 34.7 blk/min 6.6 abiHit 73 supHit 47 | sovereign 2/2 hunter 8/13 sov fast 0/2 medium 1/1 expert 1/1 switcher 2/2 turtle 1/1 hard 1/1 zoner 1/1 summoner 1/1 counter 1/1 self 1/1 | roll 1.8s upd 7.1s
[brain] it 5567 [league 79%] R/ep 6.07 ent 2.18 kl 0.007 | hit/swing 37% dj/min 31.9 blk/min 8.6 abiHit 52 supHit 46 | sovereign 3/3 hunter 4/12 rushdown 2/2 sov fast 2/2 easy 1/1 self 0/2 idle 1/1 human 1/1 | roll 1.7s upd 6.6s
[brain] it 5568 [league 81%] R/ep 7.89 ent 2.26 kl 0.009 | hit/swing 31% dj/min 36.8 blk/min 6.7 abiHit 64 supHit 44 | sov fast 1/1 hunter 2/10 counter 1/1 sovereign 3/3 rushdown 1/1 medium 1/1 aerial 1/1 expert 1/1 self 2/2 idle 1/1 human 1/1 | roll 2.0s upd 7.9s
[brain] it 5569 [league 81%] R/ep 10.72 ent 2.23 kl 0.009 | hit/swing 48% dj/min 34.4 blk/min 8.2 abiHit 74 supHit 36 | hunter 4/10 aerial 1/1 self 2/2 medium 2/2 hard x3 1/1 idle 1/1 expert x2 0/1 rushdown 1/1 expert 1/1 hard 1/1 sovereign 1/1 | roll 1.9s upd 7.3s
[brain] it 5570 [league 80%] R/ep 10.22 ent 2.15 kl 0.009 | hit/swing 53% dj/min 34.4 blk/min 7.9 abiHit 86 supHit 45 | zoner 1/1 medium 1/1 easy 2/2 expert x2 2/2 hunter 2/8 sov fast 1/1 rushdown 1/1 summoner 3/3 sovereign 0/2 human 1/1 switcher 1/1 expert 1/1 self 1/1 | roll 1.8s upd 6.8s
[brain] it 5571 [league 79%] R/ep 6.96 ent 2.23 kl 0.009 | hit/swing 47% dj/min 33.2 blk/min 7.4 abiHit 48 supHit 39 | hunter 5/10 sov fast 2/4 sovereign 2/3 idle 1/1 hard 2/2 rushdown 1/1 human 2/2 | roll 1.8s upd 6.8s
[brain] it 5572 [league 79%] R/ep 11.96 ent 2.11 kl 0.008 | hit/swing 54% dj/min 30.5 blk/min 8.2 abiHit 63 supHit 47 | rushdown 1/1 switcher 1/1 expert 5/5 self 1/1 hard 1/1 hunter 3/10 sov fast 3/3 turtle 1/1 summoner 1/1 counter 2/2 human 1/1 zoner 1/1 aerial 1/1 | roll 1.6s upd 6.9s
[brain] it 5573 [league 78%] R/ep 10.33 ent 2.14 kl 0.008 | hit/swing 39% dj/min 31.6 blk/min 8.0 abiHit 58 supHit 51 | hunter 2/9 expert 2/2 sovereign 4/6 hard x3 1/1 zoner 4/4 sov fast 5/5 counter 0/1 hard 2/2 aerial 1/1 easy 2/2 turtle 1/1 | roll 1.7s upd 6.8s
[brain] it 5574 [league 79%] R/ep 11.11 ent 2.20 kl 0.007 | hit/swing 40% dj/min 33.6 blk/min 6.5 abiHit 78 supHit 48 | hunter 2/6 easy 1/1 sovereign 6/6 hard 2/2 summoner 1/1 rushdown 0/1 medium 1/1 self 3/4 human 1/1 zoner 1/1 sov fast 1/1 expert 1/1 | roll 1.7s upd 6.8s
[brain] it 5575 [league 79%] R/ep 6.04 ent 2.25 kl 0.008 | hit/swing 45% dj/min 35.4 blk/min 7.3 abiHit 50 supHit 25 | self 0/3 hunter 4/8 turtle 2/2 zoner 1/1 sovereign 1/2 human 1/2 idle 1/1 medium 1/1 | roll 1.8s upd 6.8s
[brain] it 5576 [league 78%] R/ep 8.69 ent 2.08 kl 0.008 | hit/swing 52% dj/min 28.2 blk/min 7.2 abiHit 63 supHit 43 | hunter 3/8 self 2/2 expert 1/1 sovereign 4/5 idle 2/2 medium 2/2 expert x2 1/1 switcher 1/1 easy 1/1 sov fast 0/1 summoner 1/1 | roll 1.8s upd 6.9s
[brain] it 5577 [league 77%] R/ep 7.27 ent 2.13 kl 0.007 | hit/swing 43% dj/min 33.2 blk/min 7.5 abiHit 86 supHit 36 | hunter 8/13 hard 1/1 easy 1/1 sovereign 1/3 summoner 1/1 turtle 2/2 sov fast 1/1 self 1/2 | roll 2.0s upd 7.4s
[brain] it 5578 [league 76%] R/ep 5.52 ent 2.29 kl 0.008 | hit/swing 39% dj/min 34.3 blk/min 7.0 abiHit 52 supHit 23 | hunter 4/7 self 0/4 switcher 0/1 expert x2 1/1 counter 1/1 sovereign 1/2 sov fast 2/2 easy 1/1 aerial 0/1 | roll 1.9s upd 7.3s
[brain] it 5579 [league 75%] R/ep 11.80 ent 2.08 kl 0.007 | hit/swing 56% dj/min 31.4 blk/min 8.5 abiHit 70 supHit 66 | sov fast 1/2 easy 1/1 hunter 6/11 switcher 2/2 medium 1/1 sovereign 3/5 expert x2 2/2 human 1/1 self 3/3 hard 1/1 counter 1/1 hard x3 1/1 | roll 1.9s upd 6.8s
[brain] it 5580 [league 75%] R/ep 7.35 ent 2.19 kl 0.010 | hit/swing 41% dj/min 33.0 blk/min 9.8 abiHit 57 supHit 32 | summoner 2/2 hunter 5/13 switcher 1/1 self 1/1 sovereign 2/3 expert x2 1/1 easy 1/1 counter 1/1 expert 1/1 | roll 2.0s upd 7.4s
[brain] it 5581 [league 75%] R/ep 7.68 ent 2.23 kl 0.009 | hit/swing 39% dj/min 35.4 blk/min 7.5 abiHit 48 supHit 41 | sovereign 1/1 expert 2/2 hunter 3/10 zoner 1/1 expert x2 1/1 sov fast 3/3 self 3/5 switcher 1/1 rushdown 1/1 | roll 1.9s upd 7.3s
[brain] it 5582 [league 75%] R/ep 10.15 ent 2.11 kl 0.009 | hit/swing 48% dj/min 31.9 blk/min 9.2 abiHit 82 supHit 49 | hunter 5/11 hard 2/2 expert 2/2 sov fast 2/2 medium 1/1 expert x2 2/2 rushdown 2/2 sovereign 1/1 self 2/2 counter 1/1 | roll 1.8s upd 7.0s
[brain] it 5583 [league 75%] R/ep 9.93 ent 2.11 kl 0.009 | hit/swing 43% dj/min 29.1 blk/min 7.6 abiHit 79 supHit 41 | self 2/5 sovereign 2/3 medium 2/2 hunter 4/8 expert 2/2 aerial 1/1 hard x3 0/1 idle 2/2 zoner 1/1 switcher 1/1 | roll 1.7s upd 6.8s
[brain] it 5584 [league 74%] R/ep 7.91 ent 2.21 kl 0.007 | hit/swing 44% dj/min 31.7 blk/min 8.1 abiHit 56 supHit 33 | sovereign 4/6 aerial 2/2 switcher 1/1 hunter 4/9 expert x2 1/2 self 0/2 expert 1/1 hard 1/1 medium 1/1 | roll 1.6s upd 6.8s
[brain] it 5585 [league 75%] R/ep 9.19 ent 2.18 kl 0.008 | hit/swing 47% dj/min 31.7 blk/min 6.7 abiHit 68 supHit 39 | expert 1/1 hunter 3/10 sovereign 2/2 turtle 2/2 medium 1/1 sov fast 2/3 easy 1/1 summoner 1/1 rushdown 1/1 idle 1/1 hard x3 0/1 | roll 1.6s upd 6.7s
[brain] it 5586 [league 74%] R/ep 11.10 ent 2.27 kl 0.008 | hit/swing 33% dj/min 35.2 blk/min 6.1 abiHit 67 supHit 42 | expert 1/1 hunter 2/6 counter 2/2 switcher 1/1 sovereign 0/1 medium 1/1 human 1/1 hard 1/1 self 2/3 sov fast 2/2 | roll 1.7s upd 6.6s
[brain] it 5587 [league 73%] R/ep 4.06 ent 2.17 kl 0.008 | hit/swing 38% dj/min 34.0 blk/min 8.1 abiHit 55 supHit 37 | hunter 2/12 hard x3 0/1 sov fast 2/2 sovereign 1/2 self 2/3 expert x2 1/1 expert 2/2 aerial 1/1 | roll 1.7s upd 6.6s
[brain] it 5588 [league 72%] R/ep 8.95 ent 2.12 kl 0.009 | hit/swing 38% dj/min 33.0 blk/min 8.8 abiHit 72 supHit 28 | medium 2/2 hunter 5/9 hard 1/1 expert 1/1 human 1/1 self 2/3 zoner 1/1 expert x2 0/1 sovereign 0/1 | roll 1.7s upd 6.6s
[brain] it 5589 [league 73%] R/ep 10.07 ent 2.15 kl 0.008 | hit/swing 45% dj/min 28.1 blk/min 6.2 abiHit 65 supHit 54 | sovereign 5/6 sov fast 3/4 expert x2 1/1 hard 3/3 hunter 4/6 idle 1/1 zoner 1/1 self 0/2 rushdown 1/1 medium 2/2 counter 1/1 | roll 1.5s upd 6.1s
[brain] it 5590 [league 76%] R/ep 7.87 ent 2.11 kl 0.007 | hit/swing 41% dj/min 29.0 blk/min 6.9 abiHit 92 supHit 52 | sovereign 4/4 easy 3/3 summoner 2/2 hunter 4/9 self 1/2 expert 1/1 hard 2/2 sov fast 2/3 human 0/1 | roll 1.6s upd 6.3s
[brain] it 5591 [league 73%] R/ep 7.79 ent 2.21 kl 0.008 | hit/swing 44% dj/min 33.3 blk/min 7.4 abiHit 47 supHit 41 | hunter 7/11 expert 3/3 switcher 1/1 self 2/3 sovereign 0/3 expert x2 1/1 idle 2/2 | roll 1.6s upd 7.3s
[brain] it 5592 [league 73%] R/ep 9.71 ent 2.17 kl 0.007 | hit/swing 45% dj/min 28.0 blk/min 7.5 abiHit 90 supHit 56 | easy 2/2 sov fast 2/3 summoner 1/1 self 1/2 expert x2 1/1 hunter 6/11 aerial 1/1 medium 1/1 hard 1/1 switcher 1/1 sovereign 1/1 | roll 2.3s upd 7.6s
[brain] it 5593 [league 72%] R/ep 12.77 ent 2.23 kl 0.008 | hit/swing 42% dj/min 35.9 blk/min 7.5 abiHit 62 supHit 43 | sov fast 2/3 hunter 6/10 easy 3/3 hard x3 3/3 hard 1/1 sovereign 0/1 summoner 1/1 | roll 2.5s upd 8.1s
[brain] it 5594 [league 73%] R/ep 9.58 ent 2.15 kl 0.008 | hit/swing 44% dj/min 31.7 blk/min 8.6 abiHit 93 supHit 41 | zoner 1/1 sovereign 3/3 counter 1/1 hunter 4/8 self 1/4 summoner 3/3 hard 1/1 sov fast 2/2 medium 1/1 human 1/1 turtle 1/1 | roll 2.3s upd 8.0s
[brain] it 5595 [league 73%] R/ep 4.83 ent 2.23 kl 0.009 | hit/swing 40% dj/min 37.1 blk/min 8.7 abiHit 66 supHit 30 | hunter 2/10 switcher 1/1 expert x2 1/1 self 1/2 rushdown 0/2 sov fast 2/4 zoner 1/1 hard x3 1/1 | roll 2.2s upd 8.0s
[brain] it 5596 [league 72%] R/ep 8.61 ent 2.11 kl 0.008 | hit/swing 52% dj/min 32.1 blk/min 6.8 abiHit 75 supHit 38 | hunter 6/11 sov fast 4/5 zoner 1/1 sovereign 2/3 expert 2/2 medium 3/3 switcher 1/1 easy 1/1 idle 1/1 | roll 2.1s upd 7.6s
[brain] it 5597 [league 71%] R/ep 5.00 ent 2.18 kl 0.008 | hit/swing 47% dj/min 31.8 blk/min 7.7 abiHit 69 supHit 38 | hunter 6/14 easy 1/1 self 4/5 sov fast 0/1 hard 2/2 expert 2/2 sovereign 0/1 | roll 2.2s upd 8.1s
[brain] it 5598 [league 72%] R/ep 8.34 ent 2.19 kl 0.009 | hit/swing 50% dj/min 35.7 blk/min 10.6 abiHit 75 supHit 46 | self 1/3 easy 1/1 hunter 4/11 sovereign 2/3 expert x2 0/1 sov fast 2/2 expert 1/1 medium 2/2 human 1/1 zoner 1/1 | roll 2.4s upd 7.5s
[brain] it 5599 [league 71%] R/ep 4.33 ent 2.27 kl 0.007 | hit/swing 32% dj/min 38.1 blk/min 6.5 abiHit 38 supHit 33 | hunter 6/12 human 1/1 zoner 1/1 sovereign 1/2 aerial 0/1 idle 1/1 sov fast 0/1 | roll 2.0s upd 7.5s
[brain] it 5600 [league 71%] R/ep 8.50 ent 2.11 kl 0.009 | hit/swing 40% dj/min 34.0 blk/min 8.3 abiHit 63 supHit 51 | hunter 3/11 medium 1/1 expert 1/1 self 3/4 hard x3 2/3 idle 1/1 sov fast 1/2 | roll 2.1s upd 7.4s
[brain] it 5601 [league 71%] R/ep 9.14 ent 2.07 kl 0.008 | hit/swing 42% dj/min 33.4 blk/min 8.9 abiHit 71 supHit 42 | turtle 1/2 hunter 4/12 rushdown 1/1 hard x3 1/1 hard 2/2 expert 2/2 zoner 1/1 idle 2/2 sov fast 2/2 | roll 2.2s upd 8.0s
[brain] it 5602 [league 72%] R/ep 4.53 ent 2.14 kl 0.008 | hit/swing 48% dj/min 33.2 blk/min 8.7 abiHit 62 supHit 52 | human 1/1 hunter 2/13 summoner 1/1 sovereign 4/4 idle 1/1 easy 2/2 sov fast 2/3 self 1/2 hard 1/1 counter 1/1 medium 1/1 | roll 2.2s upd 7.2s
[brain] it 5603 [league 72%] R/ep 11.62 ent 2.14 kl 0.009 | hit/swing 49% dj/min 33.0 blk/min 7.5 abiHit 104 supHit 50 | hunter 5/10 rushdown 1/1 expert x2 2/2 counter 1/1 hard 1/1 sovereign 5/5 human 2/2 self 0/1 medium 1/1 sov fast 3/3 idle 1/1 | roll 2.4s upd 8.0s
[brain] it 5604 [league 72%] R/ep 6.48 ent 2.18 kl 0.008 | hit/swing 39% dj/min 36.4 blk/min 7.5 abiHit 57 supHit 35 | hunter 4/12 summoner 1/1 sovereign 4/4 zoner 1/1 medium 1/1 sov fast 1/3 easy 1/1 aerial 1/1 | roll 2.1s upd 7.2s
[brain] it 5605 [league 72%] R/ep 11.29 ent 2.06 kl 0.007 | hit/swing 50% dj/min 30.1 blk/min 9.1 abiHit 80 supHit 65 | hunter 4/9 summoner 1/1 counter 1/1 sovereign 4/4 aerial 1/2 sov fast 5/5 hard 1/1 expert 3/3 self 1/1 medium 1/1 rushdown 1/1 zoner 2/2 easy 1/1 hard x3 0/1 | roll 1.8s upd 7.5s
[brain] it 5606 [league 73%] R/ep 10.82 ent 2.14 kl 0.008 | hit/swing 40% dj/min 32.1 blk/min 8.3 abiHit 61 supHit 38 | hunter 5/12 sovereign 3/3 expert x2 1/1 self 2/2 sov fast 1/1 hard x3 1/1 expert 1/1 idle 1/1 | roll 2.1s upd 7.9s
[brain] it 5607 [league 73%] R/ep 9.73 ent 2.14 kl 0.008 | hit/swing 44% dj/min 32.2 blk/min 7.1 abiHit 77 supHit 38 | self 1/1 hunter 5/6 sovereign 3/5 sov fast 1/3 easy 3/3 hard 1/1 expert 1/1 switcher 1/1 zoner 1/1 rushdown 1/1 idle 1/1 | roll 1.8s upd 7.4s
[brain] it 5608 [league 73%] R/ep 9.18 ent 2.17 kl 0.009 | hit/swing 51% dj/min 34.0 blk/min 8.7 abiHit 50 supHit 37 | hunter 1/8 sov fast 1/3 counter 2/2 expert x2 1/1 zoner 2/2 sovereign 2/3 summoner 1/1 switcher 1/1 self 0/1 | roll 1.9s upd 6.7s
[brain] it 5609 [league 74%] R/ep 14.25 ent 2.05 kl 0.008 | hit/swing 54% dj/min 28.8 blk/min 8.9 abiHit 79 supHit 46 | expert x2 1/1 hunter 6/8 easy 1/1 counter 2/2 sovereign 4/4 hard x3 1/1 self 1/1 expert 1/1 summoner 1/1 rushdown 2/2 | roll 1.7s upd 6.7s
[brain] it 5610 [league 73%] R/ep 8.25 ent 2.19 kl 0.008 | hit/swing 47% dj/min 32.6 blk/min 9.2 abiHit 51 supHit 33 | hunter 6/9 easy 1/1 self 2/3 expert 2/2 aerial 1/1 sov fast 0/1 counter 1/1 sovereign 1/2 | roll 1.8s upd 6.7s
[brain] it 5611 [league 72%] R/ep 8.30 ent 2.16 kl 0.010 | hit/swing 50% dj/min 31.5 blk/min 7.7 abiHit 68 supHit 48 | human 1/1 hunter 5/9 sovereign 3/5 expert 3/3 sov fast 2/2 turtle 1/1 summoner 1/1 aerial 1/1 | roll 1.8s upd 7.3s
[brain] it 5612 [league 71%] R/ep 7.40 ent 2.12 kl 0.010 | hit/swing 51% dj/min 27.5 blk/min 9.2 abiHit 53 supHit 43 | hunter 4/9 idle 1/1 sovereign 1/2 sov fast 2/4 turtle 1/1 self 1/1 medium 1/1 easy 1/1 human 1/1 hard x3 0/1 hard 1/1 | roll 1.7s upd 10.2s
[brain] it 5613 [league 71%] R/ep 7.54 ent 2.08 kl 0.010 | hit/swing 54% dj/min 29.4 blk/min 7.1 abiHit 88 supHit 41 | self 1/4 hunter 4/7 idle 2/2 summoner 2/2 expert x2 1/1 medium 2/2 sov fast 1/4 sovereign 1/2 hard 2/2 | roll 1.9s upd 8.4s
[brain] it 5614 [league 70%] R/ep 10.28 ent 2.25 kl 0.008 | hit/swing 30% dj/min 36.3 blk/min 7.2 abiHit 55 supHit 50 | sovereign 0/2 hunter 6/12 switcher 1/1 rushdown 1/1 sov fast 2/2 hard x3 1/1 self 1/1 human 1/1 hard 1/1 | roll 2.1s upd 8.4s
[brain] it 5615 [league 71%] R/ep 10.89 ent 2.16 kl 0.009 | hit/swing 47% dj/min 33.5 blk/min 8.0 abiHit 50 supHit 31 | hunter 2/6 counter 1/1 sov fast 3/3 expert 2/2 sovereign 1/1 self 2/2 medium 1/1 aerial 1/2 hard 1/1 rushdown 1/1 switcher 1/1 | roll 1.7s upd 6.5s
[brain] it 5616 [league 71%] R/ep 12.54 ent 2.09 kl 0.009 | hit/swing 59% dj/min 30.5 blk/min 7.8 abiHit 73 supHit 29 | sov fast 2/2 counter 1/1 expert 1/1 idle 2/2 self 2/4 sovereign 1/2 hunter 5/7 hard x3 1/1 medium 1/1 | roll 1.8s upd 7.9s
[brain] it 5617 [league 70%] R/ep 8.09 ent 2.16 kl 0.008 | hit/swing 52% dj/min 31.1 blk/min 8.3 abiHit 65 supHit 41 | hunter 3/9 self 1/2 hard x3 2/2 sovereign 0/2 sov fast 2/3 counter 1/1 rushdown 0/1 summoner 1/1 | roll 2.0s upd 7.9s
[brain] it 5618 [league 70%] R/ep 10.95 ent 2.15 kl 0.009 | hit/swing 40% dj/min 35.6 blk/min 9.8 abiHit 42 supHit 39 | human 1/1 hunter 7/13 hard x3 1/1 switcher 0/1 zoner 1/1 self 1/2 hard 1/1 aerial 1/1 counter 1/1 expert x2 1/1 | roll 2.1s upd 7.5s
[brain] it 5619 [league 70%] R/ep 11.43 ent 2.16 kl 0.008 | hit/swing 47% dj/min 35.8 blk/min 6.9 abiHit 62 supHit 57 | sov fast 1/2 hunter 5/9 sovereign 3/4 hard 1/1 self 5/6 expert x2 1/1 expert 1/1 counter 1/1 human 1/1 | roll 2.1s upd 8.4s
[brain] it 5620 [league 69%] R/ep 8.33 ent 2.18 kl 0.008 | hit/swing 36% dj/min 32.5 blk/min 8.6 abiHit 95 supHit 34 | hard x3 2/2 self 2/4 hunter 2/7 sov fast 1/1 switcher 0/1 sovereign 0/2 expert 2/2 summoner 1/1 rushdown 0/1 expert x2 1/1 | roll 2.1s upd 8.1s
[brain] it 5621 [league 69%] R/ep 8.11 ent 2.16 kl 0.006 | hit/swing 41% dj/min 32.3 blk/min 8.9 abiHit 58 supHit 35 | sovereign 2/2 sov fast 2/3 hunter 5/12 human 1/1 summoner 2/2 expert 1/1 self 2/2 rushdown 1/1 | roll 2.0s upd 7.6s
[brain] it 5622 [league 69%] R/ep 6.67 ent 2.12 kl 0.008 | hit/swing 41% dj/min 32.6 blk/min 8.6 abiHit 58 supHit 48 | sov fast 2/4 self 2/4 hunter 2/9 expert x2 2/2 hard 1/1 hard x3 1/1 sovereign 1/2 rushdown 1/1 expert 1/1 | roll 1.9s upd 8.2s
[brain] it 5623 [league 70%] R/ep 10.18 ent 2.10 kl 0.007 | hit/swing 43% dj/min 32.9 blk/min 10.6 abiHit 60 supHit 49 | sovereign 3/4 rushdown 1/1 hunter 8/13 sov fast 2/2 aerial 1/1 human 2/2 self 1/1 | roll 1.9s upd 7.7s
[brain] it 5624 [league 68%] R/ep 10.96 ent 2.08 kl 0.006 | hit/swing 49% dj/min 30.8 blk/min 7.8 abiHit 63 supHit 61 | hunter 5/9 self 2/3 sovereign 1/3 sov fast 2/3 medium 3/3 expert 3/3 easy 1/1 expert x2 1/1 hard 1/1 switcher 1/1 zoner 1/1 | roll 1.9s upd 7.8s
[brain] it 5625 [league 68%] R/ep 8.43 ent 2.16 kl 0.008 | hit/swing 43% dj/min 33.4 blk/min 8.0 abiHit 69 supHit 40 | sov fast 4/5 rushdown 0/1 sovereign 2/3 medium 1/1 self 2/2 hunter 5/11 hard 1/1 counter 1/1 expert 2/2 aerial 1/1 | roll 1.9s upd 8.7s
[brain] it 5626 [league 70%] R/ep 7.65 ent 2.16 kl 0.006 | hit/swing 40% dj/min 32.1 blk/min 8.4 abiHit 77 supHit 48 | self 1/8 hunter 3/4 sovereign 3/3 expert 2/2 summoner 2/2 zoner 1/1 idle 1/1 sov fast 0/2 hard x3 1/2 medium 1/1 | roll 2.2s upd 7.4s
[brain] it 5627 [league 70%] R/ep 6.36 ent 2.33 kl 0.010 | hit/swing 30% dj/min 39.2 blk/min 6.0 abiHit 28 supHit 27 | hunter 7/16 counter 1/1 summoner 1/1 self 1/1 sov fast 1/2 medium 1/1 | roll 2.0s upd 7.8s
[brain] it 5628 [league 70%] R/ep 7.80 ent 2.11 kl 0.008 | hit/swing 46% dj/min 32.6 blk/min 9.8 abiHit 53 supHit 38 | hunter 6/12 sov fast 2/2 expert 4/4 zoner 2/2 sovereign 4/5 self 0/2 turtle 1/1 aerial 1/1 | roll 1.8s upd 7.0s
[brain] it 5629 [league 70%] R/ep 8.65 ent 2.11 kl 0.007 | hit/swing 49% dj/min 30.9 blk/min 7.1 abiHit 82 supHit 43 | summoner 2/2 hunter 6/12 easy 3/3 sov fast 2/2 sovereign 3/3 expert 1/1 self 2/2 aerial 2/3 medium 1/1 idle 1/1 | roll 1.9s upd 9.3s
[brain] it 5630 [league 70%] R/ep 6.48 ent 2.25 kl 0.009 | hit/swing 43% dj/min 35.2 blk/min 7.9 abiHit 55 supHit 44 | self 0/3 rushdown 1/1 sov fast 2/5 hunter 3/9 medium 1/1 hard 1/1 hard x3 1/1 sovereign 2/2 zoner 1/1 | roll 2.2s upd 7.4s
[brain] it 5631 [league 72%] R/ep 8.67 ent 2.17 kl 0.009 | hit/swing 43% dj/min 30.5 blk/min 7.4 abiHit 77 supHit 33 | expert 1/1 idle 3/3 hunter 5/9 self 2/3 medium 1/1 sov fast 1/3 human 1/1 hard 1/1 sovereign 2/2 | roll 1.9s upd 7.4s
[brain] it 5632 [league 72%] R/ep 14.05 ent 2.15 kl 0.006 | hit/swing 49% dj/min 32.5 blk/min 8.2 abiHit 109 supHit 59 | counter 3/3 hunter 3/4 rushdown 1/1 expert 2/2 sov fast 3/3 hard 1/1 self 5/6 idle 1/1 summoner 2/2 hard x3 1/1 | roll 1.9s upd 7.2s
[brain] it 5633 [league 72%] R/ep 7.84 ent 2.35 kl 0.006 | hit/swing 35% dj/min 38.3 blk/min 6.2 abiHit 32 supHit 33 | hunter 5/9 sov fast 1/3 turtle 1/1 expert 1/1 expert x2 1/1 switcher 1/1 easy 1/1 sovereign 1/2 hard 1/1 | roll 1.9s upd 7.5s
[brain] it 5634 [league 73%] R/ep 9.99 ent 2.12 kl 0.006 | hit/swing 55% dj/min 31.9 blk/min 9.2 abiHit 56 supHit 44 | hunter 6/12 zoner 1/1 idle 1/1 sovereign 2/2 hard 2/2 counter 1/1 sov fast 2/3 turtle 1/1 self 2/2 medium 2/2 | roll 1.9s upd 7.5s
[brain] it 5635 [league 73%] R/ep 8.11 ent 2.09 kl 0.010 | hit/swing 46% dj/min 32.1 blk/min 8.1 abiHit 85 supHit 52 | hunter 5/12 hard 2/2 counter 1/1 rushdown 1/2 sov fast 1/4 self 0/1 medium 1/1 sovereign 1/1 human 1/1 expert x2 1/1 expert 1/1 | roll 2.0s upd 7.9s
[brain] it 5636 [league 73%] R/ep 11.15 ent 2.23 kl 0.008 | hit/swing 45% dj/min 36.7 blk/min 8.1 abiHit 62 supHit 40 | hunter 3/8 sovereign 2/3 self 2/2 expert 2/2 rushdown 1/1 sov fast 2/2 hard x3 1/1 medium 1/1 aerial 1/1 | roll 1.9s upd 7.7s
[brain] it 5637 [league 73%] R/ep 7.25 ent 2.15 kl 0.008 | hit/swing 50% dj/min 34.2 blk/min 8.4 abiHit 68 supHit 52 | aerial 1/1 self 4/4 hunter 6/10 sov fast 6/7 switcher 0/1 sovereign 1/2 expert x2 1/1 summoner 1/1 | roll 1.9s upd 7.6s
[brain] it 5638 [league 74%] R/ep 8.30 ent 2.22 kl 0.010 | hit/swing 39% dj/min 33.3 blk/min 7.7 abiHit 54 supHit 38 | sovereign 3/3 hunter 9/14 medium 1/1 sov fast 2/4 aerial 0/1 self 0/1 counter 1/1 hard 1/1 expert 2/2 | roll 2.0s upd 8.2s
[brain] it 5639 [league 75%] R/ep 4.47 ent 2.21 kl 0.008 | hit/swing 29% dj/min 34.1 blk/min 8.9 abiHit 65 supHit 33 | self 1/3 hunter 3/10 expert 2/2 expert x2 1/1 sovereign 3/3 sov fast 1/1 hard 1/1 turtle 1/1 | roll 1.8s upd 7.1s
[brain] it 5640 [league 75%] R/ep 10.91 ent 2.07 kl 0.007 | hit/swing 50% dj/min 32.7 blk/min 8.5 abiHit 68 supHit 51 | idle 2/2 switcher 2/2 hunter 8/13 aerial 1/1 sovereign 3/3 zoner 2/2 rushdown 1/1 sov fast 1/1 | roll 2.0s upd 9.7s
[brain] it 5641 [league 75%] R/ep 7.12 ent 2.08 kl 0.008 | hit/swing 51% dj/min 32.0 blk/min 9.0 abiHit 59 supHit 41 | medium 2/2 summoner 1/1 hunter 6/14 self 1/2 hard 1/1 easy 1/1 hard x3 0/1 sov fast 0/1 switcher 1/1 expert 2/2 sovereign 1/1 | roll 2.4s upd 9.0s
[brain] it 5642 [league 73%] R/ep 1.99 ent 2.14 kl 0.007 | hit/swing 35% dj/min 33.0 blk/min 8.4 abiHit 42 supHit 26 | hunter 4/12 medium 1/1 expert 2/2 sovereign 3/5 self 0/2 | roll 2.3s upd 8.2s
[brain] it 5643 [league 73%] R/ep 13.31 ent 2.14 kl 0.007 | hit/swing 36% dj/min 34.6 blk/min 10.0 abiHit 90 supHit 34 | self 1/2 sov fast 3/3 expert 2/2 hunter 6/8 aerial 1/1 zoner 2/2 switcher 1/1 turtle 1/1 expert x2 1/1 sovereign 1/1 summoner 1/1 counter 1/1 | roll 2.0s upd 8.1s
[brain] it 5644 [league 72%] R/ep 10.32 ent 2.15 kl 0.009 | hit/swing 45% dj/min 33.0 blk/min 9.8 abiHit 56 supHit 37 | hunter 6/11 self 0/1 sov fast 1/1 expert 2/2 easy 1/1 summoner 1/1 idle 1/1 sovereign 3/4 turtle 1/1 | roll 2.0s upd 8.1s
[brain] it 5645 [league 71%] R/ep 3.22 ent 2.15 kl 0.007 | hit/swing 39% dj/min 35.0 blk/min 8.8 abiHit 65 supHit 46 | self 2/4 hard x3 0/1 hunter 4/14 rushdown 1/2 expert x2 2/2 idle 1/1 aerial 1/1 sovereign 0/1 | roll 2.4s upd 8.3s
[brain] it 5646 [league 71%] R/ep 9.72 ent 2.13 kl 0.009 | hit/swing 48% dj/min 31.6 blk/min 10.0 abiHit 59 supHit 42 | hunter 5/10 sovereign 1/1 expert 1/1 sov fast 1/2 rushdown 1/1 easy 1/1 self 2/4 turtle 2/2 human 1/1 idle 1/1 | roll 1.9s upd 7.3s
[brain] it 5647 [league 70%] R/ep 7.00 ent 2.23 kl 0.010 | hit/swing 53% dj/min 35.0 blk/min 7.2 abiHit 74 supHit 50 | hunter 5/7 idle 1/1 sovereign 4/6 aerial 1/1 counter 1/1 self 1/2 sov fast 1/3 hard x3 1/1 zoner 1/1 expert x2 0/1 | roll 1.8s upd 7.1s
[brain] it 5648 [league 71%] R/ep 11.32 ent 2.25 kl 0.009 | hit/swing 49% dj/min 34.8 blk/min 9.4 abiHit 48 supHit 31 | expert 3/3 hunter 7/12 sov fast 2/2 switcher 1/1 aerial 1/1 sovereign 2/2 hard 1/1 rushdown 1/1 | roll 1.8s upd 7.5s
[brain] it 5649 [league 69%] R/ep 7.65 ent 2.18 kl 0.007 | hit/swing 55% dj/min 33.2 blk/min 9.8 abiHit 59 supHit 43 | hunter 5/12 sovereign 4/7 sov fast 4/4 hard 1/1 expert 1/1 summoner 1/1 zoner 1/1 rushdown 0/1 self 0/2 medium 1/1 hard x3 1/1 | roll 2.1s upd 7.7s
[brain] it 5650 [league 69%] R/ep 6.99 ent 2.20 kl 0.008 | hit/swing 46% dj/min 32.6 blk/min 6.4 abiHit 57 supHit 35 | sovereign 1/2 hunter 3/9 medium 1/1 turtle 1/1 self 1/1 sov fast 1/3 idle 1/1 aerial 1/1 expert 1/1 easy 2/2 summoner 1/1 | roll 1.7s upd 7.8s
[brain] it 5651 [league 71%] R/ep 12.45 ent 2.03 kl 0.009 | hit/swing 60% dj/min 26.6 blk/min 8.5 abiHit 94 supHit 58 | hunter 4/8 hard x3 1/1 turtle 2/2 expert 2/2 summoner 2/2 expert x2 1/1 self 2/3 easy 1/1 sovereign 2/2 sov fast 1/1 counter 2/2 aerial 0/1 hard 1/1 | roll 2.2s upd 9.5s
[brain] it 5652 [league 69%] R/ep 13.08 ent 2.07 kl 0.007 | hit/swing 48% dj/min 29.3 blk/min 8.6 abiHit 89 supHit 60 | hard x3 1/1 expert x2 1/1 switcher 1/2 counter 1/1 medium 2/2 hunter 2/5 rushdown 2/2 self 0/1 easy 2/2 hard 3/3 human 1/1 sovereign 1/3 sov fast 3/3 zoner 1/1 expert 1/1 | roll 2.1s upd 8.0s
[brain] it 5653 [league 69%] R/ep 8.55 ent 2.16 kl 0.008 | hit/swing 43% dj/min 33.1 blk/min 9.4 abiHit 90 supHit 40 | hunter 8/14 sov fast 2/2 turtle 1/1 sovereign 1/2 expert 3/3 hard x3 1/1 self 1/1 expert x2 0/1 hard 1/1 | roll 1.9s upd 7.7s
[brain] it 5654 [league 71%] R/ep 5.74 ent 2.23 kl 0.009 | hit/swing 28% dj/min 36.7 blk/min 7.0 abiHit 60 supHit 34 | sov fast 4/5 hunter 7/13 sovereign 3/3 expert 1/1 self 0/1 | roll 1.9s upd 7.2s
[brain] it 5655 [league 72%] R/ep 10.63 ent 2.07 kl 0.007 | hit/swing 65% dj/min 29.1 blk/min 8.2 abiHit 76 supHit 48 | expert 2/2 idle 1/1 summoner 2/2 hunter 4/6 medium 1/1 sovereign 3/5 sov fast 1/2 self 1/2 turtle 1/1 hard x3 0/2 | roll 1.8s upd 6.6s
[brain] it 5656 [league 73%] R/ep 7.41 ent 2.22 kl 0.007 | hit/swing 39% dj/min 34.4 blk/min 6.9 abiHit 64 supHit 46 | idle 1/1 hunter 5/10 sovereign 2/3 expert 3/3 sov fast 0/2 self 2/3 summoner 2/2 switcher 1/1 medium 1/1 | roll 1.7s upd 6.7s
[brain] it 5657 [league 73%] R/ep 5.55 ent 2.34 kl 0.010 | hit/swing 32% dj/min 39.2 blk/min 6.8 abiHit 40 supHit 18 | aerial 1/1 hunter 6/10 sov fast 0/2 expert 1/1 self 2/3 rushdown 0/1 | roll 1.7s upd 6.7s
[brain] it 5658 [league 71%] R/ep 4.93 ent 2.26 kl 0.008 | hit/swing 37% dj/min 35.4 blk/min 8.2 abiHit 43 supHit 27 | hunter 6/11 sovereign 1/5 sov fast 1/1 hard x3 0/1 self 0/2 expert 2/2 | roll 1.9s upd 6.8s
[brain] it 5659 [league 71%] R/ep 9.20 ent 2.05 kl 0.008 | hit/swing 52% dj/min 31.0 blk/min 8.6 abiHit 69 supHit 51 | expert 1/1 hunter 7/13 turtle 1/2 expert x2 0/1 sovereign 3/4 aerial 2/2 medium 2/2 hard x3 1/1 idle 1/1 | roll 1.7s upd 6.7s
[brain] it 5660 [league 71%] R/ep 6.80 ent 2.27 kl 0.006 | hit/swing 38% dj/min 38.1 blk/min 7.9 abiHit 66 supHit 29 | hunter 5/9 human 1/1 self 1/2 aerial 1/1 sov fast 2/3 expert 0/1 rushdown 1/1 | roll 1.8s upd 6.7s
[brain] it 5661 [league 70%] R/ep 7.83 ent 2.15 kl 0.010 | hit/swing 47% dj/min 34.8 blk/min 8.6 abiHit 71 supHit 45 | hunter 8/12 sov fast 3/7 switcher 1/1 zoner 2/2 hard x3 1/1 self 1/2 sovereign 1/2 aerial 0/1 medium 1/1 | roll 1.7s upd 6.6s
[brain] it 5662 [league 71%] R/ep 11.56 ent 2.13 kl 0.007 | hit/swing 50% dj/min 31.6 blk/min 7.1 abiHit 71 supHit 47 | hunter 5/8 turtle 1/1 sovereign 2/3 self 3/3 expert 3/3 sov fast 3/4 aerial 1/1 human 1/1 expert x2 1/1 idle 1/1 | roll 1.7s upd 7.7s
[brain] it 5663 [league 72%] R/ep 13.28 ent 2.00 kl 0.007 | hit/swing 54% dj/min 30.2 blk/min 8.2 abiHit 75 supHit 72 | hunter 3/7 sovereign 2/3 sov fast 3/4 counter 2/2 self 3/3 human 1/1 idle 1/1 hard 2/2 expert 2/2 turtle 1/1 zoner 1/1 medium 1/1 expert x2 1/1 hard x3 2/2 | roll 1.7s upd 7.5s
[brain] it 5664 [league 72%] R/ep 7.74 ent 2.20 kl 0.006 | hit/swing 35% dj/min 33.7 blk/min 9.8 abiHit 60 supHit 28 | hunter 4/9 self 2/3 summoner 2/2 sov fast 2/3 sovereign 1/1 expert 1/1 medium 1/1 | roll 1.9s upd 7.3s
[brain] it 5665 [league 72%] R/ep 14.08 ent 2.03 kl 0.009 | hit/swing 56% dj/min 28.9 blk/min 8.0 abiHit 87 supHit 34 | sovereign 1/1 medium 1/1 hunter 8/10 sov fast 0/1 idle 3/3 easy 1/1 self 0/1 expert x2 1/1 expert 4/4 switcher 1/1 | roll 1.7s upd 7.4s
[brain] it 5666 [league 72%] R/ep 9.53 ent 2.16 kl 0.010 | hit/swing 49% dj/min 34.9 blk/min 7.7 abiHit 65 supHit 47 | hunter 6/10 sovereign 3/4 sov fast 1/1 self 2/3 summoner 1/1 switcher 1/1 human 1/1 expert 1/1 turtle 1/1 rushdown 1/1 hard x3 0/1 | roll 1.7s upd 6.9s
[brain] it 5667 [league 72%] R/ep 12.92 ent 2.11 kl 0.007 | hit/swing 41% dj/min 31.6 blk/min 7.0 abiHit 83 supHit 38 | self 1/1 idle 1/1 aerial 1/1 sov fast 2/3 expert 3/3 hunter 4/7 hard x3 1/1 rushdown 1/1 easy 2/2 sovereign 1/1 hard 1/1 | roll 1.7s upd 7.5s
[brain] it 5668 [league 71%] R/ep 5.64 ent 2.30 kl 0.009 | hit/swing 28% dj/min 36.4 blk/min 8.7 abiHit 53 supHit 32 | self 1/2 hunter 6/15 zoner 1/1 summoner 3/3 hard 1/1 sovereign 0/1 sov fast 1/1 easy 1/1 | roll 2.2s upd 7.5s
[brain] it 5669 [league 71%] R/ep 10.57 ent 2.15 kl 0.007 | hit/swing 38% dj/min 32.2 blk/min 9.6 abiHit 74 supHit 41 | expert x2 3/3 sovereign 1/1 hunter 4/10 self 1/3 expert 1/1 medium 1/1 easy 2/2 summoner 1/1 | roll 1.7s upd 7.1s
[brain] it 5670 [league 70%] R/ep 8.13 ent 2.21 kl 0.009 | hit/swing 40% dj/min 35.0 blk/min 8.0 abiHit 46 supHit 33 | hunter 4/12 aerial 1/1 sovereign 0/1 self 1/1 sov fast 1/1 expert 1/1 medium 1/1 turtle 1/1 switcher 1/1 | roll 1.8s upd 7.2s
[brain] it 5671 [league 69%] R/ep 10.83 ent 2.06 kl 0.008 | hit/swing 56% dj/min 31.8 blk/min 8.5 abiHit 80 supHit 63 | self 2/2 hard x3 1/2 hunter 8/12 sov fast 3/5 easy 1/1 medium 2/2 switcher 1/1 counter 2/2 summoner 1/1 sovereign 1/2 idle 1/1 | roll 1.9s upd 8.2s
[brain] it 5672 [league 69%] R/ep 7.87 ent 2.14 kl 0.009 | hit/swing 42% dj/min 33.1 blk/min 8.5 abiHit 50 supHit 31 | hunter 8/13 self 1/2 hard 1/1 idle 1/1 sov fast 2/4 counter 1/1 easy 2/2 summoner 1/1 | roll 2.0s upd 7.9s
[brain] it 5673 [league 69%] R/ep 9.48 ent 1.99 kl 0.007 | hit/swing 54% dj/min 28.8 blk/min 8.4 abiHit 80 supHit 58 | sov fast 0/2 hard 2/2 self 3/5 hunter 4/9 sovereign 3/3 expert 2/2 summoner 1/1 idle 2/2 easy 2/2 expert x2 1/1 switcher 2/2 zoner 1/1 | roll 1.8s upd 7.5s
[brain] it 5674 [league 67%] R/ep 9.47 ent 2.14 kl 0.011 | hit/swing 44% dj/min 35.4 blk/min 8.1 abiHit 56 supHit 40 | self 2/2 sov fast 2/2 hunter 5/8 expert 2/2 turtle 1/1 summoner 1/1 hard 1/1 sovereign 2/5 hard x3 1/1 | roll 1.8s upd 7.2s
[brain] it 5675 [league 66%] R/ep 5.62 ent 2.33 kl 0.008 | hit/swing 26% dj/min 37.2 blk/min 8.7 abiHit 32 supHit 28 | summoner 2/2 self 2/5 hunter 4/10 sovereign 0/1 medium 1/1 sov fast 1/1 zoner 1/1 | roll 1.8s upd 6.3s
[brain] it 5676 [league 67%] R/ep 6.17 ent 2.09 kl 0.007 | hit/swing 56% dj/min 28.9 blk/min 8.8 abiHit 65 supHit 45 | sovereign 7/8 hunter 5/11 counter 2/2 expert 1/2 sov fast 0/1 summoner 1/1 medium 1/1 | roll 1.5s upd 6.4s
[brain] it 5677 [league 65%] R/ep 3.97 ent 2.23 kl 0.009 | hit/swing 29% dj/min 33.2 blk/min 7.4 abiHit 74 supHit 30 | hunter 3/11 self 1/2 easy 2/2 medium 1/1 sov fast 1/2 sovereign 0/2 expert 3/3 | roll 1.6s upd 7.4s
[brain] it 5678 [league 65%] R/ep 8.95 ent 2.18 kl 0.007 | hit/swing 39% dj/min 33.6 blk/min 10.2 abiHit 77 supHit 44 | hunter 4/10 sovereign 2/2 self 1/3 aerial 1/1 idle 1/1 expert x2 1/1 human 1/1 easy 1/1 switcher 2/2 summoner 1/1 | roll 1.7s upd 7.0s
[brain] it 5679 [league 65%] R/ep 8.84 ent 2.17 kl 0.008 | hit/swing 35% dj/min 32.5 blk/min 6.9 abiHit 62 supHit 25 | human 1/1 sovereign 3/3 hunter 3/7 self 1/3 medium 1/1 sov fast 1/2 zoner 1/1 expert 2/2 hard 1/1 summoner 1/1 easy 1/1 | roll 1.8s upd 6.6s
[brain] it 5680 [league 65%] R/ep 10.75 ent 2.08 kl 0.008 | hit/swing 52% dj/min 29.1 blk/min 9.2 abiHit 60 supHit 51 | hunter 5/9 self 1/1 expert 3/3 easy 2/2 sov fast 3/3 human 2/2 hard x3 1/1 switcher 1/1 counter 1/1 sovereign 1/2 | roll 1.6s upd 6.8s
[brain] it 5681 [league 64%] R/ep 7.31 ent 2.19 kl 0.008 | hit/swing 50% dj/min 32.9 blk/min 8.8 abiHit 56 supHit 30 | hunter 4/11 switcher 1/1 self 1/3 summoner 1/1 expert 3/3 sovereign 0/1 rushdown 1/1 easy 2/2 sov fast 0/1 expert x2 1/1 | roll 1.8s upd 7.2s
[brain] it 5682 [league 63%] R/ep 4.93 ent 2.20 kl 0.007 | hit/swing 34% dj/min 35.9 blk/min 8.4 abiHit 46 supHit 26 | hunter 2/9 sov fast 1/2 expert 1/1 sovereign 0/1 counter 2/2 rushdown 1/1 self 2/2 turtle 0/2 | roll 1.7s upd 7.2s
[brain] it 5683 [league 63%] R/ep 10.83 ent 2.03 kl 0.007 | hit/swing 49% dj/min 28.8 blk/min 9.0 abiHit 62 supHit 51 | self 4/4 hunter 2/8 expert 6/6 easy 2/2 idle 1/1 aerial 1/1 sov fast 2/3 hard x3 1/1 rushdown 1/1 counter 1/1 | roll 1.9s upd 6.8s
[brain] it 5684 [league 64%] R/ep 12.21 ent 2.17 kl 0.007 | hit/swing 50% dj/min 33.1 blk/min 8.7 abiHit 77 supHit 44 | easy 3/3 switcher 1/1 expert 3/3 hunter 7/12 sov fast 0/1 sovereign 1/1 self 2/2 hard x3 1/1 rushdown 1/1 summoner 1/1 | roll 1.8s upd 7.7s
[brain] it 5685 [league 64%] R/ep 10.67 ent 2.10 kl 0.010 | hit/swing 47% dj/min 33.1 blk/min 10.8 abiHit 57 supHit 41 | hunter 6/11 self 2/3 aerial 1/1 sovereign 1/1 summoner 1/1 expert x2 1/1 hard 1/1 easy 1/1 human 1/1 | roll 2.3s upd 8.1s
[brain] it 5686 [league 64%] R/ep 8.70 ent 2.19 kl 0.009 | hit/swing 46% dj/min 32.7 blk/min 7.9 abiHit 72 supHit 39 | sov fast 5/5 self 2/3 hunter 5/11 counter 1/1 sovereign 1/2 expert 2/2 turtle 1/1 summoner 1/1 medium 1/1 | roll 2.0s upd 8.4s
[brain] it 5687 [league 63%] R/ep 6.82 ent 2.08 kl 0.007 | hit/swing 52% dj/min 28.3 blk/min 10.1 abiHit 60 supHit 38 | hunter 10/16 idle 2/2 expert 2/2 sov fast 1/1 self 0/2 turtle 1/1 switcher 0/1 sovereign 1/2 expert x2 1/1 | roll 1.9s upd 7.6s
[brain] it 5688 [league 64%] R/ep 10.99 ent 2.09 kl 0.009 | hit/swing 44% dj/min 30.9 blk/min 8.5 abiHit 66 supHit 48 | hunter 6/9 self 2/3 sov fast 2/4 hard 1/1 easy 2/2 sovereign 1/1 human 1/1 expert x2 0/1 switcher 1/1 zoner 2/2 idle 1/1 expert 1/1 | roll 2.1s upd 8.0s
[brain] it 5689 [league 63%] R/ep 9.57 ent 2.15 kl 0.007 | hit/swing 44% dj/min 31.5 blk/min 8.5 abiHit 66 supHit 40 | hunter 7/10 sov fast 0/2 sovereign 1/2 summoner 2/2 hard 3/3 hard x3 0/1 self 0/1 idle 1/1 medium 1/1 | roll 1.9s upd 8.0s
[brain] it 5690 [league 64%] R/ep 10.34 ent 2.13 kl 0.009 | hit/swing 40% dj/min 30.0 blk/min 7.9 abiHit 68 supHit 50 | self 1/4 expert x2 1/1 sovereign 4/5 sov fast 1/1 hunter 5/8 idle 1/1 summoner 3/3 expert 1/1 zoner 1/1 medium 1/1 turtle 1/1 switcher 1/1 | roll 1.7s upd 6.9s
[brain] it 5691 [league 64%] R/ep 9.12 ent 2.08 kl 0.008 | hit/swing 43% dj/min 34.1 blk/min 9.0 abiHit 51 supHit 42 | self 3/4 sov fast 4/4 easy 2/2 hunter 6/10 sovereign 2/2 aerial 1/1 zoner 1/1 | roll 1.9s upd 7.5s
[brain] it 5692 [league 66%] R/ep 6.69 ent 2.20 kl 0.009 | hit/swing 47% dj/min 33.2 blk/min 8.7 abiHit 65 supHit 46 | sovereign 3/3 hunter 1/4 self 1/3 medium 1/1 switcher 1/1 rushdown 0/1 sov fast 4/9 summoner 1/1 turtle 1/1 hard x3 1/1 | roll 1.6s upd 6.7s
[brain] it 5693 [league 66%] R/ep 11.23 ent 2.16 kl 0.008 | hit/swing 37% dj/min 30.9 blk/min 9.1 abiHit 80 supHit 37 | summoner 1/1 sov fast 2/3 easy 1/1 medium 1/1 hunter 4/6 expert x2 2/2 self 3/5 expert 1/1 idle 1/1 hard 1/1 | roll 1.6s upd 7.6s
[brain] it 5694 [league 67%] R/ep 7.32 ent 2.10 kl 0.008 | hit/swing 49% dj/min 30.1 blk/min 9.2 abiHit 56 supHit 47 | turtle 1/1 self 1/4 medium 1/1 hunter 1/8 aerial 1/1 sovereign 2/2 sov fast 4/6 summoner 2/2 counter 0/1 human 1/1 idle 1/1 | roll 2.0s upd 7.4s
[brain] it 5695 [league 66%] R/ep 10.55 ent 2.13 kl 0.009 | hit/swing 42% dj/min 29.8 blk/min 8.6 abiHit 88 supHit 46 | switcher 3/3 hunter 5/10 summoner 2/2 sov fast 4/4 sovereign 1/3 expert 2/2 hard x3 1/1 | roll 1.7s upd 6.8s
[brain] it 5696 [league 66%] R/ep 7.99 ent 2.19 kl 0.008 | hit/swing 50% dj/min 33.3 blk/min 8.0 abiHit 65 supHit 51 | hunter 5/11 hard x3 1/1 summoner 1/1 hard 1/1 turtle 1/1 expert 2/2 sov fast 2/3 sovereign 2/2 self 1/1 | roll 1.8s upd 6.9s
[brain] it 5697 [league 66%] R/ep 9.98 ent 2.20 kl 0.008 | hit/swing 31% dj/min 33.7 blk/min 7.3 abiHit 57 supHit 32 | hunter 5/11 hard 1/1 zoner 1/1 idle 1/1 sov fast 2/2 expert 1/1 turtle 1/1 aerial 1/1 | roll 1.9s upd 6.9s
[brain] it 5698 [league 67%] R/ep 13.74 ent 1.99 kl 0.009 | hit/swing 51% dj/min 26.2 blk/min 9.8 abiHit 104 supHit 65 | switcher 1/1 idle 1/1 expert 3/3 hunter 5/8 sov fast 2/4 hard 2/2 hard x3 1/1 human 1/1 rushdown 1/1 sovereign 2/2 self 1/2 summoner 0/1 | roll 1.7s upd 7.5s
[brain] it 5699 [league 67%] R/ep 9.97 ent 2.06 kl 0.009 | hit/swing 38% dj/min 28.9 blk/min 8.6 abiHit 109 supHit 53 | expert 3/3 sov fast 2/3 hard 3/3 hunter 3/9 easy 1/1 self 1/2 summoner 0/1 hard x3 1/2 turtle 1/1 expert x2 1/1 medium 1/1 | roll 1.9s upd 7.0s
[brain] it 5700 [league 69%] R/ep 6.52 ent 2.14 kl 0.007 | hit/swing 43% dj/min 34.0 blk/min 10.6 abiHit 38 supHit 30 | hunter 3/11 hard 2/2 self 1/3 expert 2/2 sovereign 3/3 aerial 0/1 sov fast 1/1 | roll 2.1s upd 8.3s
[brain] it 5701 [league 68%] R/ep 7.20 ent 2.10 kl 0.007 | hit/swing 49% dj/min 32.7 blk/min 9.9 abiHit 47 supHit 28 | self 1/3 sov fast 2/3 counter 1/1 hunter 4/7 switcher 1/1 expert 1/1 sovereign 2/3 | roll 6.2s upd 6.6s
[brain] it 5702 [league 66%] R/ep 7.61 ent 2.16 kl 0.009 | hit/swing 35% dj/min 32.0 blk/min 8.0 abiHit 44 supHit 31 | sov fast 2/4 hunter 2/4 self 1/2 summoner 1/1 zoner 1/1 easy 2/2 sovereign 0/2 rushdown 2/2 hard 1/1 | roll 5.8s upd 8.7s
[brain] it 5703 [league 66%] R/ep 10.37 ent 2.08 kl 0.008 | hit/swing 47% dj/min 33.8 blk/min 8.9 abiHit 56 supHit 37 | zoner 1/1 easy 1/1 switcher 0/1 turtle 1/1 hunter 4/8 sovereign 1/1 aerial 1/1 self 2/2 hard x3 0/2 sov fast 1/2 | roll 6.5s upd 14.5s
[brain] it 5704 [league 67%] R/ep 10.47 ent 2.20 kl 0.010 | hit/swing 41% dj/min 32.0 blk/min 5.8 abiHit 68 supHit 51 | sov fast 5/6 hunter 5/7 idle 1/1 self 3/3 sovereign 2/3 easy 1/1 turtle 1/1 expert 3/3 human 1/1 | roll 2.8s upd 24.8s
[brain] it 5705 [league 67%] R/ep 9.00 ent 2.02 kl 0.008 | hit/swing 53% dj/min 27.2 blk/min 8.8 abiHit 62 supHit 44 | summoner 2/2 hunter 2/10 easy 1/1 expert x2 1/1 sovereign 1/2 aerial 1/1 self 3/3 expert 1/1 idle 1/1 medium 1/1 switcher 1/1 sov fast 1/1 | roll 3.0s upd 22.7s
[brain] it 5706 [league 67%] R/ep 8.48 ent 2.25 kl 0.008 | hit/swing 40% dj/min 34.8 blk/min 10.0 abiHit 51 supHit 33 | hunter 6/13 sovereign 1/1 hard x3 0/1 sov fast 2/2 easy 1/1 hard 1/1 idle 1/1 rushdown 1/1 | roll 3.6s upd 17.7s
[brain] it 5707 [league 69%] R/ep 7.76 ent 2.28 kl 0.007 | hit/swing 40% dj/min 36.4 blk/min 8.3 abiHit 40 supHit 26 | self 1/3 hunter 4/8 sovereign 3/3 easy 1/1 counter 1/1 idle 1/1 sov fast 2/2 | roll 2.3s upd 12.8s
[brain] it 5708 [league 70%] R/ep 10.14 ent 2.21 kl 0.008 | hit/swing 46% dj/min 31.1 blk/min 6.8 abiHit 59 supHit 49 | sov fast 2/4 expert 1/1 hunter 6/8 self 0/2 sovereign 3/5 easy 1/1 switcher 1/1 medium 2/2 idle 2/2 turtle 1/1 | roll 2.7s upd 11.4s
[brain] it 5709 [league 70%] R/ep 10.20 ent 2.14 kl 0.008 | hit/swing 36% dj/min 33.7 blk/min 8.4 abiHit 64 supHit 37 | self 4/4 hunter 4/9 sovereign 2/3 zoner 1/1 aerial 1/1 expert 2/2 easy 2/2 sov fast 0/1 hard 1/1 switcher 1/1 | roll 2.5s upd 13.9s
[brain] it 5710 [league 69%] R/ep 7.35 ent 2.29 kl 0.008 | hit/swing 40% dj/min 36.0 blk/min 9.4 abiHit 52 supHit 30 | summoner 1/1 hunter 4/7 expert 1/1 sov fast 4/4 hard 1/1 self 0/2 medium 1/1 zoner 1/1 sovereign 1/3 | roll 2.5s upd 11.7s
[brain] it 5711 [league 70%] R/ep 12.96 ent 2.13 kl 0.007 | hit/swing 45% dj/min 31.3 blk/min 6.2 abiHit 94 supHit 42 | sovereign 5/5 hunter 7/9 aerial 1/1 self 1/1 idle 1/1 sov fast 2/2 hard 1/1 hard x3 0/1 summoner 1/1 expert 1/1 medium 1/1 | roll 2.6s upd 12.2s
[brain] it 5712 [league 71%] R/ep 6.65 ent 2.15 kl 0.008 | hit/swing 43% dj/min 33.0 blk/min 10.4 abiHit 68 supHit 50 | hunter 7/14 expert 3/3 self 2/3 sov fast 3/4 easy 1/1 sovereign 2/2 switcher 1/1 | roll 2.5s upd 10.7s
[brain] it 5713 [league 70%] R/ep 11.25 ent 2.14 kl 0.008 | hit/swing 50% dj/min 32.2 blk/min 8.3 abiHit 100 supHit 50 | sovereign 2/3 medium 1/1 zoner 1/1 human 1/2 sov fast 1/3 self 1/3 hunter 5/8 turtle 1/1 expert x2 1/1 easy 1/1 idle 1/1 expert 1/1 hard x3 1/1 | roll 2.3s upd 10.7s
[brain] it 5714 [league 71%] R/ep 12.52 ent 2.10 kl 0.007 | hit/swing 49% dj/min 30.3 blk/min 10.2 abiHit 72 supHit 47 | rushdown 2/2 summoner 2/2 turtle 1/1 hunter 4/7 human 2/2 sov fast 1/2 sovereign 2/2 aerial 1/1 self 0/1 expert 1/1 hard x3 1/1 | roll 2.1s upd 14.1s
[brain] it 5715 [league 72%] R/ep 13.10 ent 2.19 kl 0.008 | hit/swing 42% dj/min 33.8 blk/min 7.1 abiHit 87 supHit 48 | hunter 8/12 sovereign 2/2 idle 1/1 hard 2/2 expert x2 1/1 medium 2/2 sov fast 1/1 hard x3 1/1 aerial 1/1 | roll 2.7s upd 15.7s
[brain] it 5716 [league 73%] R/ep 7.49 ent 2.15 kl 0.008 | hit/swing 45% dj/min 30.0 blk/min 8.3 abiHit 71 supHit 38 | hunter 2/9 expert 2/2 easy 3/3 sov fast 1/4 rushdown 1/1 sovereign 2/2 summoner 1/1 self 1/2 hard 2/2 turtle 1/1 | roll 2.7s upd 13.4s
[brain] it 5717 [league 72%] R/ep 12.56 ent 2.14 kl 0.009 | hit/swing 50% dj/min 30.3 blk/min 9.1 abiHit 72 supHit 45 | rushdown 2/2 zoner 1/1 hunter 4/9 sov fast 0/1 aerial 2/2 summoner 2/2 hard 1/1 easy 1/1 expert 1/1 hard x3 1/1 sovereign 0/1 | roll 2.3s upd 10.6s
[brain] it 5718 [league 71%] R/ep 11.13 ent 2.24 kl 0.007 | hit/swing 62% dj/min 34.6 blk/min 9.6 abiHit 66 supHit 39 | hunter 7/10 easy 1/1 counter 2/2 hard 1/1 sov fast 0/1 hard x3 1/1 sovereign 0/2 expert x2 1/1 expert 1/1 summoner 1/1 | roll 2.1s upd 8.5s
[brain] it 5719 [league 72%] R/ep 11.66 ent 2.09 kl 0.010 | hit/swing 45% dj/min 30.1 blk/min 8.7 abiHit 61 supHit 51 | hunter 5/10 idle 1/1 hard x3 0/1 counter 2/2 sov fast 3/3 self 3/3 sovereign 1/2 zoner 2/2 easy 1/1 expert 1/1 expert x2 1/1 | roll 2.0s upd 8.6s
[brain] it 5720 [league 71%] R/ep 12.31 ent 2.15 kl 0.007 | hit/swing 48% dj/min 31.3 blk/min 6.5 abiHit 86 supHit 48 | hunter 6/9 hard x3 2/2 expert 3/3 idle 1/1 sovereign 1/3 medium 1/1 sov fast 3/3 self 0/1 hard 1/1 | roll 1.9s upd 7.9s
[brain] it 5721 [league 71%] R/ep 9.44 ent 2.12 kl 0.009 | hit/swing 43% dj/min 33.6 blk/min 11.4 abiHit 52 supHit 39 | sov fast 1/1 self 2/3 hunter 5/10 switcher 0/1 expert 1/1 easy 1/1 idle 1/1 aerial 1/2 human 1/2 summoner 1/1 | roll 2.1s upd 7.6s
[brain] it 5722 [league 69%] R/ep 7.45 ent 2.26 kl 0.008 | hit/swing 35% dj/min 35.3 blk/min 9.0 abiHit 68 supHit 30 | self 0/2 hunter 7/12 sovereign 0/2 turtle 1/1 hard 3/3 sov fast 2/2 aerial 0/1 | roll 2.2s upd 7.7s
[brain] it 5723 [league 69%] R/ep 7.89 ent 2.26 kl 0.009 | hit/swing 34% dj/min 36.8 blk/min 8.3 abiHit 61 supHit 42 | hunter 2/10 idle 1/1 zoner 1/1 self 1/3 turtle 1/1 sov fast 3/3 human 1/1 hard 1/1 rushdown 1/1 switcher 1/1 aerial 1/1 | roll 1.9s upd 7.6s
[brain] it 5724 [league 67%] R/ep 9.35 ent 2.19 kl 0.009 | hit/swing 57% dj/min 33.1 blk/min 9.4 abiHit 53 supHit 32 | zoner 2/2 hunter 4/10 switcher 1/1 self 1/2 sov fast 1/1 hard x3 1/1 expert 2/2 sovereign 1/3 summoner 1/1 easy 2/2 | roll 1.9s upd 7.0s
[brain] it 5725 [league 68%] R/ep 12.88 ent 1.98 kl 0.008 | hit/swing 58% dj/min 29.7 blk/min 11.5 abiHit 68 supHit 62 | sovereign 3/4 idle 2/2 hunter 7/12 expert x2 1/1 sov fast 2/2 hard x3 2/2 self 2/3 summoner 1/1 easy 1/1 switcher 1/1 | roll 1.8s upd 6.8s
[brain] it 5726 [league 68%] R/ep 6.73 ent 2.16 kl 0.007 | hit/swing 42% dj/min 31.8 blk/min 9.3 abiHit 58 supHit 37 | self 1/2 hunter 0/11 sovereign 2/3 expert 1/1 sov fast 4/4 hard 1/1 summoner 1/1 zoner 1/1 rushdown 1/1 medium 1/1 expert x2 1/1 | roll 1.9s upd 6.7s
[brain] it 5727 [league 68%] R/ep 11.28 ent 2.14 kl 0.007 | hit/swing 37% dj/min 31.2 blk/min 8.6 abiHit 82 supHit 40 | counter 2/3 sovereign 3/3 hunter 6/9 self 1/2 aerial 2/2 sov fast 2/2 rushdown 1/1 turtle 1/1 expert 1/1 | roll 1.9s upd 7.3s
[brain] it 5728 [league 69%] R/ep 10.96 ent 2.15 kl 0.009 | hit/swing 32% dj/min 30.8 blk/min 7.0 abiHit 99 supHit 35 | counter 1/1 sovereign 2/3 expert 4/4 easy 2/2 self 2/3 hunter 4/7 sov fast 2/2 summoner 1/1 | roll 1.7s upd 6.8s
[brain] it 5729 [league 70%] R/ep 9.79 ent 2.11 kl 0.008 | hit/swing 57% dj/min 29.0 blk/min 9.7 abiHit 77 supHit 43 | sovereign 4/5 human 1/1 sov fast 3/4 idle 1/1 hunter 5/10 self 0/1 medium 1/1 aerial 1/1 expert 1/1 | roll 1.8s upd 6.8s
[brain] it 5730 [league 71%] R/ep 10.41 ent 2.08 kl 0.008 | hit/swing 49% dj/min 29.6 blk/min 10.2 abiHit 70 supHit 63 | expert x2 2/2 sovereign 3/3 hunter 4/10 self 2/6 expert 2/2 rushdown 2/2 switcher 1/1 zoner 2/2 medium 1/1 hard 1/1 aerial 1/1 | roll 1.9s upd 7.3s
[brain] it 5731 [league 71%] R/ep 12.61 ent 2.01 kl 0.007 | hit/swing 56% dj/min 31.2 blk/min 10.4 abiHit 60 supHit 64 | hunter 10/14 expert x2 2/2 expert 2/2 sovereign 2/3 hard x3 1/1 sov fast 3/3 easy 1/1 self 1/1 | roll 1.9s upd 7.3s
[brain] it 5732 [league 72%] R/ep 5.70 ent 2.25 kl 0.009 | hit/swing 39% dj/min 34.5 blk/min 9.6 abiHit 36 supHit 18 | expert 1/1 sov fast 1/1 hunter 4/9 sovereign 1/1 self 3/3 switcher 1/1 easy 1/1 hard x3 0/1 | roll 2.1s upd 6.9s
[brain] it 5733 [league 72%] R/ep 10.49 ent 2.20 kl 0.006 | hit/swing 47% dj/min 33.4 blk/min 9.5 abiHit 65 supHit 37 | sov fast 1/1 idle 2/2 hunter 4/7 sovereign 3/3 switcher 1/1 expert 1/1 summoner 2/2 hard 1/1 aerial 0/1 self 1/3 | roll 2.0s upd 7.3s
[brain] it 5734 [league 72%] R/ep 10.46 ent 2.21 kl 0.008 | hit/swing 34% dj/min 31.4 blk/min 8.6 abiHit 72 supHit 48 | expert x2 2/2 hunter 8/11 expert 3/4 sovereign 2/2 idle 1/1 rushdown 1/1 sov fast 0/1 human 1/1 hard 1/1 turtle 1/1 self 0/2 | roll 1.8s upd 7.3s
[brain] it 5735 [league 72%] R/ep 10.39 ent 2.17 kl 0.007 | hit/swing 48% dj/min 32.9 blk/min 8.5 abiHit 55 supHit 37 | sov fast 2/2 hunter 8/11 self 2/4 aerial 1/2 medium 2/2 sovereign 1/1 counter 1/1 switcher 1/1 rushdown 1/1 | roll 2.0s upd 6.8s
[brain] it 5736 [league 70%] R/ep 9.93 ent 2.17 kl 0.008 | hit/swing 45% dj/min 31.3 blk/min 7.6 abiHit 49 supHit 39 | sovereign 2/4 hard 1/1 hunter 6/8 self 1/3 zoner 1/1 sov fast 3/3 easy 1/1 human 0/1 expert 1/1 | roll 1.7s upd 6.7s
[brain] it 5737 [league 72%] R/ep 7.69 ent 2.10 kl 0.010 | hit/swing 52% dj/min 31.4 blk/min 10.1 abiHit 61 supHit 44 | sov fast 3/4 self 2/3 easy 1/1 switcher 1/1 hunter 2/10 sovereign 2/2 idle 1/1 turtle 1/1 summoner 1/1 expert 1/1 | roll 1.9s upd 6.8s
[brain] it 5738 [league 71%] R/ep 5.13 ent 2.33 kl 0.007 | hit/swing 34% dj/min 36.9 blk/min 8.3 abiHit 40 supHit 28 | hunter 3/11 sovereign 2/3 sov fast 4/4 self 1/2 counter 1/1 medium 1/1 | roll 2.0s upd 7.3s
[brain] it 5739 [league 71%] R/ep 11.86 ent 2.08 kl 0.010 | hit/swing 58% dj/min 30.4 blk/min 9.1 abiHit 83 supHit 54 | self 3/3 hunter 5/10 hard x3 1/2 sovereign 1/1 sov fast 4/4 expert 2/2 summoner 1/1 aerial 1/1 medium 1/1 | roll 1.8s upd 6.8s
[brain] it 5740 [league 70%] R/ep 10.90 ent 2.09 kl 0.008 | hit/swing 49% dj/min 30.3 blk/min 9.0 abiHit 96 supHit 49 | summoner 1/1 aerial 2/2 hunter 4/8 sovereign 1/2 self 1/2 expert 1/1 medium 2/2 rushdown 1/1 expert x2 0/1 sov fast 1/1 hard x3 1/1 switcher 1/1 | roll 1.7s upd 6.8s
[brain] it 5741 [league 69%] R/ep 7.12 ent 2.31 kl 0.008 | hit/swing 35% dj/min 35.5 blk/min 7.8 abiHit 55 supHit 32 | sov fast 3/4 sovereign 1/3 summoner 1/1 human 1/1 switcher 0/1 hunter 4/5 hard 1/1 easy 2/2 aerial 1/1 hard x3 0/1 | roll 1.7s upd 6.6s
[brain] it 5742 [league 70%] R/ep 8.04 ent 2.27 kl 0.010 | hit/swing 32% dj/min 36.3 blk/min 8.1 abiHit 75 supHit 33 | switcher 2/2 hard x3 0/1 sovereign 3/3 hunter 6/12 self 1/1 human 1/1 sov fast 2/2 expert 1/1 medium 1/1 | roll 1.9s upd 7.3s
[brain] it 5743 [league 70%] R/ep 12.91 ent 2.08 kl 0.010 | hit/swing 54% dj/min 31.1 blk/min 9.0 abiHit 77 supHit 61 | expert x2 2/3 sov fast 1/2 hunter 5/9 easy 2/2 sovereign 2/3 human 1/2 turtle 1/1 self 1/2 zoner 1/1 hard x3 1/1 idle 2/2 | roll 1.7s upd 6.7s
[brain] it 5744 [league 71%] R/ep 10.02 ent 2.04 kl 0.008 | hit/swing 45% dj/min 32.2 blk/min 8.9 abiHit 78 supHit 44 | sovereign 2/3 hunter 4/8 sov fast 2/2 easy 1/1 hard x3 0/1 self 2/3 switcher 1/1 counter 1/1 idle 1/1 expert 3/3 aerial 1/1 | roll 1.7s upd 6.6s
[brain] it 5745 [league 70%] R/ep 8.99 ent 2.23 kl 0.006 | hit/swing 42% dj/min 33.7 blk/min 8.7 abiHit 75 supHit 50 | hunter 6/9 self 2/3 sov fast 3/5 rushdown 1/1 hard 2/2 sovereign 1/2 medium 1/1 zoner 1/1 idle 1/1 human 1/1 | roll 1.8s upd 6.9s
[brain] it 5746 [league 69%] R/ep 9.68 ent 2.10 kl 0.007 | hit/swing 46% dj/min 30.6 blk/min 8.5 abiHit 72 supHit 37 | hunter 5/9 expert x2 1/1 idle 2/2 sovereign 1/2 easy 2/2 sov fast 1/3 rushdown 1/1 zoner 1/1 self 0/1 counter 1/1 human 1/1 | roll 1.7s upd 7.0s
[brain] it 5747 [league 68%] R/ep 11.48 ent 2.06 kl 0.006 | hit/swing 51% dj/min 25.9 blk/min 8.9 abiHit 74 supHit 46 | hunter 4/9 idle 3/3 summoner 1/1 sovereign 2/3 sov fast 3/3 easy 2/2 turtle 1/1 expert 2/2 zoner 2/2 switcher 1/1 self 0/1 expert x2 1/1 human 1/1 | roll 1.9s upd 6.9s
[brain] it 5748 [league 68%] R/ep 10.58 ent 2.15 kl 0.009 | hit/swing 47% dj/min 33.1 blk/min 9.6 abiHit 49 supHit 53 | self 1/2 sov fast 2/4 hard 1/1 hunter 3/9 aerial 2/2 expert 1/1 medium 2/2 zoner 1/1 expert x2 1/1 rushdown 0/1 sovereign 1/1 | roll 1.7s upd 6.6s
[brain] it 5749 [league 68%] R/ep 8.55 ent 2.20 kl 0.009 | hit/swing 46% dj/min 34.1 blk/min 6.8 abiHit 79 supHit 28 | counter 0/1 hunter 3/7 sovereign 0/1 idle 2/2 rushdown 1/1 turtle 1/1 switcher 1/1 self 2/2 expert 2/2 sov fast 1/1 | roll 1.9s upd 7.5s
[brain] it 5750 [league 68%] R/ep 14.49 ent 2.05 kl 0.008 | hit/swing 48% dj/min 30.7 blk/min 10.2 abiHit 89 supHit 55 | turtle 2/2 easy 1/1 summoner 1/1 sov fast 2/2 hard x3 1/1 hunter 7/10 medium 1/1 aerial 1/1 self 2/2 zoner 1/1 idle 1/1 counter 0/1 | roll 1.8s upd 6.8s
[brain] it 5751 [league 68%] R/ep 8.19 ent 2.18 kl 0.006 | hit/swing 37% dj/min 31.3 blk/min 6.4 abiHit 96 supHit 47 | hunter 4/11 expert x2 1/1 expert 4/4 sov fast 2/3 sovereign 2/3 rushdown 1/1 easy 2/2 switcher 1/1 | roll 1.8s upd 6.7s
[brain] it 5752 [league 69%] R/ep 8.60 ent 2.11 kl 0.007 | hit/swing 47% dj/min 30.9 blk/min 9.3 abiHit 77 supHit 36 | hunter 7/13 sovereign 1/1 easy 2/2 medium 3/3 expert x2 1/1 sov fast 1/2 expert 1/1 self 1/1 human 1/1 zoner 1/1 | roll 1.8s upd 7.3s
[brain] it 5753 [league 69%] R/ep 7.82 ent 2.30 kl 0.006 | hit/swing 37% dj/min 36.2 blk/min 8.1 abiHit 36 supHit 28 | sov fast 0/1 expert 1/1 counter 1/1 hunter 6/11 expert x2 1/1 self 0/2 summoner 1/1 switcher 1/1 | roll 1.9s upd 7.0s
[brain] it 5754 [league 71%] R/ep 10.10 ent 2.20 kl 0.007 | hit/swing 42% dj/min 33.6 blk/min 11.1 abiHit 57 supHit 36 | rushdown 0/1 self 1/3 hunter 5/11 sovereign 2/2 expert 3/3 hard x3 1/1 | roll 1.9s upd 7.7s
[brain] it 5755 [league 71%] R/ep 10.16 ent 2.08 kl 0.005 | hit/swing 50% dj/min 32.4 blk/min 10.6 abiHit 71 supHit 52 | sov fast 2/2 self 0/1 hunter 8/12 sovereign 1/1 summoner 1/1 rushdown 1/3 hard 2/2 counter 1/1 switcher 1/1 | roll 1.9s upd 7.6s
[brain] it 5756 [league 69%] R/ep 9.26 ent 2.28 kl 0.009 | hit/swing 42% dj/min 34.3 blk/min 6.5 abiHit 59 supHit 31 | expert 3/3 self 0/1 hunter 2/7 summoner 2/2 medium 1/1 idle 1/1 easy 1/1 sovereign 0/2 expert x2 1/1 sov fast 2/2 turtle 1/1 | roll 1.6s upd 7.6s
[brain] it 5757 [league 69%] R/ep 9.85 ent 2.13 kl 0.008 | hit/swing 49% dj/min 31.7 blk/min 10.5 abiHit 69 supHit 54 | sovereign 6/7 hunter 4/10 easy 1/1 medium 1/1 hard x3 1/1 human 2/2 self 0/1 sov fast 2/2 rushdown 1/1 zoner 1/1 | roll 2.0s upd 8.0s
[brain] it 5758 [league 68%] R/ep 9.14 ent 2.10 kl 0.008 | hit/swing 47% dj/min 31.6 blk/min 10.9 abiHit 57 supHit 41 | hunter 7/13 sov fast 3/3 sovereign 0/1 expert 1/1 self 1/2 switcher 2/2 human 1/1 hard 1/1 | roll 1.9s upd 8.5s
[brain] it 5759 [league 67%] R/ep 10.61 ent 2.09 kl 0.011 | hit/swing 54% dj/min 33.3 blk/min 7.5 abiHit 80 supHit 63 | sov fast 4/6 expert 2/2 self 2/3 hunter 8/11 zoner 2/2 sovereign 2/3 switcher 1/1 hard x3 1/1 human 1/1 | roll 1.9s upd 7.2s
[brain] it 5760 [league 66%] R/ep 13.24 ent 2.14 kl 0.009 | hit/swing 57% dj/min 31.3 blk/min 8.7 abiHit 69 supHit 49 | idle 2/2 hunter 5/9 self 1/2 human 2/2 easy 1/1 sovereign 1/2 counter 2/2 expert 2/2 sov fast 3/3 summoner 1/1 switcher 1/1 turtle 1/1 expert x2 1/1 | roll 1.8s upd 7.1s
[brain] it 5761 [league 66%] R/ep 10.55 ent 2.16 kl 0.010 | hit/swing 47% dj/min 32.1 blk/min 10.7 abiHit 48 supHit 29 | hunter 8/12 aerial 1/1 sovereign 1/1 human 0/1 turtle 1/1 expert 1/1 self 1/2 rushdown 0/1 hard 1/1 | roll 1.8s upd 6.9s
[brain] it 5762 [league 68%] R/ep 12.41 ent 2.09 kl 0.007 | hit/swing 63% dj/min 28.7 blk/min 10.9 abiHit 94 supHit 44 | turtle 1/1 hunter 6/9 sov fast 2/3 idle 2/2 counter 1/1 medium 2/2 easy 1/1 summoner 1/1 switcher 0/1 sovereign 2/2 self 0/2 expert 1/1 zoner 1/1 hard x3 1/1 | roll 1.7s upd 7.2s
[brain] it 5763 [league 68%] R/ep 9.19 ent 2.15 kl 0.007 | hit/swing 44% dj/min 32.7 blk/min 9.6 abiHit 67 supHit 43 | medium 1/1 hard 1/1 sov fast 3/3 hunter 6/10 self 1/3 summoner 4/4 hard x3 1/1 sovereign 1/2 expert 0/1 | roll 1.9s upd 7.2s
[brain] it 5764 [league 70%] R/ep 7.80 ent 2.20 kl 0.008 | hit/swing 41% dj/min 34.5 blk/min 9.4 abiHit 50 supHit 42 | hunter 3/11 rushdown 1/1 expert 1/1 sov fast 1/1 counter 2/2 sovereign 3/4 expert x2 1/1 self 1/1 zoner 1/1 | roll 1.8s upd 7.0s
[brain] it 5765 [league 73%] R/ep 8.95 ent 2.08 kl 0.008 | hit/swing 54% dj/min 30.8 blk/min 7.4 abiHit 65 supHit 52 | sovereign 7/9 sov fast 0/2 hunter 4/10 expert 1/1 turtle 2/2 human 1/1 counter 2/2 expert x2 1/1 hard 1/1 | roll 2.0s upd 7.6s
[brain] it 5766 [league 73%] R/ep 6.65 ent 2.20 kl 0.009 | hit/swing 37% dj/min 33.7 blk/min 9.1 abiHit 79 supHit 36 | hunter 4/9 self 1/3 expert 2/2 sovereign 2/3 rushdown 1/1 sov fast 3/3 expert x2 0/1 | roll 1.8s upd 6.6s
[brain] it 5767 [league 72%] R/ep 11.01 ent 2.20 kl 0.007 | hit/swing 44% dj/min 33.3 blk/min 7.2 abiHit 79 supHit 39 | hunter 1/5 sov fast 3/3 self 3/3 switcher 2/2 sovereign 2/4 expert 1/1 medium 1/1 human 1/1 hard 3/3 idle 1/1 summoner 1/1 | roll 1.8s upd 6.8s
[brain] it 5768 [league 71%] R/ep 7.38 ent 2.20 kl 0.008 | hit/swing 37% dj/min 34.3 blk/min 9.6 abiHit 60 supHit 44 | hunter 6/11 sovereign 2/3 sov fast 1/3 self 2/3 hard 2/2 easy 1/1 hard x3 0/1 | roll 1.7s upd 6.7s
[brain] it 5769 [league 71%] R/ep 10.11 ent 2.21 kl 0.009 | hit/swing 38% dj/min 34.4 blk/min 10.8 abiHit 75 supHit 41 | medium 1/1 turtle 1/1 hunter 2/10 self 3/4 idle 2/2 expert 2/2 sovereign 1/1 expert x2 1/1 hard 1/1 hard x3 1/1 | roll 2.0s upd 7.2s
[brain] it 5770 [league 72%] R/ep 10.71 ent 2.09 kl 0.008 | hit/swing 46% dj/min 31.7 blk/min 10.8 abiHit 62 supHit 37 | sovereign 3/3 hunter 8/13 self 2/2 sov fast 1/1 expert x2 1/1 aerial 1/1 summoner 1/1 | roll 1.6s upd 6.3s
[brain] it 5771 [league 71%] R/ep 9.79 ent 2.22 kl 0.010 | hit/swing 37% dj/min 32.8 blk/min 8.0 abiHit 93 supHit 39 | self 3/4 expert 2/2 hunter 3/7 hard x3 1/3 sov fast 2/3 sovereign 0/1 expert x2 1/1 easy 1/1 | roll 1.7s upd 6.7s
[brain] it 5772 [league 69%] R/ep 10.24 ent 2.17 kl 0.008 | hit/swing 56% dj/min 31.1 blk/min 8.1 abiHit 74 supHit 40 | counter 2/2 self 2/3 medium 1/1 zoner 1/1 sovereign 2/4 hunter 3/6 expert x2 0/1 hard x3 0/2 expert 1/1 idle 1/1 switcher 1/1 sov fast 0/1 | roll 1.6s upd 6.7s
[brain] it 5773 [league 69%] R/ep 10.84 ent 2.20 kl 0.009 | hit/swing 55% dj/min 33.2 blk/min 9.8 abiHit 70 supHit 33 | human 2/2 summoner 0/1 hard x3 1/1 hunter 4/9 self 3/4 hard 3/3 idle 1/1 | roll 1.7s upd 7.2s
[brain] it 5774 [league 70%] R/ep 14.33 ent 2.12 kl 0.008 | hit/swing 45% dj/min 30.2 blk/min 6.6 abiHit 81 supHit 56 | zoner 1/1 sovereign 3/3 self 3/3 aerial 1/1 hunter 3/6 expert 2/2 idle 2/2 counter 1/1 turtle 1/1 easy 3/3 sov fast 2/2 summoner 2/2 | roll 1.8s upd 7.2s
[brain] it 5775 [league 69%] R/ep 11.13 ent 2.13 kl 0.009 | hit/swing 47% dj/min 31.9 blk/min 9.4 abiHit 69 supHit 59 | expert 1/1 self 1/4 sov fast 2/2 hunter 2/8 zoner 1/1 sovereign 2/3 hard x3 2/2 expert x2 2/2 idle 1/1 easy 1/1 rushdown 1/1 | roll 2.0s upd 7.6s
[brain] it 5776 [league 68%] R/ep 11.81 ent 2.13 kl 0.009 | hit/swing 50% dj/min 30.5 blk/min 9.1 abiHit 94 supHit 54 | sovereign 1/2 hunter 3/8 summoner 1/1 expert 2/2 switcher 1/1 hard x3 2/2 sov fast 3/3 expert x2 1/1 hard 1/1 idle 1/1 self 0/1 rushdown 1/1 aerial 1/1 | roll 1.8s upd 7.6s
[brain] it 5777 [league 69%] R/ep 10.85 ent 2.11 kl 0.010 | hit/swing 48% dj/min 30.8 blk/min 8.0 abiHit 68 supHit 45 | hunter 5/10 zoner 2/2 sov fast 1/2 expert 1/1 hard x3 1/2 self 1/1 sovereign 2/3 summoner 1/1 hard 1/1 easy 1/1 rushdown 1/1 | roll 1.7s upd 6.9s
[brain] it 5778 [league 68%] R/ep 10.86 ent 2.25 kl 0.008 | hit/swing 53% dj/min 32.2 blk/min 10.2 abiHit 64 supHit 27 | expert x2 1/1 sovereign 0/1 sov fast 3/3 easy 2/2 turtle 2/2 hunter 7/11 self 1/1 summoner 1/1 hard 1/1 | roll 1.8s upd 7.5s
[brain] it 5779 [league 68%] R/ep 10.90 ent 2.16 kl 0.008 | hit/swing 42% dj/min 34.6 blk/min 8.9 abiHit 57 supHit 40 | hunter 8/10 sovereign 1/1 expert x2 1/1 self 1/2 idle 1/1 sov fast 2/2 aerial 1/1 medium 1/1 counter 0/1 | roll 1.8s upd 7.0s
[brain] it 5780 [league 69%] R/ep 6.73 ent 2.16 kl 0.008 | hit/swing 46% dj/min 29.8 blk/min 7.0 abiHit 79 supHit 40 | sov fast 3/5 hunter 1/8 sovereign 4/4 self 0/1 human 2/2 idle 3/3 hard 1/1 easy 1/1 counter 1/1 | roll 1.8s upd 6.9s
[brain] it 5781 [league 67%] R/ep 9.91 ent 2.19 kl 0.008 | hit/swing 38% dj/min 35.1 blk/min 8.4 abiHit 58 supHit 33 | hunter 6/10 self 3/3 hard 1/1 idle 1/1 sovereign 0/2 zoner 1/1 turtle 2/2 summoner 1/1 | roll 1.8s upd 7.0s
[brain] it 5782 [league 68%] R/ep 9.05 ent 2.20 kl 0.008 | hit/swing 41% dj/min 32.4 blk/min 6.8 abiHit 84 supHit 39 | self 4/6 hunter 3/5 expert 3/3 sovereign 2/3 sov fast 1/2 idle 1/1 easy 1/1 summoner 1/1 hard x3 1/1 | roll 1.8s upd 7.5s
[brain] it 5783 [league 69%] R/ep 9.57 ent 2.15 kl 0.007 | hit/swing 52% dj/min 31.7 blk/min 9.2 abiHit 63 supHit 39 | idle 3/3 hunter 4/12 sovereign 3/3 self 1/1 hard x3 1/2 sov fast 1/2 hard 2/2 expert 1/1 medium 1/1 | roll 1.9s upd 6.9s
[brain] it 5784 [league 68%] R/ep 7.70 ent 2.15 kl 0.007 | hit/swing 48% dj/min 33.6 blk/min 8.0 abiHit 72 supHit 55 | sovereign 1/3 sov fast 4/6 switcher 1/1 expert 1/1 aerial 2/2 counter 0/1 hunter 3/8 easy 2/2 medium 1/1 self 0/1 | roll 2.0s upd 7.7s
[brain] it 5785 [league 68%] R/ep 9.68 ent 2.14 kl 0.007 | hit/swing 56% dj/min 29.7 blk/min 10.7 abiHit 71 supHit 40 | switcher 1/1 sovereign 1/2 hunter 3/11 hard 1/1 counter 0/1 expert x2 1/1 medium 1/1 summoner 1/1 hard x3 2/2 sov fast 1/2 expert 1/1 idle 1/1 | roll 1.8s upd 7.2s
[brain] it 5786 [league 67%] R/ep 12.56 ent 2.19 kl 0.007 | hit/swing 49% dj/min 32.1 blk/min 8.2 abiHit 66 supHit 42 | hard x3 2/3 hunter 1/5 expert 1/1 sovereign 0/1 rushdown 1/1 hard 2/2 counter 1/1 self 0/2 sov fast 2/2 turtle 1/1 human 1/1 easy 1/1 | roll 1.7s upd 7.3s
[brain] it 5787 [league 68%] R/ep 8.28 ent 2.19 kl 0.007 | hit/swing 36% dj/min 34.9 blk/min 8.0 abiHit 60 supHit 34 | expert 1/1 switcher 1/1 hunter 4/9 self 2/3 aerial 1/1 sovereign 3/4 sov fast 1/1 counter 1/1 expert x2 2/2 idle 1/1 | roll 1.8s upd 7.1s
[brain] it 5788 [league 68%] R/ep 10.53 ent 2.08 kl 0.008 | hit/swing 55% dj/min 29.4 blk/min 9.6 abiHit 64 supHit 53 | sovereign 1/2 hunter 7/12 turtle 2/2 medium 1/1 expert x2 2/2 summoner 1/1 aerial 1/1 expert 3/3 self 1/1 sov fast 0/1 idle 1/1 | roll 2.1s upd 8.1s
[brain] it 5789 [league 68%] R/ep 11.51 ent 2.16 kl 0.009 | hit/swing 47% dj/min 34.3 blk/min 9.1 abiHit 80 supHit 47 | hunter 3/5 medium 1/1 self 1/3 hard x3 1/1 sovereign 4/6 sov fast 4/4 easy 1/1 aerial 1/1 expert x2 1/1 rushdown 1/1 idle 1/1 human 0/1 | roll 2.0s upd 8.2s
[brain] it 5790 [league 68%] R/ep 4.58 ent 2.32 kl 0.007 | hit/swing 37% dj/min 38.8 blk/min 7.4 abiHit 54 supHit 48 | hunter 6/13 sovereign 3/3 switcher 1/1 sov fast 1/4 hard 1/1 expert 1/1 expert x2 1/1 rushdown 0/1 | roll 2.2s upd 7.9s
[brain] it 5791 [league 68%] R/ep 11.16 ent 2.16 kl 0.008 | hit/swing 57% dj/min 32.1 blk/min 9.6 abiHit 63 supHit 54 | hunter 4/10 aerial 0/1 hard x3 3/3 hard 1/1 sovereign 2/2 self 2/3 expert x2 1/1 sov fast 2/2 summoner 1/1 human 1/1 | roll 1.8s upd 7.0s
[brain] it 5792 [league 70%] R/ep 11.13 ent 2.09 kl 0.009 | hit/swing 56% dj/min 29.3 blk/min 9.7 abiHit 82 supHit 53 | sov fast 3/4 idle 2/2 zoner 2/2 medium 1/1 summoner 2/2 hunter 5/11 hard x3 1/2 sovereign 2/2 expert x2 1/1 counter 1/1 switcher 0/1 hard 1/1 | roll 1.7s upd 6.9s
[brain] it 5793 [league 70%] R/ep 9.33 ent 2.17 kl 0.006 | hit/swing 38% dj/min 36.4 blk/min 7.5 abiHit 68 supHit 26 | self 1/3 zoner 1/1 hunter 5/8 sovereign 1/1 sov fast 2/4 easy 1/1 expert x2 1/1 turtle 1/1 | roll 2.0s upd 7.3s
[brain] it 5794 [league 69%] R/ep 8.60 ent 2.21 kl 0.008 | hit/swing 39% dj/min 33.6 blk/min 6.3 abiHit 78 supHit 30 | self 2/4 counter 2/2 medium 1/1 hunter 5/7 sov fast 3/5 idle 1/1 sovereign 0/1 easy 1/1 expert 1/1 | roll 2.0s upd 7.0s
[brain] it 5795 [league 69%] R/ep 11.35 ent 2.03 kl 0.008 | hit/swing 45% dj/min 30.0 blk/min 10.9 abiHit 83 supHit 57 | idle 2/2 sov fast 3/3 hunter 4/8 self 1/4 medium 1/1 hard 2/2 rushdown 1/1 hard x3 1/1 expert x2 1/1 | roll 2.0s upd 6.9s
[brain] it 5796 [league 69%] R/ep 8.99 ent 2.12 kl 0.008 | hit/swing 38% dj/min 32.8 blk/min 9.0 abiHit 88 supHit 48 | hunter 5/10 sovereign 3/3 self 1/2 rushdown 2/2 expert 1/1 idle 2/2 sov fast 1/2 hard 2/2 easy 1/1 summoner 1/1 | roll 2.0s upd 6.8s
[brain] it 5797 [league 71%] R/ep 9.56 ent 2.14 kl 0.008 | hit/swing 47% dj/min 34.9 blk/min 10.3 abiHit 63 supHit 44 | sov fast 3/3 hunter 1/8 easy 1/1 hard 1/1 sovereign 3/3 aerial 2/2 self 2/3 hard x3 1/1 switcher 1/1 counter 1/1 | roll 1.8s upd 6.7s
[brain] it 5798 [league 71%] R/ep 8.20 ent 2.10 kl 0.008 | hit/swing 50% dj/min 30.5 blk/min 9.8 abiHit 75 supHit 50 | hunter 4/12 expert x2 2/2 turtle 1/1 summoner 1/1 sovereign 2/3 idle 1/1 hard 1/1 self 0/1 easy 2/2 sov fast 0/1 medium 1/1 | roll 1.8s upd 7.2s
[brain] it 5799 [league 71%] R/ep 7.54 ent 2.29 kl 0.007 | hit/swing 32% dj/min 36.0 blk/min 9.3 abiHit 61 supHit 34 | human 0/1 sovereign 1/2 hunter 4/10 sov fast 3/3 counter 1/1 aerial 1/1 summoner 1/1 hard 1/1 medium 1/1 | roll 1.8s upd 6.7s
[brain] it 5800 [league 71%] R/ep 9.68 ent 2.19 kl 0.008 | hit/swing 41% dj/min 33.5 blk/min 9.3 abiHit 73 supHit 47 | rushdown 1/1 sov fast 2/2 hunter 6/13 sovereign 3/3 expert 1/1 hard 1/1 counter 1/1 expert x2 1/1 self 1/1 summoner 1/1 | roll 2.0s upd 8.2s
[brain] it 5801 [league 72%] R/ep 12.96 ent 2.16 kl 0.010 | hit/swing 39% dj/min 32.9 blk/min 7.3 abiHit 82 supHit 49 | expert 2/2 sovereign 3/3 easy 1/1 hunter 3/8 expert x2 1/1 hard x3 1/1 idle 1/1 counter 1/1 sov fast 3/3 self 2/2 | roll 1.9s upd 6.8s
[brain] it 5802 [league 69%] R/ep 8.85 ent 2.19 kl 0.008 | hit/swing 46% dj/min 32.8 blk/min 8.2 abiHit 59 supHit 33 | hunter 5/10 expert 2/2 sovereign 0/4 easy 1/1 zoner 1/1 self 2/2 hard x3 1/1 turtle 1/1 idle 1/1 human 1/1 | roll 1.8s upd 6.7s
[brain] it 5803 [league 69%] R/ep 10.34 ent 2.14 kl 0.008 | hit/swing 44% dj/min 32.1 blk/min 9.4 abiHit 71 supHit 44 | easy 3/3 sov fast 3/4 self 1/2 hunter 5/9 sovereign 3/3 switcher 1/1 counter 1/1 expert 1/1 zoner 1/1 human 1/1 | roll 1.8s upd 7.2s
[brain] it 5804 [league 68%] R/ep 8.35 ent 2.12 kl 0.008 | hit/swing 47% dj/min 35.2 blk/min 7.7 abiHit 80 supHit 52 | sovereign 1/3 self 4/6 hard 1/1 hunter 6/7 expert 2/2 medium 2/2 sov fast 1/2 rushdown 1/1 human 1/1 | roll 1.8s upd 6.5s
[brain] it 5805 [league 69%] R/ep 7.78 ent 2.28 kl 0.007 | hit/swing 30% dj/min 38.3 blk/min 8.1 abiHit 82 supHit 23 | hunter 9/12 sov fast 0/1 summoner 1/1 sovereign 3/3 human 1/2 self 1/1 | roll 2.3s upd 7.3s
[brain] it 5806 [league 69%] R/ep 8.93 ent 2.12 kl 0.007 | hit/swing 33% dj/min 32.8 blk/min 9.3 abiHit 56 supHit 43 | hunter 6/10 sov fast 1/3 expert 1/1 self 1/3 counter 2/2 medium 2/2 hard 2/2 switcher 1/1 summoner 1/1 easy 1/1 | roll 1.7s upd 7.1s
[brain] it 5807 [league 70%] R/ep 9.74 ent 2.08 kl 0.007 | hit/swing 43% dj/min 30.5 blk/min 9.8 abiHit 72 supHit 46 | expert x2 1/1 aerial 1/1 hunter 4/10 self 3/3 idle 1/1 sov fast 1/1 sovereign 2/3 summoner 1/1 easy 1/1 switcher 1/1 counter 1/1 turtle 1/1 | roll 1.7s upd 6.8s
[brain] it 5808 [league 70%] R/ep 8.07 ent 2.15 kl 0.007 | hit/swing 45% dj/min 34.7 blk/min 9.9 abiHit 73 supHit 35 | hunter 4/10 aerial 0/1 self 2/3 sov fast 2/3 expert 2/3 switcher 2/2 zoner 2/2 human 1/1 medium 1/1 | roll 1.8s upd 7.6s
[brain] it 5809 [league 71%] R/ep 10.72 ent 2.07 kl 0.008 | hit/swing 50% dj/min 34.6 blk/min 11.3 abiHit 69 supHit 49 | hunter 9/15 self 3/3 sovereign 1/1 zoner 1/1 sov fast 2/2 rushdown 1/1 easy 1/1 expert 1/1 hard 1/1 | roll 2.0s upd 7.5s
[brain] it 5810 [league 71%] R/ep 10.68 ent 2.09 kl 0.006 | hit/swing 50% dj/min 28.9 blk/min 10.9 abiHit 84 supHit 62 | hunter 6/11 hard x3 1/1 sov fast 4/6 self 3/3 sovereign 1/1 hard 1/1 expert x2 1/1 easy 2/2 switcher 1/1 aerial 1/1 | roll 1.9s upd 7.8s
[brain] it 5811 [league 71%] R/ep 10.80 ent 2.13 kl 0.007 | hit/swing 44% dj/min 35.5 blk/min 10.6 abiHit 65 supHit 38 | hunter 10/16 easy 1/1 rushdown 1/1 sov fast 4/4 expert x2 1/1 self 1/2 expert 1/1 | roll 2.1s upd 8.5s
[brain] it 5812 [league 70%] R/ep 12.52 ent 2.04 kl 0.010 | hit/swing 47% dj/min 33.0 blk/min 9.5 abiHit 98 supHit 49 | hunter 12/13 sov fast 1/2 hard 4/4 sovereign 2/3 counter 0/1 medium 1/1 turtle 1/1 hard x3 1/1 summoner 1/1 | roll 2.2s upd 7.9s
[brain] it 5813 [league 71%] R/ep 11.16 ent 2.15 kl 0.009 | hit/swing 38% dj/min 33.6 blk/min 11.9 abiHit 73 supHit 41 | sov fast 2/2 hunter 5/11 sovereign 1/1 easy 2/2 medium 1/1 expert 1/1 hard x3 1/1 self 0/1 expert x2 1/1 summoner 1/1 | roll 1.7s upd 6.7s
[brain] it 5814 [league 71%] R/ep 10.71 ent 2.10 kl 0.008 | hit/swing 53% dj/min 32.8 blk/min 7.7 abiHit 85 supHit 41 | hunter 6/8 self 2/4 zoner 1/1 counter 1/1 sovereign 3/3 sov fast 1/3 idle 1/1 expert 2/2 turtle 1/1 easy 1/1 medium 1/1 | roll 1.9s upd 7.1s
[brain] it 5815 [league 72%] R/ep 10.43 ent 2.09 kl 0.008 | hit/swing 64% dj/min 30.1 blk/min 10.4 abiHit 92 supHit 41 | hunter 6/13 sovereign 2/2 counter 1/1 summoner 1/1 hard x3 2/2 expert 1/1 easy 1/1 sov fast 2/4 idle 1/1 self 0/1 rushdown 1/1 aerial 1/1 | roll 1.9s upd 6.9s
[brain] it 5816 [league 72%] R/ep 9.37 ent 2.17 kl 0.008 | hit/swing 51% dj/min 32.0 blk/min 10.6 abiHit 61 supHit 36 | self 1/3 hunter 3/8 turtle 2/2 sovereign 1/3 sov fast 1/2 expert 1/1 easy 1/1 idle 1/1 zoner 1/1 hard x3 1/1 | roll 1.7s upd 6.9s
[brain] it 5817 [league 72%] R/ep 7.01 ent 2.20 kl 0.008 | hit/swing 36% dj/min 33.3 blk/min 9.9 abiHit 54 supHit 33 | easy 1/1 hunter 5/13 hard 3/3 expert 1/1 self 0/2 sovereign 1/1 switcher 0/1 medium 2/2 rushdown 1/1 sov fast 1/1 | roll 1.8s upd 7.0s
[brain] it 5818 [league 72%] R/ep 8.93 ent 2.08 kl 0.006 | hit/swing 50% dj/min 31.8 blk/min 9.5 abiHit 56 supHit 52 | hunter 4/11 sovereign 2/2 self 3/4 counter 1/1 sov fast 2/4 rushdown 1/1 medium 3/3 expert 1/1 aerial 1/1 zoner 1/1 | roll 1.7s upd 6.7s
[brain] it 5819 [league 72%] R/ep 11.08 ent 2.13 kl 0.008 | hit/swing 40% dj/min 34.5 blk/min 9.5 abiHit 69 supHit 38 | hunter 8/12 medium 3/3 self 1/3 easy 1/1 aerial 2/2 sov fast 1/1 hard 1/1 | roll 1.8s upd 7.1s
[brain] it 5820 [league 73%] R/ep 7.67 ent 2.23 kl 0.009 | hit/swing 43% dj/min 35.5 blk/min 7.9 abiHit 55 supHit 20 | sovereign 3/3 hunter 7/13 self 0/2 expert 1/1 sov fast 1/1 counter 1/1 | roll 1.7s upd 8.3s
[brain] it 5821 [league 74%] R/ep 7.64 ent 2.13 kl 0.008 | hit/swing 53% dj/min 33.8 blk/min 9.3 abiHit 59 supHit 40 | hunter 6/12 rushdown 1/1 sov fast 1/1 hard x3 0/1 sovereign 3/4 self 1/2 counter 1/1 turtle 1/1 | roll 1.7s upd 6.3s
[brain] it 5822 [league 74%] R/ep 10.23 ent 2.14 kl 0.010 | hit/swing 47% dj/min 32.6 blk/min 5.1 abiHit 79 supHit 35 | sovereign 4/5 sov fast 4/4 hunter 6/10 switcher 1/1 idle 2/2 zoner 1/1 | roll 1.6s upd 9.1s
[brain] it 5823 [league 73%] R/ep 9.70 ent 2.12 kl 0.008 | hit/swing 44% dj/min 34.1 blk/min 8.2 abiHit 67 supHit 46 | summoner 1/1 easy 2/2 sov fast 1/2 aerial 1/1 hunter 10/15 sovereign 2/3 expert 3/3 expert x2 0/1 | roll 2.1s upd 7.7s
[brain] it 5824 [league 74%] R/ep 4.77 ent 2.16 kl 0.008 | hit/swing 44% dj/min 36.6 blk/min 9.2 abiHit 38 supHit 35 | hunter 4/12 self 2/2 sovereign 2/4 expert x2 1/1 sov fast 0/1 | roll 2.1s upd 8.4s
[brain] it 5825 [league 74%] R/ep 7.99 ent 2.23 kl 0.008 | hit/swing 33% dj/min 39.0 blk/min 8.6 abiHit 71 supHit 20 | hunter 8/12 sov fast 1/1 sovereign 1/1 idle 2/2 switcher 0/1 rushdown 1/1 counter 1/1 easy 1/1 self 0/1 | roll 2.0s upd 8.0s
[brain] it 5826 [league 74%] R/ep 9.23 ent 2.19 kl 0.009 | hit/swing 53% dj/min 30.8 blk/min 6.7 abiHit 83 supHit 35 | hunter 4/10 medium 1/1 sovereign 2/2 switcher 1/1 sov fast 2/2 idle 2/2 expert 4/4 turtle 1/1 self 2/2 | roll 2.1s upd 7.5s
[brain] it 5827 [league 75%] R/ep 12.10 ent 2.16 kl 0.005 | hit/swing 50% dj/min 35.6 blk/min 7.3 abiHit 87 supHit 49 | hunter 8/10 sovereign 3/4 medium 1/1 turtle 2/2 sov fast 2/2 hard x3 1/1 self 3/3 switcher 0/1 easy 1/1 | roll 1.7s upd 6.4s
[brain] it 5828 [league 76%] R/ep 7.93 ent 2.20 kl 0.008 | hit/swing 40% dj/min 35.4 blk/min 9.3 abiHit 62 supHit 29 | hunter 7/10 human 1/1 sov fast 2/2 turtle 1/1 self 0/2 expert 1/1 sovereign 2/3 switcher 1/1 | roll 2.1s upd 8.9s
[brain] it 5829 [league 76%] R/ep 10.10 ent 2.17 kl 0.007 | hit/swing 36% dj/min 35.8 blk/min 9.2 abiHit 52 supHit 29 | hunter 9/13 self 0/1 counter 1/1 switcher 1/1 sov fast 1/1 easy 1/1 sovereign 1/1 | roll 2.0s upd 8.2s
[brain] it 5830 [league 77%] R/ep 10.07 ent 2.13 kl 0.007 | hit/swing 53% dj/min 32.3 blk/min 9.4 abiHit 72 supHit 42 | summoner 1/1 sovereign 3/3 hunter 4/6 easy 1/1 switcher 1/1 expert x2 1/1 self 1/3 rushdown 1/1 idle 1/1 sov fast 2/4 counter 1/1 human 1/1 | roll 2.3s upd 9.0s
[brain] it 5831 [league 78%] R/ep 9.04 ent 2.25 kl 0.007 | hit/swing 49% dj/min 36.8 blk/min 7.0 abiHit 71 supHit 47 | sov fast 3/3 hunter 5/10 rushdown 2/2 sovereign 3/4 expert 1/1 idle 1/1 counter 1/1 medium 1/1 self 1/1 | roll 1.8s upd 9.4s
[brain] it 5832 [league 77%] R/ep 10.80 ent 2.06 kl 0.007 | hit/swing 62% dj/min 33.1 blk/min 8.9 abiHit 90 supHit 41 | medium 2/2 hard x3 1/1 expert x2 1/1 switcher 1/1 zoner 1/1 hunter 5/10 self 0/1 sovereign 1/3 sov fast 1/1 easy 2/2 hard 2/2 expert 1/1 | roll 1.9s upd 8.8s
[brain] it 5833 [league 77%] R/ep 12.74 ent 2.19 kl 0.008 | hit/swing 43% dj/min 35.5 blk/min 8.3 abiHit 91 supHit 38 | sovereign 2/2 hunter 6/7 self 1/5 expert x2 1/1 sov fast 1/1 hard x3 2/2 expert 2/2 | roll 2.4s upd 8.8s
[brain] it 5834 [league 77%] R/ep 9.22 ent 2.17 kl 0.005 | hit/swing 45% dj/min 37.5 blk/min 7.8 abiHit 55 supHit 35 | hunter 7/11 rushdown 1/3 summoner 1/1 sov fast 1/3 expert 1/1 medium 1/1 idle 1/1 self 1/1 | roll 2.0s upd 9.6s
[brain] it 5835 [league 77%] R/ep 12.22 ent 2.09 kl 0.008 | hit/swing 46% dj/min 33.0 blk/min 8.4 abiHit 73 supHit 50 | easy 1/1 hunter 4/7 aerial 2/2 self 2/3 sov fast 2/2 sovereign 4/4 expert 2/2 zoner 1/1 idle 1/1 summoner 1/1 | roll 2.4s upd 8.6s
[brain] it 5836 [league 76%] R/ep 7.16 ent 2.26 kl 0.006 | hit/swing 49% dj/min 35.6 blk/min 9.3 abiHit 70 supHit 39 | rushdown 2/2 hunter 3/7 self 2/5 sov fast 0/1 expert 1/1 sovereign 2/3 idle 2/2 hard 1/1 expert x2 1/1 | roll 1.7s upd 6.7s
[brain] it 5837 [league 77%] R/ep 13.01 ent 2.02 kl 0.010 | hit/swing 57% dj/min 29.7 blk/min 9.2 abiHit 89 supHit 42 | sov fast 2/3 switcher 0/1 hunter 7/9 counter 2/2 sovereign 4/4 human 1/1 expert 1/1 idle 2/2 zoner 1/1 medium 3/3 summoner 1/1 hard 1/1 | roll 1.6s upd 6.6s
[brain] it 5838 [league 76%] R/ep 10.63 ent 2.17 kl 0.008 | hit/swing 49% dj/min 33.0 blk/min 8.1 abiHit 73 supHit 49 | summoner 1/1 hard x3 2/2 sovereign 3/4 zoner 1/1 rushdown 1/1 sov fast 2/3 self 1/3 hunter 2/4 expert x2 1/1 switcher 0/1 idle 1/1 easy 1/1 | roll 1.8s upd 6.7s
[brain] it 5839 [league 77%] R/ep 6.95 ent 2.18 kl 0.008 | hit/swing 47% dj/min 34.8 blk/min 10.7 abiHit 80 supHit 36 | hunter 7/16 sov fast 2/3 summoner 1/1 easy 1/1 sovereign 3/3 rushdown 1/1 hard x3 1/1 | roll 1.8s upd 6.7s
[brain] it 5840 [league 77%] R/ep 13.25 ent 2.18 kl 0.006 | hit/swing 40% dj/min 32.4 blk/min 10.3 abiHit 81 supHit 47 | self 1/3 sov fast 2/2 hard 3/3 hunter 2/5 expert x2 3/3 expert 1/1 medium 2/2 sovereign 1/2 aerial 1/1 | roll 1.9s upd 7.8s
[brain] it 5841 [league 75%] R/ep 7.63 ent 2.15 kl 0.007 | hit/swing 36% dj/min 33.8 blk/min 10.4 abiHit 73 supHit 33 | turtle 1/1 hunter 3/9 sov fast 2/2 expert 4/4 hard x3 0/1 sovereign 0/2 medium 2/2 self 1/1 hard 1/1 | roll 2.0s upd 7.7s
[brain] it 5842 [league 75%] R/ep 18.13 ent 2.12 kl 0.008 | hit/swing 54% dj/min 33.7 blk/min 8.2 abiHit 98 supHit 67 | hard x3 3/3 self 0/1 expert x2 3/3 hunter 9/11 zoner 1/1 idle 2/2 sov fast 1/1 sovereign 1/1 hard 1/1 switcher 1/1 | roll 2.1s upd 7.8s
[brain] it 5843 [league 75%] R/ep 12.56 ent 2.03 kl 0.009 | hit/swing 59% dj/min 32.0 blk/min 10.5 abiHit 94 supHit 39 | expert 2/2 human 1/1 hunter 8/11 switcher 2/2 sov fast 3/3 summoner 1/1 medium 1/1 self 1/1 easy 1/1 sovereign 1/1 | roll 1.9s upd 8.7s
[brain] it 5844 [league 78%] R/ep 11.89 ent 2.05 kl 0.008 | hit/swing 54% dj/min 29.3 blk/min 10.3 abiHit 93 supHit 57 | easy 2/2 sovereign 4/4 hunter 6/10 expert 3/3 hard x3 2/2 expert x2 1/1 self 0/4 zoner 1/1 rushdown 1/1 counter 1/1 | roll 1.8s upd 7.2s
[brain] it 5845 [league 79%] R/ep 7.39 ent 2.15 kl 0.008 | hit/swing 48% dj/min 30.6 blk/min 9.7 abiHit 76 supHit 55 | switcher 0/1 easy 2/2 sovereign 3/3 summoner 2/2 human 0/1 hunter 5/12 self 2/2 sov fast 1/3 expert 2/2 hard x3 1/1 | roll 1.8s upd 6.9s
[brain] it 5846 [league 79%] R/ep 10.98 ent 2.17 kl 0.008 | hit/swing 36% dj/min 35.1 blk/min 6.4 abiHit 67 supHit 50 | switcher 1/1 sov fast 2/2 medium 3/3 self 3/3 counter 1/1 hunter 8/12 summoner 1/1 sovereign 2/3 idle 2/2 | roll 1.9s upd 7.0s
[brain] it 5847 [league 78%] R/ep 10.41 ent 2.27 kl 0.009 | hit/swing 41% dj/min 35.1 blk/min 8.2 abiHit 71 supHit 28 | hunter 3/6 zoner 1/1 sov fast 2/2 self 2/4 counter 1/1 switcher 1/1 sovereign 0/2 medium 1/1 expert x2 1/1 expert 1/1 | roll 2.1s upd 7.5s
[brain] it 5848 [league 77%] R/ep 11.31 ent 2.17 kl 0.009 | hit/swing 45% dj/min 33.4 blk/min 8.3 abiHit 79 supHit 46 | easy 1/1 hunter 6/8 self 0/2 zoner 1/1 sovereign 1/2 human 1/1 medium 1/1 switcher 1/1 turtle 1/1 hard x3 1/1 sov fast 1/3 hard 1/1 | roll 1.8s upd 7.4s
[brain] it 5849 [league 77%] R/ep 11.58 ent 2.15 kl 0.008 | hit/swing 49% dj/min 31.7 blk/min 8.5 abiHit 77 supHit 46 | easy 3/3 hunter 6/10 zoner 1/1 medium 2/2 self 0/1 sov fast 1/2 idle 1/1 aerial 1/1 sovereign 2/3 turtle 1/1 hard x3 1/1 | roll 1.7s upd 8.0s
[brain] it 5850 [league 75%] R/ep 7.26 ent 2.24 kl 0.009 | hit/swing 43% dj/min 35.8 blk/min 9.7 abiHit 93 supHit 28 | hard 1/1 self 1/3 hunter 6/11 zoner 1/1 sovereign 2/4 switcher 0/1 rushdown 1/1 sov fast 2/2 expert 1/1 | roll 2.0s upd 7.4s
[brain] it 5851 [league 76%] R/ep 11.99 ent 2.09 kl 0.005 | hit/swing 51% dj/min 35.7 blk/min 10.7 abiHit 37 supHit 29 | easy 1/1 zoner 1/1 hard 1/1 hunter 4/6 self 1/2 expert 2/2 sov fast 0/2 switcher 1/1 rushdown 1/1 sovereign 1/1 | roll 5.1s upd 6.0s
[brain] it 5852 [league 76%] R/ep 11.02 ent 2.08 kl 0.006 | hit/swing 48% dj/min 32.7 blk/min 10.4 abiHit 41 supHit 27 | hunter 7/9 expert 2/2 self 1/1 sov fast 2/2 summoner 1/1 switcher 1/1 | roll 5.4s upd 6.6s
[brain] it 5853 [league 76%] R/ep 12.03 ent 2.16 kl 0.009 | hit/swing 38% dj/min 33.9 blk/min 8.7 abiHit 51 supHit 32 | hunter 6/7 counter 1/1 self 1/2 hard x3 1/1 sov fast 0/1 easy 1/1 aerial 1/1 expert x2 0/1 | roll 5.6s upd 18.2s
[brain] it 5854 [league 75%] R/ep 8.80 ent 2.26 kl 0.008 | hit/swing 49% dj/min 36.7 blk/min 7.9 abiHit 78 supHit 40 | self 1/2 sov fast 5/7 human 1/2 summoner 2/2 sovereign 3/4 hunter 4/6 hard x3 0/1 hard 1/1 | roll 3.9s upd 14.1s
[brain] it 5855 [league 75%] R/ep 10.39 ent 2.20 kl 0.008 | hit/swing 44% dj/min 34.5 blk/min 9.0 abiHit 72 supHit 26 | summoner 1/1 expert x2 2/2 self 1/2 sov fast 1/2 counter 2/2 idle 1/1 hunter 5/9 sovereign 1/1 medium 1/1 | roll 2.5s upd 23.2s
[brain] it 5856 [league 75%] R/ep 8.45 ent 2.12 kl 0.009 | hit/swing 49% dj/min 35.5 blk/min 8.1 abiHit 61 supHit 38 | hunter 6/11 expert 3/3 hard 2/2 sov fast 1/3 aerial 0/1 sovereign 1/1 summoner 1/1 self 1/1 hard x3 0/1 human 1/1 | roll 2.3s upd 20.6s
[brain] it 5857 [league 75%] R/ep 11.94 ent 2.14 kl 0.008 | hit/swing 57% dj/min 33.3 blk/min 8.8 abiHit 66 supHit 46 | rushdown 1/1 hunter 3/8 switcher 0/1 self 3/3 hard 1/1 aerial 1/1 expert 1/1 hard x3 2/2 sov fast 3/3 sovereign 1/1 medium 1/1 | roll 2.7s upd 12.5s
[brain] it 5858 [league 76%] R/ep 11.62 ent 2.18 kl 0.007 | hit/swing 39% dj/min 35.2 blk/min 8.9 abiHit 82 supHit 34 | hunter 7/9 sovereign 1/2 self 1/2 expert x2 1/2 medium 1/1 sov fast 1/3 hard x3 1/1 zoner 1/1 expert 1/1 idle 1/1 | roll 2.3s upd 16.5s
[brain] it 5859 [league 76%] R/ep 9.86 ent 2.21 kl 0.010 | hit/swing 45% dj/min 35.6 blk/min 7.4 abiHit 64 supHit 39 | idle 2/2 aerial 1/2 sov fast 1/2 hunter 7/10 easy 2/2 summoner 1/1 switcher 1/1 self 1/3 expert 1/1 sovereign 1/1 | roll 3.3s upd 13.1s
[brain] it 5860 [league 74%] R/ep 11.88 ent 2.16 kl 0.009 | hit/swing 47% dj/min 35.6 blk/min 7.0 abiHit 88 supHit 51 | medium 1/1 hunter 5/7 sovereign 2/4 human 1/1 turtle 1/1 zoner 1/1 sov fast 1/2 expert 2/2 summoner 2/2 self 1/1 rushdown 1/1 aerial 1/1 counter 1/1 | roll 2.6s upd 17.8s
[brain] it 5861 [league 74%] R/ep 10.46 ent 2.17 kl 0.010 | hit/swing 41% dj/min 37.7 blk/min 7.5 abiHit 81 supHit 54 | sov fast 1/1 hunter 6/10 aerial 1/1 idle 1/1 hard x3 1/2 expert 1/1 rushdown 0/1 easy 1/1 self 1/1 hard 1/1 medium 1/1 sovereign 2/2 turtle 0/1 | roll 2.4s upd 13.3s
[brain] it 5862 [league 74%] R/ep 12.21 ent 2.06 kl 0.007 | hit/swing 55% dj/min 30.9 blk/min 7.3 abiHit 81 supHit 51 | easy 1/1 hunter 4/7 self 1/1 sovereign 4/5 summoner 3/3 medium 1/1 human 0/1 aerial 1/1 hard 2/2 sov fast 1/2 idle 1/1 turtle 1/1 expert 1/1 switcher 1/1 | roll 1.7s upd 11.2s
[brain] it 5863 [league 74%] R/ep 9.69 ent 2.07 kl 0.009 | hit/swing 50% dj/min 34.8 blk/min 10.8 abiHit 76 supHit 49 | idle 1/1 expert 2/2 human 1/1 hard x3 1/1 hunter 8/12 sov fast 3/4 counter 1/1 self 1/2 hard 1/1 | roll 2.4s upd 13.7s
[brain] it 5864 [league 73%] R/ep 9.51 ent 2.13 kl 0.007 | hit/swing 57% dj/min 34.3 blk/min 9.2 abiHit 89 supHit 51 | sov fast 3/4 sovereign 3/6 expert 3/3 self 1/1 hunter 6/10 hard 1/1 idle 1/1 hard x3 1/1 | roll 2.4s upd 8.9s
[brain] it 5865 [league 73%] R/ep 6.52 ent 2.22 kl 0.009 | hit/swing 30% dj/min 37.6 blk/min 8.6 abiHit 66 supHit 25 | hunter 6/11 sov fast 0/2 sovereign 1/1 switcher 0/1 summoner 2/2 expert 1/1 idle 1/1 | roll 1.8s upd 7.9s
[brain] it 5866 [league 72%] R/ep 8.59 ent 2.14 kl 0.007 | hit/swing 48% dj/min 34.8 blk/min 11.1 abiHit 58 supHit 32 | sovereign 0/1 hunter 9/16 idle 2/2 hard 1/1 easy 1/1 sov fast 0/2 switcher 1/1 | roll 2.8s upd 12.6s
[brain] it 5867 [league 73%] R/ep 12.19 ent 2.05 kl 0.008 | hit/swing 51% dj/min 33.2 blk/min 9.1 abiHit 77 supHit 52 | sovereign 2/3 hard 2/2 hunter 7/9 self 3/3 expert 3/3 sov fast 1/1 rushdown 1/1 switcher 1/1 summoner 1/1 | roll 2.0s upd 11.2s
[brain] it 5868 [league 73%] R/ep 17.89 ent 2.13 kl 0.007 | hit/swing 50% dj/min 35.6 blk/min 9.8 abiHit 63 supHit 45 | hard x3 2/2 hunter 3/7 self 1/2 medium 1/1 human 1/1 expert 2/2 easy 1/1 zoner 1/1 aerial 1/1 counter 1/1 expert x2 1/1 sovereign 1/1 | roll 2.2s upd 8.6s
[brain] it 5869 [league 72%] R/ep 9.84 ent 2.27 kl 0.005 | hit/swing 41% dj/min 39.7 blk/min 6.7 abiHit 78 supHit 30 | sov fast 2/4 hunter 6/9 zoner 1/1 sovereign 0/1 expert 1/1 switcher 1/1 rushdown 1/1 idle 1/1 medium 1/1 aerial 1/1 | roll 2.0s upd 9.1s
[brain] it 5870 [league 69%] R/ep 7.83 ent 2.22 kl 0.009 | hit/swing 38% dj/min 35.6 blk/min 7.7 abiHit 63 supHit 36 | counter 1/1 switcher 1/1 hunter 7/11 sov fast 4/4 sovereign 0/3 hard 2/2 self 0/3 easy 1/1 expert 1/1 zoner 1/1 summoner 1/1 | roll 2.5s upd 8.8s
[brain] it 5871 [league 70%] R/ep 13.19 ent 2.20 kl 0.006 | hit/swing 60% dj/min 36.9 blk/min 9.9 abiHit 69 supHit 26 | hunter 4/6 sovereign 3/4 self 1/2 rushdown 1/3 expert x2 2/2 counter 1/1 zoner 1/1 | roll 1.8s upd 7.9s
[brain] it 5872 [league 70%] R/ep 10.20 ent 2.12 kl 0.008 | hit/swing 55% dj/min 36.6 blk/min 9.7 abiHit 68 supHit 45 | turtle 0/1 sov fast 1/2 hunter 7/11 idle 1/1 self 2/4 switcher 1/1 expert 1/1 rushdown 1/1 aerial 1/1 sovereign 1/1 | roll 2.3s upd 8.3s
[brain] it 5873 [league 70%] R/ep 13.13 ent 2.04 kl 0.010 | hit/swing 60% dj/min 29.3 blk/min 9.2 abiHit 93 supHit 61 | sovereign 4/4 human 1/1 sov fast 1/1 expert 3/3 hunter 4/7 self 2/3 medium 1/1 switcher 1/1 hard x3 1/3 aerial 1/1 summoner 1/1 easy 1/1 idle 1/1 zoner 1/1 counter 1/1 | roll 1.9s upd 7.3s
[brain] it 5874 [league 70%] R/ep 9.82 ent 2.18 kl 0.008 | hit/swing 38% dj/min 34.9 blk/min 9.7 abiHit 84 supHit 35 | expert 2/2 hard x3 0/1 turtle 2/2 hunter 5/11 sovereign 1/1 human 1/1 self 1/1 sov fast 2/2 | roll 2.0s upd 7.5s
[brain] it 5875 [league 70%] R/ep 7.70 ent 2.22 kl 0.008 | hit/swing 35% dj/min 38.1 blk/min 8.9 abiHit 65 supHit 26 | sov fast 3/3 hunter 6/13 sovereign 1/1 easy 1/1 counter 1/1 zoner 1/1 summoner 1/1 self 1/2 | roll 2.0s upd 8.3s
[brain] it 5876 [league 72%] R/ep 14.66 ent 2.05 kl 0.008 | hit/swing 51% dj/min 31.2 blk/min 10.4 abiHit 101 supHit 65 | idle 1/1 hunter 4/7 self 3/4 expert 1/1 hard x3 2/4 hard 1/1 sovereign 3/3 medium 1/1 summoner 1/1 zoner 1/1 sov fast 1/1 human 1/1 aerial 1/1 | roll 2.9s upd 8.0s
[brain] it 5877 [league 73%] R/ep 14.10 ent 2.07 kl 0.006 | hit/swing 62% dj/min 31.4 blk/min 8.7 abiHit 87 supHit 62 | summoner 3/3 human 2/2 sov fast 3/4 expert 1/1 hunter 3/4 self 3/3 rushdown 1/1 hard x3 2/2 sovereign 2/2 aerial 1/1 idle 2/2 | roll 2.1s upd 7.5s
[brain] it 5878 [league 73%] R/ep 11.94 ent 2.19 kl 0.008 | hit/swing 43% dj/min 36.2 blk/min 8.7 abiHit 66 supHit 36 | hunter 8/12 counter 1/1 expert 2/2 turtle 1/1 self 0/1 hard x3 1/1 idle 1/1 medium 1/1 summoner 1/1 sov fast 2/3 | roll 1.9s upd 8.2s
[brain] it 5879 [league 73%] R/ep 8.84 ent 2.01 kl 0.008 | hit/swing 46% dj/min 30.1 blk/min 11.0 abiHit 86 supHit 48 | sovereign 1/1 self 3/6 expert 3/3 hunter 1/9 sov fast 2/2 medium 1/1 hard 1/1 expert x2 1/1 easy 1/1 | roll 2.1s upd 8.8s
[brain] it 5880 [league 73%] R/ep 9.88 ent 2.15 kl 0.009 | hit/swing 45% dj/min 33.5 blk/min 11.2 abiHit 68 supHit 41 | expert x2 0/1 hunter 3/8 zoner 1/1 self 2/5 sov fast 1/1 idle 1/1 summoner 3/3 sovereign 1/1 human 1/1 turtle 1/1 | roll 2.2s upd 8.3s
[brain] it 5881 [league 71%] R/ep 10.41 ent 2.12 kl 0.008 | hit/swing 60% dj/min 32.2 blk/min 9.5 abiHit 66 supHit 44 | sovereign 1/3 sov fast 3/3 hunter 4/8 easy 2/2 self 3/4 hard 2/2 expert 2/2 human 1/1 medium 1/1 turtle 1/1 | roll 2.0s upd 8.2s
[brain] it 5882 [league 70%] R/ep 14.32 ent 2.20 kl 0.007 | hit/swing 57% dj/min 35.9 blk/min 13.6 abiHit 50 supHit 34 | hunter 6/10 zoner 1/1 self 0/2 sovereign 0/1 hard x3 2/2 counter 0/1 expert x2 1/1 | roll 2.2s upd 8.4s
[brain] it 5883 [league 71%] R/ep 16.84 ent 2.05 kl 0.007 | hit/swing 52% dj/min 29.8 blk/min 9.4 abiHit 104 supHit 76 | hunter 6/8 sovereign 3/3 expert x2 2/2 summoner 3/3 expert 3/3 idle 1/1 counter 1/1 sov fast 0/1 aerial 1/1 easy 1/1 self 1/2 hard x3 2/2 | roll 2.2s upd 8.6s
[brain] it 5884 [league 71%] R/ep 8.79 ent 2.16 kl 0.009 | hit/swing 50% dj/min 31.8 blk/min 7.2 abiHit 93 supHit 52 | self 0/4 sovereign 2/2 hard x3 0/2 hunter 4/5 counter 1/1 turtle 2/2 hard 2/2 medium 1/1 sov fast 2/4 idle 1/1 expert 1/1 expert x2 0/1 | roll 2.2s upd 9.6s
[brain] it 5885 [league 70%] R/ep 12.23 ent 2.17 kl 0.008 | hit/swing 53% dj/min 34.2 blk/min 8.8 abiHit 75 supHit 42 | expert 2/2 self 0/2 hunter 7/10 human 1/1 expert x2 2/2 easy 1/1 switcher 2/2 sov fast 1/1 sovereign 1/2 rushdown 0/1 summoner 1/1 | roll 2.2s upd 9.3s
[brain] it 5886 [league 70%] R/ep 12.71 ent 2.05 kl 0.009 | hit/swing 54% dj/min 31.0 blk/min 10.4 abiHit 68 supHit 46 | hunter 11/13 medium 1/1 rushdown 1/1 hard x3 1/1 sov fast 3/3 expert 1/1 summoner 1/1 sovereign 3/4 easy 1/1 self 1/2 | roll 1.9s upd 7.0s
[brain] it 5887 [league 70%] R/ep 16.90 ent 1.99 kl 0.008 | hit/swing 68% dj/min 29.3 blk/min 11.8 abiHit 121 supHit 58 | expert 2/2 hunter 4/6 summoner 4/4 self 4/5 hard x3 2/2 zoner 1/1 easy 1/1 switcher 1/1 idle 1/1 aerial 1/1 hard 1/1 | roll 1.9s upd 7.8s
[brain] it 5888 [league 70%] R/ep 9.81 ent 2.25 kl 0.007 | hit/swing 35% dj/min 38.1 blk/min 10.7 abiHit 53 supHit 37 | hunter 4/8 sov fast 1/2 hard x3 0/1 sovereign 2/2 expert x2 1/1 self 1/2 counter 1/1 summoner 1/1 expert 1/1 | roll 1.9s upd 7.6s
[brain] it 5889 [league 70%] R/ep 14.78 ent 2.24 kl 0.008 | hit/swing 46% dj/min 36.7 blk/min 7.8 abiHit 52 supHit 28 | hunter 4/7 hard 1/1 hard x3 2/2 expert x2 2/2 zoner 1/1 counter 0/1 summoner 1/1 sovereign 0/1 self 1/1 | roll 2.0s upd 7.7s
[brain] it 5890 [league 69%] R/ep 9.87 ent 2.15 kl 0.009 | hit/swing 57% dj/min 34.8 blk/min 11.0 abiHit 69 supHit 34 | hunter 6/13 idle 1/1 hard 1/1 sov fast 1/1 self 2/2 expert 1/1 sovereign 0/1 summoner 1/1 hard x3 1/1 easy 1/1 | roll 2.3s upd 9.6s
[brain] it 5891 [league 71%] R/ep 10.56 ent 2.13 kl 0.011 | hit/swing 58% dj/min 34.0 blk/min 8.4 abiHit 54 supHit 41 | self 1/2 human 1/1 hunter 2/8 expert 1/1 medium 3/3 hard x3 1/1 switcher 1/1 expert x2 1/1 sovereign 3/3 summoner 1/1 hard 1/1 sov fast 1/2 | roll 2.1s upd 7.7s
[brain] it 5892 [league 71%] R/ep 14.39 ent 2.14 kl 0.006 | hit/swing 50% dj/min 32.1 blk/min 8.8 abiHit 86 supHit 56 | expert 5/5 hard 2/2 hunter 8/10 human 2/2 idle 2/2 rushdown 2/2 sov fast 2/3 switcher 1/1 aerial 1/1 counter 1/1 | roll 2.0s upd 8.1s
[brain] it 5893 [league 71%] R/ep 8.91 ent 2.09 kl 0.008 | hit/swing 43% dj/min 36.3 blk/min 7.4 abiHit 89 supHit 39 | sovereign 1/1 sov fast 5/6 expert 3/3 hunter 7/10 self 1/3 summoner 1/1 | roll 1.8s upd 6.7s
[brain] it 5894 [league 70%] R/ep 9.84 ent 2.09 kl 0.007 | hit/swing 34% dj/min 33.2 blk/min 9.3 abiHit 60 supHit 41 | expert 3/3 rushdown 1/1 self 1/2 hunter 9/12 easy 1/1 sovereign 2/3 | roll 1.7s upd 6.7s
[brain] it 5895 [league 69%] R/ep 7.42 ent 2.12 kl 0.006 | hit/swing 44% dj/min 33.1 blk/min 9.6 abiHit 69 supHit 49 | expert 4/4 hunter 5/13 turtle 1/1 counter 1/1 self 1/4 sovereign 1/2 medium 2/2 sov fast 2/2 | roll 1.8s upd 7.7s
[brain] it 5896 [league 68%] R/ep 8.17 ent 2.06 kl 0.009 | hit/swing 44% dj/min 31.2 blk/min 11.2 abiHit 81 supHit 50 | expert 1/1 sov fast 4/6 medium 3/3 hunter 4/10 hard 1/1 self 1/1 idle 1/1 human 1/1 sovereign 1/2 easy 1/1 | roll 2.0s upd 7.4s
[brain] it 5897 [league 68%] R/ep 10.83 ent 2.23 kl 0.007 | hit/swing 45% dj/min 36.2 blk/min 8.1 abiHit 44 supHit 39 | idle 2/2 sov fast 4/5 summoner 1/1 sovereign 2/4 hunter 7/8 easy 1/1 self 1/1 | roll 1.6s upd 6.2s
[brain] it 5898 [league 68%] R/ep 8.76 ent 2.24 kl 0.010 | hit/swing 31% dj/min 36.6 blk/min 10.6 abiHit 47 supHit 26 | turtle 1/1 self 2/4 hunter 3/7 summoner 1/1 hard x3 0/1 aerial 1/1 expert 1/1 sov fast 0/2 | roll 1.8s upd 8.2s
[brain] it 5899 [league 70%] R/ep 7.35 ent 2.15 kl 0.007 | hit/swing 54% dj/min 35.5 blk/min 6.9 abiHit 57 supHit 35 | self 1/2 sovereign 3/4 hunter 8/10 sov fast 0/3 human 1/1 aerial 1/1 turtle 2/2 medium 1/1 | roll 2.0s upd 7.7s
[brain] it 5900 [league 71%] R/ep 10.71 ent 2.06 kl 0.008 | hit/swing 50% dj/min 32.7 blk/min 7.4 abiHit 77 supHit 36 | sovereign 3/3 expert x2 1/1 hunter 6/11 switcher 1/1 sov fast 0/1 idle 2/2 self 2/2 medium 1/1 rushdown 1/1 easy 1/1 | roll 1.9s upd 7.4s
[brain] it 5901 [league 70%] R/ep 10.25 ent 2.11 kl 0.010 | hit/swing 59% dj/min 33.8 blk/min 9.0 abiHit 51 supHit 46 | hunter 7/10 self 3/3 sovereign 1/3 aerial 1/1 sov fast 1/3 switcher 1/1 zoner 1/1 turtle 1/1 hard x3 0/1 hard 1/1 | roll 2.1s upd 7.3s
[brain] it 5902 [league 70%] R/ep 14.82 ent 2.13 kl 0.007 | hit/swing 35% dj/min 30.0 blk/min 8.8 abiHit 127 supHit 29 | hunter 4/6 sovereign 4/4 expert x2 2/2 counter 1/1 idle 2/2 expert 1/1 self 1/1 medium 2/2 aerial 1/1 rushdown 1/1 | roll 1.7s upd 7.1s
[brain] it 5903 [league 71%] R/ep 14.30 ent 2.00 kl 0.009 | hit/swing 56% dj/min 31.4 blk/min 9.7 abiHit 70 supHit 45 | hunter 9/10 rushdown 1/2 expert x2 2/3 expert 1/1 sovereign 3/3 counter 2/2 idle 1/1 sov fast 1/1 turtle 1/1 | roll 1.6s upd 8.0s
[brain] it 5904 [league 71%] R/ep 9.73 ent 2.11 kl 0.008 | hit/swing 62% dj/min 32.6 blk/min 9.2 abiHit 83 supHit 43 | aerial 1/1 hard 2/2 self 1/3 sovereign 2/3 hunter 2/7 sov fast 4/4 summoner 1/1 expert x2 1/1 zoner 1/1 idle 1/1 turtle 1/1 human 1/1 | roll 2.0s upd 7.7s
[brain] it 5905 [league 72%] R/ep 12.60 ent 2.08 kl 0.009 | hit/swing 71% dj/min 32.8 blk/min 10.1 abiHit 68 supHit 43 | self 3/4 hunter 4/10 zoner 2/2 expert 2/2 easy 2/2 hard 1/1 sovereign 3/3 hard x3 2/2 turtle 1/1 | roll 1.9s upd 7.1s
[brain] it 5906 [league 72%] R/ep 11.93 ent 2.05 kl 0.008 | hit/swing 56% dj/min 31.5 blk/min 11.3 abiHit 80 supHit 40 | hunter 8/13 sovereign 2/3 summoner 2/2 counter 1/1 expert 2/2 self 1/1 hard 1/1 idle 1/1 zoner 1/1 | roll 1.8s upd 7.5s
[brain] it 5907 [league 73%] R/ep 13.77 ent 1.95 kl 0.009 | hit/swing 56% dj/min 29.5 blk/min 10.2 abiHit 70 supHit 50 | rushdown 1/1 sovereign 3/3 hunter 8/10 idle 1/1 self 1/2 sov fast 2/2 expert x2 3/3 zoner 1/1 expert 1/1 summoner 1/1 turtle 1/1 | roll 1.7s upd 7.1s
[brain] it 5908 [league 73%] R/ep 13.18 ent 1.97 kl 0.008 | hit/swing 65% dj/min 30.3 blk/min 11.0 abiHit 99 supHit 54 | counter 2/2 sov fast 4/5 hunter 6/10 self 2/2 zoner 1/1 hard 1/1 expert 2/2 expert x2 1/1 human 1/1 turtle 1/1 summoner 1/1 sovereign 3/3 switcher 1/1 | roll 1.9s upd 8.2s
[brain] it 5909 [league 76%] R/ep 6.84 ent 2.05 kl 0.007 | hit/swing 38% dj/min 32.8 blk/min 12.7 abiHit 57 supHit 33 | hard 1/1 hunter 5/12 expert 1/1 aerial 1/1 sovereign 3/3 rushdown 1/1 self 0/3 zoner 1/1 idle 1/1 | roll 1.8s upd 6.3s
[brain] it 5910 [league 76%] R/ep 7.21 ent 2.16 kl 0.008 | hit/swing 56% dj/min 33.6 blk/min 12.0 abiHit 63 supHit 38 | sovereign 3/3 hunter 6/16 expert x2 1/1 idle 1/1 hard 1/1 rushdown 1/1 sov fast 1/1 summoner 1/1 | roll 1.7s upd 7.1s
[brain] it 5911 [league 77%] R/ep 12.02 ent 2.10 kl 0.008 | hit/swing 51% dj/min 32.0 blk/min 8.8 abiHit 73 supHit 48 | counter 1/1 rushdown 1/1 sov fast 1/1 hunter 4/5 hard x3 0/1 self 1/4 sovereign 3/4 expert 2/2 switcher 0/1 easy 1/1 turtle 1/1 | roll 1.7s upd 7.3s
[brain] it 5912 [league 77%] R/ep 9.28 ent 2.13 kl 0.009 | hit/swing 34% dj/min 34.8 blk/min 11.8 abiHit 63 supHit 27 | sov fast 1/2 hunter 4/9 expert x2 1/1 self 0/1 aerial 0/1 hard x3 1/1 expert 1/1 sovereign 1/1 turtle 1/1 | roll 1.9s upd 7.4s
[brain] it 5913 [league 78%] R/ep 9.74 ent 2.12 kl 0.009 | hit/swing 52% dj/min 34.6 blk/min 9.0 abiHit 79 supHit 41 | hunter 2/9 easy 2/2 self 0/1 sovereign 2/4 expert x2 1/1 expert 1/1 rushdown 2/2 medium 1/1 hard 2/2 human 1/1 sov fast 1/1 idle 1/1 | roll 2.0s upd 7.4s
[brain] it 5914 [league 78%] R/ep 11.92 ent 2.22 kl 0.008 | hit/swing 50% dj/min 33.1 blk/min 7.1 abiHit 120 supHit 33 | sovereign 1/2 sov fast 4/5 counter 1/1 easy 1/1 expert x2 1/1 hard 2/2 hunter 3/4 expert 1/1 hard x3 0/1 self 1/2 | roll 2.1s upd 7.9s
[brain] it 5915 [league 78%] R/ep 8.63 ent 2.11 kl 0.008 | hit/swing 58% dj/min 33.3 blk/min 10.9 abiHit 50 supHit 38 | hard 1/1 hunter 5/12 sov fast 1/2 switcher 1/1 self 2/3 counter 1/1 easy 1/1 summoner 1/1 expert x2 1/1 | roll 2.1s upd 7.9s
[brain] it 5916 [league 78%] R/ep 15.30 ent 1.89 kl 0.010 | hit/swing 55% dj/min 30.7 blk/min 9.7 abiHit 97 supHit 58 | sov fast 1/1 hard x3 1/1 sovereign 2/2 hunter 8/10 hard 1/1 switcher 1/1 expert x2 1/1 turtle 1/1 summoner 3/3 idle 1/1 rushdown 1/1 self 3/3 | roll 2.0s upd 7.0s
[brain] it 5917 [league 78%] R/ep 14.16 ent 2.00 kl 0.008 | hit/swing 63% dj/min 31.8 blk/min 10.9 abiHit 68 supHit 49 | idle 2/2 hunter 9/12 self 2/3 medium 2/2 hard x3 2/2 sov fast 1/1 easy 1/1 counter 1/1 turtle 2/2 | roll 1.8s upd 6.9s
[brain] it 5918 [league 79%] R/ep 10.20 ent 2.02 kl 0.008 | hit/swing 49% dj/min 32.0 blk/min 9.9 abiHit 83 supHit 37 | self 1/2 hunter 8/11 expert 3/3 medium 1/1 idle 1/1 sovereign 2/2 sov fast 1/2 turtle 0/1 easy 1/1 | roll 1.9s upd 7.5s
[brain] it 5919 [league 79%] R/ep 15.29 ent 1.99 kl 0.009 | hit/swing 72% dj/min 27.5 blk/min 9.2 abiHit 143 supHit 64 | easy 1/1 summoner 1/1 idle 4/4 hunter 5/7 expert 2/2 medium 2/2 sovereign 3/3 human 3/3 sov fast 3/3 hard x3 1/1 self 1/1 hard 1/1 | roll 1.7s upd 6.6s
[brain] it 5920 [league 79%] R/ep 11.03 ent 2.07 kl 0.008 | hit/swing 54% dj/min 31.6 blk/min 8.7 abiHit 92 supHit 41 | sov fast 3/4 self 1/1 hunter 3/10 expert x2 1/1 easy 2/2 idle 2/2 turtle 1/1 zoner 1/1 medium 1/1 sovereign 1/1 rushdown 1/1 | roll 1.8s upd 7.4s
[brain] it 5921 [league 79%] R/ep 12.71 ent 2.00 kl 0.008 | hit/swing 61% dj/min 31.3 blk/min 10.4 abiHit 102 supHit 58 | medium 3/3 hunter 6/9 hard x3 0/1 sov fast 1/2 switcher 2/2 sovereign 1/1 expert 2/2 easy 1/1 human 3/3 aerial 1/1 counter 1/1 | roll 1.7s upd 6.7s
[brain] it 5922 [league 79%] R/ep 8.40 ent 2.06 kl 0.006 | hit/swing 45% dj/min 31.3 blk/min 9.5 abiHit 76 supHit 34 | easy 1/1 hard 2/2 hunter 3/11 self 2/4 idle 3/3 sov fast 1/1 sovereign 1/1 | roll 1.8s upd 8.1s
[brain] it 5923 [league 77%] R/ep 11.12 ent 2.07 kl 0.009 | hit/swing 57% dj/min 36.6 blk/min 9.0 abiHit 49 supHit 46 | summoner 1/1 turtle 1/1 hunter 9/10 switcher 1/1 zoner 1/1 sovereign 2/4 hard 1/1 rushdown 1/1 self 1/3 sov fast 1/1 | roll 2.2s upd 7.4s
[brain] it 5924 [league 77%] R/ep 10.22 ent 2.20 kl 0.007 | hit/swing 39% dj/min 37.8 blk/min 10.0 abiHit 49 supHit 29 | self 1/1 medium 1/1 sov fast 1/2 aerial 2/2 hunter 6/11 switcher 2/2 hard 2/2 | roll 1.7s upd 7.1s
[brain] it 5925 [league 77%] R/ep 12.50 ent 2.04 kl 0.007 | hit/swing 52% dj/min 34.0 blk/min 9.7 abiHit 77 supHit 43 | self 2/2 sovereign 1/1 hunter 4/10 sov fast 1/1 turtle 3/3 human 1/1 hard 1/1 expert x2 1/1 expert 3/3 switcher 1/1 | roll 1.7s upd 7.3s
[brain] it 5926 [league 77%] R/ep 10.01 ent 2.11 kl 0.008 | hit/swing 61% dj/min 32.8 blk/min 10.1 abiHit 76 supHit 40 | self 1/3 hunter 4/10 human 1/1 easy 2/2 sovereign 2/2 hard 1/1 expert 2/2 sov fast 1/1 hard x3 2/2 | roll 1.9s upd 7.3s
[brain] it 5927 [league 78%] R/ep 8.49 ent 2.13 kl 0.007 | hit/swing 52% dj/min 34.6 blk/min 12.6 abiHit 36 supHit 33 | sovereign 2/3 summoner 1/1 hunter 4/11 self 1/1 expert 1/1 expert x2 1/1 sov fast 1/1 switcher 1/1 | roll 2.0s upd 7.5s
[brain] it 5928 [league 79%] R/ep 12.00 ent 2.05 kl 0.006 | hit/swing 52% dj/min 36.6 blk/min 9.7 abiHit 66 supHit 45 | hunter 8/11 sov fast 4/5 summoner 1/1 easy 1/1 counter 1/1 self 2/3 medium 1/1 hard 1/1 rushdown 1/1 sovereign 1/1 aerial 1/1 | roll 2.4s upd 7.6s
[brain] it 5929 [league 78%] R/ep 10.58 ent 2.04 kl 0.007 | hit/swing 62% dj/min 32.9 blk/min 9.3 abiHit 67 supHit 45 | hunter 5/10 sov fast 1/3 expert 3/3 self 2/2 human 2/2 hard 1/1 sovereign 1/2 counter 0/1 expert x2 1/1 summoner 1/1 | roll 1.9s upd 6.9s
[brain] it 5930 [league 78%] R/ep 12.09 ent 2.09 kl 0.009 | hit/swing 59% dj/min 35.8 blk/min 9.0 abiHit 68 supHit 57 | medium 1/1 hard x3 2/2 hunter 4/11 sov fast 2/2 switcher 2/2 self 2/2 idle 1/1 sovereign 2/2 expert x2 1/1 expert 1/1 | roll 1.7s upd 6.6s
[brain] it 5931 [league 79%] R/ep 10.74 ent 2.18 kl 0.009 | hit/swing 47% dj/min 33.4 blk/min 7.7 abiHit 64 supHit 44 | self 0/3 idle 4/4 sovereign 3/4 hard x3 1/1 hunter 2/6 sov fast 1/1 counter 1/1 expert 1/1 summoner 2/2 switcher 1/1 | roll 1.7s upd 6.4s
[brain] it 5932 [league 79%] R/ep 8.80 ent 2.07 kl 0.009 | hit/swing 51% dj/min 32.2 blk/min 11.9 abiHit 64 supHit 34 | self 2/6 hunter 5/10 expert 3/3 sovereign 2/2 sov fast 3/3 idle 1/1 medium 1/1 rushdown 0/1 zoner 1/1 hard 1/1 | roll 1.8s upd 8.1s
[brain] it 5933 [league 79%] R/ep 11.79 ent 2.13 kl 0.008 | hit/swing 58% dj/min 34.1 blk/min 9.3 abiHit 80 supHit 46 | hunter 5/9 counter 1/1 hard 1/1 expert 2/2 sov fast 2/2 self 1/1 rushdown 1/1 sovereign 3/3 medium 1/1 summoner 1/1 hard x3 1/1 | roll 1.8s upd 7.4s
[brain] it 5934 [league 80%] R/ep 9.34 ent 2.19 kl 0.007 | hit/swing 49% dj/min 33.5 blk/min 9.7 abiHit 83 supHit 33 | hunter 4/8 summoner 1/1 expert 1/1 sov fast 1/2 sovereign 1/1 expert x2 1/1 self 2/3 human 1/1 counter 1/1 rushdown 1/1 | roll 2.2s upd 8.7s
[brain] it 5935 [league 81%] R/ep 10.81 ent 2.23 kl 0.008 | hit/swing 42% dj/min 37.1 blk/min 8.7 abiHit 52 supHit 37 | expert x2 2/2 hunter 7/9 hard 1/1 sov fast 0/2 self 1/3 sovereign 2/2 rushdown 1/1 | roll 2.3s upd 9.2s
[brain] it 5936 [league 81%] R/ep 14.87 ent 1.98 kl 0.008 | hit/swing 53% dj/min 29.1 blk/min 11.1 abiHit 92 supHit 41 | hunter 7/8 expert 3/3 sov fast 1/1 switcher 1/1 hard 3/3 summoner 1/1 self 2/3 aerial 1/1 rushdown 1/1 sovereign 1/1 zoner 1/1 easy 1/1 | roll 2.2s upd 8.5s
[brain] it 5937 [league 81%] R/ep 12.30 ent 2.11 kl 0.008 | hit/swing 44% dj/min 33.7 blk/min 10.0 abiHit 70 supHit 36 | sovereign 2/2 hunter 9/12 zoner 1/1 sov fast 1/2 self 1/1 expert 1/1 turtle 1/2 rushdown 1/1 aerial 1/1 medium 1/1 idle 1/1 | roll 2.3s upd 7.8s
[brain] it 5938 [league 81%] R/ep 13.49 ent 2.05 kl 0.007 | hit/swing 50% dj/min 33.9 blk/min 13.0 abiHit 60 supHit 40 | turtle 1/1 hunter 8/11 self 2/2 medium 1/1 aerial 1/1 sovereign 0/1 hard x3 1/1 hard 1/1 easy 1/1 | roll 1.8s upd 7.3s
[brain] it 5939 [league 81%] R/ep 6.12 ent 2.37 kl 0.007 | hit/swing 41% dj/min 38.8 blk/min 7.7 abiHit 49 supHit 34 | self 0/1 medium 2/2 hunter 2/6 sovereign 4/6 rushdown 1/1 switcher 0/1 sov fast 2/2 counter 1/1 easy 1/1 | roll 1.7s upd 7.8s
[brain] it 5940 [league 83%] R/ep 4.71 ent 2.13 kl 0.008 | hit/swing 43% dj/min 37.9 blk/min 6.9 abiHit 67 supHit 33 | hunter 6/12 idle 2/2 sov fast 2/3 self 1/2 sovereign 2/2 expert 1/1 expert x2 0/1 | roll 2.3s upd 7.8s
[brain] it 5941 [league 80%] R/ep 10.84 ent 2.07 kl 0.007 | hit/swing 55% dj/min 31.4 blk/min 8.2 abiHit 69 supHit 40 | hard 1/1 hunter 5/7 sov fast 3/4 sovereign 0/3 summoner 2/2 self 1/1 idle 1/1 human 1/1 expert x2 1/1 expert 1/1 | roll 1.7s upd 8.2s
[brain] it 5942 [league 79%] R/ep 11.40 ent 2.17 kl 0.010 | hit/swing 44% dj/min 30.6 blk/min 6.6 abiHit 72 supHit 39 | hunter 3/6 sovereign 1/2 medium 1/1 switcher 1/1 sov fast 1/1 expert 1/1 self 1/3 idle 2/2 hard x3 1/1 expert x2 1/1 aerial 1/1 hard 1/1 | roll 1.9s upd 6.9s
[brain] it 5943 [league 80%] R/ep 11.21 ent 2.00 kl 0.007 | hit/swing 57% dj/min 31.3 blk/min 9.9 abiHit 69 supHit 48 | hard 1/1 hunter 4/8 hard x3 1/1 sovereign 3/3 rushdown 1/1 sov fast 2/3 summoner 1/1 easy 2/2 self 0/2 expert x2 1/1 | roll 1.7s upd 6.4s
[brain] it 5944 [league 80%] R/ep 15.44 ent 1.98 kl 0.010 | hit/swing 52% dj/min 30.6 blk/min 11.7 abiHit 98 supHit 47 | sov fast 3/3 self 2/3 hunter 6/10 hard 2/2 rushdown 1/1 hard x3 2/2 medium 2/2 sovereign 1/1 easy 1/1 zoner 1/1 | roll 2.2s upd 8.3s
[brain] it 5945 [league 80%] R/ep 9.72 ent 2.01 kl 0.008 | hit/swing 61% dj/min 29.9 blk/min 11.5 abiHit 74 supHit 52 | sov fast 1/5 sovereign 2/4 aerial 1/1 hunter 7/11 expert 1/1 hard x3 1/1 rushdown 1/1 summoner 1/1 self 1/1 zoner 1/1 medium 1/1 human 1/1 | roll 2.0s upd 7.3s
[brain] it 5946 [league 80%] R/ep 9.68 ent 2.14 kl 0.008 | hit/swing 39% dj/min 34.8 blk/min 8.9 abiHit 59 supHit 40 | hunter 4/7 expert 1/1 sov fast 1/3 self 2/4 aerial 2/2 summoner 1/1 switcher 1/1 idle 1/1 medium 1/1 | roll 1.7s upd 6.4s
[brain] it 5947 [league 80%] R/ep 11.38 ent 2.15 kl 0.009 | hit/swing 51% dj/min 32.9 blk/min 9.4 abiHit 87 supHit 46 | expert 2/2 rushdown 1/1 hunter 7/12 summoner 1/1 human 1/1 sov fast 1/3 easy 2/2 sovereign 1/1 medium 1/1 | roll 1.6s upd 6.1s
[brain] it 5948 [league 79%] R/ep 6.84 ent 2.10 kl 0.009 | hit/swing 51% dj/min 34.5 blk/min 10.0 abiHit 65 supHit 40 | hunter 5/11 sovereign 1/2 sov fast 3/4 counter 1/1 switcher 1/1 rushdown 1/1 self 1/2 human 1/1 expert 1/1 | roll 1.7s upd 6.6s
[brain] it 5949 [league 79%] R/ep 12.13 ent 2.03 kl 0.007 | hit/swing 39% dj/min 30.2 blk/min 11.8 abiHit 83 supHit 42 | hunter 9/13 self 1/2 sovereign 2/2 medium 2/2 expert x2 1/1 idle 1/1 human 1/1 sov fast 1/1 | roll 1.7s upd 8.0s
[brain] it 5950 [league 79%] R/ep 12.70 ent 2.13 kl 0.007 | hit/swing 31% dj/min 30.6 blk/min 9.2 abiHit 74 supHit 32 | medium 1/1 hunter 7/10 summoner 2/2 sov fast 1/1 zoner 2/2 self 0/2 expert 1/1 expert x2 1/1 sovereign 1/1 | roll 1.8s upd 7.0s
[brain] it 5951 [league 80%] R/ep 12.36 ent 1.98 kl 0.009 | hit/swing 52% dj/min 29.7 blk/min 10.0 abiHit 54 supHit 56 | idle 3/3 hunter 6/8 rushdown 1/1 self 1/4 aerial 1/1 hard 2/2 sov fast 3/4 human 1/1 sovereign 1/1 hard x3 1/1 | roll 2.4s upd 7.0s
[brain] it 5952 [league 80%] R/ep 9.71 ent 2.13 kl 0.009 | hit/swing 39% dj/min 33.6 blk/min 10.9 abiHit 86 supHit 38 | sov fast 2/3 self 0/2 hunter 7/10 hard x3 0/1 hard 2/2 medium 1/1 sovereign 1/1 expert 1/1 idle 1/1 | roll 2.4s upd 8.3s
[brain] it 5953 [league 78%] R/ep 10.13 ent 2.21 kl 0.007 | hit/swing 33% dj/min 35.7 blk/min 8.6 abiHit 36 supHit 26 | sov fast 2/3 hunter 8/9 self 2/3 sovereign 1/3 zoner 1/1 | roll 2.2s upd 7.9s
[brain] it 5954 [league 77%] R/ep 7.09 ent 2.04 kl 0.010 | hit/swing 49% dj/min 31.9 blk/min 8.7 abiHit 76 supHit 45 | expert 1/1 hunter 5/9 medium 3/3 sovereign 3/5 sov fast 2/3 self 1/2 hard x3 0/1 hard 1/1 | roll 1.8s upd 8.5s
[brain] it 5955 [league 77%] R/ep 7.67 ent 2.12 kl 0.010 | hit/swing 51% dj/min 33.1 blk/min 10.4 abiHit 46 supHit 39 | hunter 6/10 sovereign 1/1 self 1/4 hard x3 1/2 expert 1/1 hard 1/1 easy 1/1 sov fast 4/4 switcher 1/1 | roll 1.7s upd 6.9s
[brain] it 5956 [league 76%] R/ep 12.81 ent 2.00 kl 0.010 | hit/swing 51% dj/min 31.4 blk/min 8.4 abiHit 71 supHit 62 | hunter 7/8 sovereign 2/3 expert x2 1/1 self 3/4 easy 1/1 summoner 1/1 sov fast 5/6 zoner 1/1 human 1/1 counter 1/1 aerial 1/1 | roll 1.9s upd 7.0s
[brain] it 5957 [league 75%] R/ep 5.85 ent 2.18 kl 0.007 | hit/swing 35% dj/min 32.7 blk/min 9.4 abiHit 54 supHit 24 | hunter 8/11 self 1/3 sov fast 2/4 expert 1/1 sovereign 0/1 idle 1/1 | roll 1.9s upd 7.2s
[brain] it 5958 [league 74%] R/ep 11.67 ent 2.09 kl 0.009 | hit/swing 53% dj/min 29.7 blk/min 10.0 abiHit 78 supHit 37 | sovereign 1/2 hunter 3/8 human 2/2 idle 1/1 sov fast 1/2 counter 1/1 expert 1/1 expert x2 2/2 easy 1/1 rushdown 1/1 self 1/1 | roll 2.0s upd 7.9s
[brain] it 5959 [league 73%] R/ep 13.63 ent 1.97 kl 0.009 | hit/swing 64% dj/min 23.8 blk/min 10.4 abiHit 95 supHit 54 | sov fast 3/5 self 3/4 hard x3 1/1 idle 2/2 sovereign 1/2 summoner 1/1 aerial 1/1 easy 2/2 expert 2/2 hunter 3/4 expert x2 1/1 switcher 1/1 | roll 1.8s upd 7.7s
[brain] it 5960 [league 73%] R/ep 7.01 ent 2.14 kl 0.008 | hit/swing 47% dj/min 30.7 blk/min 7.8 abiHit 64 supHit 41 | medium 2/2 hunter 4/8 self 0/1 summoner 1/1 sov fast 4/5 expert 1/1 sovereign 3/4 easy 1/1 hard x3 0/1 | roll 2.0s upd 8.0s
[brain] it 5961 [league 73%] R/ep 14.70 ent 2.00 kl 0.008 | hit/swing 57% dj/min 29.6 blk/min 11.5 abiHit 77 supHit 56 | sovereign 4/5 hunter 5/8 easy 2/2 self 2/2 turtle 2/2 idle 1/1 expert x2 1/1 sov fast 2/2 expert 3/3 medium 1/1 counter 1/1 human 1/1 | roll 1.9s upd 7.5s
[brain] it 5962 [league 73%] R/ep 7.39 ent 2.12 kl 0.007 | hit/swing 33% dj/min 33.3 blk/min 8.4 abiHit 69 supHit 35 | hunter 3/11 sovereign 1/2 aerial 1/1 self 3/3 hard 1/1 medium 1/1 idle 1/1 switcher 1/1 | roll 2.2s upd 8.1s
[brain] it 5963 [league 74%] R/ep 9.10 ent 2.14 kl 0.007 | hit/swing 51% dj/min 33.3 blk/min 9.4 abiHit 61 supHit 23 | self 1/2 hard 1/1 hunter 4/6 rushdown 0/1 sov fast 2/4 counter 1/1 sovereign 2/2 switcher 1/1 easy 1/1 idle 1/1 | roll 1.7s upd 7.0s
[brain] it 5964 [league 73%] R/ep 13.38 ent 2.04 kl 0.009 | hit/swing 43% dj/min 29.6 blk/min 7.8 abiHit 78 supHit 51 | hunter 8/9 sovereign 1/2 medium 3/3 zoner 1/1 idle 2/2 counter 2/2 summoner 1/1 easy 2/2 switcher 1/1 self 1/1 sov fast 1/3 | roll 1.9s upd 7.3s
[brain] it 5965 [league 70%] R/ep 10.20 ent 2.21 kl 0.008 | hit/swing 43% dj/min 34.0 blk/min 8.0 abiHit 53 supHit 53 | hunter 7/9 summoner 2/2 aerial 1/1 idle 2/2 turtle 1/1 human 1/1 switcher 1/1 expert 1/1 sovereign 2/5 self 0/1 counter 1/1 sov fast 1/1 | roll 1.8s upd 8.4s
[brain] it 5966 [league 69%] R/ep 15.78 ent 2.00 kl 0.009 | hit/swing 61% dj/min 27.2 blk/min 7.9 abiHit 95 supHit 55 | self 1/1 idle 2/2 hunter 4/5 expert 2/2 sovereign 2/4 counter 2/2 medium 1/1 switcher 1/1 hard x3 2/3 hard 1/1 sov fast 1/3 turtle 2/2 summoner 1/1 | roll 1.8s upd 6.9s
[brain] it 5967 [league 68%] R/ep 9.92 ent 2.12 kl 0.008 | hit/swing 29% dj/min 34.3 blk/min 8.9 abiHit 60 supHit 32 | expert 1/1 hunter 11/17 sovereign 0/1 aerial 1/1 turtle 1/1 sov fast 1/1 easy 1/1 zoner 1/1 | roll 1.9s upd 7.3s
[brain] it 5968 [league 69%] R/ep 14.13 ent 2.03 kl 0.007 | hit/swing 57% dj/min 28.7 blk/min 8.6 abiHit 93 supHit 57 | sov fast 3/4 zoner 1/1 aerial 0/1 summoner 1/1 sovereign 3/3 self 2/2 hard x3 1/1 hunter 5/9 switcher 2/2 expert 1/1 medium 1/1 hard 1/1 expert x2 1/1 | roll 1.7s upd 7.9s
[brain] it 5969 [league 68%] R/ep 14.06 ent 1.99 kl 0.008 | hit/swing 50% dj/min 29.1 blk/min 10.6 abiHit 72 supHit 50 | hunter 5/8 easy 1/1 hard x3 0/1 counter 1/1 expert 1/1 idle 3/3 zoner 2/2 medium 2/2 self 4/4 sovereign 1/2 rushdown 1/1 sov fast 1/1 | roll 2.2s upd 7.8s
[brain] it 5970 [league 68%] R/ep 9.02 ent 2.14 kl 0.008 | hit/swing 43% dj/min 34.1 blk/min 6.6 abiHit 86 supHit 40 | summoner 1/1 medium 1/1 sovereign 2/3 human 1/1 hunter 8/9 rushdown 1/1 sov fast 3/5 self 1/1 switcher 1/1 expert 1/1 | roll 2.1s upd 7.5s
[brain] it 5971 [league 68%] R/ep 12.56 ent 2.11 kl 0.007 | hit/swing 52% dj/min 30.9 blk/min 9.4 abiHit 59 supHit 38 | sov fast 4/4 self 4/5 hard x3 0/1 hunter 6/7 idle 1/1 sovereign 1/1 expert 1/1 summoner 0/1 aerial 1/1 | roll 2.3s upd 7.9s
[brain] it 5972 [league 69%] R/ep 10.82 ent 2.09 kl 0.010 | hit/swing 44% dj/min 33.0 blk/min 9.4 abiHit 55 supHit 35 | hunter 8/10 sovereign 2/2 switcher 1/1 self 3/4 idle 1/1 sov fast 2/3 expert 1/1 | roll 2.2s upd 8.4s
[brain] it 5973 [league 68%] R/ep 8.66 ent 2.01 kl 0.009 | hit/swing 57% dj/min 29.8 blk/min 12.1 abiHit 68 supHit 42 | hunter 7/12 switcher 1/1 idle 1/1 aerial 1/1 sovereign 1/2 medium 1/1 expert 2/2 sov fast 2/4 summoner 0/1 self 1/1 | roll 2.1s upd 7.6s
[brain] it 5974 [league 68%] R/ep 12.83 ent 2.11 kl 0.006 | hit/swing 56% dj/min 34.1 blk/min 9.5 abiHit 64 supHit 47 | expert 1/1 hard 1/1 sovereign 3/4 self 3/4 hunter 3/7 hard x3 2/3 sov fast 1/2 easy 1/1 | roll 1.9s upd 7.2s
[brain] it 5975 [league 67%] R/ep 11.41 ent 2.05 kl 0.008 | hit/swing 52% dj/min 29.1 blk/min 10.2 abiHit 77 supHit 43 | sovereign 2/3 hunter 8/13 easy 2/2 summoner 1/1 rushdown 0/1 expert 2/2 expert x2 0/1 self 2/2 hard 1/1 hard x3 1/1 | roll 1.9s upd 6.9s
[brain] it 5976 [league 66%] R/ep 10.51 ent 2.05 kl 0.009 | hit/swing 62% dj/min 32.0 blk/min 10.9 abiHit 74 supHit 44 | hunter 11/15 medium 1/1 self 2/3 idle 2/2 expert 2/2 turtle 1/1 rushdown 0/1 sovereign 1/2 hard x3 0/1 hard 1/1 | roll 1.8s upd 8.3s
[brain] it 5977 [league 66%] R/ep 10.99 ent 2.03 kl 0.007 | hit/swing 50% dj/min 29.2 blk/min 9.3 abiHit 79 supHit 54 | hunter 8/12 sov fast 3/5 summoner 1/1 sovereign 1/1 expert x2 3/3 turtle 1/1 medium 2/2 self 1/3 switcher 1/1 zoner 1/1 | roll 2.1s upd 7.6s
[brain] it 5978 [league 65%] R/ep 10.50 ent 2.07 kl 0.008 | hit/swing 42% dj/min 32.2 blk/min 9.9 abiHit 83 supHit 53 | human 2/2 hunter 4/7 sovereign 1/2 counter 1/1 hard x3 1/2 self 3/4 expert 1/1 sov fast 2/4 hard 1/1 | roll 1.9s upd 6.8s
[brain] it 5979 [league 64%] R/ep 10.76 ent 2.05 kl 0.008 | hit/swing 43% dj/min 33.0 blk/min 9.7 abiHit 88 supHit 50 | aerial 1/1 hard 2/2 sovereign 2/3 hunter 8/13 human 2/2 medium 1/1 expert x2 2/2 sov fast 1/2 expert 1/1 | roll 1.7s upd 7.5s
[brain] it 5980 [league 66%] R/ep 13.75 ent 1.92 kl 0.007 | hit/swing 57% dj/min 26.0 blk/min 11.3 abiHit 81 supHit 56 | sov fast 2/3 expert 5/5 hunter 7/11 sovereign 4/4 human 1/2 expert x2 1/1 idle 1/1 switcher 1/1 easy 1/1 | roll 1.8s upd 7.5s
[brain] it 5981 [league 67%] R/ep 12.39 ent 1.97 kl 0.008 | hit/swing 47% dj/min 29.3 blk/min 11.9 abiHit 90 supHit 67 | sovereign 3/3 hunter 6/14 sov fast 3/3 turtle 1/1 zoner 1/1 expert 1/1 expert x2 1/1 idle 2/2 aerial 1/1 hard 1/1 self 1/1 hard x3 1/1 | roll 2.0s upd 8.1s
[brain] it 5982 [league 66%] R/ep 9.21 ent 2.02 kl 0.007 | hit/swing 60% dj/min 31.0 blk/min 10.9 abiHit 72 supHit 42 | self 1/4 hunter 7/12 idle 3/3 easy 1/1 sovereign 1/2 sov fast 2/3 expert 1/1 aerial 1/1 hard 1/1 | roll 1.8s upd 9.1s
[brain] it 5983 [league 68%] R/ep 12.55 ent 1.93 kl 0.008 | hit/swing 58% dj/min 28.2 blk/min 11.0 abiHit 71 supHit 64 | hunter 7/7 sovereign 2/3 turtle 1/1 sov fast 4/5 hard x3 1/1 expert 3/3 hard 1/1 self 5/7 easy 1/1 counter 1/1 medium 1/1 | roll 1.8s upd 7.2s
[brain] it 5984 [league 68%] R/ep 9.96 ent 2.08 kl 0.008 | hit/swing 47% dj/min 31.9 blk/min 9.4 abiHit 78 supHit 49 | self 2/4 hunter 8/10 expert 5/5 medium 1/1 summoner 1/1 sovereign 1/2 expert x2 0/1 sov fast 0/1 turtle 1/1 | roll 1.9s upd 7.6s
[brain] it 5985 [league 68%] R/ep 14.76 ent 1.89 kl 0.006 | hit/swing 60% dj/min 24.3 blk/min 10.8 abiHit 140 supHit 83 | self 1/1 turtle 1/1 sovereign 5/6 hunter 4/7 summoner 4/4 expert x2 4/4 sov fast 3/4 rushdown 2/2 expert 2/2 easy 1/1 counter 1/1 aerial 1/1 medium 1/1 | roll 1.7s upd 7.0s
[brain] it 5986 [league 68%] R/ep 10.66 ent 2.02 kl 0.007 | hit/swing 54% dj/min 28.6 blk/min 11.6 abiHit 88 supHit 40 | hard x3 1/1 hunter 6/10 summoner 3/3 sovereign 1/2 self 1/3 sov fast 2/3 easy 1/1 expert 2/2 aerial 1/1 human 1/1 | roll 1.9s upd 7.5s
[brain] it 5987 [league 68%] R/ep 10.51 ent 2.09 kl 0.006 | hit/swing 52% dj/min 31.6 blk/min 8.8 abiHit 58 supHit 47 | idle 2/2 expert 1/1 hunter 8/11 switcher 1/1 sovereign 2/2 self 2/3 sov fast 3/4 easy 1/1 | roll 1.9s upd 7.7s
[brain] it 5988 [league 68%] R/ep 12.29 ent 2.15 kl 0.007 | hit/swing 38% dj/min 34.1 blk/min 9.8 abiHit 93 supHit 38 | hunter 8/12 aerial 2/2 expert 2/2 sovereign 1/2 summoner 1/1 sov fast 2/2 human 1/1 expert x2 1/1 self 2/2 | roll 1.9s upd 7.3s
[brain] it 5989 [league 68%] R/ep 14.00 ent 2.04 kl 0.007 | hit/swing 54% dj/min 31.4 blk/min 11.3 abiHit 86 supHit 44 | hunter 7/12 switcher 1/1 expert 2/2 idle 2/2 hard 1/1 expert x2 1/1 easy 1/1 self 2/2 medium 1/1 sov fast 1/1 | roll 2.2s upd 7.5s
[brain] it 5990 [league 68%] R/ep 12.66 ent 2.02 kl 0.007 | hit/swing 53% dj/min 30.4 blk/min 11.0 abiHit 79 supHit 43 | self 0/2 hunter 11/12 sov fast 2/2 switcher 1/1 sovereign 3/3 turtle 1/2 easy 1/1 expert 2/2 human 1/1 zoner 1/1 | roll 2.0s upd 7.4s
[brain] it 5991 [league 68%] R/ep 13.52 ent 2.05 kl 0.006 | hit/swing 59% dj/min 31.4 blk/min 10.4 abiHit 92 supHit 57 | zoner 1/1 counter 1/1 aerial 2/2 hard x3 2/2 sovereign 2/2 hunter 5/10 human 1/1 summoner 1/1 sov fast 0/2 medium 1/1 idle 1/1 self 1/3 expert 1/1 | roll 2.0s upd 8.0s
[brain] it 5992 [league 70%] R/ep 12.55 ent 2.06 kl 0.007 | hit/swing 41% dj/min 29.4 blk/min 8.8 abiHit 87 supHit 64 | summoner 3/3 expert 4/4 sov fast 1/1 hard x3 1/2 sovereign 3/4 hunter 7/9 self 2/4 human 1/1 expert x2 1/1 rushdown 1/1 | roll 2.3s upd 7.5s
[brain] it 5993 [league 69%] R/ep 12.96 ent 1.98 kl 0.008 | hit/swing 56% dj/min 27.5 blk/min 11.7 abiHit 72 supHit 51 | hunter 4/8 sov fast 1/1 self 2/3 easy 2/2 hard x3 2/2 sovereign 0/1 hard 4/4 turtle 1/1 expert 1/1 | roll 1.9s upd 7.8s
[brain] it 5994 [league 70%] R/ep 9.26 ent 2.04 kl 0.008 | hit/swing 47% dj/min 30.8 blk/min 9.0 abiHit 71 supHit 29 | easy 2/2 hunter 7/11 sov fast 1/3 hard 1/1 expert 1/1 counter 1/1 human 1/1 medium 1/1 sovereign 1/1 | roll 1.7s upd 6.7s
[brain] it 5995 [league 69%] R/ep 9.57 ent 2.05 kl 0.007 | hit/swing 50% dj/min 28.1 blk/min 8.8 abiHit 110 supHit 39 | easy 2/2 hard 2/2 idle 3/3 hunter 5/9 switcher 1/1 sov fast 1/2 expert x2 1/1 sovereign 1/2 self 1/5 zoner 2/2 | roll 2.0s upd 7.4s
[brain] it 5996 [league 69%] R/ep 14.62 ent 2.10 kl 0.006 | hit/swing 55% dj/min 33.6 blk/min 10.0 abiHit 61 supHit 32 | hard x3 1/1 turtle 1/1 hunter 5/7 summoner 3/3 self 1/1 sovereign 1/1 zoner 1/1 sov fast 0/2 hard 1/1 expert 1/1 | roll 1.6s upd 7.3s
[brain] it 5997 [league 71%] R/ep 12.49 ent 1.83 kl 0.009 | hit/swing 64% dj/min 24.7 blk/min 12.7 abiHit 85 supHit 70 | hunter 9/11 idle 2/2 medium 3/3 sovereign 5/7 easy 1/1 hard x3 1/1 expert 2/2 self 1/2 sov fast 3/3 switcher 1/1 | roll 2.2s upd 7.4s
[brain] it 5998 [league 70%] R/ep 11.13 ent 2.11 kl 0.008 | hit/swing 60% dj/min 31.0 blk/min 10.7 abiHit 77 supHit 45 | expert x2 2/2 sov fast 1/3 hunter 2/8 switcher 1/1 expert 1/1 zoner 1/1 sovereign 2/3 counter 2/2 self 1/2 hard 1/1 human 1/1 summoner 1/1 rushdown 1/1 | roll 1.8s upd 8.6s
[brain] it 5999 [league 70%] R/ep 8.64 ent 2.08 kl 0.008 | hit/swing 50% dj/min 32.5 blk/min 11.9 abiHit 69 supHit 36 | sov fast 2/4 hunter 6/13 sovereign 0/1 expert x2 1/1 medium 1/1 hard 2/2 rushdown 1/1 expert 1/1 self 1/1 | roll 1.8s upd 7.3s
[brain] it 6000 [league 69%] R/ep 10.10 ent 2.01 kl 0.008 | hit/swing 46% dj/min 30.4 blk/min 11.2 abiHit 89 supHit 51 | sov fast 2/2 hunter 5/9 self 1/3 medium 2/2 summoner 1/1 easy 1/1 expert 3/3 hard x3 0/1 human 1/1 sovereign 2/3 hard 1/1 | roll 1.7s upd 6.5s
[brain] it 6001 [league 69%] R/ep 10.43 ent 2.03 kl 0.007 | hit/swing 49% dj/min 31.2 blk/min 7.6 abiHit 53 supHit 20 | hunter 4/6 expert 1/1 sovereign 1/1 sov fast 3/3 counter 0/1 switcher 1/1 self 0/1 | roll 5.4s upd 5.3s
[brain] it 6002 [league 70%] R/ep 10.73 ent 1.96 kl 0.006 | hit/swing 54% dj/min 27.8 blk/min 10.8 abiHit 53 supHit 34 | turtle 1/1 easy 1/1 hard 1/1 hunter 3/6 self 2/4 sov fast 2/2 zoner 1/1 medium 1/1 idle 1/1 sovereign 1/1 | roll 4.9s upd 6.2s
[brain] it 6003 [league 70%] R/ep 12.84 ent 1.95 kl 0.009 | hit/swing 52% dj/min 27.6 blk/min 11.3 abiHit 58 supHit 30 | turtle 1/1 sov fast 2/3 hunter 3/5 hard 2/2 sovereign 1/1 hard x3 1/1 counter 1/1 self 1/1 | roll 5.0s upd 8.2s
[brain] it 6004 [league 71%] R/ep 6.50 ent 2.16 kl 0.010 | hit/swing 48% dj/min 33.1 blk/min 10.3 abiHit 73 supHit 38 | sov fast 1/2 turtle 1/1 hunter 4/12 sovereign 2/2 expert x2 2/2 aerial 1/1 expert 0/1 self 1/1 summoner 1/1 | roll 2.6s upd 16.2s
[brain] it 6005 [league 73%] R/ep 13.33 ent 1.99 kl 0.009 | hit/swing 53% dj/min 29.6 blk/min 11.2 abiHit 75 supHit 63 | medium 1/1 sovereign 5/6 hunter 8/10 sov fast 1/2 self 3/4 rushdown 1/1 zoner 2/2 counter 2/2 expert x2 1/1 idle 1/1 expert 1/1 | roll 2.6s upd 18.4s
[brain] it 6006 [league 74%] R/ep 12.15 ent 2.00 kl 0.007 | hit/swing 52% dj/min 27.9 blk/min 10.3 abiHit 77 supHit 51 | hunter 7/11 self 2/2 sov fast 2/3 sovereign 2/2 hard x3 0/1 counter 1/1 human 1/1 idle 1/1 easy 1/1 expert x2 1/1 summoner 1/1 turtle 2/2 medium 1/1 | roll 2.6s upd 12.3s
[brain] it 6007 [league 75%] R/ep 9.18 ent 2.09 kl 0.009 | hit/swing 48% dj/min 33.1 blk/min 10.5 abiHit 56 supHit 22 | self 1/2 hunter 4/11 sovereign 1/1 turtle 1/1 zoner 1/1 easy 1/1 sov fast 0/2 idle 1/1 medium 1/1 expert 1/1 | roll 3.1s upd 12.8s
[brain] it 6008 [league 75%] R/ep 8.89 ent 1.99 kl 0.007 | hit/swing 47% dj/min 30.1 blk/min 9.3 abiHit 58 supHit 31 | hunter 7/11 summoner 2/2 sov fast 0/1 self 1/3 idle 2/2 aerial 1/1 medium 1/1 | roll 2.4s upd 12.8s
[brain] it 6009 [league 76%] R/ep 11.07 ent 1.94 kl 0.008 | hit/swing 51% dj/min 27.5 blk/min 11.3 abiHit 82 supHit 65 | expert x2 2/2 hunter 5/11 sov fast 4/4 medium 2/2 expert 1/1 counter 2/2 hard 1/1 self 2/3 sovereign 2/2 human 1/1 switcher 1/1 | roll 2.2s upd 11.5s
[brain] it 6010 [league 76%] R/ep 13.07 ent 2.03 kl 0.009 | hit/swing 52% dj/min 31.8 blk/min 8.2 abiHit 87 supHit 38 | idle 1/1 self 2/3 hunter 5/5 easy 2/2 hard x3 1/1 summoner 1/1 turtle 1/1 sov fast 1/2 sovereign 2/3 expert 2/2 | roll 2.2s upd 9.0s
[brain] it 6011 [league 77%] R/ep 11.31 ent 2.09 kl 0.008 | hit/swing 48% dj/min 31.0 blk/min 8.6 abiHit 72 supHit 51 | sov fast 3/3 self 3/8 hunter 3/4 aerial 1/1 expert 2/2 switcher 1/1 summoner 1/1 sovereign 3/3 human 1/1 hard 2/2 | roll 2.1s upd 11.3s
[brain] it 6012 [league 78%] R/ep 9.95 ent 2.12 kl 0.011 | hit/swing 38% dj/min 34.2 blk/min 9.3 abiHit 66 supHit 28 | sovereign 3/3 hunter 6/9 self 1/3 expert x2 1/1 medium 2/2 summoner 1/1 | roll 2.8s upd 13.1s
[brain] it 6013 [league 78%] R/ep 10.63 ent 1.98 kl 0.008 | hit/swing 48% dj/min 28.8 blk/min 10.2 abiHit 78 supHit 49 | sovereign 3/3 sov fast 5/5 easy 2/2 human 1/1 expert 4/4 hunter 4/8 self 3/4 zoner 1/1 hard x3 0/1 turtle 2/2 counter 1/1 | roll 2.8s upd 11.2s
[brain] it 6014 [league 79%] R/ep 15.00 ent 1.94 kl 0.009 | hit/swing 54% dj/min 29.7 blk/min 9.4 abiHit 83 supHit 48 | hard 2/2 hunter 5/9 human 1/1 sov fast 1/1 idle 2/2 hard x3 1/1 aerial 1/1 summoner 1/1 medium 1/1 zoner 2/2 self 2/2 sovereign 2/2 | roll 2.7s upd 10.1s
[brain] it 6015 [league 79%] R/ep 12.31 ent 1.97 kl 0.007 | hit/swing 44% dj/min 29.9 blk/min 11.0 abiHit 51 supHit 45 | hunter 7/10 idle 1/1 sov fast 2/3 easy 1/1 expert 1/1 hard 1/1 zoner 1/1 self 1/2 sovereign 1/1 hard x3 1/1 turtle 0/1 | roll 2.5s upd 8.6s
[brain] it 6016 [league 79%] R/ep 9.81 ent 2.08 kl 0.006 | hit/swing 44% dj/min 32.4 blk/min 11.0 abiHit 61 supHit 49 | hunter 9/13 sov fast 6/6 human 1/1 hard 2/2 self 1/3 easy 1/1 | roll 2.4s upd 9.1s
[brain] it 6017 [league 78%] R/ep 14.47 ent 2.14 kl 0.007 | hit/swing 44% dj/min 31.1 blk/min 8.4 abiHit 66 supHit 33 | hunter 6/7 summoner 1/1 sovereign 1/2 sov fast 1/1 self 1/2 rushdown 1/1 hard x3 1/1 expert x2 1/1 expert 1/1 zoner 1/1 | roll 2.0s upd 10.0s
[brain] it 6018 [league 78%] R/ep 9.53 ent 1.93 kl 0.007 | hit/swing 47% dj/min 28.9 blk/min 11.5 abiHit 84 supHit 50 | hunter 6/12 sov fast 1/2 self 2/3 idle 1/1 easy 1/1 summoner 1/1 expert 2/2 human 1/1 zoner 1/1 medium 3/3 hard 1/1 | roll 2.4s upd 11.2s
[brain] it 6019 [league 78%] R/ep 10.74 ent 1.97 kl 0.008 | hit/swing 46% dj/min 33.1 blk/min 10.6 abiHit 80 supHit 46 | hunter 10/13 hard 1/1 easy 3/3 rushdown 0/1 self 3/3 counter 1/1 sov fast 1/2 | roll 2.5s upd 11.1s
[brain] it 6020 [league 79%] R/ep 13.10 ent 2.19 kl 0.008 | hit/swing 44% dj/min 35.5 blk/min 8.9 abiHit 72 supHit 31 | human 1/1 hard 1/1 sov fast 1/1 rushdown 1/1 hunter 7/9 switcher 1/1 self 0/1 turtle 1/1 sovereign 2/2 expert 2/2 medium 1/1 | roll 2.7s upd 8.0s
[brain] it 6021 [league 80%] R/ep 14.88 ent 1.97 kl 0.008 | hit/swing 70% dj/min 29.2 blk/min 10.9 abiHit 77 supHit 49 | expert x2 2/2 self 0/2 sov fast 1/1 counter 1/1 expert 1/1 human 1/1 summoner 1/1 hunter 6/7 hard x3 1/1 easy 1/1 sovereign 3/4 idle 1/1 zoner 1/1 | roll 1.9s upd 7.3s
[brain] it 6022 [league 80%] R/ep 13.46 ent 2.02 kl 0.009 | hit/swing 45% dj/min 28.2 blk/min 8.7 abiHit 74 supHit 33 | hunter 8/9 summoner 1/1 expert x2 0/1 self 1/2 zoner 1/1 expert 1/1 easy 2/2 rushdown 1/1 sovereign 1/1 sov fast 1/2 | roll 2.1s upd 8.4s
[brain] it 6023 [league 80%] R/ep 12.97 ent 2.06 kl 0.009 | hit/swing 44% dj/min 32.9 blk/min 9.9 abiHit 53 supHit 42 | hunter 5/8 sov fast 6/7 medium 2/2 aerial 2/2 sovereign 2/2 | roll 1.9s upd 7.4s
[brain] it 6024 [league 81%] R/ep 13.05 ent 2.04 kl 0.007 | hit/swing 43% dj/min 31.5 blk/min 8.9 abiHit 82 supHit 39 | hunter 9/11 sov fast 3/3 counter 1/1 sovereign 1/1 idle 1/1 switcher 1/1 self 1/1 summoner 1/1 easy 1/1 | roll 2.0s upd 8.6s
[brain] it 6025 [league 81%] R/ep 12.38 ent 2.02 kl 0.008 | hit/swing 53% dj/min 27.8 blk/min 11.1 abiHit 54 supHit 29 | expert 3/3 hunter 5/9 zoner 1/1 hard x3 0/1 human 1/1 expert x2 1/1 switcher 1/1 self 0/1 turtle 1/1 sovereign 1/1 medium 1/1 sov fast 1/2 | roll 1.8s upd 7.4s
[brain] it 6026 [league 81%] R/ep 10.06 ent 2.04 kl 0.006 | hit/swing 48% dj/min 32.8 blk/min 10.5 abiHit 83 supHit 50 | hunter 11/15 zoner 1/1 self 0/2 sov fast 5/5 sovereign 2/3 easy 1/1 medium 1/1 expert x2 1/1 | roll 2.3s upd 7.8s
[brain] it 6027 [league 81%] R/ep 7.76 ent 2.07 kl 0.007 | hit/swing 36% dj/min 33.1 blk/min 9.8 abiHit 74 supHit 31 | sov fast 2/2 hunter 4/9 expert 1/1 sovereign 3/3 hard 1/1 self 2/3 human 1/1 switcher 1/1 turtle 0/1 | roll 2.0s upd 8.6s
[brain] it 6028 [league 81%] R/ep 14.19 ent 1.98 kl 0.008 | hit/swing 45% dj/min 30.4 blk/min 9.3 abiHit 90 supHit 44 | sov fast 6/7 idle 1/1 hard 1/1 turtle 2/2 rushdown 1/1 self 1/3 aerial 1/1 hunter 7/7 expert 1/1 easy 2/2 | roll 2.3s upd 8.3s
[brain] it 6029 [league 79%] R/ep 11.47 ent 2.05 kl 0.006 | hit/swing 39% dj/min 29.9 blk/min 6.9 abiHit 76 supHit 40 | medium 4/4 hunter 7/9 turtle 1/2 easy 1/1 hard 1/1 sovereign 1/3 human 1/1 self 1/1 idle 1/1 sov fast 1/1 | roll 1.8s upd 7.3s
[brain] it 6030 [league 79%] R/ep 7.16 ent 2.12 kl 0.008 | hit/swing 41% dj/min 34.5 blk/min 9.1 abiHit 45 supHit 26 | sov fast 3/4 hunter 8/12 self 1/2 zoner 1/1 expert 2/2 sovereign 1/2 | roll 1.9s upd 8.8s
[brain] it 6031 [league 79%] R/ep 13.39 ent 2.00 kl 0.008 | hit/swing 50% dj/min 29.3 blk/min 9.0 abiHit 79 supHit 46 | sovereign 2/3 sov fast 4/5 hunter 7/9 expert x2 1/1 easy 2/2 counter 1/1 zoner 1/1 expert 2/2 human 1/1 idle 1/1 | roll 2.1s upd 8.6s
[brain] it 6032 [league 80%] R/ep 13.06 ent 1.96 kl 0.007 | hit/swing 47% dj/min 32.7 blk/min 11.0 abiHit 69 supHit 49 | sov fast 1/1 hunter 8/11 expert 2/2 sovereign 3/3 hard 1/1 self 1/1 easy 2/2 human 1/1 | roll 2.2s upd 8.6s
[brain] it 6033 [league 80%] R/ep 14.93 ent 1.89 kl 0.009 | hit/swing 64% dj/min 23.7 blk/min 13.1 abiHit 78 supHit 62 | hunter 5/9 hard x3 1/1 medium 2/2 summoner 1/1 expert 2/2 self 1/1 expert x2 4/4 sovereign 2/2 idle 2/2 rushdown 2/2 | roll 2.2s upd 8.7s
[brain] it 6034 [league 78%] R/ep 9.95 ent 2.09 kl 0.009 | hit/swing 44% dj/min 32.7 blk/min 10.4 abiHit 69 supHit 27 | aerial 0/1 hunter 6/10 sovereign 0/3 hard x3 1/1 self 1/1 sov fast 1/1 hard 1/1 easy 1/1 rushdown 1/1 | roll 2.5s upd 9.4s
[brain] it 6035 [league 78%] R/ep 12.22 ent 2.08 kl 0.007 | hit/swing 41% dj/min 31.5 blk/min 8.7 abiHit 89 supHit 54 | hunter 4/5 sov fast 4/4 expert x2 1/1 medium 1/1 turtle 1/1 expert 2/2 rushdown 0/1 sovereign 4/5 self 3/3 easy 1/1 switcher 1/1 | roll 2.2s upd 9.4s
[brain] it 6036 [league 79%] R/ep 8.60 ent 2.17 kl 0.007 | hit/swing 44% dj/min 33.3 blk/min 8.5 abiHit 52 supHit 36 | expert x2 1/1 hunter 6/8 sov fast 3/6 rushdown 1/1 sovereign 4/4 human 0/1 aerial 0/1 self 0/1 zoner 1/1 | roll 2.5s upd 8.8s
[brain] it 6037 [league 79%] R/ep 10.42 ent 2.11 kl 0.009 | hit/swing 35% dj/min 36.0 blk/min 9.4 abiHit 45 supHit 28 | hunter 7/9 sov fast 2/3 aerial 1/1 expert 1/1 self 2/2 sovereign 2/2 | roll 2.0s upd 7.3s
[brain] it 6038 [league 81%] R/ep 14.96 ent 1.97 kl 0.007 | hit/swing 53% dj/min 30.9 blk/min 10.4 abiHit 77 supHit 42 | hunter 8/10 zoner 1/1 sov fast 1/2 hard 1/1 sovereign 6/6 idle 1/1 switcher 1/1 medium 1/1 counter 1/1 self 1/1 expert 2/2 | roll 2.1s upd 7.3s
[brain] it 6039 [league 81%] R/ep 11.38 ent 1.93 kl 0.008 | hit/swing 57% dj/min 26.2 blk/min 10.0 abiHit 72 supHit 51 | medium 4/4 hunter 3/6 switcher 0/1 self 1/4 counter 1/1 expert x2 1/1 turtle 1/1 hard 5/5 sov fast 1/1 sovereign 1/1 | roll 1.7s upd 8.1s
[brain] it 6040 [league 82%] R/ep 11.61 ent 1.96 kl 0.007 | hit/swing 57% dj/min 26.7 blk/min 8.6 abiHit 71 supHit 46 | hunter 7/11 expert 3/3 sov fast 1/2 sovereign 2/2 expert x2 2/2 switcher 2/2 counter 1/1 self 1/2 hard 1/1 easy 1/1 human 1/1 | roll 2.2s upd 9.5s
[brain] it 6041 [league 83%] R/ep 10.59 ent 2.01 kl 0.008 | hit/swing 52% dj/min 31.9 blk/min 8.9 abiHit 63 supHit 49 | expert 3/3 expert x2 0/1 self 4/5 sovereign 3/3 easy 1/1 hunter 7/9 sov fast 1/4 | roll 2.6s upd 10.1s
[brain] it 6042 [league 84%] R/ep 11.60 ent 2.01 kl 0.007 | hit/swing 52% dj/min 31.3 blk/min 8.9 abiHit 59 supHit 53 | counter 1/1 hunter 7/9 hard 3/3 summoner 1/1 self 1/4 idle 1/1 sov fast 4/4 sovereign 2/2 medium 1/1 human 1/1 expert 1/1 | roll 2.5s upd 8.3s
[brain] it 6043 [league 83%] R/ep 8.94 ent 2.04 kl 0.007 | hit/swing 54% dj/min 31.1 blk/min 10.5 abiHit 67 supHit 41 | sov fast 1/2 hunter 5/12 human 1/1 self 1/1 turtle 1/1 easy 1/1 expert x2 1/1 zoner 1/1 expert 1/1 hard x3 0/1 summoner 1/1 sovereign 0/1 | roll 2.1s upd 8.1s
[brain] it 6044 [league 83%] R/ep 10.96 ent 1.98 kl 0.008 | hit/swing 49% dj/min 33.7 blk/min 12.2 abiHit 56 supHit 41 | hunter 8/12 sovereign 3/4 self 2/3 sov fast 1/1 rushdown 1/1 expert 1/1 | roll 2.4s upd 8.5s
[brain] it 6045 [league 84%] R/ep 12.50 ent 2.03 kl 0.006 | hit/swing 47% dj/min 30.8 blk/min 8.8 abiHit 75 supHit 37 | self 2/3 sovereign 2/2 aerial 2/2 hunter 3/5 switcher 2/2 sov fast 2/2 expert 1/1 hard 1/1 human 1/1 | roll 1.8s upd 7.9s
[brain] it 6046 [league 85%] R/ep 11.31 ent 1.96 kl 0.010 | hit/swing 47% dj/min 29.7 blk/min 10.1 abiHit 80 supHit 48 | summoner 1/1 hunter 7/11 zoner 2/2 self 2/3 sov fast 3/3 idle 1/1 sovereign 3/3 hard x3 0/1 expert 1/1 | roll 2.1s upd 8.2s
[brain] it 6047 [league 85%] R/ep 16.42 ent 1.85 kl 0.009 | hit/swing 58% dj/min 26.5 blk/min 11.1 abiHit 109 supHit 60 | expert 1/1 summoner 1/1 hunter 10/12 hard 2/2 self 2/2 counter 1/1 expert x2 1/1 turtle 2/2 idle 2/2 human 2/2 sovereign 1/1 | roll 1.9s upd 8.3s
[brain] it 6048 [league 85%] R/ep 11.89 ent 2.00 kl 0.009 | hit/swing 62% dj/min 27.4 blk/min 11.0 abiHit 91 supHit 53 | sovereign 2/2 hunter 6/9 summoner 6/6 expert 2/2 hard x3 0/1 sov fast 4/4 turtle 2/2 counter 1/1 | roll 2.0s upd 6.9s
[brain] it 6049 [league 85%] R/ep 7.99 ent 2.04 kl 0.006 | hit/swing 39% dj/min 32.4 blk/min 11.4 abiHit 66 supHit 44 | hunter 5/13 self 1/1 hard 2/2 sovereign 2/3 human 1/1 expert 1/1 sov fast 1/1 easy 1/1 summoner 1/1 | roll 2.0s upd 8.5s
[brain] it 6050 [league 84%] R/ep 13.90 ent 1.96 kl 0.007 | hit/swing 46% dj/min 30.8 blk/min 11.8 abiHit 74 supHit 58 | hunter 8/12 sov fast 1/1 counter 2/2 idle 1/1 self 1/1 rushdown 1/1 expert 2/2 sovereign 2/3 zoner 3/3 hard 1/1 expert x2 1/1 | roll 2.5s upd 9.9s
[brain] it 6051 [league 84%] R/ep 11.67 ent 2.09 kl 0.008 | hit/swing 34% dj/min 33.1 blk/min 10.0 abiHit 65 supHit 30 | self 1/1 hunter 8/13 easy 1/1 rushdown 1/1 switcher 1/1 zoner 1/1 expert 2/2 sov fast 1/1 | roll 2.6s upd 9.8s
[brain] it 6052 [league 84%] R/ep 13.50 ent 1.98 kl 0.006 | hit/swing 49% dj/min 30.0 blk/min 9.8 abiHit 73 supHit 55 | zoner 1/1 hunter 8/10 self 1/3 idle 1/1 sov fast 1/1 aerial 0/1 rushdown 1/1 human 1/1 expert 2/2 turtle 1/1 sovereign 2/2 summoner 1/1 hard 1/1 | roll 2.4s upd 8.3s
[brain] it 6053 [league 84%] R/ep 8.09 ent 1.99 kl 0.007 | hit/swing 48% dj/min 30.8 blk/min 12.3 abiHit 57 supHit 40 | hunter 5/13 turtle 1/1 medium 1/1 hard 1/1 expert 4/4 human 1/1 rushdown 1/1 self 0/1 | roll 2.2s upd 8.4s
[brain] it 6054 [league 83%] R/ep 15.02 ent 1.99 kl 0.007 | hit/swing 59% dj/min 28.2 blk/min 8.9 abiHit 105 supHit 56 | hunter 7/8 sov fast 3/3 sovereign 3/4 hard x3 1/1 expert x2 2/2 human 1/1 easy 1/1 zoner 1/1 hard 1/1 turtle 1/1 idle 1/1 aerial 1/1 | roll 2.0s upd 9.4s
[brain] it 6055 [league 83%] R/ep 10.78 ent 1.97 kl 0.008 | hit/swing 51% dj/min 27.9 blk/min 9.4 abiHit 93 supHit 52 | self 1/2 hunter 8/11 rushdown 1/1 expert 2/2 summoner 1/1 sovereign 2/2 expert x2 1/2 sov fast 1/2 turtle 1/1 idle 1/1 aerial 1/1 | roll 2.2s upd 9.6s
[brain] it 6056 [league 84%] R/ep 13.34 ent 2.04 kl 0.008 | hit/swing 45% dj/min 31.4 blk/min 8.9 abiHit 72 supHit 48 | hunter 9/13 sovereign 1/1 medium 1/1 summoner 1/1 sov fast 1/1 hard x3 1/1 idle 2/2 human 2/2 expert x2 1/1 | roll 3.4s upd 14.4s
[brain] it 6057 [league 84%] R/ep 11.19 ent 1.99 kl 0.007 | hit/swing 58% dj/min 29.0 blk/min 9.3 abiHit 53 supHit 38 | sovereign 1/1 self 2/5 hunter 7/9 easy 1/1 zoner 1/1 idle 2/2 switcher 0/1 hard x3 1/1 medium 1/1 aerial 1/1 | roll 2.2s upd 7.7s
[brain] it 6058 [league 84%] R/ep 12.25 ent 1.99 kl 0.008 | hit/swing 46% dj/min 29.3 blk/min 8.7 abiHit 93 supHit 59 | hunter 10/13 summoner 1/1 zoner 1/1 medium 2/2 self 0/2 expert 2/2 sov fast 2/2 idle 2/2 sovereign 3/3 expert x2 1/1 switcher 2/2 turtle 1/1 | roll 2.0s upd 8.3s
[brain] it 6059 [league 84%] R/ep 11.42 ent 2.00 kl 0.009 | hit/swing 55% dj/min 25.9 blk/min 12.3 abiHit 84 supHit 50 | zoner 1/1 sov fast 3/5 hunter 10/14 turtle 1/1 medium 3/3 self 0/1 sovereign 2/2 switcher 1/1 expert 1/1 | roll 2.0s upd 7.5s
[brain] it 6060 [league 83%] R/ep 3.23 ent 2.10 kl 0.009 | hit/swing 44% dj/min 33.7 blk/min 9.8 abiHit 45 supHit 26 | hunter 3/10 sovereign 1/2 sov fast 0/2 hard 1/1 expert 1/1 self 1/3 idle 1/1 | roll 1.9s upd 7.9s
[brain] it 6061 [league 83%] R/ep 6.82 ent 2.14 kl 0.008 | hit/swing 35% dj/min 33.5 blk/min 9.6 abiHit 50 supHit 31 | sovereign 2/2 hunter 5/9 sov fast 1/2 self 1/4 hard 1/1 rushdown 1/1 easy 1/1 | roll 2.7s upd 10.2s
[brain] it 6062 [league 84%] R/ep 14.30 ent 2.03 kl 0.007 | hit/swing 51% dj/min 29.6 blk/min 11.0 abiHit 94 supHit 48 | hunter 4/7 expert x2 3/3 summoner 2/2 self 1/2 sovereign 5/5 sov fast 2/2 zoner 2/2 counter 1/1 | roll 2.6s upd 8.3s
[brain] it 6063 [league 85%] R/ep 13.78 ent 1.96 kl 0.008 | hit/swing 41% dj/min 27.4 blk/min 8.7 abiHit 85 supHit 48 | medium 1/1 sovereign 4/4 zoner 2/2 self 1/3 hunter 5/7 turtle 2/2 easy 1/1 sov fast 2/2 idle 1/1 counter 1/1 hard x3 1/1 aerial 1/1 hard 1/1 | roll 2.0s upd 8.0s
[brain] it 6064 [league 85%] R/ep 12.31 ent 1.91 kl 0.007 | hit/swing 52% dj/min 25.2 blk/min 10.1 abiHit 89 supHit 48 | sovereign 3/3 hunter 5/11 sov fast 2/2 hard 2/2 self 1/1 zoner 1/1 summoner 1/1 expert 2/2 expert x2 1/1 idle 2/2 | roll 2.1s upd 7.8s
[brain] it 6065 [league 85%] R/ep 7.69 ent 2.00 kl 0.007 | hit/swing 42% dj/min 32.1 blk/min 12.1 abiHit 60 supHit 31 | sov fast 3/3 hunter 7/13 self 1/3 expert 2/2 sovereign 1/1 | roll 2.3s upd 8.6s
[brain] it 6066 [league 85%] R/ep 7.18 ent 2.02 kl 0.009 | hit/swing 46% dj/min 28.4 blk/min 9.6 abiHit 50 supHit 36 | hard x3 0/1 hunter 6/10 self 1/3 hard 1/1 expert x2 0/1 medium 1/1 sov fast 3/4 idle 1/1 sovereign 1/1 aerial 1/1 | roll 2.0s upd 7.6s
[brain] it 6067 [league 84%] R/ep 9.62 ent 2.16 kl 0.007 | hit/swing 33% dj/min 32.7 blk/min 8.0 abiHit 76 supHit 32 | hard x3 1/1 hunter 4/8 summoner 1/1 sovereign 1/2 switcher 1/1 sov fast 2/3 self 0/2 hard 1/1 zoner 1/1 expert 1/1 turtle 1/1 | roll 2.1s upd 9.6s
[brain] it 6068 [league 83%] R/ep 12.24 ent 2.06 kl 0.008 | hit/swing 40% dj/min 33.2 blk/min 9.7 abiHit 70 supHit 31 | sovereign 0/2 hunter 6/9 self 2/2 sov fast 2/2 expert 1/1 hard x3 2/2 human 1/1 | roll 2.4s upd 11.1s
[brain] it 6069 [league 83%] R/ep 11.91 ent 2.01 kl 0.009 | hit/swing 42% dj/min 31.2 blk/min 9.0 abiHit 70 supHit 54 | sov fast 3/3 self 2/4 summoner 2/2 hunter 7/10 sovereign 1/1 expert 3/3 aerial 1/1 rushdown 1/1 switcher 1/1 | roll 2.7s upd 9.9s
[brain] it 6070 [league 83%] R/ep 8.99 ent 2.03 kl 0.007 | hit/swing 38% dj/min 29.4 blk/min 7.0 abiHit 71 supHit 48 | hunter 5/8 self 3/3 expert 1/1 expert x2 1/1 hard x3 1/2 sov fast 2/3 sovereign 2/2 counter 1/1 summoner 2/2 idle 1/1 | roll 2.1s upd 9.0s
[brain] it 6071 [league 84%] R/ep 16.14 ent 1.90 kl 0.008 | hit/swing 50% dj/min 22.2 blk/min 9.8 abiHit 90 supHit 56 | rushdown 2/2 hunter 4/6 medium 3/3 summoner 1/1 turtle 1/1 sovereign 1/1 aerial 1/1 self 1/3 zoner 1/1 idle 2/2 human 1/1 counter 1/1 hard x3 1/1 expert 3/3 easy 1/1 | roll 2.4s upd 8.5s
[brain] it 6072 [league 84%] R/ep 11.96 ent 2.08 kl 0.007 | hit/swing 54% dj/min 30.5 blk/min 10.1 abiHit 68 supHit 50 | self 2/3 summoner 3/3 sovereign 1/2 rushdown 1/1 sov fast 3/3 hunter 5/7 expert 1/1 zoner 1/1 expert x2 0/1 hard x3 1/1 aerial 1/1 | roll 1.9s upd 8.0s
[brain] it 6073 [league 84%] R/ep 9.15 ent 2.06 kl 0.009 | hit/swing 30% dj/min 34.7 blk/min 10.1 abiHit 70 supHit 48 | sovereign 1/1 hunter 5/10 self 1/2 switcher 1/1 hard 1/1 sov fast 1/2 easy 1/1 rushdown 1/1 idle 1/1 hard x3 0/1 | roll 1.8s upd 7.1s
[brain] it 6074 [league 85%] R/ep 8.91 ent 2.02 kl 0.008 | hit/swing 45% dj/min 32.9 blk/min 8.9 abiHit 71 supHit 27 | self 1/1 sov fast 4/4 rushdown 1/1 sovereign 2/3 hunter 8/12 zoner 1/1 counter 1/1 | roll 2.1s upd 8.7s
[brain] it 6075 [league 84%] R/ep 11.16 ent 2.06 kl 0.008 | hit/swing 41% dj/min 32.2 blk/min 8.0 abiHit 69 supHit 43 | sovereign 3/4 counter 2/2 expert 1/1 hunter 8/11 hard 1/1 idle 1/1 self 2/2 sov fast 2/3 | roll 2.2s upd 7.1s
[brain] it 6076 [league 84%] R/ep 8.72 ent 2.09 kl 0.008 | hit/swing 48% dj/min 34.1 blk/min 10.6 abiHit 58 supHit 39 | hunter 7/13 easy 2/2 switcher 1/1 expert 1/1 sov fast 1/2 medium 1/1 sovereign 2/3 self 0/1 aerial 1/2 human 1/1 | roll 2.0s upd 8.4s
[brain] it 6077 [league 86%] R/ep 9.66 ent 2.08 kl 0.009 | hit/swing 51% dj/min 32.7 blk/min 8.0 abiHit 71 supHit 44 | hunter 9/13 easy 1/1 sovereign 2/2 self 2/2 aerial 1/1 rushdown 1/1 expert 1/1 sov fast 1/1 summoner 1/1 | roll 1.9s upd 6.9s
[brain] it 6078 [league 86%] R/ep 10.70 ent 2.06 kl 0.008 | hit/swing 50% dj/min 29.4 blk/min 10.6 abiHit 50 supHit 46 | hunter 4/8 medium 2/2 sov fast 4/4 easy 1/1 sovereign 2/3 turtle 1/1 self 1/2 hard 1/1 summoner 1/1 | roll 1.9s upd 7.8s
[brain] it 6079 [league 86%] R/ep 13.31 ent 1.95 kl 0.006 | hit/swing 65% dj/min 26.6 blk/min 10.4 abiHit 83 supHit 46 | hunter 5/8 turtle 1/2 expert 1/1 medium 2/2 human 2/2 self 0/2 sov fast 2/2 expert x2 1/2 sovereign 1/1 idle 3/3 zoner 1/1 summoner 1/1 | roll 1.9s upd 7.6s
[brain] it 6080 [league 85%] R/ep 12.67 ent 2.03 kl 0.007 | hit/swing 44% dj/min 29.7 blk/min 8.1 abiHit 88 supHit 48 | sovereign 2/3 self 2/2 hunter 6/8 sov fast 2/2 idle 1/1 summoner 1/1 expert 2/2 easy 1/1 expert x2 2/2 medium 1/1 | roll 2.1s upd 8.6s
[brain] it 6081 [league 85%] R/ep 10.83 ent 1.97 kl 0.008 | hit/swing 56% dj/min 27.9 blk/min 8.3 abiHit 100 supHit 56 | hunter 6/8 self 2/3 medium 2/2 hard x3 1/1 human 1/1 sovereign 4/4 rushdown 0/1 expert 1/1 easy 1/1 sov fast 1/1 aerial 1/1 | roll 2.1s upd 8.0s
[brain] it 6082 [league 85%] R/ep 12.55 ent 1.96 kl 0.007 | hit/swing 44% dj/min 30.9 blk/min 9.4 abiHit 67 supHit 49 | switcher 1/1 hunter 10/13 expert x2 2/2 self 2/3 sov fast 1/2 expert 1/1 zoner 1/1 human 1/1 | roll 1.9s upd 7.2s
[brain] it 6083 [league 85%] R/ep 12.51 ent 1.99 kl 0.008 | hit/swing 52% dj/min 29.1 blk/min 9.8 abiHit 88 supHit 56 | aerial 2/2 hunter 5/7 summoner 1/1 idle 1/1 sovereign 4/4 self 1/2 expert x2 1/1 expert 2/2 sov fast 5/5 medium 1/1 hard 1/1 | roll 1.8s upd 7.1s
[brain] it 6084 [league 85%] R/ep 11.25 ent 2.01 kl 0.008 | hit/swing 41% dj/min 29.8 blk/min 8.7 abiHit 75 supHit 53 | summoner 3/3 hunter 6/11 sov fast 3/3 expert x2 1/1 hard x3 0/1 aerial 1/1 expert 1/1 sovereign 1/1 medium 2/2 self 0/1 | roll 1.8s upd 7.0s
[brain] it 6085 [league 85%] R/ep 11.46 ent 2.06 kl 0.006 | hit/swing 57% dj/min 31.8 blk/min 8.2 abiHit 68 supHit 42 | self 3/4 hunter 5/9 medium 1/1 expert x2 2/2 rushdown 1/1 turtle 1/1 sov fast 1/1 expert 1/1 human 1/1 | roll 2.0s upd 8.0s
[brain] it 6086 [league 84%] R/ep 11.03 ent 2.02 kl 0.008 | hit/swing 55% dj/min 29.7 blk/min 9.8 abiHit 69 supHit 63 | self 2/3 sovereign 5/6 idle 2/2 human 2/2 hunter 2/6 summoner 0/1 expert 2/3 hard x3 1/1 sov fast 5/5 expert x2 1/1 | roll 1.9s upd 7.7s
[brain] it 6087 [league 84%] R/ep 9.24 ent 2.04 kl 0.010 | hit/swing 50% dj/min 32.0 blk/min 10.5 abiHit 68 supHit 36 | rushdown 1/1 hunter 7/12 sovereign 1/1 summoner 1/1 self 0/1 sov fast 2/2 zoner 1/1 medium 2/2 hard 1/1 hard x3 0/1 | roll 2.0s upd 8.3s
[brain] it 6088 [league 84%] R/ep 8.34 ent 2.09 kl 0.008 | hit/swing 42% dj/min 31.7 blk/min 8.9 abiHit 76 supHit 34 | sovereign 3/5 rushdown 0/1 hunter 4/7 sov fast 2/3 easy 2/2 summoner 1/1 counter 1/1 switcher 0/1 self 0/1 expert x2 1/1 | roll 1.9s upd 7.3s
[brain] it 6089 [league 84%] R/ep 14.25 ent 1.98 kl 0.009 | hit/swing 57% dj/min 27.5 blk/min 9.4 abiHit 96 supHit 51 | sov fast 2/2 hunter 8/10 hard x3 1/1 self 1/2 idle 2/2 aerial 1/1 hard 2/2 medium 1/1 easy 1/1 rushdown 1/1 sovereign 2/2 expert 1/1 zoner 1/1 switcher 1/1 | roll 1.6s upd 6.9s
[brain] it 6090 [league 84%] R/ep 11.19 ent 2.02 kl 0.009 | hit/swing 46% dj/min 30.1 blk/min 9.5 abiHit 81 supHit 36 | hunter 6/10 medium 2/2 easy 1/1 idle 3/3 sov fast 1/2 sovereign 1/1 hard 1/1 self 1/1 expert 2/2 turtle 0/1 | roll 2.0s upd 9.4s
[brain] it 6091 [league 84%] R/ep 10.52 ent 2.02 kl 0.008 | hit/swing 30% dj/min 30.6 blk/min 8.9 abiHit 87 supHit 44 | self 1/1 hard 1/1 sov fast 2/3 summoner 1/1 hunter 6/10 human 1/1 sovereign 1/1 turtle 1/1 switcher 1/1 counter 1/1 expert x2 1/1 | roll 2.3s upd 8.5s
[brain] it 6092 [league 84%] R/ep 11.52 ent 1.96 kl 0.006 | hit/swing 53% dj/min 28.1 blk/min 10.8 abiHit 109 supHit 42 | hunter 7/10 medium 2/2 expert 4/4 hard x3 1/1 sov fast 3/3 self 0/3 expert x2 1/1 idle 1/1 | roll 2.1s upd 8.5s
[brain] it 6093 [league 82%] R/ep 10.43 ent 1.98 kl 0.008 | hit/swing 54% dj/min 28.3 blk/min 10.8 abiHit 98 supHit 58 | sov fast 2/4 self 1/3 easy 2/2 expert 1/1 human 2/2 hunter 4/7 hard x3 1/2 sovereign 1/3 idle 1/1 expert x2 1/1 summoner 1/1 | roll 2.1s upd 8.1s
[brain] it 6094 [league 82%] R/ep 9.63 ent 2.08 kl 0.008 | hit/swing 40% dj/min 34.8 blk/min 10.6 abiHit 48 supHit 41 | sov fast 2/3 hunter 9/14 zoner 1/1 sovereign 3/3 rushdown 0/1 counter 1/1 medium 1/1 summoner 1/1 self 0/1 | roll 2.3s upd 9.6s
[brain] it 6095 [league 83%] R/ep 11.24 ent 2.02 kl 0.008 | hit/swing 59% dj/min 31.7 blk/min 10.4 abiHit 77 supHit 50 | idle 2/2 turtle 1/1 sov fast 1/3 hard 1/1 hunter 7/10 self 0/1 sovereign 1/1 medium 1/1 aerial 2/2 summoner 1/1 easy 1/1 | roll 1.8s upd 7.6s
[brain] it 6096 [league 82%] R/ep 11.98 ent 2.04 kl 0.007 | hit/swing 38% dj/min 30.4 blk/min 8.1 abiHit 66 supHit 42 | hunter 8/11 idle 1/1 sovereign 2/3 easy 1/1 hard 1/1 switcher 1/1 summoner 1/1 rushdown 2/2 sov fast 1/1 medium 1/1 | roll 2.7s upd 9.7s
[brain] it 6097 [league 83%] R/ep 11.02 ent 1.99 kl 0.008 | hit/swing 46% dj/min 31.6 blk/min 11.1 abiHit 51 supHit 48 | hunter 8/13 expert 1/1 sov fast 2/2 sovereign 2/2 summoner 1/1 zoner 1/1 self 1/3 expert x2 1/1 easy 1/1 rushdown 1/1 switcher 1/1 | roll 2.0s upd 7.2s
[brain] it 6098 [league 83%] R/ep 12.36 ent 2.10 kl 0.008 | hit/swing 35% dj/min 33.1 blk/min 8.5 abiHit 83 supHit 33 | easy 3/3 self 1/1 sov fast 2/3 hunter 2/6 human 1/1 sovereign 2/2 zoner 1/1 rushdown 1/2 idle 1/1 aerial 1/1 expert 1/1 | roll 1.6s upd 6.6s
[brain] it 6099 [league 82%] R/ep 6.97 ent 2.21 kl 0.008 | hit/swing 37% dj/min 37.7 blk/min 9.0 abiHit 59 supHit 29 | hunter 5/13 rushdown 1/1 sov fast 2/3 turtle 1/1 sovereign 0/1 hard 2/2 | roll 1.9s upd 7.8s
[brain] it 6100 [league 82%] R/ep 8.65 ent 2.07 kl 0.008 | hit/swing 47% dj/min 31.0 blk/min 8.7 abiHit 76 supHit 39 | self 4/5 zoner 1/1 rushdown 1/1 counter 1/1 hunter 5/9 sovereign 2/3 idle 1/1 expert x2 1/1 aerial 1/1 easy 1/1 switcher 1/1 expert 1/1 sov fast 0/1 | roll 2.0s upd 8.7s
[brain] it 6101 [league 81%] R/ep 9.58 ent 2.04 kl 0.006 | hit/swing 45% dj/min 29.2 blk/min 8.4 abiHit 84 supHit 32 | hunter 5/8 summoner 2/2 aerial 0/1 human 1/1 sovereign 2/3 sov fast 1/2 self 1/2 expert 3/3 medium 1/1 expert x2 1/1 | roll 2.0s upd 8.4s
[brain] it 6102 [league 79%] R/ep 11.28 ent 2.07 kl 0.009 | hit/swing 54% dj/min 28.2 blk/min 5.7 abiHit 81 supHit 29 | sovereign 4/6 sov fast 3/3 counter 1/1 hunter 5/6 summoner 2/2 expert 2/2 aerial 1/1 easy 1/1 | roll 1.8s upd 7.5s
[brain] it 6103 [league 80%] R/ep 12.93 ent 1.98 kl 0.006 | hit/swing 36% dj/min 29.6 blk/min 8.2 abiHit 87 supHit 56 | expert x2 1/1 self 0/2 hunter 5/6 idle 1/1 sovereign 1/1 expert 2/2 summoner 1/1 sov fast 2/3 switcher 1/1 hard x3 1/1 human 0/1 aerial 1/1 | roll 1.6s upd 7.4s
[brain] it 6104 [league 79%] R/ep 13.87 ent 1.95 kl 0.008 | hit/swing 52% dj/min 29.0 blk/min 9.3 abiHit 66 supHit 68 | easy 1/1 sovereign 1/2 expert 3/3 human 1/1 hard 3/3 self 2/4 summoner 2/2 sov fast 1/1 hunter 3/5 hard x3 1/1 aerial 1/1 idle 1/1 turtle 1/2 expert x2 1/1 | roll 1.7s upd 6.9s
[brain] it 6105 [league 78%] R/ep 10.33 ent 2.07 kl 0.008 | hit/swing 43% dj/min 31.7 blk/min 8.6 abiHit 67 supHit 35 | sovereign 4/5 hunter 6/10 counter 2/2 hard 1/1 idle 1/1 self 2/2 expert 1/1 summoner 1/1 | roll 1.8s upd 7.0s
[brain] it 6106 [league 77%] R/ep 11.78 ent 1.98 kl 0.007 | hit/swing 62% dj/min 31.6 blk/min 9.5 abiHit 63 supHit 47 | hard 1/1 self 5/7 expert 1/1 hunter 3/6 sov fast 3/3 expert x2 1/1 hard x3 1/1 counter 1/1 sovereign 0/1 switcher 0/1 | roll 1.8s upd 6.9s
[brain] it 6107 [league 77%] R/ep 12.97 ent 1.98 kl 0.007 | hit/swing 44% dj/min 30.9 blk/min 9.5 abiHit 79 supHit 45 | aerial 2/2 easy 1/1 hunter 7/11 medium 2/2 expert x2 1/1 self 2/2 summoner 1/1 expert 1/1 sovereign 1/1 | roll 2.3s upd 8.3s
[brain] it 6108 [league 76%] R/ep 11.45 ent 2.01 kl 0.007 | hit/swing 54% dj/min 32.1 blk/min 11.7 abiHit 64 supHit 39 | hard x3 1/1 hunter 9/12 expert x2 1/1 sovereign 0/1 counter 1/1 turtle 1/1 human 1/1 hard 1/1 self 1/3 | roll 2.2s upd 6.6s
[brain] it 6109 [league 75%] R/ep 10.41 ent 2.00 kl 0.008 | hit/swing 57% dj/min 31.0 blk/min 9.2 abiHit 90 supHit 57 | sov fast 2/3 idle 2/2 self 3/6 human 0/1 hunter 3/6 hard x3 1/2 switcher 1/1 hard 2/2 zoner 1/1 rushdown 1/1 sovereign 1/2 expert 1/1 | roll 1.8s upd 9.2s
[brain] it 6110 [league 74%] R/ep 6.34 ent 2.03 kl 0.007 | hit/swing 33% dj/min 32.2 blk/min 8.2 abiHit 63 supHit 45 | medium 2/2 hunter 2/7 sov fast 2/3 turtle 1/1 idle 1/1 self 3/4 expert x2 0/1 sovereign 1/2 switcher 1/1 aerial 1/1 | roll 1.8s upd 7.0s
[brain] it 6111 [league 73%] R/ep 9.79 ent 2.02 kl 0.007 | hit/swing 50% dj/min 27.6 blk/min 9.1 abiHit 81 supHit 50 | expert x2 1/1 sov fast 3/5 self 1/3 hunter 3/8 sovereign 1/2 zoner 1/1 expert 2/2 hard 2/2 summoner 2/2 medium 1/1 easy 1/1 rushdown 1/1 | roll 1.8s upd 7.8s
[brain] it 6112 [league 73%] R/ep 10.10 ent 2.14 kl 0.007 | hit/swing 29% dj/min 35.8 blk/min 9.4 abiHit 54 supHit 24 | hunter 7/12 easy 1/1 expert 2/2 rushdown 1/1 aerial 1/1 switcher 1/1 self 0/1 sov fast 1/1 | roll 1.9s upd 8.0s
[brain] it 6113 [league 72%] R/ep 9.62 ent 1.95 kl 0.008 | hit/swing 53% dj/min 27.5 blk/min 9.2 abiHit 106 supHit 45 | hunter 5/11 sovereign 1/2 switcher 1/1 idle 1/1 zoner 1/1 sov fast 2/3 expert x2 1/1 easy 2/2 hard x3 1/1 hard 2/2 self 0/1 | roll 2.4s upd 7.7s
[brain] it 6114 [league 74%] R/ep 13.48 ent 1.86 kl 0.009 | hit/swing 47% dj/min 26.1 blk/min 12.0 abiHit 110 supHit 59 | hard 2/2 hunter 4/8 sov fast 3/3 expert x2 1/1 sovereign 2/3 medium 2/2 aerial 3/3 turtle 1/1 easy 2/2 expert 1/1 summoner 1/1 self 0/1 human 1/1 switcher 1/1 | roll 1.9s upd 7.5s
[brain] it 6115 [league 74%] R/ep 9.81 ent 2.07 kl 0.009 | hit/swing 42% dj/min 29.4 blk/min 9.2 abiHit 64 supHit 42 | expert 2/2 hunter 6/12 aerial 1/1 hard 1/1 medium 3/3 zoner 1/1 sov fast 1/2 rushdown 0/1 idle 1/1 easy 2/2 sovereign 1/1 turtle 1/1 | roll 2.0s upd 7.7s
[brain] it 6116 [league 74%] R/ep 12.28 ent 1.96 kl 0.005 | hit/swing 49% dj/min 28.9 blk/min 9.3 abiHit 82 supHit 43 | sovereign 1/1 hunter 8/10 easy 1/1 self 3/4 sov fast 0/1 hard 1/1 expert 3/3 medium 1/1 summoner 0/1 counter 1/1 aerial 1/1 | roll 2.3s upd 6.8s
[brain] it 6117 [league 74%] R/ep 10.69 ent 1.96 kl 0.010 | hit/swing 46% dj/min 28.9 blk/min 10.4 abiHit 90 supHit 54 | hunter 8/12 expert 1/1 self 0/1 aerial 1/2 easy 4/4 counter 1/1 sovereign 1/1 summoner 1/1 expert x2 0/1 sov fast 2/2 rushdown 1/1 medium 1/1 | roll 2.0s upd 8.9s
[brain] it 6118 [league 75%] R/ep 8.80 ent 2.04 kl 0.007 | hit/swing 56% dj/min 28.6 blk/min 9.7 abiHit 78 supHit 45 | sovereign 3/3 hunter 3/8 self 3/5 summoner 1/1 expert 4/4 sov fast 2/3 hard 2/2 zoner 1/1 | roll 2.0s upd 9.0s
[brain] it 6119 [league 75%] R/ep 12.71 ent 1.93 kl 0.009 | hit/swing 63% dj/min 28.6 blk/min 9.6 abiHit 61 supHit 53 | hard 1/1 hunter 5/5 turtle 2/2 self 1/4 expert 1/1 sov fast 2/3 summoner 1/1 rushdown 1/1 hard x3 1/2 switcher 1/1 human 1/1 | roll 2.0s upd 8.3s
[brain] it 6120 [league 75%] R/ep 10.86 ent 2.03 kl 0.009 | hit/swing 45% dj/min 30.5 blk/min 9.8 abiHit 62 supHit 40 | hunter 4/7 sovereign 2/3 counter 2/2 sov fast 4/5 expert 2/2 turtle 1/1 zoner 1/1 self 0/2 easy 2/2 idle 1/1 | roll 2.2s upd 7.7s
[brain] it 6121 [league 76%] R/ep 11.58 ent 2.01 kl 0.006 | hit/swing 43% dj/min 27.8 blk/min 10.0 abiHit 78 supHit 47 | zoner 1/1 sovereign 2/2 summoner 1/1 self 2/5 hunter 5/9 aerial 0/1 hard x3 2/2 hard 1/1 expert 1/1 expert x2 1/1 | roll 2.0s upd 7.1s
[brain] it 6122 [league 76%] R/ep 13.55 ent 1.96 kl 0.009 | hit/swing 36% dj/min 29.1 blk/min 10.3 abiHit 73 supHit 39 | self 3/5 medium 2/2 zoner 1/1 hunter 8/10 expert 2/2 switcher 1/1 aerial 1/1 turtle 1/1 rushdown 1/1 | roll 2.0s upd 7.3s
[brain] it 6123 [league 75%] R/ep 5.61 ent 2.13 kl 0.008 | hit/swing 51% dj/min 32.1 blk/min 10.2 abiHit 61 supHit 29 | self 0/2 sovereign 1/2 aerial 1/1 hard 1/1 hunter 4/9 sov fast 1/4 summoner 2/2 medium 1/1 zoner 1/1 counter 1/1 | roll 1.7s upd 6.3s
[brain] it 6124 [league 75%] R/ep 8.29 ent 2.12 kl 0.008 | hit/swing 36% dj/min 31.2 blk/min 11.1 abiHit 57 supHit 25 | self 1/5 sovereign 2/2 rushdown 1/1 hunter 6/9 human 0/1 sov fast 3/3 aerial 1/1 medium 1/1 | roll 2.0s upd 7.2s
[brain] it 6125 [league 75%] R/ep 9.28 ent 2.09 kl 0.007 | hit/swing 40% dj/min 34.9 blk/min 11.4 abiHit 43 supHit 42 | hunter 7/12 expert 1/1 self 0/2 sov fast 1/3 sovereign 1/2 aerial 2/2 rushdown 2/2 | roll 1.8s upd 6.8s
[brain] it 6126 [league 74%] R/ep 9.26 ent 2.02 kl 0.008 | hit/swing 42% dj/min 29.4 blk/min 8.3 abiHit 77 supHit 44 | medium 3/3 sovereign 3/4 self 1/1 expert 1/1 easy 1/1 sov fast 2/4 hunter 9/13 | roll 1.8s upd 7.0s
[brain] it 6127 [league 73%] R/ep 13.64 ent 2.00 kl 0.007 | hit/swing 59% dj/min 28.2 blk/min 7.6 abiHit 60 supHit 63 | hard x3 1/1 self 2/2 hunter 8/9 sovereign 2/5 zoner 1/1 sov fast 2/2 turtle 1/1 easy 1/1 aerial 1/1 rushdown 1/1 expert 1/1 hard 1/1 switcher 1/1 summoner 1/1 | roll 1.8s upd 6.0s
[brain] it 6128 [league 72%] R/ep 10.87 ent 2.16 kl 0.009 | hit/swing 49% dj/min 29.3 blk/min 6.2 abiHit 76 supHit 40 | hard x3 0/1 aerial 1/1 counter 1/1 sov fast 3/3 expert 1/1 human 2/2 expert x2 1/1 hard 1/1 hunter 4/6 medium 1/1 sovereign 1/2 self 0/1 | roll 1.7s upd 6.4s
[brain] it 6129 [league 71%] R/ep 9.63 ent 1.99 kl 0.007 | hit/swing 58% dj/min 29.1 blk/min 10.3 abiHit 59 supHit 45 | hunter 6/10 sovereign 1/2 expert 3/3 medium 2/2 self 1/4 aerial 1/1 hard 1/1 summoner 1/1 easy 1/1 | roll 1.7s upd 8.0s
[brain] it 6130 [league 71%] R/ep 8.85 ent 1.97 kl 0.009 | hit/swing 44% dj/min 29.5 blk/min 11.1 abiHit 45 supHit 37 | hunter 11/13 self 2/4 counter 1/1 medium 2/2 sovereign 1/1 sov fast 0/2 turtle 1/1 human 0/1 expert 1/1 | roll 2.0s upd 8.1s
[brain] it 6131 [league 71%] R/ep 9.68 ent 2.00 kl 0.008 | hit/swing 60% dj/min 30.2 blk/min 10.2 abiHit 76 supHit 47 | hunter 6/8 self 4/5 rushdown 1/1 sovereign 2/2 expert 1/1 human 1/1 sov fast 4/7 easy 1/1 | roll 2.0s upd 7.3s
[brain] it 6132 [league 70%] R/ep 10.35 ent 2.00 kl 0.007 | hit/swing 43% dj/min 30.6 blk/min 8.8 abiHit 70 supHit 40 | self 2/4 hunter 8/11 sovereign 3/4 easy 1/1 sov fast 2/2 expert 1/1 medium 1/1 | roll 1.8s upd 6.8s
[brain] it 6133 [league 68%] R/ep 11.05 ent 2.03 kl 0.008 | hit/swing 46% dj/min 30.5 blk/min 8.1 abiHit 80 supHit 60 | expert 3/3 hunter 6/7 medium 2/2 sovereign 0/3 sov fast 4/5 counter 2/2 aerial 2/2 easy 1/1 human 0/1 hard x3 0/1 | roll 1.9s upd 7.8s
[brain] it 6134 [league 67%] R/ep 8.83 ent 2.03 kl 0.007 | hit/swing 44% dj/min 29.5 blk/min 11.5 abiHit 70 supHit 39 | self 1/2 hunter 7/11 expert 1/1 rushdown 1/1 sovereign 2/3 idle 2/2 turtle 1/1 medium 1/1 | roll 1.7s upd 6.9s
[brain] it 6135 [league 67%] R/ep 10.43 ent 2.04 kl 0.007 | hit/swing 48% dj/min 30.6 blk/min 8.8 abiHit 56 supHit 32 | medium 2/2 zoner 2/2 human 1/1 hunter 6/9 turtle 1/1 sovereign 2/3 sov fast 1/1 expert 1/1 self 1/3 easy 1/1 rushdown 1/1 | roll 2.0s upd 7.4s
[brain] it 6136 [league 68%] R/ep 9.03 ent 2.06 kl 0.007 | hit/swing 47% dj/min 32.6 blk/min 8.4 abiHit 70 supHit 33 | sovereign 2/2 sov fast 2/2 self 3/5 hunter 4/6 expert 3/3 summoner 1/1 idle 1/1 rushdown 0/1 | roll 2.1s upd 7.4s
[brain] it 6137 [league 67%] R/ep 9.15 ent 2.05 kl 0.007 | hit/swing 42% dj/min 34.1 blk/min 8.8 abiHit 73 supHit 45 | expert 1/1 hunter 9/12 self 1/3 sovereign 2/3 zoner 2/2 sov fast 1/2 summoner 1/1 easy 1/1 | roll 1.9s upd 7.5s
[brain] it 6138 [league 67%] R/ep 11.81 ent 2.04 kl 0.009 | hit/swing 50% dj/min 30.2 blk/min 12.1 abiHit 79 supHit 40 | hunter 6/9 aerial 1/1 sovereign 2/4 switcher 1/1 self 1/2 easy 1/1 hard x3 1/1 hard 1/1 sov fast 1/1 | roll 2.0s upd 8.6s
[brain] it 6139 [league 67%] R/ep 9.33 ent 2.02 kl 0.010 | hit/swing 48% dj/min 30.1 blk/min 10.9 abiHit 78 supHit 33 | hunter 10/14 sov fast 2/2 expert 2/2 self 2/3 sovereign 1/1 idle 1/1 easy 1/1 | roll 2.3s upd 8.4s
[brain] it 6140 [league 66%] R/ep 10.07 ent 2.06 kl 0.008 | hit/swing 56% dj/min 31.1 blk/min 10.0 abiHit 98 supHit 43 | rushdown 2/2 hard 2/2 expert 1/1 sovereign 3/5 hunter 4/5 self 3/4 aerial 1/1 sov fast 1/1 turtle 1/1 | roll 2.1s upd 8.3s
[brain] it 6141 [league 65%] R/ep 14.08 ent 1.91 kl 0.006 | hit/swing 53% dj/min 25.0 blk/min 11.5 abiHit 82 supHit 56 | self 1/1 sov fast 2/4 hunter 5/9 summoner 1/1 easy 1/1 medium 1/1 hard x3 3/3 sovereign 2/3 switcher 1/1 expert 2/2 zoner 1/1 turtle 1/1 | roll 2.2s upd 6.9s
[brain] it 6142 [league 66%] R/ep 10.71 ent 1.96 kl 0.010 | hit/swing 44% dj/min 29.4 blk/min 9.5 abiHit 66 supHit 62 | sov fast 3/4 self 3/5 hard x3 1/2 hunter 7/11 easy 2/2 sovereign 2/2 expert 1/1 hard 1/1 idle 1/1 | roll 2.0s upd 7.4s
[brain] it 6143 [league 67%] R/ep 14.28 ent 1.98 kl 0.008 | hit/swing 47% dj/min 27.8 blk/min 10.4 abiHit 87 supHit 59 | hunter 5/8 expert 2/2 self 3/4 sov fast 1/2 sovereign 3/3 hard 1/1 summoner 2/2 switcher 1/1 easy 2/2 hard x3 2/2 idle 1/1 medium 1/1 | roll 1.8s upd 6.9s
[brain] it 6144 [league 67%] R/ep 13.55 ent 1.92 kl 0.006 | hit/swing 45% dj/min 27.9 blk/min 9.6 abiHit 68 supHit 50 | hunter 10/12 sovereign 1/2 zoner 2/2 easy 2/2 switcher 1/1 sov fast 1/1 expert x2 1/1 expert 2/2 self 1/1 summoner 1/1 human 1/1 | roll 1.7s upd 6.3s
[brain] it 6145 [league 65%] R/ep 10.44 ent 2.09 kl 0.007 | hit/swing 44% dj/min 33.9 blk/min 9.2 abiHit 44 supHit 36 | hunter 4/8 self 2/4 expert x2 1/1 sovereign 0/2 rushdown 0/1 idle 1/1 sov fast 1/1 medium 2/2 zoner 1/1 | roll 1.8s upd 6.8s
[brain] it 6146 [league 65%] R/ep 11.45 ent 2.05 kl 0.007 | hit/swing 38% dj/min 31.5 blk/min 6.2 abiHit 91 supHit 44 | hunter 5/7 sov fast 5/5 idle 1/1 hard x3 1/2 self 1/3 easy 2/2 sovereign 2/3 turtle 1/1 zoner 1/1 | roll 1.9s upd 7.5s
[brain] it 6147 [league 65%] R/ep 7.38 ent 2.01 kl 0.008 | hit/swing 39% dj/min 30.6 blk/min 10.6 abiHit 77 supHit 36 | hunter 6/10 human 2/2 sov fast 2/3 expert 1/1 rushdown 1/1 aerial 0/1 sovereign 2/3 summoner 1/1 self 1/1 | roll 1.8s upd 6.9s
[brain] it 6148 [league 65%] R/ep 11.83 ent 1.99 kl 0.008 | hit/swing 49% dj/min 28.8 blk/min 10.1 abiHit 79 supHit 38 | hunter 6/8 medium 3/3 sov fast 1/2 hard 1/1 zoner 1/1 summoner 1/1 easy 3/3 switcher 1/1 sovereign 3/4 self 1/2 | roll 1.7s upd 6.6s
[brain] it 6149 [league 65%] R/ep 13.78 ent 1.90 kl 0.009 | hit/swing 55% dj/min 28.6 blk/min 13.3 abiHit 70 supHit 61 | self 2/3 easy 3/3 rushdown 1/1 hard x3 1/1 expert x2 0/1 sovereign 1/1 hunter 7/10 idle 1/1 sov fast 1/1 counter 1/1 aerial 1/1 turtle 1/1 switcher 1/1 | roll 1.9s upd 8.5s
[brain] it 6150 [league 64%] R/ep 11.74 ent 1.96 kl 0.007 | hit/swing 55% dj/min 28.5 blk/min 10.6 abiHit 64 supHit 44 | sov fast 1/3 hunter 11/11 summoner 1/1 counter 1/1 sovereign 0/3 expert 3/3 self 1/2 idle 1/1 human 1/1 turtle 1/1 | roll 2.2s upd 9.2s
[brain] it 6151 [league 66%] R/ep 10.98 ent 1.97 kl 0.010 | hit/swing 52% dj/min 28.6 blk/min 9.5 abiHit 55 supHit 36 | sovereign 3/3 sov fast 1/1 medium 1/1 expert 2/2 counter 1/1 self 0/2 idle 1/1 hard 1/1 hunter 3/5 zoner 1/1 human 1/1 | roll 5.5s upd 6.2s
[brain] it 6152 [league 66%] R/ep 7.03 ent 2.00 kl 0.009 | hit/swing 51% dj/min 29.2 blk/min 9.2 abiHit 42 supHit 32 | sov fast 5/8 self 0/1 expert 2/2 hunter 3/5 summoner 1/1 medium 1/1 sovereign 1/1 | roll 5.7s upd 7.8s
[brain] it 6153 [league 66%] R/ep 10.14 ent 2.13 kl 0.008 | hit/swing 31% dj/min 30.8 blk/min 11.1 abiHit 49 supHit 22 | self 1/2 hunter 0/4 zoner 1/1 easy 2/2 sov fast 0/1 medium 1/1 idle 1/1 sovereign 1/1 hard x3 1/1 | roll 6.3s upd 11.4s
[brain] it 6154 [league 68%] R/ep 10.49 ent 2.10 kl 0.010 | hit/swing 40% dj/min 30.2 blk/min 10.1 abiHit 87 supHit 53 | hunter 5/12 sovereign 4/4 sov fast 1/3 expert 2/2 aerial 1/1 hard x3 1/1 switcher 1/1 idle 1/1 summoner 1/1 easy 1/1 | roll 2.8s upd 19.6s
[brain] it 6155 [league 69%] R/ep 7.93 ent 2.17 kl 0.007 | hit/swing 38% dj/min 30.8 blk/min 9.1 abiHit 63 supHit 34 | expert x2 0/1 summoner 1/1 easy 1/1 sov fast 2/3 hunter 3/9 sovereign 3/4 hard x3 0/1 hard 1/1 medium 1/1 | roll 2.9s upd 13.8s
[brain] it 6156 [league 69%] R/ep 9.48 ent 2.04 kl 0.008 | hit/swing 38% dj/min 29.9 blk/min 10.7 abiHit 60 supHit 33 | hunter 7/12 sov fast 2/3 medium 1/1 self 0/2 zoner 1/1 idle 1/1 easy 1/1 sovereign 1/1 expert 1/1 aerial 1/1 | roll 2.6s upd 12.2s
[brain] it 6157 [league 69%] R/ep 9.54 ent 1.97 kl 0.008 | hit/swing 43% dj/min 25.7 blk/min 10.6 abiHit 72 supHit 49 | hunter 7/10 sovereign 2/2 expert 2/2 easy 2/2 sov fast 4/4 self 2/4 rushdown 0/1 counter 1/1 | roll 2.7s upd 11.8s
[brain] it 6158 [league 68%] R/ep 9.74 ent 1.95 kl 0.007 | hit/swing 41% dj/min 26.2 blk/min 10.7 abiHit 96 supHit 53 | hunter 6/11 sovereign 4/5 sov fast 0/2 expert 1/1 idle 1/1 expert x2 1/1 counter 2/2 self 3/3 | roll 2.5s upd 12.3s
[brain] it 6159 [league 67%] R/ep 6.94 ent 2.01 kl 0.010 | hit/swing 37% dj/min 31.2 blk/min 9.0 abiHit 62 supHit 29 | self 2/5 hunter 6/8 expert 2/2 sovereign 1/3 sov fast 1/1 medium 1/1 | roll 3.0s upd 15.1s
[brain] it 6160 [league 67%] R/ep 7.97 ent 1.92 kl 0.009 | hit/swing 54% dj/min 25.3 blk/min 10.6 abiHit 101 supHit 57 | hunter 4/10 sov fast 3/5 medium 2/2 aerial 2/2 easy 1/1 counter 1/1 idle 1/1 hard 2/2 sovereign 2/3 self 0/2 summoner 1/1 | roll 2.9s upd 18.0s
[brain] it 6161 [league 67%] R/ep 9.20 ent 1.97 kl 0.008 | hit/swing 49% dj/min 29.8 blk/min 11.3 abiHit 55 supHit 37 | zoner 2/2 sov fast 1/2 expert 2/2 hunter 7/11 self 1/4 rushdown 1/1 sovereign 1/1 switcher 1/1 easy 1/1 | roll 2.5s upd 14.1s
[brain] it 6162 [league 67%] R/ep 12.62 ent 1.96 kl 0.009 | hit/swing 59% dj/min 25.2 blk/min 8.0 abiHit 70 supHit 50 | sovereign 2/3 expert 3/4 hard x3 0/2 expert x2 1/1 hunter 5/6 sov fast 2/3 counter 1/1 medium 2/2 aerial 1/1 summoner 1/1 hard 1/1 easy 1/1 self 0/1 | roll 2.9s upd 15.2s
[brain] it 6163 [league 68%] R/ep 16.21 ent 1.84 kl 0.007 | hit/swing 58% dj/min 24.5 blk/min 11.5 abiHit 96 supHit 67 | expert 2/2 sovereign 4/5 self 0/1 zoner 1/1 hard x3 3/4 hunter 6/7 summoner 1/1 sov fast 1/3 medium 1/1 expert x2 1/1 switcher 1/1 easy 1/1 | roll 2.4s upd 9.3s
[brain] it 6164 [league 69%] R/ep 11.27 ent 1.96 kl 0.009 | hit/swing 39% dj/min 27.9 blk/min 11.5 abiHit 67 supHit 44 | hunter 9/13 aerial 2/2 self 1/1 idle 2/2 expert 1/1 sovereign 2/3 switcher 1/1 summoner 1/1 | roll 1.9s upd 7.9s
[brain] it 6165 [league 69%] R/ep 11.08 ent 1.90 kl 0.010 | hit/swing 46% dj/min 27.1 blk/min 12.6 abiHit 72 supHit 61 | sovereign 2/3 easy 2/2 hunter 5/11 idle 2/2 hard 1/1 sov fast 4/5 rushdown 1/1 expert 2/2 zoner 1/1 summoner 2/2 | roll 1.8s upd 9.1s
[brain] it 6166 [league 70%] R/ep 12.75 ent 1.95 kl 0.008 | hit/swing 55% dj/min 26.4 blk/min 11.9 abiHit 107 supHit 49 | summoner 2/2 hunter 8/10 hard 2/2 expert 3/3 self 0/1 hard x3 1/2 medium 2/2 sov fast 1/2 sovereign 1/1 expert x2 1/1 rushdown 0/1 | roll 2.0s upd 7.7s
[brain] it 6167 [league 69%] R/ep 6.92 ent 2.03 kl 0.007 | hit/swing 34% dj/min 32.6 blk/min 9.7 abiHit 50 supHit 31 | hunter 4/10 easy 1/1 self 1/2 sovereign 3/4 switcher 2/2 sov fast 2/2 expert 1/1 | roll 1.9s upd 7.5s
[brain] it 6168 [league 69%] R/ep 12.10 ent 2.11 kl 0.010 | hit/swing 36% dj/min 32.2 blk/min 9.2 abiHit 64 supHit 33 | self 3/3 hunter 7/10 sov fast 4/5 aerial 1/1 zoner 2/2 sovereign 1/1 counter 2/2 easy 1/1 expert 1/1 | roll 1.9s upd 8.1s
[brain] it 6169 [league 70%] R/ep 9.05 ent 2.10 kl 0.008 | hit/swing 53% dj/min 28.2 blk/min 12.2 abiHit 58 supHit 30 | hunter 7/9 aerial 1/1 sovereign 2/3 sov fast 0/2 hard x3 1/1 turtle 1/1 self 0/2 expert 1/1 | roll 1.9s upd 7.4s
[brain] it 6170 [league 72%] R/ep 13.50 ent 1.91 kl 0.009 | hit/swing 59% dj/min 25.4 blk/min 10.6 abiHit 90 supHit 58 | hunter 8/10 sovereign 3/3 medium 3/3 self 1/2 aerial 1/1 hard x3 1/2 human 0/1 hard 1/1 expert 2/2 rushdown 1/1 sov fast 1/1 | roll 1.6s upd 7.5s
[brain] it 6171 [league 73%] R/ep 10.08 ent 1.95 kl 0.008 | hit/swing 42% dj/min 30.6 blk/min 12.0 abiHit 68 supHit 48 | hunter 10/17 self 0/2 sovereign 2/2 summoner 2/2 sov fast 2/2 aerial 1/1 expert 1/1 rushdown 1/1 counter 1/1 | roll 1.9s upd 8.3s
[brain] it 6172 [league 74%] R/ep 12.08 ent 1.94 kl 0.007 | hit/swing 43% dj/min 28.3 blk/min 14.1 abiHit 78 supHit 54 | hunter 7/12 easy 1/1 switcher 2/3 hard 1/1 rushdown 1/1 sovereign 2/2 expert 1/1 self 0/1 sov fast 1/1 aerial 1/1 human 1/1 | roll 1.8s upd 7.5s
[brain] it 6173 [league 73%] R/ep 4.88 ent 2.09 kl 0.010 | hit/swing 31% dj/min 30.0 blk/min 9.0 abiHit 69 supHit 29 | sovereign 4/6 self 0/3 hunter 4/8 sov fast 2/3 easy 1/1 medium 1/1 | roll 1.8s upd 7.5s
[brain] it 6174 [league 75%] R/ep 11.47 ent 1.91 kl 0.008 | hit/swing 49% dj/min 25.6 blk/min 12.3 abiHit 86 supHit 53 | sovereign 6/7 hard x3 0/2 hunter 4/7 expert x2 1/1 self 2/3 sov fast 1/2 expert 1/1 turtle 2/2 easy 1/1 | roll 1.8s upd 7.5s
[brain] it 6175 [league 75%] R/ep 7.41 ent 2.00 kl 0.008 | hit/swing 40% dj/min 28.3 blk/min 8.9 abiHit 75 supHit 40 | summoner 2/2 sovereign 3/4 hard x3 0/1 hunter 3/8 easy 2/2 idle 1/1 self 3/4 medium 1/1 sov fast 2/3 | roll 1.9s upd 7.5s
[brain] it 6176 [league 76%] R/ep 15.40 ent 1.91 kl 0.007 | hit/swing 61% dj/min 25.4 blk/min 10.8 abiHit 91 supHit 75 | idle 3/3 expert x2 2/2 expert 1/1 self 1/4 hard 1/1 rushdown 1/1 sovereign 4/4 sov fast 4/4 switcher 1/1 hard x3 2/2 human 1/1 easy 1/1 hunter 2/4 zoner 1/1 | roll 1.8s upd 8.2s
[brain] it 6177 [league 76%] R/ep 12.35 ent 1.95 kl 0.009 | hit/swing 52% dj/min 28.1 blk/min 11.7 abiHit 92 supHit 50 | hunter 8/11 self 2/2 expert 1/1 expert x2 1/1 hard 2/2 sov fast 2/3 zoner 1/1 easy 2/2 sovereign 3/3 summoner 1/1 | roll 1.9s upd 8.1s
[brain] it 6178 [league 76%] R/ep 11.35 ent 1.94 kl 0.008 | hit/swing 48% dj/min 26.4 blk/min 9.5 abiHit 82 supHit 39 | hard 3/3 self 1/2 hunter 11/14 idle 1/1 turtle 1/1 easy 1/1 sov fast 1/1 counter 1/1 | roll 2.0s upd 8.2s
[brain] it 6179 [league 77%] R/ep 12.88 ent 2.10 kl 0.006 | hit/swing 34% dj/min 31.9 blk/min 9.9 abiHit 67 supHit 25 | turtle 1/1 hunter 8/11 sov fast 1/1 hard 1/1 sovereign 2/3 zoner 1/1 self 1/1 counter 1/1 | roll 1.9s upd 7.8s
[brain] it 6180 [league 78%] R/ep 14.88 ent 2.01 kl 0.006 | hit/swing 56% dj/min 28.7 blk/min 8.5 abiHit 96 supHit 56 | self 1/2 hunter 8/10 summoner 2/2 sov fast 3/4 sovereign 1/1 hard x3 2/2 expert 1/1 medium 1/1 idle 1/1 switcher 1/1 counter 1/1 easy 1/1 | roll 1.9s upd 8.2s
[brain] it 6181 [league 79%] R/ep 12.82 ent 1.90 kl 0.006 | hit/swing 51% dj/min 26.0 blk/min 11.5 abiHit 87 supHit 55 | hunter 4/7 zoner 1/1 idle 1/1 sovereign 3/4 summoner 1/1 turtle 1/1 medium 1/1 hard 1/1 rushdown 1/1 switcher 1/1 self 0/2 counter 1/1 hard x3 1/1 expert 1/1 human 1/1 | roll 1.7s upd 7.0s
[brain] it 6182 [league 78%] R/ep 12.45 ent 2.00 kl 0.006 | hit/swing 46% dj/min 29.7 blk/min 10.0 abiHit 75 supHit 67 | sov fast 4/4 easy 2/2 self 1/5 switcher 2/2 hunter 3/5 hard x3 2/3 sovereign 2/3 zoner 1/1 human 1/1 | roll 1.8s upd 7.8s
[brain] it 6183 [league 79%] R/ep 11.74 ent 2.02 kl 0.006 | hit/swing 40% dj/min 26.5 blk/min 7.6 abiHit 74 supHit 44 | sov fast 4/6 hunter 7/8 turtle 1/1 counter 1/1 medium 1/1 expert 1/1 sovereign 2/2 hard 1/1 self 1/2 zoner 1/1 summoner 1/1 | roll 1.9s upd 8.3s
[brain] it 6184 [league 78%] R/ep 9.17 ent 2.05 kl 0.005 | hit/swing 38% dj/min 31.2 blk/min 9.1 abiHit 91 supHit 19 | easy 2/2 hunter 6/9 self 1/2 summoner 2/2 aerial 0/1 sovereign 1/2 expert 1/1 human 0/1 zoner 1/1 sov fast 1/1 | roll 2.0s upd 8.2s
[brain] it 6185 [league 79%] R/ep 10.52 ent 1.98 kl 0.009 | hit/swing 61% dj/min 28.1 blk/min 10.2 abiHit 108 supHit 52 | self 0/2 hunter 2/9 sov fast 6/7 sovereign 1/2 expert 2/2 hard 1/1 hard x3 1/1 rushdown 2/2 zoner 2/2 switcher 1/1 | roll 1.9s upd 8.1s
[brain] it 6186 [league 80%] R/ep 11.29 ent 1.99 kl 0.008 | hit/swing 34% dj/min 30.0 blk/min 11.6 abiHit 87 supHit 38 | hunter 5/11 self 0/1 summoner 1/1 expert x2 1/1 rushdown 1/1 expert 1/1 human 1/1 zoner 1/1 sovereign 2/2 sov fast 2/2 hard 1/1 easy 1/1 switcher 1/1 | roll 1.9s upd 8.6s
[brain] it 6187 [league 79%] R/ep 9.23 ent 1.97 kl 0.009 | hit/swing 38% dj/min 27.2 blk/min 11.4 abiHit 70 supHit 43 | sov fast 3/3 hunter 5/9 sovereign 3/4 switcher 2/2 counter 0/1 idle 2/2 hard 1/1 self 0/2 hard x3 0/1 medium 1/1 turtle 1/1 | roll 1.7s upd 7.8s
[brain] it 6188 [league 79%] R/ep 11.27 ent 2.03 kl 0.008 | hit/swing 49% dj/min 28.0 blk/min 10.0 abiHit 66 supHit 39 | sov fast 2/4 hunter 8/11 summoner 1/1 expert 1/1 hard 1/1 self 1/1 expert x2 1/1 zoner 1/1 turtle 1/1 | roll 1.8s upd 7.7s
[brain] it 6189 [league 79%] R/ep 12.17 ent 1.98 kl 0.007 | hit/swing 42% dj/min 27.7 blk/min 11.0 abiHit 81 supHit 41 | hunter 6/10 self 1/3 rushdown 1/1 summoner 2/2 zoner 2/2 human 1/2 sovereign 2/2 medium 1/1 switcher 1/1 hard 1/1 sov fast 1/1 expert x2 1/1 | roll 1.9s upd 8.3s
[brain] it 6190 [league 78%] R/ep 12.05 ent 1.91 kl 0.008 | hit/swing 43% dj/min 25.7 blk/min 8.7 abiHit 61 supHit 49 | hunter 11/13 sov fast 3/3 sovereign 1/2 medium 1/1 summoner 2/2 hard 1/1 zoner 1/1 self 1/1 | roll 2.0s upd 7.8s
[brain] it 6191 [league 78%] R/ep 9.38 ent 1.98 kl 0.009 | hit/swing 50% dj/min 26.9 blk/min 10.1 abiHit 72 supHit 45 | expert x2 1/2 expert 2/2 hunter 8/12 hard 1/1 sovereign 2/3 self 2/3 hard x3 0/1 sov fast 2/2 | roll 1.8s upd 7.8s
[brain] it 6192 [league 78%] R/ep 11.63 ent 2.06 kl 0.006 | hit/swing 36% dj/min 30.6 blk/min 9.2 abiHit 67 supHit 45 | hunter 5/8 sov fast 1/1 self 0/2 hard x3 1/1 easy 1/1 expert x2 1/1 sovereign 1/1 aerial 1/2 expert 2/2 rushdown 1/1 counter 2/2 | roll 1.9s upd 8.4s
[brain] it 6193 [league 77%] R/ep 9.79 ent 1.95 kl 0.008 | hit/swing 51% dj/min 25.2 blk/min 10.2 abiHit 97 supHit 53 | medium 3/3 sovereign 2/3 hunter 6/11 self 1/2 hard 2/2 easy 3/3 switcher 2/2 expert 1/1 sov fast 2/3 zoner 1/1 | roll 1.7s upd 7.6s
[brain] it 6194 [league 77%] R/ep 15.09 ent 1.89 kl 0.010 | hit/swing 46% dj/min 24.6 blk/min 12.7 abiHit 86 supHit 47 | hunter 4/8 zoner 1/1 sovereign 2/3 easy 3/3 sov fast 1/1 self 0/1 idle 2/2 summoner 2/2 hard x3 2/2 expert 1/1 medium 1/1 | roll 1.9s upd 9.1s
[brain] it 6195 [league 76%] R/ep 10.59 ent 1.96 kl 0.007 | hit/swing 45% dj/min 28.1 blk/min 8.6 abiHit 67 supHit 46 | expert 3/3 sovereign 1/2 sov fast 3/4 hunter 8/9 self 1/3 medium 1/1 turtle 1/1 rushdown 1/1 switcher 1/1 | roll 2.7s upd 11.2s
[brain] it 6196 [league 77%] R/ep 14.40 ent 1.85 kl 0.007 | hit/swing 52% dj/min 22.4 blk/min 10.4 abiHit 100 supHit 53 | expert 3/3 sov fast 3/3 hunter 8/11 hard 1/1 hard x3 1/1 medium 1/1 expert x2 2/3 aerial 1/1 switcher 2/2 self 0/1 sovereign 1/1 | roll 1.7s upd 7.9s
[brain] it 6197 [league 77%] R/ep 8.66 ent 2.00 kl 0.007 | hit/swing 40% dj/min 29.4 blk/min 11.1 abiHit 76 supHit 29 | hunter 6/9 switcher 1/1 expert 3/3 self 0/2 sov fast 2/3 sovereign 1/2 rushdown 1/1 counter 1/1 summoner 1/1 | roll 1.7s upd 9.7s
[brain] it 6198 [league 77%] R/ep 14.49 ent 1.82 kl 0.009 | hit/swing 53% dj/min 24.6 blk/min 12.3 abiHit 78 supHit 57 | medium 2/2 easy 2/2 self 1/2 aerial 3/3 counter 2/2 hunter 7/10 sov fast 2/2 sovereign 1/1 zoner 1/1 expert 1/1 hard x3 1/1 switcher 1/1 | roll 1.7s upd 7.9s
[brain] it 6199 [league 78%] R/ep 6.40 ent 2.05 kl 0.007 | hit/swing 43% dj/min 29.6 blk/min 8.2 abiHit 69 supHit 40 | hunter 7/11 self 0/2 medium 1/1 sov fast 1/1 sovereign 4/5 rushdown 1/1 idle 1/1 summoner 1/1 | roll 1.7s upd 8.0s
[brain] it 6200 [league 78%] R/ep 10.50 ent 1.97 kl 0.005 | hit/swing 34% dj/min 30.7 blk/min 11.3 abiHit 71 supHit 36 | hunter 7/11 sov fast 2/3 human 1/1 self 1/3 turtle 2/2 counter 1/1 | roll 1.9s upd 7.7s
[brain] it 6201 [league 77%] R/ep 10.86 ent 1.98 kl 0.009 | hit/swing 54% dj/min 30.3 blk/min 11.0 abiHit 51 supHit 52 | sov fast 4/4 hunter 6/10 easy 2/2 sovereign 1/2 aerial 1/1 self 0/2 hard 2/2 expert 2/2 turtle 0/1 summoner 1/1 | roll 1.8s upd 7.9s
[brain] it 6202 [league 77%] R/ep 15.46 ent 1.88 kl 0.010 | hit/swing 56% dj/min 27.7 blk/min 11.1 abiHit 100 supHit 53 | hunter 9/13 medium 1/1 hard x3 3/3 easy 2/2 aerial 1/1 sov fast 1/1 self 0/1 summoner 1/1 sovereign 1/1 | roll 1.9s upd 8.5s
[brain] it 6203 [league 78%] R/ep 10.09 ent 1.97 kl 0.009 | hit/swing 33% dj/min 32.1 blk/min 8.9 abiHit 70 supHit 51 | hunter 8/11 switcher 0/1 sovereign 3/4 self 2/3 sov fast 4/4 expert x2 1/1 aerial 0/1 expert 1/1 | roll 1.8s upd 7.8s
[brain] it 6204 [league 78%] R/ep 8.94 ent 2.07 kl 0.008 | hit/swing 40% dj/min 32.6 blk/min 10.0 abiHit 72 supHit 28 | hunter 9/13 self 1/3 expert 1/1 idle 1/1 expert x2 1/1 sovereign 2/2 sov fast 1/2 rushdown 1/1 | roll 2.0s upd 8.3s
[brain] it 6205 [league 78%] R/ep 11.48 ent 2.00 kl 0.009 | hit/swing 36% dj/min 29.2 blk/min 10.7 abiHit 74 supHit 50 | hunter 3/7 hard x3 1/1 medium 1/1 aerial 1/1 easy 2/2 sov fast 1/1 self 4/6 expert x2 1/1 sovereign 2/2 expert 1/1 | roll 1.9s upd 7.8s
[brain] it 6206 [league 79%] R/ep 11.13 ent 1.89 kl 0.008 | hit/swing 52% dj/min 27.1 blk/min 11.8 abiHit 63 supHit 47 | human 2/3 sov fast 0/1 self 2/3 hunter 7/10 sovereign 2/2 expert x2 0/1 expert 1/1 medium 2/2 hard 1/1 easy 1/1 | roll 1.7s upd 7.7s
[brain] it 6207 [league 80%] R/ep 9.87 ent 1.99 kl 0.007 | hit/swing 52% dj/min 29.5 blk/min 10.9 abiHit 60 supHit 45 | hunter 3/7 sov fast 3/4 human 1/1 self 3/5 expert x2 1/1 expert 1/1 medium 2/2 counter 0/1 sovereign 2/2 hard 1/1 zoner 1/1 | roll 1.8s upd 8.4s
[brain] it 6208 [league 79%] R/ep 8.78 ent 2.03 kl 0.005 | hit/swing 38% dj/min 30.0 blk/min 9.3 abiHit 59 supHit 38 | hunter 8/14 sov fast 5/6 sovereign 1/2 expert x2 1/1 easy 2/2 switcher 1/1 self 1/1 | roll 1.8s upd 7.9s
[brain] it 6209 [league 79%] R/ep 12.57 ent 2.08 kl 0.008 | hit/swing 40% dj/min 30.0 blk/min 9.1 abiHit 64 supHit 36 | hard x3 1/1 self 1/3 summoner 1/1 expert x2 2/2 hunter 3/5 hard 1/1 sov fast 1/2 sovereign 1/2 expert 1/1 | roll 2.0s upd 10.5s
[brain] it 6210 [league 79%] R/ep 10.46 ent 2.00 kl 0.006 | hit/swing 45% dj/min 27.6 blk/min 9.4 abiHit 67 supHit 50 | expert 2/2 hunter 6/11 sov fast 3/4 hard 1/1 sovereign 1/1 idle 1/1 switcher 2/2 self 1/3 hard x3 1/1 | roll 1.9s upd 9.3s
[brain] it 6211 [league 79%] R/ep 6.30 ent 1.98 kl 0.009 | hit/swing 40% dj/min 31.0 blk/min 10.1 abiHit 96 supHit 48 | sovereign 3/3 hunter 4/12 summoner 1/1 sov fast 5/6 easy 2/2 hard x3 0/1 self 0/2 expert 1/1 | roll 1.8s upd 9.5s
[brain] it 6212 [league 77%] R/ep 10.48 ent 1.91 kl 0.008 | hit/swing 44% dj/min 28.5 blk/min 10.0 abiHit 65 supHit 51 | sov fast 1/2 hunter 8/9 self 3/5 summoner 2/2 easy 2/2 expert 2/2 sovereign 0/2 hard x3 0/1 | roll 2.0s upd 9.0s
[brain] it 6213 [league 77%] R/ep 12.16 ent 1.94 kl 0.007 | hit/swing 41% dj/min 29.6 blk/min 9.8 abiHit 78 supHit 37 | hunter 6/11 zoner 3/3 self 0/2 switcher 1/2 hard 1/1 expert 2/2 hard x3 0/1 sovereign 2/2 sov fast 1/1 easy 1/1 | roll 2.1s upd 10.0s
[brain] it 6214 [league 78%] R/ep 10.81 ent 1.99 kl 0.007 | hit/swing 43% dj/min 27.9 blk/min 8.8 abiHit 70 supHit 42 | easy 1/1 hunter 7/10 sovereign 2/2 switcher 1/1 medium 2/2 sov fast 2/4 summoner 1/1 self 1/1 turtle 1/1 | roll 2.2s upd 8.6s
[brain] it 6215 [league 78%] R/ep 10.89 ent 1.91 kl 0.009 | hit/swing 49% dj/min 27.2 blk/min 10.1 abiHit 87 supHit 53 | sovereign 2/3 hunter 5/8 sov fast 5/5 expert 1/1 human 1/1 summoner 1/1 self 2/4 idle 1/1 hard 1/1 medium 1/1 hard x3 1/1 | roll 2.0s upd 9.0s
[brain] it 6216 [league 77%] R/ep 10.17 ent 1.99 kl 0.007 | hit/swing 49% dj/min 30.8 blk/min 8.4 abiHit 67 supHit 42 | hunter 6/9 medium 1/1 easy 1/1 self 4/4 sovereign 3/4 turtle 3/3 switcher 1/1 sov fast 0/2 expert x2 1/1 | roll 1.9s upd 9.7s
[brain] it 6217 [league 78%] R/ep 8.47 ent 2.09 kl 0.010 | hit/swing 36% dj/min 35.1 blk/min 7.6 abiHit 48 supHit 35 | easy 1/1 hunter 5/8 aerial 1/1 sovereign 5/5 self 1/5 turtle 1/1 | roll 2.1s upd 8.1s
[brain] it 6218 [league 78%] R/ep 13.29 ent 1.94 kl 0.007 | hit/swing 45% dj/min 26.9 blk/min 9.2 abiHit 99 supHit 38 | hunter 6/8 medium 3/3 expert 7/7 self 2/3 summoner 1/1 sovereign 2/2 sov fast 1/1 counter 1/1 | roll 1.9s upd 7.4s
[brain] it 6219 [league 79%] R/ep 10.44 ent 1.92 kl 0.006 | hit/swing 57% dj/min 24.8 blk/min 9.7 abiHit 74 supHit 43 | sovereign 2/2 sov fast 2/3 hunter 8/13 zoner 1/1 summoner 1/1 expert 2/2 self 2/3 idle 3/3 rushdown 1/1 | roll 1.7s upd 10.5s
[brain] it 6220 [league 78%] R/ep 9.06 ent 2.05 kl 0.008 | hit/swing 43% dj/min 32.1 blk/min 10.5 abiHit 46 supHit 29 | sovereign 1/2 self 1/2 hunter 6/11 expert 2/2 idle 1/1 counter 1/1 turtle 1/1 | roll 1.9s upd 7.9s
[brain] it 6221 [league 78%] R/ep 12.03 ent 1.98 kl 0.007 | hit/swing 39% dj/min 30.2 blk/min 9.6 abiHit 78 supHit 39 | hunter 6/9 self 0/1 human 1/1 hard x3 1/1 expert 3/3 sov fast 3/4 sovereign 1/1 hard 1/1 | roll 1.7s upd 7.2s
[brain] it 6222 [league 78%] R/ep 8.13 ent 2.03 kl 0.008 | hit/swing 35% dj/min 30.4 blk/min 9.9 abiHit 83 supHit 31 | sovereign 3/3 hunter 6/12 sov fast 3/3 hard 1/1 idle 1/1 self 1/4 summoner 2/2 expert 1/1 zoner 1/1 | roll 2.4s upd 10.8s
[brain] it 6223 [league 77%] R/ep 10.92 ent 1.93 kl 0.009 | hit/swing 46% dj/min 29.3 blk/min 10.8 abiHit 90 supHit 43 | self 1/4 sovereign 1/3 switcher 1/1 hunter 6/8 expert 5/5 sov fast 1/2 expert x2 1/1 rushdown 1/1 | roll 2.2s upd 9.0s
[brain] it 6224 [league 76%] R/ep 10.08 ent 2.06 kl 0.007 | hit/swing 45% dj/min 31.7 blk/min 8.3 abiHit 57 supHit 48 | aerial 1/1 counter 2/2 sovereign 3/4 medium 1/1 easy 1/1 sov fast 2/3 self 2/3 hunter 6/8 hard 1/1 idle 1/1 summoner 1/1 zoner 1/1 | roll 2.1s upd 8.4s
[brain] it 6225 [league 77%] R/ep 11.39 ent 1.94 kl 0.008 | hit/swing 51% dj/min 27.1 blk/min 11.1 abiHit 85 supHit 35 | expert 2/2 sovereign 2/2 hunter 6/9 rushdown 1/1 turtle 1/1 sov fast 2/3 hard 3/3 easy 1/1 summoner 1/1 zoner 1/1 self 0/2 | roll 1.8s upd 7.8s
[brain] it 6226 [league 77%] R/ep 10.48 ent 1.98 kl 0.007 | hit/swing 55% dj/min 29.7 blk/min 10.5 abiHit 96 supHit 51 | hunter 8/11 sov fast 1/1 sovereign 3/4 self 0/2 hard 1/1 aerial 2/2 rushdown 1/1 counter 1/1 human 1/1 expert x2 1/1 | roll 2.0s upd 8.3s
[brain] it 6227 [league 77%] R/ep 10.32 ent 2.03 kl 0.007 | hit/swing 39% dj/min 29.1 blk/min 8.7 abiHit 83 supHit 52 | self 3/5 sovereign 2/3 hunter 5/7 sov fast 5/5 medium 3/3 idle 2/2 expert 3/3 human 1/1 | roll 1.9s upd 8.0s
[brain] it 6228 [league 77%] R/ep 9.74 ent 2.02 kl 0.007 | hit/swing 52% dj/min 28.8 blk/min 9.3 abiHit 59 supHit 55 | sovereign 3/4 self 0/3 sov fast 2/3 hunter 5/7 expert 2/2 summoner 2/2 rushdown 1/1 aerial 2/2 zoner 1/1 hard 2/2 easy 1/1 human 0/1 | roll 1.7s upd 7.4s
[brain] it 6229 [league 78%] R/ep 11.49 ent 1.93 kl 0.010 | hit/swing 50% dj/min 29.1 blk/min 12.2 abiHit 64 supHit 59 | hunter 6/11 sov fast 2/2 sovereign 2/2 expert 2/2 idle 1/1 self 1/3 easy 1/1 rushdown 1/1 hard x3 2/2 | roll 1.7s upd 7.5s
[brain] it 6230 [league 77%] R/ep 7.53 ent 2.08 kl 0.008 | hit/swing 42% dj/min 33.7 blk/min 9.5 abiHit 50 supHit 37 | sov fast 2/5 hunter 9/11 sovereign 1/2 idle 1/1 self 0/3 | roll 1.7s upd 7.6s
[brain] it 6231 [league 76%] R/ep 10.09 ent 2.02 kl 0.007 | hit/swing 42% dj/min 28.9 blk/min 6.8 abiHit 84 supHit 33 | expert 3/3 self 0/3 sov fast 2/4 counter 1/1 hunter 7/7 medium 1/1 human 1/1 hard 2/2 sovereign 0/1 | roll 2.2s upd 10.6s
[brain] it 6232 [league 77%] R/ep 7.77 ent 2.04 kl 0.008 | hit/swing 38% dj/min 31.3 blk/min 10.8 abiHit 78 supHit 46 | hard x3 0/1 hunter 7/11 sovereign 3/3 self 1/2 sov fast 1/2 expert 2/2 summoner 1/2 counter 1/1 rushdown 1/1 expert x2 0/1 | roll 2.4s upd 12.2s
[brain] it 6233 [league 77%] R/ep 11.20 ent 2.00 kl 0.007 | hit/swing 48% dj/min 31.4 blk/min 10.0 abiHit 80 supHit 49 | sov fast 2/3 self 1/2 hunter 8/12 sovereign 2/3 turtle 1/1 counter 1/1 idle 2/2 expert x2 1/1 easy 1/1 expert 1/1 | roll 2.7s upd 11.7s
[brain] it 6234 [league 76%] R/ep 9.57 ent 1.91 kl 0.008 | hit/swing 49% dj/min 29.2 blk/min 11.0 abiHit 64 supHit 61 | rushdown 1/1 hunter 7/11 sov fast 2/3 sovereign 3/5 self 2/3 summoner 1/1 human 1/1 aerial 1/1 medium 1/1 expert 1/1 easy 1/1 | roll 2.1s upd 9.6s
[brain] it 6235 [league 78%] R/ep 10.87 ent 2.08 kl 0.007 | hit/swing 43% dj/min 29.4 blk/min 9.9 abiHit 79 supHit 34 | sov fast 3/3 hunter 5/10 summoner 1/1 sovereign 5/5 hard 1/1 switcher 1/1 idle 1/1 expert x2 1/1 expert 1/1 self 0/1 | roll 2.1s upd 8.6s
[brain] it 6236 [league 79%] R/ep 11.98 ent 1.98 kl 0.008 | hit/swing 38% dj/min 29.9 blk/min 8.9 abiHit 114 supHit 49 | medium 1/1 hard 1/1 sovereign 2/2 sov fast 2/3 hunter 7/11 expert 2/2 hard x3 1/1 idle 2/2 self 0/1 turtle 1/1 expert x2 1/1 | roll 1.8s upd 9.6s
[brain] it 6237 [league 79%] R/ep 10.74 ent 1.96 kl 0.008 | hit/swing 41% dj/min 30.5 blk/min 11.8 abiHit 91 supHit 47 | counter 1/1 expert 1/1 hunter 7/13 hard x3 1/1 medium 2/2 sov fast 3/3 sovereign 3/4 | roll 1.9s upd 10.0s
[brain] it 6238 [league 76%] R/ep 9.76 ent 1.96 kl 0.008 | hit/swing 45% dj/min 31.1 blk/min 9.9 abiHit 65 supHit 46 | hunter 11/14 sovereign 3/7 expert 2/2 medium 2/2 aerial 1/1 rushdown 1/1 | roll 2.1s upd 8.5s
[brain] it 6239 [league 77%] R/ep 7.04 ent 2.02 kl 0.009 | hit/swing 40% dj/min 32.9 blk/min 8.7 abiHit 69 supHit 26 | hunter 5/9 sovereign 3/3 self 1/3 counter 1/1 idle 1/1 sov fast 0/1 expert 1/1 hard x3 0/1 easy 1/1 hard 1/1 | roll 1.9s upd 9.2s
[brain] it 6240 [league 77%] R/ep 13.86 ent 1.85 kl 0.009 | hit/swing 49% dj/min 28.0 blk/min 11.0 abiHit 85 supHit 54 | self 1/2 hunter 9/11 hard 1/1 easy 1/1 sovereign 3/3 counter 1/1 sov fast 2/2 expert 2/2 turtle 1/1 hard x3 1/1 | roll 2.0s upd 8.2s
[brain] it 6241 [league 74%] R/ep 8.85 ent 2.04 kl 0.004 | hit/swing 41% dj/min 25.4 blk/min 7.2 abiHit 70 supHit 26 | easy 1/1 hunter 4/8 idle 2/2 sovereign 1/4 sov fast 2/2 counter 1/1 expert 1/1 rushdown 1/1 summoner 1/1 | roll 1.9s upd 8.7s
[brain] it 6242 [league 76%] R/ep 11.50 ent 1.99 kl 0.006 | hit/swing 45% dj/min 30.4 blk/min 10.1 abiHit 73 supHit 55 | hunter 8/10 expert x2 1/1 summoner 3/3 sov fast 1/2 expert 1/1 self 2/4 sovereign 4/4 zoner 1/1 counter 1/1 | roll 2.2s upd 8.7s
[brain] it 6243 [league 76%] R/ep 10.94 ent 1.93 kl 0.007 | hit/swing 46% dj/min 28.9 blk/min 10.2 abiHit 87 supHit 46 | switcher 0/1 sov fast 3/3 hunter 7/11 self 2/3 expert 1/1 sovereign 2/2 idle 1/1 hard 1/1 hard x3 1/1 human 1/1 summoner 1/1 | roll 1.8s upd 7.9s
[brain] it 6244 [league 75%] R/ep 6.60 ent 1.99 kl 0.008 | hit/swing 56% dj/min 29.2 blk/min 10.2 abiHit 59 supHit 31 | hunter 6/11 self 1/2 sovereign 1/2 idle 2/2 sov fast 2/3 medium 1/1 aerial 1/2 turtle 1/1 | roll 1.8s upd 7.8s
[brain] it 6245 [league 76%] R/ep 10.41 ent 1.93 kl 0.008 | hit/swing 50% dj/min 28.7 blk/min 11.4 abiHit 99 supHit 64 | summoner 1/1 self 1/2 hunter 6/9 aerial 1/2 sovereign 3/4 expert x2 1/2 switcher 1/1 human 1/1 rushdown 1/1 expert 2/2 sov fast 3/3 turtle 1/1 | roll 1.7s upd 8.7s
[brain] it 6246 [league 75%] R/ep 11.12 ent 1.98 kl 0.009 | hit/swing 53% dj/min 30.7 blk/min 10.9 abiHit 75 supHit 44 | hunter 5/10 sovereign 2/3 hard x3 1/1 medium 1/1 switcher 2/2 sov fast 2/2 turtle 1/1 self 1/1 | roll 2.3s upd 8.9s
[brain] it 6247 [league 75%] R/ep 11.33 ent 1.94 kl 0.007 | hit/swing 52% dj/min 30.2 blk/min 8.4 abiHit 87 supHit 43 | self 4/6 hunter 9/9 sovereign 1/2 expert 3/3 idle 2/2 medium 1/1 sov fast 1/2 | roll 1.9s upd 8.3s
[brain] it 6248 [league 74%] R/ep 11.52 ent 2.02 kl 0.010 | hit/swing 40% dj/min 29.5 blk/min 10.0 abiHit 64 supHit 49 | hunter 7/10 switcher 0/1 sovereign 4/6 hard 2/2 sov fast 1/2 zoner 1/1 expert 1/1 easy 1/1 hard x3 1/1 | roll 1.9s upd 8.4s
[brain] it 6249 [league 73%] R/ep 11.34 ent 1.97 kl 0.008 | hit/swing 47% dj/min 28.0 blk/min 11.3 abiHit 93 supHit 43 | hunter 8/13 easy 1/1 expert 2/2 sov fast 0/1 sovereign 0/1 hard x3 1/2 rushdown 1/1 turtle 1/1 human 1/1 zoner 1/1 hard 1/1 idle 1/1 expert x2 1/1 | roll 1.8s upd 8.3s
[brain] it 6250 [league 71%] R/ep 8.03 ent 2.08 kl 0.009 | hit/swing 32% dj/min 31.0 blk/min 12.0 abiHit 85 supHit 35 | hunter 8/13 rushdown 0/2 sovereign 2/4 easy 1/1 counter 1/1 self 1/1 sov fast 1/1 switcher 1/1 | roll 1.9s upd 7.7s
[brain] it 6251 [league 70%] R/ep 10.09 ent 2.09 kl 0.008 | hit/swing 53% dj/min 33.4 blk/min 9.4 abiHit 70 supHit 43 | hunter 6/10 self 0/1 medium 1/1 zoner 1/1 rushdown 1/1 sov fast 3/5 sovereign 1/2 idle 1/1 switcher 1/1 expert 2/2 | roll 1.6s upd 8.6s
[brain] it 6252 [league 68%] R/ep 10.12 ent 1.90 kl 0.007 | hit/swing 45% dj/min 27.5 blk/min 11.3 abiHit 64 supHit 44 | hunter 11/13 hard 2/2 sovereign 2/5 self 1/1 expert 1/1 turtle 1/1 rushdown 1/1 medium 1/1 | roll 2.1s upd 7.8s
[brain] it 6253 [league 69%] R/ep 10.74 ent 1.96 kl 0.006 | hit/swing 41% dj/min 31.0 blk/min 9.8 abiHit 68 supHit 55 | self 1/2 hunter 7/13 switcher 1/1 easy 1/1 rushdown 1/1 zoner 1/1 aerial 1/1 sovereign 3/3 expert 1/1 medium 1/1 expert x2 1/1 sov fast 1/1 | roll 1.9s upd 7.5s
[brain] it 6254 [league 68%] R/ep 6.47 ent 1.96 kl 0.008 | hit/swing 56% dj/min 31.4 blk/min 12.3 abiHit 52 supHit 35 | sovereign 2/4 hunter 6/15 medium 1/1 self 1/1 hard x3 0/1 sov fast 2/2 zoner 1/1 rushdown 0/1 | roll 1.8s upd 8.3s
[brain] it 6255 [league 69%] R/ep 12.32 ent 1.97 kl 0.008 | hit/swing 42% dj/min 31.4 blk/min 10.7 abiHit 72 supHit 70 | hunter 7/12 sov fast 1/2 aerial 2/2 expert x2 2/2 self 0/1 summoner 2/2 sovereign 2/2 expert 1/1 rushdown 1/1 hard x3 1/1 switcher 0/1 | roll 1.7s upd 7.7s
[brain] it 6256 [league 69%] R/ep 10.25 ent 2.11 kl 0.005 | hit/swing 35% dj/min 33.8 blk/min 10.0 abiHit 66 supHit 31 | medium 2/2 switcher 1/1 self 1/3 sov fast 1/3 hunter 3/7 hard x3 1/1 summoner 2/2 easy 1/1 sovereign 1/1 | roll 2.0s upd 7.7s
[brain] it 6257 [league 70%] R/ep 11.43 ent 1.95 kl 0.007 | hit/swing 41% dj/min 31.3 blk/min 11.2 abiHit 83 supHit 52 | sovereign 3/3 hunter 7/10 self 1/3 rushdown 1/1 sov fast 1/1 expert x2 1/1 human 1/1 summoner 1/1 counter 1/1 turtle 1/1 | roll 1.8s upd 8.0s
[brain] it 6258 [league 70%] R/ep 9.86 ent 1.86 kl 0.008 | hit/swing 64% dj/min 26.0 blk/min 10.9 abiHit 87 supHit 54 | switcher 1/1 zoner 1/1 hunter 7/15 idle 3/3 self 1/1 sov fast 2/3 hard x3 0/1 expert 3/3 sovereign 1/2 medium 2/2 summoner 1/1 easy 2/2 | roll 1.8s upd 8.1s
[brain] it 6259 [league 69%] R/ep 12.14 ent 1.90 kl 0.006 | hit/swing 52% dj/min 26.9 blk/min 10.7 abiHit 68 supHit 54 | hunter 10/13 sovereign 2/3 counter 1/1 medium 2/2 zoner 1/1 easy 2/2 expert 2/2 sov fast 1/1 expert x2 1/1 switcher 1/1 self 1/2 | roll 2.4s upd 8.3s
[brain] it 6260 [league 69%] R/ep 11.30 ent 1.95 kl 0.009 | hit/swing 59% dj/min 29.2 blk/min 9.4 abiHit 80 supHit 45 | hunter 8/11 summoner 1/1 self 2/3 hard 1/1 sovereign 4/5 switcher 1/1 sov fast 1/2 idle 1/1 expert x2 1/1 | roll 2.0s upd 8.8s
[brain] it 6261 [league 69%] R/ep 11.01 ent 1.87 kl 0.006 | hit/swing 47% dj/min 28.4 blk/min 10.5 abiHit 72 supHit 47 | sov fast 2/2 hunter 10/16 idle 2/2 expert 2/2 aerial 1/1 expert x2 1/1 zoner 1/1 switcher 0/1 sovereign 1/1 medium 1/1 | roll 1.8s upd 10.9s
[brain] it 6262 [league 70%] R/ep 11.30 ent 1.88 kl 0.009 | hit/swing 58% dj/min 28.3 blk/min 12.3 abiHit 79 supHit 50 | hunter 8/11 self 0/2 expert 3/3 hard x3 1/2 hard 3/3 sovereign 2/3 summoner 1/1 medium 1/1 sov fast 2/2 | roll 2.0s upd 10.2s
[brain] it 6263 [league 70%] R/ep 13.43 ent 1.82 kl 0.009 | hit/swing 65% dj/min 26.0 blk/min 12.2 abiHit 109 supHit 79 | hard 2/2 summoner 1/1 zoner 1/1 hunter 6/9 expert 2/2 sov fast 8/9 hard x3 2/2 sovereign 2/2 counter 1/1 easy 1/1 self 1/1 turtle 1/1 | roll 2.4s upd 9.0s
[brain] it 6264 [league 70%] R/ep 10.79 ent 1.90 kl 0.007 | hit/swing 48% dj/min 28.7 blk/min 11.9 abiHit 74 supHit 52 | hunter 6/10 summoner 1/1 sov fast 1/1 self 1/3 medium 3/3 rushdown 2/2 sovereign 2/3 easy 1/1 expert x2 1/1 expert 2/2 | roll 1.8s upd 7.9s
[brain] it 6265 [league 72%] R/ep 12.97 ent 1.87 kl 0.008 | hit/swing 49% dj/min 24.4 blk/min 10.7 abiHit 92 supHit 66 | hunter 5/9 hard 2/2 self 2/3 expert 3/3 rushdown 1/1 easy 3/3 counter 2/2 sovereign 3/3 sov fast 1/1 idle 1/1 switcher 1/1 | roll 1.8s upd 8.1s
[brain] it 6266 [league 72%] R/ep 11.93 ent 1.90 kl 0.010 | hit/swing 50% dj/min 29.1 blk/min 9.3 abiHit 66 supHit 48 | hunter 10/12 sov fast 3/4 counter 2/2 self 1/1 expert x2 1/1 hard x3 1/1 aerial 1/1 sovereign 1/1 expert 1/1 | roll 1.9s upd 8.1s
[brain] it 6267 [league 72%] R/ep 11.11 ent 1.96 kl 0.007 | hit/swing 44% dj/min 28.6 blk/min 11.5 abiHit 75 supHit 53 | hunter 7/13 expert 2/2 self 1/2 hard 1/1 sovereign 1/1 hard x3 1/1 idle 1/1 medium 1/1 sov fast 2/2 easy 2/2 | roll 1.9s upd 8.0s
[brain] it 6268 [league 72%] R/ep 9.86 ent 1.94 kl 0.007 | hit/swing 48% dj/min 27.0 blk/min 10.9 abiHit 75 supHit 46 | self 1/5 hunter 5/10 sov fast 2/3 hard 2/2 idle 1/1 human 2/2 summoner 1/1 sovereign 3/3 expert x2 1/1 zoner 1/1 expert 1/1 | roll 2.1s upd 8.8s
[brain] it 6269 [league 71%] R/ep 13.25 ent 1.88 kl 0.008 | hit/swing 48% dj/min 27.3 blk/min 11.0 abiHit 84 supHit 68 | human 2/2 sov fast 2/3 zoner 1/1 hunter 8/9 self 1/4 medium 1/1 summoner 1/1 sovereign 1/2 easy 1/1 counter 2/2 expert x2 2/2 aerial 1/1 rushdown 1/1 | roll 2.1s upd 7.8s
[brain] it 6270 [league 71%] R/ep 11.14 ent 2.00 kl 0.008 | hit/swing 52% dj/min 31.2 blk/min 10.2 abiHit 89 supHit 45 | hard 2/2 hunter 7/11 sovereign 4/5 sov fast 2/3 expert x2 1/2 expert 2/2 self 1/1 idle 1/1 aerial 1/1 | roll 1.8s upd 8.5s
[brain] it 6271 [league 72%] R/ep 7.39 ent 1.91 kl 0.010 | hit/swing 45% dj/min 33.7 blk/min 10.3 abiHit 60 supHit 45 | sov fast 1/1 self 1/4 sovereign 3/3 hunter 10/15 medium 1/1 hard 1/1 turtle 1/1 | roll 1.9s upd 8.6s
[brain] it 6272 [league 72%] R/ep 8.65 ent 2.09 kl 0.008 | hit/swing 53% dj/min 31.2 blk/min 9.9 abiHit 73 supHit 47 | self 1/3 human 1/1 sovereign 2/4 sov fast 0/3 expert 2/2 hunter 5/7 expert x2 1/1 hard x3 1/1 easy 1/1 summoner 1/1 | roll 2.2s upd 8.9s
[brain] it 6273 [league 72%] R/ep 9.72 ent 1.93 kl 0.006 | hit/swing 60% dj/min 28.4 blk/min 11.8 abiHit 68 supHit 59 | expert 1/1 hunter 5/10 sov fast 4/6 expert x2 2/2 aerial 1/1 self 1/2 hard 1/1 counter 1/1 switcher 1/1 sovereign 0/1 | roll 1.9s upd 9.0s
[brain] it 6274 [league 72%] R/ep 12.45 ent 1.92 kl 0.007 | hit/swing 56% dj/min 29.1 blk/min 12.6 abiHit 54 supHit 56 | hunter 5/8 sov fast 2/4 self 1/2 expert 2/2 idle 1/1 expert x2 1/1 sovereign 2/2 hard 2/2 medium 1/1 human 1/1 aerial 0/1 | roll 2.6s upd 8.6s
[brain] it 6275 [league 70%] R/ep 13.36 ent 2.00 kl 0.008 | hit/swing 50% dj/min 29.8 blk/min 7.1 abiHit 76 supHit 38 | rushdown 2/2 sovereign 2/4 hunter 6/6 hard x3 1/1 idle 2/2 expert 1/1 medium 1/1 switcher 1/1 summoner 1/1 self 1/2 hard 2/2 turtle 1/1 | roll 1.8s upd 9.0s
[brain] it 6276 [league 71%] R/ep 11.99 ent 1.98 kl 0.009 | hit/swing 54% dj/min 29.5 blk/min 11.4 abiHit 70 supHit 43 | self 1/1 hunter 9/11 turtle 1/1 easy 2/2 sovereign 2/3 medium 1/1 switcher 1/1 hard 1/1 summoner 1/1 sov fast 1/1 | roll 1.8s upd 8.8s
[brain] it 6277 [league 71%] R/ep 11.53 ent 1.91 kl 0.007 | hit/swing 51% dj/min 26.3 blk/min 8.0 abiHit 79 supHit 55 | easy 4/4 sov fast 2/3 self 1/3 hard 1/1 idle 3/3 turtle 1/1 expert 4/4 switcher 0/1 hunter 3/4 sovereign 1/2 summoner 2/2 expert x2 1/1 rushdown 0/1 | roll 1.7s upd 10.9s
[brain] it 6278 [league 68%] R/ep 10.83 ent 2.00 kl 0.007 | hit/swing 46% dj/min 31.9 blk/min 9.4 abiHit 62 supHit 46 | hunter 6/9 idle 3/3 sov fast 3/4 easy 1/1 sovereign 1/4 self 0/1 expert 1/1 hard x3 1/1 zoner 1/1 human 1/1 | roll 1.9s upd 8.2s
[brain] it 6279 [league 68%] R/ep 4.37 ent 2.10 kl 0.008 | hit/swing 35% dj/min 35.7 blk/min 11.9 abiHit 48 supHit 23 | hunter 6/12 turtle 0/1 self 0/4 idle 1/1 sov fast 2/2 hard x3 1/1 expert 1/1 | roll 2.5s upd 9.0s
[brain] it 6280 [league 69%] R/ep 13.36 ent 1.91 kl 0.008 | hit/swing 56% dj/min 29.4 blk/min 11.0 abiHit 83 supHit 55 | expert 1/1 self 0/2 hunter 11/13 rushdown 2/2 counter 2/2 sov fast 2/2 sovereign 3/3 easy 1/1 expert x2 1/1 | roll 1.9s upd 8.0s
[brain] it 6281 [league 69%] R/ep 9.78 ent 2.03 kl 0.006 | hit/swing 37% dj/min 32.7 blk/min 11.5 abiHit 62 supHit 32 | expert 3/3 switcher 1/1 hunter 4/10 counter 1/1 easy 1/1 sovereign 2/2 self 2/2 aerial 1/1 sov fast 0/1 | roll 1.8s upd 7.9s
[brain] it 6282 [league 69%] R/ep 10.79 ent 2.01 kl 0.011 | hit/swing 49% dj/min 30.6 blk/min 12.1 abiHit 57 supHit 48 | expert 2/2 hunter 8/13 rushdown 1/1 sov fast 1/2 hard x3 0/1 sovereign 1/3 human 1/1 turtle 1/1 self 1/1 medium 1/1 summoner 1/1 | roll 1.9s upd 7.7s
[brain] it 6283 [league 69%] R/ep 14.09 ent 1.93 kl 0.007 | hit/swing 55% dj/min 28.4 blk/min 9.7 abiHit 64 supHit 48 | hunter 9/12 self 1/1 sovereign 1/1 expert 3/3 counter 1/1 sov fast 3/3 easy 1/1 expert x2 2/2 zoner 1/1 medium 1/1 hard 1/1 | roll 1.7s upd 8.0s
[brain] it 6284 [league 69%] R/ep 15.75 ent 2.01 kl 0.008 | hit/swing 46% dj/min 29.0 blk/min 11.5 abiHit 85 supHit 53 | expert 3/3 hard x3 2/2 hunter 8/10 easy 2/2 self 0/1 sovereign 1/1 medium 1/1 zoner 1/1 hard 1/1 rushdown 1/1 summoner 1/1 sov fast 1/2 | roll 1.8s upd 8.5s
[brain] it 6285 [league 69%] R/ep 11.84 ent 1.98 kl 0.009 | hit/swing 56% dj/min 31.7 blk/min 11.8 abiHit 68 supHit 44 | hard x3 0/2 turtle 1/1 hunter 8/9 expert 1/1 sovereign 1/2 easy 2/2 self 1/3 idle 1/1 sov fast 2/3 hard 1/1 | roll 2.0s upd 8.2s
[brain] it 6286 [league 67%] R/ep 12.00 ent 1.88 kl 0.007 | hit/swing 62% dj/min 26.7 blk/min 11.3 abiHit 75 supHit 55 | idle 2/2 sov fast 2/3 self 1/2 expert x2 2/2 sovereign 1/3 hunter 7/8 expert 2/2 human 1/1 summoner 1/1 hard 2/2 switcher 0/1 | roll 1.8s upd 7.5s
[brain] it 6287 [league 69%] R/ep 12.47 ent 1.98 kl 0.006 | hit/swing 43% dj/min 29.6 blk/min 11.0 abiHit 60 supHit 54 | sovereign 2/2 expert 2/2 counter 1/1 turtle 1/1 hunter 4/7 idle 1/1 self 1/5 zoner 1/1 summoner 1/1 hard x3 1/2 switcher 2/2 easy 1/1 | roll 1.6s upd 6.9s
[brain] it 6288 [league 70%] R/ep 11.52 ent 1.88 kl 0.008 | hit/swing 42% dj/min 27.9 blk/min 12.3 abiHit 85 supHit 55 | hunter 5/8 expert 2/2 self 3/5 zoner 1/1 expert x2 1/1 turtle 3/3 sovereign 2/2 sov fast 1/2 rushdown 1/1 easy 1/1 medium 1/1 | roll 1.7s upd 7.5s
[brain] it 6289 [league 72%] R/ep 9.30 ent 1.95 kl 0.008 | hit/swing 52% dj/min 29.5 blk/min 10.7 abiHit 62 supHit 48 | zoner 1/1 hunter 5/8 sov fast 2/5 self 1/3 rushdown 1/2 idle 1/1 sovereign 4/4 counter 1/1 easy 2/2 summoner 1/1 expert 1/1 | roll 1.9s upd 7.5s
[brain] it 6290 [league 72%] R/ep 12.72 ent 1.93 kl 0.009 | hit/swing 43% dj/min 30.1 blk/min 11.7 abiHit 109 supHit 56 | sov fast 3/3 self 1/3 counter 1/1 hunter 4/8 idle 3/3 aerial 1/1 medium 2/2 expert x2 2/2 summoner 1/1 hard x3 0/1 human 1/1 sovereign 1/1 | roll 1.8s upd 7.7s
[brain] it 6291 [league 75%] R/ep 10.04 ent 2.14 kl 0.009 | hit/swing 42% dj/min 32.3 blk/min 10.0 abiHit 47 supHit 33 | self 1/4 hunter 6/8 zoner 2/2 summoner 1/1 sovereign 3/3 sov fast 2/3 hard 2/2 aerial 1/1 | roll 1.9s upd 8.4s
[brain] it 6292 [league 76%] R/ep 14.36 ent 1.92 kl 0.007 | hit/swing 39% dj/min 27.7 blk/min 9.4 abiHit 106 supHit 61 | summoner 1/1 turtle 1/1 aerial 1/1 self 1/1 hunter 8/12 zoner 4/4 expert 3/3 rushdown 1/1 sov fast 3/3 human 1/1 medium 1/1 sovereign 2/2 idle 1/1 | roll 2.0s upd 10.9s
[brain] it 6293 [league 75%] R/ep 9.87 ent 1.96 kl 0.007 | hit/swing 50% dj/min 27.6 blk/min 10.0 abiHit 72 supHit 61 | expert x2 1/1 medium 1/1 hunter 11/15 sov fast 3/4 self 1/2 hard 2/2 expert 2/2 sovereign 2/3 turtle 1/1 | roll 2.3s upd 7.8s
[brain] it 6294 [league 76%] R/ep 8.68 ent 1.98 kl 0.009 | hit/swing 55% dj/min 28.3 blk/min 10.1 abiHit 63 supHit 54 | sovereign 4/5 hunter 4/11 sov fast 3/4 hard x3 1/1 easy 2/2 switcher 2/2 rushdown 1/1 aerial 1/1 self 1/1 | roll 1.9s upd 8.4s
[brain] it 6295 [league 76%] R/ep 10.77 ent 2.05 kl 0.010 | hit/swing 49% dj/min 30.2 blk/min 11.2 abiHit 76 supHit 45 | hunter 5/9 zoner 1/1 human 1/1 hard x3 1/2 summoner 2/2 expert 1/1 sov fast 1/3 self 1/2 hard 1/1 switcher 1/1 | roll 1.8s upd 8.6s
[brain] it 6296 [league 75%] R/ep 10.77 ent 1.95 kl 0.008 | hit/swing 54% dj/min 31.1 blk/min 11.6 abiHit 69 supHit 38 | zoner 1/1 sovereign 1/2 hunter 4/9 expert 1/1 medium 2/2 rushdown 1/1 hard 2/2 sov fast 0/2 self 0/1 expert x2 1/1 easy 1/1 switcher 1/1 | roll 1.8s upd 7.9s
[brain] it 6297 [league 74%] R/ep 10.03 ent 2.07 kl 0.007 | hit/swing 42% dj/min 32.9 blk/min 9.7 abiHit 82 supHit 23 | hunter 7/10 summoner 2/2 sov fast 0/2 turtle 0/1 counter 2/2 easy 1/1 medium 1/1 sovereign 0/1 | roll 2.2s upd 8.3s
[brain] it 6298 [league 74%] R/ep 13.39 ent 1.87 kl 0.006 | hit/swing 54% dj/min 29.6 blk/min 11.4 abiHit 68 supHit 58 | hunter 8/12 rushdown 3/3 sov fast 2/3 expert x2 1/1 counter 1/1 aerial 1/1 self 1/2 hard 1/1 medium 1/1 switcher 1/1 turtle 1/1 | roll 1.7s upd 7.4s
[brain] it 6299 [league 74%] R/ep 10.87 ent 2.03 kl 0.009 | hit/swing 26% dj/min 33.7 blk/min 10.1 abiHit 98 supHit 36 | hunter 7/10 self 2/4 sov fast 1/1 rushdown 1/1 aerial 1/1 turtle 1/1 summoner 1/1 medium 1/1 expert x2 0/1 | roll 1.8s upd 8.9s
[brain] it 6300 [league 74%] R/ep 7.94 ent 1.98 kl 0.009 | hit/swing 47% dj/min 30.9 blk/min 8.2 abiHit 54 supHit 37 | aerial 2/2 hunter 6/7 sov fast 1/2 sovereign 1/1 self 2/6 hard x3 0/1 rushdown 1/1 summoner 1/1 | roll 1.7s upd 7.4s
[brain] it 6301 [league 73%] R/ep 10.63 ent 1.84 kl 0.008 | hit/swing 48% dj/min 26.1 blk/min 13.2 abiHit 58 supHit 44 | hunter 7/11 expert x2 1/1 sov fast 2/2 medium 1/1 aerial 1/1 summoner 1/1 sovereign 0/1 switcher 1/1 | roll 5.5s upd 6.1s
[brain] it 6302 [league 72%] R/ep 9.98 ent 1.88 kl 0.007 | hit/swing 57% dj/min 30.1 blk/min 10.0 abiHit 43 supHit 50 | self 1/2 hunter 3/6 expert 3/3 sovereign 1/2 sov fast 5/6 aerial 1/1 summoner 2/2 counter 1/1 idle 1/1 | roll 5.5s upd 8.7s
[brain] it 6303 [league 73%] R/ep 13.54 ent 2.00 kl 0.007 | hit/swing 47% dj/min 28.7 blk/min 7.3 abiHit 45 supHit 26 | self 1/1 hunter 7/7 summoner 1/1 sov fast 4/4 expert 1/1 turtle 1/1 hard 1/1 idle 1/1 sovereign 1/1 zoner 1/1 | roll 5.1s upd 6.8s
[brain] it 6304 [league 72%] R/ep 12.42 ent 2.03 kl 0.007 | hit/swing 38% dj/min 31.5 blk/min 11.2 abiHit 77 supHit 39 | sov fast 5/5 sovereign 1/2 self 0/2 expert x2 1/1 medium 2/2 summoner 1/1 hunter 4/7 zoner 1/1 aerial 1/1 expert 1/1 easy 1/1 | roll 2.1s upd 10.0s
[brain] it 6305 [league 73%] R/ep 10.97 ent 1.97 kl 0.007 | hit/swing 36% dj/min 30.5 blk/min 10.5 abiHit 63 supHit 54 | expert 2/2 medium 2/2 hunter 7/13 hard 1/1 self 2/3 sov fast 5/5 sovereign 2/2 summoner 1/1 | roll 2.4s upd 15.6s
[brain] it 6306 [league 72%] R/ep 9.79 ent 1.94 kl 0.008 | hit/swing 44% dj/min 27.3 blk/min 9.8 abiHit 77 supHit 48 | zoner 1/1 hunter 8/14 idle 2/2 medium 2/2 sov fast 2/3 summoner 1/1 expert x2 0/1 expert 2/2 sovereign 1/2 easy 1/1 switcher 1/1 | roll 2.4s upd 13.4s
[brain] it 6307 [league 72%] R/ep 11.47 ent 1.97 kl 0.010 | hit/swing 51% dj/min 29.7 blk/min 7.3 abiHit 73 supHit 43 | sovereign 5/7 medium 1/1 idle 2/2 hard x3 1/1 expert 2/2 hunter 2/5 sov fast 1/1 turtle 2/2 self 1/3 zoner 1/1 | roll 2.4s upd 17.0s
[brain] it 6308 [league 72%] R/ep 12.33 ent 1.79 kl 0.009 | hit/swing 54% dj/min 25.3 blk/min 9.0 abiHit 97 supHit 48 | idle 3/3 switcher 2/2 hunter 10/12 summoner 1/1 hard x3 1/1 self 1/3 sov fast 1/1 sovereign 1/1 | roll 3.5s upd 15.7s
[brain] it 6309 [league 73%] R/ep 13.25 ent 1.94 kl 0.010 | hit/swing 52% dj/min 28.0 blk/min 11.3 abiHit 78 supHit 49 | expert 5/5 sov fast 0/2 hunter 5/7 switcher 1/1 self 1/2 sovereign 1/1 hard 3/3 counter 1/1 medium 1/1 idle 2/2 expert x2 1/1 summoner 1/1 | roll 2.3s upd 15.0s
[brain] it 6310 [league 73%] R/ep 14.58 ent 1.94 kl 0.006 | hit/swing 57% dj/min 25.6 blk/min 12.8 abiHit 107 supHit 45 | counter 2/2 expert 4/4 switcher 1/1 hunter 5/8 sov fast 2/2 summoner 1/1 idle 4/4 medium 1/1 rushdown 1/1 zoner 1/1 self 0/1 | roll 2.6s upd 19.1s
[brain] it 6311 [league 72%] R/ep 11.42 ent 1.97 kl 0.008 | hit/swing 49% dj/min 31.0 blk/min 10.3 abiHit 62 supHit 50 | self 3/3 zoner 2/2 hunter 6/11 sov fast 2/2 switcher 0/1 counter 1/1 sovereign 2/3 hard x3 1/1 idle 3/3 medium 1/1 | roll 2.9s upd 14.8s
[brain] it 6312 [league 72%] R/ep 11.94 ent 2.00 kl 0.007 | hit/swing 48% dj/min 27.3 blk/min 10.2 abiHit 54 supHit 43 | hunter 8/10 summoner 4/4 idle 1/1 sovereign 5/5 sov fast 1/2 expert x2 1/1 hard 1/1 turtle 1/1 aerial 1/1 easy 1/1 self 0/1 | roll 2.8s upd 14.6s
[brain] it 6313 [league 71%] R/ep 6.68 ent 1.97 kl 0.009 | hit/swing 43% dj/min 28.2 blk/min 8.3 abiHit 58 supHit 36 | expert 2/2 hunter 7/12 self 0/4 sov fast 2/3 aerial 1/1 sovereign 1/2 summoner 1/1 | roll 2.5s upd 13.0s
[brain] it 6314 [league 71%] R/ep 12.72 ent 2.01 kl 0.009 | hit/swing 48% dj/min 28.5 blk/min 9.5 abiHit 70 supHit 41 | idle 2/2 self 1/2 hard x3 1/2 aerial 0/1 easy 1/1 turtle 1/1 hunter 8/10 sov fast 1/2 sovereign 1/2 | roll 2.7s upd 12.6s
[brain] it 6315 [league 72%] R/ep 12.32 ent 1.82 kl 0.008 | hit/swing 50% dj/min 26.5 blk/min 11.2 abiHit 98 supHit 53 | hunter 11/12 sov fast 4/4 turtle 1/1 expert 2/2 rushdown 1/1 counter 0/1 sovereign 2/2 self 0/4 hard 1/1 human 1/1 medium 1/1 zoner 1/1 | roll 2.9s upd 13.8s
[brain] it 6316 [league 71%] R/ep 13.19 ent 1.89 kl 0.007 | hit/swing 48% dj/min 29.9 blk/min 10.7 abiHit 56 supHit 38 | self 1/1 sovereign 1/2 hunter 8/9 summoner 1/1 sov fast 4/4 expert x2 1/1 medium 1/1 expert 1/1 idle 1/1 switcher 1/1 easy 1/1 | roll 2.7s upd 14.9s
[brain] it 6317 [league 70%] R/ep 9.97 ent 2.07 kl 0.006 | hit/swing 50% dj/min 32.7 blk/min 10.9 abiHit 52 supHit 37 | hunter 5/6 self 4/6 sov fast 3/3 aerial 2/2 sovereign 0/1 easy 1/1 switcher 1/1 summoner 0/1 | roll 2.9s upd 12.4s
[brain] it 6318 [league 70%] R/ep 10.44 ent 2.03 kl 0.008 | hit/swing 55% dj/min 29.7 blk/min 8.9 abiHit 87 supHit 45 | sov fast 3/6 hunter 6/7 sovereign 2/2 hard 2/2 turtle 0/1 hard x3 1/1 medium 1/1 expert 2/2 zoner 1/1 self 1/3 expert x2 0/1 | roll 2.5s upd 11.8s
[brain] it 6319 [league 71%] R/ep 12.49 ent 1.93 kl 0.008 | hit/swing 51% dj/min 27.7 blk/min 6.8 abiHit 90 supHit 49 | hunter 8/8 hard x3 1/2 switcher 1/1 sov fast 1/2 sovereign 3/3 self 1/3 expert x2 2/2 expert 1/1 human 1/1 | roll 2.2s upd 8.7s
[brain] it 6320 [league 72%] R/ep 12.73 ent 2.02 kl 0.008 | hit/swing 49% dj/min 30.6 blk/min 10.1 abiHit 74 supHit 40 | self 4/5 hunter 5/7 switcher 1/1 summoner 1/1 hard x3 1/1 sovereign 2/2 sov fast 1/2 expert 1/1 expert x2 1/1 | roll 2.0s upd 8.1s
[brain] it 6321 [league 73%] R/ep 14.38 ent 1.95 kl 0.008 | hit/swing 58% dj/min 27.7 blk/min 9.4 abiHit 91 supHit 45 | counter 2/2 expert x2 2/2 sov fast 2/2 medium 1/1 hunter 5/8 easy 1/1 summoner 1/1 idle 2/2 hard x3 1/1 sovereign 1/1 hard 1/1 self 1/1 | roll 1.8s upd 7.6s
[brain] it 6322 [league 72%] R/ep 7.61 ent 2.06 kl 0.008 | hit/swing 42% dj/min 31.1 blk/min 9.4 abiHit 82 supHit 29 | switcher 1/1 self 0/4 hunter 8/8 idle 1/1 sovereign 2/5 human 1/1 expert 1/1 summoner 1/1 | roll 1.8s upd 8.7s
[brain] it 6323 [league 72%] R/ep 11.64 ent 1.88 kl 0.008 | hit/swing 53% dj/min 25.9 blk/min 13.1 abiHit 94 supHit 49 | hunter 11/16 medium 2/2 human 1/1 hard 2/2 rushdown 1/1 expert 3/3 sov fast 1/1 self 1/1 sovereign 1/1 | roll 2.5s upd 8.5s
[brain] it 6324 [league 72%] R/ep 11.51 ent 1.92 kl 0.008 | hit/swing 53% dj/min 27.8 blk/min 12.2 abiHit 91 supHit 42 | hunter 7/13 medium 1/1 idle 3/3 switcher 1/1 hard x3 0/1 summoner 1/1 sov fast 1/1 expert x2 1/1 turtle 1/1 sovereign 0/1 easy 2/2 hard 1/1 | roll 2.1s upd 7.8s
[brain] it 6325 [league 71%] R/ep 10.89 ent 2.01 kl 0.009 | hit/swing 51% dj/min 31.5 blk/min 8.8 abiHit 80 supHit 43 | hunter 6/8 sov fast 3/4 sovereign 2/4 summoner 1/1 zoner 1/1 switcher 1/1 medium 2/2 self 1/3 expert 1/1 easy 1/1 hard 1/1 idle 2/2 | roll 1.9s upd 8.0s
[brain] it 6326 [league 73%] R/ep 9.38 ent 2.00 kl 0.010 | hit/swing 49% dj/min 30.6 blk/min 8.0 abiHit 80 supHit 42 | self 2/3 hunter 7/10 hard x3 0/1 aerial 1/1 sov fast 4/6 hard 1/1 medium 1/1 idle 1/1 sovereign 2/2 | roll 2.0s upd 8.4s
[brain] it 6327 [league 74%] R/ep 9.33 ent 2.02 kl 0.009 | hit/swing 34% dj/min 32.6 blk/min 10.9 abiHit 47 supHit 34 | self 1/3 switcher 1/1 hunter 6/11 sovereign 3/3 summoner 2/2 sov fast 1/1 easy 1/1 | roll 2.1s upd 8.3s
[brain] it 6328 [league 74%] R/ep 14.55 ent 1.93 kl 0.008 | hit/swing 51% dj/min 29.1 blk/min 9.1 abiHit 78 supHit 51 | hunter 7/9 hard 3/3 switcher 1/1 expert x2 1/1 expert 1/1 aerial 2/2 medium 1/1 hard x3 1/1 sov fast 2/2 self 2/3 counter 0/1 summoner 1/1 sovereign 1/1 | roll 1.8s upd 9.3s
[brain] it 6329 [league 74%] R/ep 8.76 ent 1.89 kl 0.007 | hit/swing 56% dj/min 28.2 blk/min 10.7 abiHit 78 supHit 47 | summoner 3/3 sovereign 4/6 hunter 4/7 hard x3 1/1 self 2/6 human 1/1 sov fast 1/1 rushdown 1/1 | roll 2.2s upd 8.3s
[brain] it 6330 [league 73%] R/ep 13.43 ent 1.88 kl 0.008 | hit/swing 50% dj/min 26.7 blk/min 10.6 abiHit 94 supHit 41 | hunter 6/9 expert x2 3/3 self 1/1 rushdown 1/1 easy 2/2 human 2/2 aerial 1/1 idle 1/1 sovereign 1/2 | roll 1.7s upd 8.1s
[brain] it 6331 [league 73%] R/ep 13.27 ent 1.95 kl 0.008 | hit/swing 54% dj/min 28.1 blk/min 9.2 abiHit 69 supHit 48 | expert 3/3 hunter 8/10 sovereign 2/4 sov fast 3/3 turtle 3/3 summoner 1/1 aerial 1/1 expert x2 1/1 zoner 1/1 | roll 1.7s upd 7.9s
[brain] it 6332 [league 74%] R/ep 11.64 ent 1.92 kl 0.007 | hit/swing 47% dj/min 29.0 blk/min 11.5 abiHit 75 supHit 48 | hunter 7/11 expert x2 0/1 zoner 2/2 sov fast 3/4 self 2/2 hard x3 0/1 human 1/1 rushdown 1/1 switcher 1/1 sovereign 1/1 expert 3/3 hard 1/1 easy 1/1 idle 1/1 | roll 1.8s upd 8.6s
[brain] it 6333 [league 74%] R/ep 11.97 ent 1.84 kl 0.009 | hit/swing 46% dj/min 26.5 blk/min 11.7 abiHit 83 supHit 57 | self 1/2 sov fast 1/1 expert 2/2 zoner 2/2 hunter 4/9 switcher 1/1 easy 2/2 aerial 1/1 human 2/2 sovereign 2/2 rushdown 1/1 hard x3 0/1 hard 1/1 | roll 1.9s upd 7.6s
[brain] it 6334 [league 74%] R/ep 5.05 ent 2.08 kl 0.008 | hit/swing 48% dj/min 33.3 blk/min 11.0 abiHit 46 supHit 26 | hunter 7/14 sovereign 2/2 self 1/3 hard 2/2 easy 1/1 expert x2 0/1 | roll 2.1s upd 8.7s
[brain] it 6335 [league 74%] R/ep 11.98 ent 1.74 kl 0.008 | hit/swing 57% dj/min 22.1 blk/min 11.1 abiHit 111 supHit 68 | hunter 9/12 sovereign 4/4 self 2/3 expert 4/4 easy 2/2 medium 3/3 sov fast 3/4 idle 2/2 switcher 1/1 | roll 2.0s upd 8.7s
[brain] it 6336 [league 74%] R/ep 8.71 ent 1.92 kl 0.007 | hit/swing 51% dj/min 28.7 blk/min 10.3 abiHit 96 supHit 42 | hunter 5/8 sovereign 6/6 expert 3/3 turtle 1/1 easy 1/1 sov fast 1/4 zoner 1/1 human 0/1 self 2/3 | roll 2.0s upd 8.5s
[brain] it 6337 [league 75%] R/ep 11.37 ent 1.87 kl 0.008 | hit/swing 63% dj/min 26.0 blk/min 11.7 abiHit 87 supHit 64 | self 1/2 hunter 7/9 rushdown 0/1 expert 1/1 hard 1/1 sov fast 4/5 sovereign 4/4 switcher 1/1 turtle 1/1 counter 1/1 medium 2/2 | roll 1.8s upd 8.0s
[brain] it 6338 [league 76%] R/ep 12.14 ent 1.92 kl 0.008 | hit/swing 52% dj/min 26.3 blk/min 10.0 abiHit 92 supHit 55 | human 2/2 self 0/3 sovereign 3/3 expert x2 3/3 easy 3/3 counter 0/1 turtle 1/1 hunter 2/7 expert 1/1 medium 1/1 idle 2/2 | roll 1.9s upd 8.8s
[brain] it 6339 [league 76%] R/ep 14.69 ent 1.93 kl 0.008 | hit/swing 40% dj/min 30.0 blk/min 10.2 abiHit 97 supHit 34 | expert 2/2 hunter 8/10 sov fast 2/2 self 2/3 switcher 2/2 turtle 2/2 summoner 1/1 zoner 1/1 hard 1/1 | roll 2.0s upd 8.4s
[brain] it 6340 [league 77%] R/ep 9.38 ent 1.96 kl 0.007 | hit/swing 42% dj/min 29.1 blk/min 8.4 abiHit 104 supHit 38 | hard 3/3 sov fast 1/3 self 1/3 hunter 6/8 medium 3/3 sovereign 3/3 expert 1/1 | roll 1.9s upd 8.4s
[brain] it 6341 [league 78%] R/ep 13.15 ent 1.83 kl 0.009 | hit/swing 53% dj/min 27.0 blk/min 9.7 abiHit 95 supHit 67 | self 2/2 hunter 12/16 sov fast 3/3 easy 1/1 sovereign 2/2 expert 2/2 counter 1/1 idle 1/1 rushdown 2/2 hard 1/1 hard x3 0/1 aerial 1/1 | roll 1.9s upd 8.3s
[brain] it 6342 [league 78%] R/ep 10.63 ent 1.99 kl 0.009 | hit/swing 60% dj/min 31.7 blk/min 8.3 abiHit 66 supHit 40 | hunter 8/8 sov fast 3/3 self 2/4 sovereign 0/2 counter 2/2 hard x3 1/1 expert 1/1 idle 1/1 rushdown 1/1 | roll 2.1s upd 9.4s
[brain] it 6343 [league 78%] R/ep 10.67 ent 1.92 kl 0.007 | hit/swing 45% dj/min 28.2 blk/min 11.7 abiHit 74 supHit 56 | self 2/4 switcher 1/1 medium 3/3 rushdown 0/1 hunter 6/11 sov fast 1/1 sovereign 2/2 hard x3 1/1 expert 1/1 summoner 1/1 hard 1/1 | roll 1.9s upd 8.4s
[brain] it 6344 [league 78%] R/ep 10.97 ent 2.03 kl 0.007 | hit/swing 29% dj/min 34.6 blk/min 6.7 abiHit 72 supHit 32 | hunter 12/13 easy 1/1 counter 0/1 sovereign 1/2 sov fast 2/2 hard 1/1 expert 1/1 rushdown 1/1 | roll 2.0s upd 8.7s
[brain] it 6345 [league 76%] R/ep 4.97 ent 2.09 kl 0.007 | hit/swing 40% dj/min 32.4 blk/min 10.6 abiHit 53 supHit 36 | hunter 4/11 self 0/3 expert 2/2 sov fast 1/2 summoner 1/1 sovereign 0/2 turtle 1/1 medium 1/1 | roll 2.1s upd 8.9s
[brain] it 6346 [league 77%] R/ep 11.18 ent 1.91 kl 0.006 | hit/swing 51% dj/min 28.6 blk/min 10.3 abiHit 70 supHit 52 | sovereign 2/3 turtle 1/1 hunter 6/6 self 1/4 summoner 3/3 sov fast 2/3 expert 2/2 rushdown 1/1 aerial 0/1 easy 1/1 | roll 2.0s upd 8.0s
[brain] it 6347 [league 77%] R/ep 12.07 ent 2.01 kl 0.008 | hit/swing 58% dj/min 29.9 blk/min 11.1 abiHit 82 supHit 43 | sovereign 1/1 hunter 8/9 idle 1/1 self 2/3 sov fast 1/2 hard x3 1/2 summoner 1/1 expert 2/2 rushdown 1/1 aerial 0/1 expert x2 1/1 | roll 2.1s upd 8.8s
[brain] it 6348 [league 76%] R/ep 12.65 ent 1.92 kl 0.006 | hit/swing 45% dj/min 29.0 blk/min 12.0 abiHit 68 supHit 47 | easy 1/1 hunter 10/15 sovereign 1/2 expert x2 1/1 zoner 1/1 hard 1/1 expert 3/3 sov fast 1/1 aerial 1/1 | roll 1.8s upd 8.2s
[brain] it 6349 [league 77%] R/ep 14.81 ent 1.83 kl 0.008 | hit/swing 50% dj/min 29.4 blk/min 11.2 abiHit 77 supHit 58 | hunter 9/10 medium 1/1 sov fast 1/2 easy 1/1 rushdown 1/1 sovereign 3/3 expert x2 3/3 self 2/2 | roll 2.0s upd 8.0s
[brain] it 6350 [league 76%] R/ep 12.39 ent 1.87 kl 0.010 | hit/swing 51% dj/min 29.8 blk/min 12.6 abiHit 69 supHit 51 | hunter 12/14 sovereign 0/1 switcher 3/3 expert 1/1 sov fast 4/4 hard 2/2 counter 0/1 | roll 1.9s upd 8.0s
[brain] it 6351 [league 76%] R/ep 14.00 ent 1.81 kl 0.007 | hit/swing 64% dj/min 28.4 blk/min 11.8 abiHit 84 supHit 53 | hunter 9/10 sov fast 3/3 self 1/3 expert 2/2 aerial 1/1 summoner 1/1 hard 1/1 sovereign 2/3 hard x3 1/1 medium 1/1 | roll 1.9s upd 8.5s
[brain] it 6352 [league 76%] R/ep 9.13 ent 1.94 kl 0.008 | hit/swing 36% dj/min 31.5 blk/min 8.6 abiHit 88 supHit 31 | self 2/4 medium 1/1 idle 1/1 hunter 5/7 summoner 1/1 rushdown 0/1 sovereign 2/2 counter 1/1 sov fast 1/1 expert 1/1 | roll 1.6s upd 7.3s
[brain] it 6353 [league 76%] R/ep 14.27 ent 1.84 kl 0.006 | hit/swing 45% dj/min 29.9 blk/min 10.7 abiHit 106 supHit 54 | hunter 5/7 expert 2/2 self 5/6 medium 2/2 sovereign 1/1 counter 1/1 sov fast 2/2 switcher 2/2 expert x2 1/1 aerial 2/2 idle 1/1 | roll 1.8s upd 7.8s
[brain] it 6354 [league 76%] R/ep 12.21 ent 2.00 kl 0.007 | hit/swing 41% dj/min 32.7 blk/min 9.6 abiHit 108 supHit 40 | hunter 7/9 summoner 1/1 rushdown 0/1 sovereign 2/2 idle 1/1 hard 2/2 sov fast 3/3 hard x3 1/1 self 1/3 turtle 1/1 medium 1/1 counter 1/1 | roll 1.8s upd 7.8s
[brain] it 6355 [league 76%] R/ep 13.27 ent 1.99 kl 0.008 | hit/swing 42% dj/min 31.5 blk/min 10.1 abiHit 94 supHit 30 | hunter 5/8 expert 1/1 self 3/3 zoner 1/1 medium 2/2 idle 1/1 expert x2 1/1 sov fast 0/1 hard x3 0/1 aerial 1/1 easy 1/1 | roll 1.9s upd 8.5s
[brain] it 6356 [league 75%] R/ep 11.13 ent 1.90 kl 0.007 | hit/swing 46% dj/min 30.1 blk/min 9.6 abiHit 77 supHit 41 | medium 3/3 human 1/1 hunter 8/11 self 1/2 hard 1/1 idle 1/1 hard x3 1/1 sovereign 1/2 sov fast 1/2 | roll 1.8s upd 7.4s
[brain] it 6357 [league 75%] R/ep 15.45 ent 1.79 kl 0.009 | hit/swing 44% dj/min 31.7 blk/min 11.2 abiHit 79 supHit 46 | hunter 10/10 rushdown 1/2 self 5/5 hard x3 1/1 human 1/1 sovereign 1/2 hard 1/1 expert 2/2 zoner 1/1 | roll 2.0s upd 7.2s
[brain] it 6358 [league 77%] R/ep 9.83 ent 1.90 kl 0.008 | hit/swing 45% dj/min 27.3 blk/min 7.6 abiHit 78 supHit 50 | hunter 6/10 self 2/4 counter 1/1 expert 2/2 sovereign 5/5 sov fast 3/3 turtle 1/1 hard x3 1/1 hard 2/2 | roll 1.7s upd 8.3s
[brain] it 6359 [league 77%] R/ep 14.70 ent 1.96 kl 0.009 | hit/swing 40% dj/min 31.0 blk/min 8.2 abiHit 104 supHit 39 | self 3/4 hunter 7/9 hard x3 1/1 medium 1/1 zoner 1/1 easy 2/2 summoner 1/1 counter 1/1 idle 1/1 sov fast 0/1 expert x2 1/1 | roll 2.1s upd 7.8s
[brain] it 6360 [league 78%] R/ep 9.36 ent 1.91 kl 0.008 | hit/swing 43% dj/min 30.9 blk/min 10.3 abiHit 64 supHit 41 | sovereign 3/3 self 2/5 rushdown 2/2 sov fast 0/3 hunter 5/8 idle 1/1 switcher 1/1 aerial 1/1 turtle 1/1 | roll 1.9s upd 8.0s
[brain] it 6361 [league 78%] R/ep 3.45 ent 2.07 kl 0.008 | hit/swing 24% dj/min 35.3 blk/min 8.6 abiHit 64 supHit 28 | hunter 5/10 self 2/4 counter 1/1 switcher 0/1 sov fast 0/2 expert 1/1 sovereign 1/1 human 1/1 | roll 2.0s upd 8.3s
[brain] it 6362 [league 77%] R/ep 12.43 ent 1.87 kl 0.007 | hit/swing 52% dj/min 29.1 blk/min 10.1 abiHit 92 supHit 46 | medium 2/2 self 1/3 turtle 1/1 hunter 9/11 aerial 1/1 idle 2/2 sovereign 3/4 hard 1/1 switcher 1/1 | roll 1.7s upd 7.2s
[brain] it 6363 [league 78%] R/ep 11.24 ent 1.92 kl 0.008 | hit/swing 51% dj/min 28.5 blk/min 8.1 abiHit 112 supHit 52 | easy 1/1 expert 3/3 sov fast 4/5 counter 1/1 hunter 5/6 aerial 1/1 self 2/3 sovereign 4/5 summoner 1/1 hard 1/1 switcher 1/1 medium 1/1 | roll 1.7s upd 8.1s
[brain] it 6364 [league 80%] R/ep 13.42 ent 1.75 kl 0.009 | hit/swing 47% dj/min 27.0 blk/min 11.0 abiHit 100 supHit 65 | hard 2/2 sov fast 1/2 counter 3/3 self 2/4 sovereign 3/3 hunter 7/9 summoner 2/2 expert 1/1 switcher 2/2 turtle 1/1 medium 1/1 | roll 1.7s upd 7.3s
[brain] it 6365 [league 80%] R/ep 11.67 ent 1.87 kl 0.007 | hit/swing 51% dj/min 32.2 blk/min 9.8 abiHit 66 supHit 44 | hunter 5/11 sovereign 2/2 rushdown 1/1 switcher 1/1 sov fast 2/2 zoner 1/1 self 2/2 expert 1/1 easy 1/1 summoner 1/1 | roll 1.8s upd 7.4s
[brain] it 6366 [league 82%] R/ep 11.80 ent 1.74 kl 0.008 | hit/swing 46% dj/min 27.0 blk/min 10.7 abiHit 92 supHit 59 | hunter 7/11 easy 3/3 expert 3/3 idle 2/2 sovereign 3/3 counter 1/1 medium 1/1 self 1/3 human 1/1 | roll 1.8s upd 9.0s
[brain] it 6367 [league 81%] R/ep 10.93 ent 1.90 kl 0.007 | hit/swing 43% dj/min 29.2 blk/min 10.3 abiHit 47 supHit 42 | hunter 5/7 medium 1/1 self 0/3 sovereign 2/3 idle 1/1 counter 1/1 turtle 0/1 expert 1/1 sov fast 2/2 zoner 1/1 aerial 1/1 hard 1/1 | roll 2.0s upd 10.1s
[brain] it 6368 [league 81%] R/ep 8.48 ent 1.83 kl 0.009 | hit/swing 41% dj/min 28.8 blk/min 11.5 abiHit 67 supHit 47 | hunter 5/10 expert 2/2 medium 1/1 switcher 1/1 self 2/4 hard 2/2 summoner 2/2 rushdown 0/1 sovereign 1/1 easy 1/1 | roll 1.9s upd 9.3s
[brain] it 6369 [league 83%] R/ep 12.90 ent 1.84 kl 0.009 | hit/swing 44% dj/min 29.7 blk/min 9.4 abiHit 106 supHit 56 | hunter 10/12 self 3/5 sov fast 2/2 counter 1/1 sovereign 4/4 expert 3/3 summoner 1/1 switcher 1/1 hard x3 1/1 | roll 2.4s upd 10.6s
[brain] it 6370 [league 82%] R/ep 13.56 ent 1.85 kl 0.009 | hit/swing 53% dj/min 26.5 blk/min 8.7 abiHit 77 supHit 51 | self 2/2 hunter 10/12 sovereign 1/2 easy 2/2 zoner 2/2 expert 2/2 turtle 1/1 idle 1/1 summoner 1/1 sov fast 2/2 human 0/1 aerial 1/1 | roll 2.9s upd 9.3s
[brain] it 6371 [league 83%] R/ep 10.81 ent 2.00 kl 0.008 | hit/swing 33% dj/min 34.1 blk/min 10.1 abiHit 63 supHit 30 | self 5/7 sovereign 4/5 hunter 5/7 idle 1/1 zoner 2/2 sov fast 2/2 hard x3 0/1 | roll 2.3s upd 8.5s
[brain] it 6372 [league 84%] R/ep 11.78 ent 1.90 kl 0.009 | hit/swing 49% dj/min 27.3 blk/min 10.6 abiHit 71 supHit 43 | hunter 5/9 medium 1/1 sov fast 3/3 idle 1/1 self 2/2 turtle 1/1 sovereign 2/2 easy 1/1 expert 1/1 summoner 1/1 human 0/1 | roll 1.8s upd 11.3s
[brain] it 6373 [league 84%] R/ep 11.06 ent 1.76 kl 0.008 | hit/swing 40% dj/min 28.7 blk/min 10.4 abiHit 99 supHit 41 | medium 1/1 hunter 13/17 sovereign 1/1 sov fast 2/2 summoner 1/1 expert 1/1 hard 1/1 rushdown 1/1 | roll 2.0s upd 9.0s
[brain] it 6374 [league 82%] R/ep 6.49 ent 2.04 kl 0.009 | hit/swing 41% dj/min 33.4 blk/min 7.9 abiHit 60 supHit 34 | sovereign 2/4 self 2/2 hunter 4/9 sov fast 3/4 easy 2/2 turtle 0/1 expert 1/1 hard 1/1 | roll 1.7s upd 8.6s
[brain] it 6375 [league 82%] R/ep 11.92 ent 1.96 kl 0.007 | hit/swing 57% dj/min 28.8 blk/min 9.4 abiHit 65 supHit 60 | switcher 1/1 sov fast 0/2 sovereign 4/4 easy 1/1 expert x2 1/1 expert 1/1 turtle 1/1 hunter 7/10 human 1/1 hard x3 1/1 counter 1/1 zoner 1/1 self 1/2 | roll 1.9s upd 10.8s
[brain] it 6376 [league 82%] R/ep 11.97 ent 2.04 kl 0.011 | hit/swing 54% dj/min 34.8 blk/min 8.2 abiHit 79 supHit 35 | rushdown 1/1 switcher 1/1 hunter 10/12 hard x3 0/1 expert 1/1 sovereign 4/4 self 0/1 sov fast 2/2 summoner 1/1 | roll 2.3s upd 10.6s
[brain] it 6377 [league 81%] R/ep 11.42 ent 1.91 kl 0.008 | hit/swing 57% dj/min 30.3 blk/min 9.0 abiHit 80 supHit 40 | hunter 6/8 sov fast 2/2 expert 2/2 sovereign 3/4 hard x3 0/1 self 4/4 expert x2 1/1 turtle 1/1 | roll 1.8s upd 7.8s
[brain] it 6378 [league 80%] R/ep 10.51 ent 1.91 kl 0.011 | hit/swing 43% dj/min 31.7 blk/min 12.7 abiHit 77 supHit 40 | hunter 4/11 hard 1/1 sov fast 3/4 zoner 1/1 self 1/1 sovereign 1/2 hard x3 0/1 switcher 2/2 summoner 1/1 idle 1/1 expert x2 1/1 | roll 2.0s upd 8.0s
[brain] it 6379 [league 80%] R/ep 12.65 ent 1.87 kl 0.008 | hit/swing 54% dj/min 27.4 blk/min 10.4 abiHit 79 supHit 48 | sov fast 4/4 medium 2/2 expert 1/1 hard 1/1 hunter 9/12 easy 2/2 idle 2/2 self 3/3 switcher 1/1 | roll 1.9s upd 8.2s
[brain] it 6380 [league 80%] R/ep 11.13 ent 1.96 kl 0.007 | hit/swing 46% dj/min 32.7 blk/min 9.7 abiHit 61 supHit 32 | hunter 5/8 self 2/4 idle 1/1 turtle 2/2 sov fast 0/1 expert 1/1 zoner 1/1 sovereign 2/2 | roll 1.8s upd 7.5s
[brain] it 6381 [league 80%] R/ep 11.66 ent 1.91 kl 0.008 | hit/swing 44% dj/min 27.3 blk/min 13.4 abiHit 85 supHit 33 | hunter 3/12 zoner 1/1 easy 1/1 expert x2 1/1 turtle 1/1 human 1/2 medium 1/1 switcher 1/1 summoner 2/2 sovereign 1/1 | roll 1.8s upd 7.6s
[brain] it 6382 [league 80%] R/ep 11.62 ent 1.87 kl 0.006 | hit/swing 48% dj/min 28.8 blk/min 8.2 abiHit 75 supHit 63 | hunter 5/7 sovereign 5/7 medium 1/1 easy 1/1 self 2/4 summoner 2/2 human 1/1 expert 2/2 sov fast 2/2 expert x2 1/1 idle 1/1 | roll 1.7s upd 7.5s
[brain] it 6383 [league 79%] R/ep 13.11 ent 1.96 kl 0.005 | hit/swing 49% dj/min 30.2 blk/min 8.0 abiHit 83 supHit 35 | switcher 1/1 hunter 5/8 zoner 2/2 medium 2/2 hard x3 1/1 self 1/2 sovereign 1/2 turtle 0/1 sov fast 2/2 idle 2/2 | roll 1.8s upd 7.8s
[brain] it 6384 [league 80%] R/ep 7.49 ent 2.00 kl 0.007 | hit/swing 35% dj/min 32.2 blk/min 9.2 abiHit 63 supHit 37 | self 2/4 hunter 7/12 medium 1/1 sov fast 2/2 zoner 1/1 rushdown 0/1 aerial 1/2 sovereign 1/1 human 1/1 expert 1/1 summoner 1/1 | roll 1.8s upd 7.6s
[brain] it 6385 [league 82%] R/ep 10.72 ent 1.89 kl 0.006 | hit/swing 46% dj/min 28.7 blk/min 10.9 abiHit 88 supHit 54 | sovereign 5/6 medium 1/1 hunter 5/12 human 1/1 hard 1/1 counter 2/2 idle 1/1 hard x3 1/1 sov fast 1/2 expert 2/2 self 1/1 | roll 2.0s upd 7.6s
[brain] it 6386 [league 81%] R/ep 14.22 ent 1.95 kl 0.009 | hit/swing 50% dj/min 30.0 blk/min 10.9 abiHit 88 supHit 47 | expert 2/2 easy 2/2 hunter 6/9 idle 3/3 sovereign 0/1 sov fast 2/2 expert x2 1/1 counter 1/1 medium 1/1 turtle 1/1 aerial 1/1 | roll 1.7s upd 8.2s
[brain] it 6387 [league 81%] R/ep 11.54 ent 1.85 kl 0.010 | hit/swing 50% dj/min 24.9 blk/min 11.3 abiHit 114 supHit 58 | human 1/1 hunter 7/13 idle 1/1 sovereign 3/4 self 1/1 summoner 3/3 sov fast 3/3 turtle 1/1 hard 1/1 easy 1/1 medium 1/1 aerial 1/1 expert x2 1/1 counter 1/1 | roll 1.8s upd 7.8s
[brain] it 6388 [league 81%] R/ep 12.02 ent 1.85 kl 0.007 | hit/swing 50% dj/min 27.4 blk/min 12.4 abiHit 83 supHit 49 | counter 1/1 hunter 5/10 aerial 1/1 easy 2/2 sov fast 3/3 expert 1/1 summoner 1/1 rushdown 1/1 switcher 1/1 self 2/2 medium 1/1 idle 1/1 | roll 1.7s upd 7.9s
[brain] it 6389 [league 81%] R/ep 13.90 ent 1.84 kl 0.010 | hit/swing 52% dj/min 27.6 blk/min 10.6 abiHit 87 supHit 45 | expert x2 2/2 hunter 11/13 idle 1/1 sov fast 1/2 easy 2/2 turtle 1/1 self 0/1 aerial 3/3 | roll 1.7s upd 7.9s
[brain] it 6390 [league 80%] R/ep 11.44 ent 1.96 kl 0.009 | hit/swing 47% dj/min 29.9 blk/min 7.7 abiHit 51 supHit 47 | sovereign 2/5 hunter 6/7 rushdown 2/2 self 1/3 easy 1/1 expert 1/1 expert x2 3/3 counter 0/1 | roll 1.8s upd 7.2s
[brain] it 6391 [league 80%] R/ep 14.35 ent 1.83 kl 0.007 | hit/swing 56% dj/min 28.0 blk/min 11.6 abiHit 95 supHit 58 | hunter 10/12 hard 1/1 sov fast 1/2 sovereign 2/2 idle 2/2 aerial 0/1 easy 3/3 hard x3 1/1 self 0/1 expert 2/2 rushdown 1/1 zoner 1/1 | roll 1.8s upd 8.1s
[brain] it 6392 [league 80%] R/ep 13.55 ent 1.95 kl 0.007 | hit/swing 40% dj/min 30.3 blk/min 10.7 abiHit 71 supHit 42 | easy 1/1 hunter 6/8 counter 1/1 sov fast 1/2 switcher 1/1 sovereign 1/1 self 1/2 turtle 1/1 aerial 1/1 hard x3 1/1 | roll 1.6s upd 7.5s
[brain] it 6393 [league 78%] R/ep 14.31 ent 1.91 kl 0.011 | hit/swing 54% dj/min 31.5 blk/min 11.2 abiHit 94 supHit 48 | summoner 3/3 self 2/2 hunter 7/8 idle 1/1 switcher 1/1 sovereign 0/2 hard x3 1/2 expert x2 1/1 human 1/1 hard 1/1 rushdown 1/1 | roll 1.7s upd 7.5s
[brain] it 6394 [league 79%] R/ep 10.66 ent 1.85 kl 0.008 | hit/swing 59% dj/min 26.2 blk/min 13.0 abiHit 84 supHit 43 | hard 1/1 hunter 8/11 medium 1/1 sov fast 1/2 zoner 1/1 expert 1/1 switcher 1/1 sovereign 2/2 expert x2 1/1 self 0/2 human 1/1 turtle 1/1 summoner 0/1 | roll 1.7s upd 7.5s
[brain] it 6395 [league 79%] R/ep 9.87 ent 1.93 kl 0.009 | hit/swing 52% dj/min 27.9 blk/min 10.9 abiHit 81 supHit 54 | turtle 1/1 sov fast 4/5 medium 1/1 zoner 1/1 hard 2/2 hunter 4/8 self 0/1 counter 2/2 summoner 2/2 hard x3 0/1 sovereign 2/3 expert 1/1 | roll 1.6s upd 7.4s
[brain] it 6396 [league 79%] R/ep 9.57 ent 1.97 kl 0.006 | hit/swing 52% dj/min 30.8 blk/min 8.6 abiHit 90 supHit 54 | hunter 7/11 sov fast 3/5 switcher 2/2 hard x3 0/1 summoner 1/1 aerial 1/1 rushdown 1/1 counter 1/1 medium 2/2 self 1/1 expert 1/1 hard 1/1 | roll 2.1s upd 7.6s
[brain] it 6397 [league 79%] R/ep 11.58 ent 1.97 kl 0.006 | hit/swing 40% dj/min 30.9 blk/min 9.8 abiHit 75 supHit 34 | switcher 1/1 sov fast 4/4 expert x2 1/1 sovereign 3/3 hunter 6/10 self 0/2 turtle 1/1 summoner 1/1 expert 1/1 hard 1/1 | roll 1.9s upd 8.3s
[brain] it 6398 [league 78%] R/ep 13.43 ent 1.90 kl 0.007 | hit/swing 55% dj/min 28.8 blk/min 9.6 abiHit 93 supHit 44 | hunter 12/14 summoner 2/2 hard x3 1/1 idle 1/1 sov fast 1/2 expert 2/2 sovereign 2/3 counter 2/2 medium 1/1 easy 1/1 | roll 1.8s upd 7.6s
[brain] it 6399 [league 78%] R/ep 10.69 ent 2.05 kl 0.007 | hit/swing 36% dj/min 35.6 blk/min 8.7 abiHit 69 supHit 30 | sov fast 1/3 zoner 1/1 self 0/1 expert 1/1 hunter 8/11 rushdown 1/1 hard 1/1 summoner 1/1 idle 1/1 turtle 0/1 | roll 1.8s upd 8.7s
[brain] it 6400 [league 78%] R/ep 14.85 ent 1.90 kl 0.008 | hit/swing 38% dj/min 30.9 blk/min 10.2 abiHit 89 supHit 38 | sovereign 4/5 hunter 5/9 human 1/1 sov fast 1/2 turtle 1/1 easy 1/1 expert x2 1/1 hard x3 2/2 zoner 1/1 | roll 1.8s upd 7.9s
[brain] it 6401 [league 78%] R/ep 11.03 ent 1.84 kl 0.008 | hit/swing 51% dj/min 27.8 blk/min 13.2 abiHit 84 supHit 40 | hunter 4/8 switcher 1/1 sovereign 1/1 expert 2/2 hard 2/2 hard x3 0/1 sov fast 1/1 easy 2/2 self 1/3 rushdown 1/2 summoner 1/1 | roll 1.8s upd 7.5s
[brain] it 6402 [league 78%] R/ep 11.48 ent 1.85 kl 0.009 | hit/swing 48% dj/min 31.4 blk/min 10.1 abiHit 97 supHit 44 | hunter 5/9 sovereign 2/2 rushdown 0/1 self 2/3 human 1/1 expert 1/1 sov fast 2/2 hard 2/2 medium 1/1 summoner 1/1 | roll 1.9s upd 8.2s
[brain] it 6403 [league 79%] R/ep 10.64 ent 1.93 kl 0.008 | hit/swing 47% dj/min 26.0 blk/min 9.5 abiHit 97 supHit 54 | turtle 1/1 hunter 4/9 summoner 2/2 medium 2/2 aerial 1/1 sov fast 2/2 sovereign 3/3 human 1/1 easy 2/2 idle 1/1 self 1/1 rushdown 1/1 expert 2/2 | roll 1.7s upd 7.7s
[brain] it 6404 [league 79%] R/ep 13.77 ent 1.77 kl 0.008 | hit/swing 49% dj/min 26.8 blk/min 10.4 abiHit 88 supHit 68 | sov fast 4/4 self 0/2 summoner 1/1 hunter 9/12 easy 2/2 idle 2/2 expert 4/4 sovereign 2/2 switcher 2/2 turtle 1/1 zoner 1/1 expert x2 1/1 | roll 1.7s upd 7.3s
[brain] it 6405 [league 79%] R/ep 10.58 ent 2.03 kl 0.007 | hit/swing 37% dj/min 34.3 blk/min 10.0 abiHit 59 supHit 46 | hard x3 1/1 expert 2/2 summoner 3/3 sov fast 4/5 aerial 1/1 hunter 4/9 self 3/3 switcher 0/1 | roll 1.9s upd 7.5s
[brain] it 6406 [league 78%] R/ep 11.81 ent 1.97 kl 0.008 | hit/swing 50% dj/min 31.6 blk/min 7.4 abiHit 86 supHit 39 | human 2/2 self 0/1 hunter 3/4 sov fast 3/6 rushdown 0/1 easy 2/2 summoner 2/2 idle 2/2 medium 1/1 hard x3 1/1 sovereign 2/3 expert x2 1/1 | roll 1.5s upd 8.1s
[brain] it 6407 [league 77%] R/ep 8.75 ent 1.82 kl 0.008 | hit/swing 52% dj/min 28.0 blk/min 13.9 abiHit 89 supHit 47 | self 2/3 medium 2/2 hunter 5/12 sovereign 4/5 sov fast 3/3 idle 1/1 hard x3 0/2 easy 1/1 expert 1/1 | roll 2.2s upd 8.1s
[brain] it 6408 [league 78%] R/ep 12.37 ent 1.84 kl 0.009 | hit/swing 57% dj/min 26.9 blk/min 12.1 abiHit 72 supHit 49 | expert 1/1 hunter 6/12 idle 1/1 sov fast 4/4 zoner 2/2 self 3/4 hard x3 1/2 human 1/1 sovereign 3/3 hard 1/1 | roll 1.8s upd 7.7s
[brain] it 6409 [league 77%] R/ep 15.01 ent 1.86 kl 0.008 | hit/swing 45% dj/min 28.0 blk/min 11.1 abiHit 92 supHit 48 | medium 3/3 hunter 10/14 sov fast 1/1 summoner 1/1 counter 2/2 sovereign 0/1 easy 1/1 switcher 1/1 turtle 1/1 zoner 1/1 rushdown 1/1 | roll 2.0s upd 8.3s
[brain] it 6410 [league 77%] R/ep 13.94 ent 1.91 kl 0.008 | hit/swing 43% dj/min 31.3 blk/min 10.4 abiHit 93 supHit 34 | hunter 9/11 aerial 2/2 self 1/2 human 1/2 summoner 3/3 zoner 1/1 expert 1/1 sovereign 1/1 idle 1/1 | roll 1.7s upd 8.5s
[brain] it 6411 [league 77%] R/ep 11.93 ent 1.93 kl 0.006 | hit/swing 48% dj/min 31.8 blk/min 12.7 abiHit 79 supHit 36 | expert 1/1 sovereign 2/3 self 2/3 hunter 7/9 zoner 1/1 sov fast 2/3 summoner 2/2 rushdown 0/1 easy 1/1 | roll 1.9s upd 8.7s
[brain] it 6412 [league 77%] R/ep 8.59 ent 1.90 kl 0.009 | hit/swing 50% dj/min 29.8 blk/min 9.3 abiHit 74 supHit 43 | sov fast 2/3 hunter 8/12 self 1/3 hard x3 0/1 expert 1/1 easy 1/1 aerial 1/1 idle 1/1 summoner 1/1 expert x2 1/2 | roll 2.0s upd 8.2s
[brain] it 6413 [league 77%] R/ep 12.20 ent 1.95 kl 0.009 | hit/swing 44% dj/min 31.8 blk/min 10.6 abiHit 62 supHit 47 | turtle 1/1 hunter 8/12 summoner 2/2 sovereign 4/5 expert x2 1/1 sov fast 3/3 counter 1/1 expert 1/1 self 1/1 | roll 2.0s upd 8.7s
[brain] it 6414 [league 77%] R/ep 7.33 ent 2.07 kl 0.007 | hit/swing 43% dj/min 31.3 blk/min 9.7 abiHit 58 supHit 36 | hunter 7/11 idle 2/2 medium 1/1 sov fast 1/3 self 1/3 expert x2 1/1 switcher 1/1 | roll 1.8s upd 7.9s
[brain] it 6415 [league 77%] R/ep 10.45 ent 1.98 kl 0.007 | hit/swing 52% dj/min 31.6 blk/min 10.1 abiHit 42 supHit 41 | sovereign 2/2 hunter 7/11 self 0/2 counter 1/2 sov fast 1/3 rushdown 1/1 expert x2 0/1 medium 1/1 idle 2/2 easy 1/1 zoner 1/1 | roll 1.7s upd 8.1s
[brain] it 6416 [league 77%] R/ep 11.00 ent 1.93 kl 0.009 | hit/swing 46% dj/min 29.0 blk/min 10.6 abiHit 84 supHit 46 | sovereign 3/5 hunter 10/13 hard x3 1/1 expert 2/2 self 1/3 sov fast 1/1 hard 1/1 human 1/1 medium 1/1 counter 1/1 | roll 2.0s upd 8.6s
[brain] it 6417 [league 77%] R/ep 8.74 ent 1.85 kl 0.007 | hit/swing 54% dj/min 29.5 blk/min 10.1 abiHit 62 supHit 45 | summoner 1/1 hunter 9/12 sov fast 3/4 switcher 2/2 self 2/2 sovereign 1/1 idle 1/1 | roll 1.7s upd 7.8s
[brain] it 6418 [league 77%] R/ep 9.14 ent 1.96 kl 0.008 | hit/swing 41% dj/min 30.8 blk/min 10.7 abiHit 68 supHit 46 | hunter 6/12 expert 1/2 easy 3/3 sov fast 2/3 sovereign 2/2 turtle 1/1 self 1/2 hard x3 1/1 | roll 1.9s upd 7.7s
[brain] it 6419 [league 77%] R/ep 14.97 ent 1.88 kl 0.008 | hit/swing 60% dj/min 26.6 blk/min 11.0 abiHit 80 supHit 66 | medium 2/2 hard x3 2/2 hunter 4/9 hard 1/1 sovereign 5/5 expert x2 3/3 aerial 1/1 sov fast 1/2 easy 1/1 expert 1/1 | roll 1.6s upd 8.0s
[brain] it 6420 [league 78%] R/ep 10.97 ent 1.93 kl 0.009 | hit/swing 39% dj/min 31.8 blk/min 10.2 abiHit 96 supHit 34 | hunter 10/13 sovereign 2/2 summoner 1/1 sov fast 0/1 medium 1/1 counter 2/2 expert 1/1 | roll 1.9s upd 8.6s
[brain] it 6421 [league 78%] R/ep 7.81 ent 1.84 kl 0.008 | hit/swing 47% dj/min 27.3 blk/min 13.0 abiHit 77 supHit 33 | hunter 4/13 self 1/3 sov fast 1/1 counter 1/1 idle 1/1 expert x2 2/2 easy 1/1 switcher 1/1 medium 1/1 expert 1/1 | roll 1.9s upd 8.6s
[brain] it 6422 [league 77%] R/ep 11.62 ent 1.95 kl 0.008 | hit/swing 49% dj/min 29.8 blk/min 9.5 abiHit 93 supHit 54 | sovereign 4/6 hunter 4/7 sov fast 2/2 zoner 1/1 summoner 3/3 turtle 2/2 hard 4/4 self 0/1 human 1/1 expert 1/1 idle 1/1 | roll 1.8s upd 7.9s
[brain] it 6423 [league 76%] R/ep 13.46 ent 1.84 kl 0.010 | hit/swing 52% dj/min 27.0 blk/min 10.5 abiHit 101 supHit 43 | summoner 1/1 sov fast 2/2 hunter 9/10 sovereign 2/3 hard 1/1 self 2/3 hard x3 1/1 idle 1/1 | roll 1.9s upd 9.8s
[brain] it 6424 [league 75%] R/ep 10.82 ent 1.90 kl 0.006 | hit/swing 57% dj/min 26.9 blk/min 8.9 abiHit 97 supHit 53 | expert 1/1 sov fast 6/7 expert x2 1/1 hunter 7/10 human 1/1 aerial 1/1 hard 1/1 summoner 1/1 self 1/1 idle 1/1 sovereign 2/3 turtle 1/1 | roll 1.9s upd 7.8s
[brain] it 6425 [league 77%] R/ep 11.16 ent 1.91 kl 0.009 | hit/swing 44% dj/min 29.3 blk/min 11.0 abiHit 81 supHit 42 | sovereign 3/3 self 1/1 hunter 6/10 sov fast 3/3 summoner 1/1 counter 2/2 easy 1/1 switcher 1/1 idle 1/1 | roll 2.0s upd 8.8s
[brain] it 6426 [league 78%] R/ep 7.42 ent 2.02 kl 0.008 | hit/swing 40% dj/min 33.6 blk/min 9.3 abiHit 57 supHit 40 | sovereign 1/1 hunter 7/10 self 2/4 sov fast 4/6 idle 1/1 expert 1/1 | roll 2.1s upd 10.1s
[brain] it 6427 [league 78%] R/ep 12.68 ent 1.75 kl 0.007 | hit/swing 45% dj/min 25.5 blk/min 11.5 abiHit 108 supHit 56 | self 3/5 hunter 6/8 expert 2/2 summoner 5/5 sov fast 4/4 sovereign 2/2 medium 1/1 counter 1/1 switcher 1/1 idle 1/1 | roll 1.9s upd 7.4s
[brain] it 6428 [league 78%] R/ep 12.15 ent 2.04 kl 0.008 | hit/swing 44% dj/min 30.1 blk/min 10.3 abiHit 65 supHit 45 | hunter 7/11 medium 2/2 aerial 1/1 self 1/1 counter 2/2 easy 2/2 rushdown 0/1 sovereign 1/2 expert 1/1 zoner 1/1 sov fast 1/1 | roll 1.9s upd 8.3s
[brain] it 6429 [league 78%] R/ep 14.08 ent 1.87 kl 0.009 | hit/swing 50% dj/min 27.8 blk/min 11.3 abiHit 86 supHit 49 | sov fast 2/2 expert x2 1/1 hunter 10/12 self 2/3 hard 1/1 expert 1/1 medium 1/1 sovereign 1/1 summoner 1/1 | roll 1.8s upd 7.8s
[brain] it 6430 [league 78%] R/ep 7.64 ent 2.12 kl 0.008 | hit/swing 35% dj/min 37.3 blk/min 11.0 abiHit 37 supHit 23 | hunter 8/15 self 0/1 sovereign 1/1 expert x2 0/1 | roll 1.7s upd 7.7s
[brain] it 6431 [league 78%] R/ep 12.05 ent 2.06 kl 0.008 | hit/swing 44% dj/min 28.5 blk/min 8.5 abiHit 71 supHit 40 | hunter 7/9 sovereign 1/2 summoner 2/2 switcher 2/2 medium 1/1 idle 2/2 human 1/1 turtle 2/2 self 0/1 hard 1/1 expert 2/2 | roll 1.9s upd 9.0s
[brain] it 6432 [league 77%] R/ep 10.46 ent 1.96 kl 0.007 | hit/swing 46% dj/min 29.9 blk/min 12.2 abiHit 61 supHit 47 | sov fast 1/1 hunter 4/10 self 1/3 expert 2/2 switcher 1/1 sovereign 2/4 expert x2 1/1 zoner 2/2 hard 1/1 hard x3 1/1 medium 1/1 | roll 1.8s upd 7.7s
[brain] it 6433 [league 77%] R/ep 14.09 ent 1.79 kl 0.008 | hit/swing 62% dj/min 24.7 blk/min 12.3 abiHit 105 supHit 50 | sov fast 1/3 self 4/5 hunter 8/9 hard 2/2 medium 1/1 expert 2/2 sovereign 1/1 hard x3 1/1 counter 1/1 | roll 1.7s upd 7.7s
[brain] it 6434 [league 78%] R/ep 16.89 ent 1.96 kl 0.009 | hit/swing 58% dj/min 29.2 blk/min 10.9 abiHit 97 supHit 78 | sov fast 2/4 hunter 6/9 hard x3 3/4 sovereign 1/1 expert x2 1/1 counter 2/2 expert 3/3 hard 1/1 aerial 1/1 summoner 1/1 idle 1/1 medium 1/1 zoner 1/1 | roll 1.9s upd 8.0s
[brain] it 6435 [league 79%] R/ep 11.74 ent 1.92 kl 0.009 | hit/swing 55% dj/min 29.2 blk/min 10.4 abiHit 68 supHit 57 | hunter 10/12 sovereign 4/5 expert 2/2 easy 1/1 sov fast 3/5 hard x3 1/1 zoner 1/1 medium 1/1 summoner 1/1 | roll 1.7s upd 7.7s
[brain] it 6436 [league 79%] R/ep 12.02 ent 1.87 kl 0.008 | hit/swing 62% dj/min 26.5 blk/min 12.8 abiHit 97 supHit 59 | hunter 5/8 hard 2/2 human 1/1 easy 3/3 summoner 3/3 medium 1/1 sovereign 3/5 zoner 1/1 expert 0/1 sov fast 2/2 self 0/1 hard x3 1/1 rushdown 1/1 idle 1/1 | roll 1.7s upd 8.7s
[brain] it 6437 [league 79%] R/ep 6.02 ent 1.99 kl 0.006 | hit/swing 32% dj/min 32.3 blk/min 10.9 abiHit 53 supHit 20 | self 2/4 hunter 5/12 easy 2/2 sov fast 1/1 | roll 2.4s upd 11.1s
[brain] it 6438 [league 80%] R/ep 14.57 ent 1.82 kl 0.009 | hit/swing 48% dj/min 26.7 blk/min 11.5 abiHit 112 supHit 58 | aerial 1/2 hunter 10/11 expert x2 1/1 sovereign 1/1 easy 3/3 self 1/2 sov fast 2/3 hard 3/3 turtle 1/1 expert 1/1 medium 2/2 idle 1/1 | roll 2.2s upd 9.3s
[brain] it 6439 [league 80%] R/ep 16.43 ent 1.93 kl 0.009 | hit/swing 61% dj/min 30.5 blk/min 11.1 abiHit 77 supHit 52 | easy 1/1 hunter 9/11 turtle 1/1 self 1/2 hard x3 2/2 aerial 1/1 sovereign 2/2 medium 1/1 sov fast 1/1 summoner 1/1 zoner 1/1 | roll 1.9s upd 8.0s
[brain] it 6440 [league 80%] R/ep 11.11 ent 2.04 kl 0.008 | hit/swing 46% dj/min 30.9 blk/min 10.9 abiHit 75 supHit 28 | hunter 2/9 self 0/2 medium 1/1 hard x3 1/2 zoner 2/2 expert 1/1 sovereign 3/4 counter 1/1 | roll 1.9s upd 8.5s
[brain] it 6441 [league 79%] R/ep 11.16 ent 1.91 kl 0.006 | hit/swing 50% dj/min 28.4 blk/min 11.1 abiHit 73 supHit 51 | human 1/1 self 0/1 summoner 1/1 hunter 6/11 medium 2/2 expert x2 1/1 sov fast 1/2 zoner 1/1 sovereign 1/2 idle 1/1 counter 1/1 expert 1/1 aerial 1/1 rushdown 2/2 | roll 1.8s upd 7.7s
[brain] it 6442 [league 79%] R/ep 13.49 ent 1.95 kl 0.007 | hit/swing 42% dj/min 26.9 blk/min 12.9 abiHit 98 supHit 48 | hunter 3/7 sovereign 5/6 summoner 2/2 human 1/1 expert x2 1/1 counter 1/1 rushdown 1/1 expert 1/1 switcher 1/1 turtle 1/1 easy 1/1 idle 1/1 | roll 1.7s upd 9.5s
[brain] it 6443 [league 79%] R/ep 11.88 ent 1.85 kl 0.007 | hit/swing 46% dj/min 26.0 blk/min 12.6 abiHit 101 supHit 56 | sovereign 3/3 hunter 10/13 expert 2/2 sov fast 4/5 human 1/1 self 0/2 zoner 1/1 turtle 1/1 hard 1/1 summoner 1/1 | roll 2.4s upd 9.0s
[brain] it 6444 [league 79%] R/ep 10.19 ent 1.78 kl 0.008 | hit/swing 54% dj/min 26.5 blk/min 11.6 abiHit 71 supHit 47 | hunter 13/16 self 1/2 medium 2/2 sov fast 1/3 idle 2/2 sovereign 1/1 counter 1/1 summoner 1/1 | roll 2.0s upd 9.3s
[brain] it 6445 [league 79%] R/ep 9.54 ent 1.90 kl 0.007 | hit/swing 53% dj/min 31.2 blk/min 10.5 abiHit 77 supHit 41 | self 2/2 easy 1/1 sov fast 4/6 hunter 6/10 expert 1/1 sovereign 1/1 turtle 1/1 human 1/1 summoner 1/1 | roll 2.0s upd 9.5s
[brain] it 6446 [league 78%] R/ep 11.32 ent 2.00 kl 0.010 | hit/swing 57% dj/min 32.0 blk/min 11.8 abiHit 71 supHit 48 | human 1/1 hard x3 0/1 medium 1/1 expert 2/2 hunter 10/14 switcher 1/1 aerial 1/1 sovereign 1/2 sov fast 0/1 counter 1/1 summoner 1/1 self 0/1 rushdown 1/1 | roll 2.2s upd 11.0s
[brain] it 6447 [league 78%] R/ep 13.23 ent 1.91 kl 0.008 | hit/swing 52% dj/min 28.9 blk/min 9.0 abiHit 63 supHit 47 | hunter 11/13 sovereign 2/2 zoner 1/1 sov fast 1/2 self 2/3 counter 1/1 aerial 1/1 idle 1/1 human 1/1 medium 1/1 expert 1/1 | roll 2.3s upd 9.1s
[brain] it 6448 [league 78%] R/ep 11.61 ent 1.96 kl 0.009 | hit/swing 49% dj/min 29.2 blk/min 10.1 abiHit 108 supHit 42 | self 2/3 idle 1/1 hunter 4/8 zoner 2/2 sovereign 2/3 turtle 1/1 rushdown 2/2 sov fast 3/3 expert 1/1 counter 1/1 easy 1/1 | roll 1.8s upd 7.9s
[brain] it 6449 [league 79%] R/ep 11.46 ent 1.93 kl 0.008 | hit/swing 48% dj/min 28.0 blk/min 10.5 abiHit 70 supHit 46 | hunter 6/11 sov fast 0/1 sovereign 2/2 easy 1/1 expert 1/1 self 1/2 expert x2 0/1 idle 1/1 medium 1/1 zoner 2/2 rushdown 1/1 aerial 1/1 counter 2/2 hard 1/1 | roll 2.0s upd 8.0s
[brain] it 6450 [league 79%] R/ep 12.16 ent 2.00 kl 0.008 | hit/swing 51% dj/min 31.1 blk/min 8.4 abiHit 68 supHit 60 | zoner 1/1 sovereign 5/6 hard x3 1/1 hunter 3/8 rushdown 1/1 sov fast 3/4 expert x2 1/1 self 2/3 switcher 1/1 hard 1/1 expert 2/2 | roll 2.0s upd 11.0s
[brain] it 6451 [league 80%] R/ep 10.50 ent 2.00 kl 0.010 | hit/swing 51% dj/min 31.2 blk/min 8.7 abiHit 51 supHit 33 | sovereign 3/3 hunter 4/5 sov fast 3/3 rushdown 1/1 self 1/2 hard 1/1 expert 1/1 | roll 5.7s upd 8.9s
[brain] it 6452 [league 80%] R/ep 7.83 ent 1.98 kl 0.008 | hit/swing 47% dj/min 30.4 blk/min 10.1 abiHit 34 supHit 26 | hunter 3/5 sov fast 2/4 counter 1/1 switcher 0/1 self 1/2 medium 1/1 | roll 6.2s upd 9.1s
[brain] it 6453 [league 80%] R/ep 10.17 ent 1.94 kl 0.009 | hit/swing 46% dj/min 30.4 blk/min 9.0 abiHit 44 supHit 30 | self 0/2 medium 1/1 hunter 5/6 sovereign 2/3 expert 1/1 rushdown 1/1 hard 1/1 | roll 5.6s upd 9.4s
[brain] it 6454 [league 80%] R/ep 12.84 ent 1.79 kl 0.008 | hit/swing 56% dj/min 22.6 blk/min 10.1 abiHit 109 supHit 73 | sov fast 3/5 sovereign 4/4 expert 3/3 hunter 7/8 turtle 1/1 medium 4/4 summoner 2/2 easy 1/1 counter 2/2 self 2/2 switcher 1/1 | roll 2.0s upd 12.7s
[brain] it 6455 [league 82%] R/ep 9.11 ent 2.01 kl 0.007 | hit/swing 46% dj/min 33.2 blk/min 9.9 abiHit 79 supHit 40 | hunter 8/10 hard 2/2 self 2/5 sovereign 2/2 sov fast 2/3 zoner 1/1 expert 1/1 idle 1/1 | roll 2.5s upd 13.6s
[brain] it 6456 [league 82%] R/ep 8.95 ent 1.92 kl 0.007 | hit/swing 39% dj/min 32.0 blk/min 10.7 abiHit 78 supHit 34 | hunter 10/12 medium 1/1 sov fast 0/1 self 1/6 zoner 1/1 idle 1/1 expert x2 1/1 turtle 1/1 | roll 2.6s upd 12.9s
[brain] it 6457 [league 82%] R/ep 12.46 ent 1.98 kl 0.007 | hit/swing 49% dj/min 30.6 blk/min 9.9 abiHit 70 supHit 46 | hunter 9/11 easy 1/1 sov fast 3/4 counter 2/2 hard 1/1 rushdown 1/1 sovereign 2/2 aerial 1/1 | roll 2.3s upd 12.5s
[brain] it 6458 [league 82%] R/ep 13.77 ent 1.86 kl 0.008 | hit/swing 46% dj/min 28.5 blk/min 9.5 abiHit 68 supHit 43 | sov fast 2/2 hunter 8/9 expert 1/1 turtle 0/1 sovereign 3/3 self 2/3 summoner 1/1 idle 2/2 expert x2 1/1 | roll 2.0s upd 12.0s
[brain] it 6459 [league 81%] R/ep 12.97 ent 1.99 kl 0.009 | hit/swing 52% dj/min 30.0 blk/min 10.6 abiHit 90 supHit 45 | hunter 6/10 hard x3 1/3 aerial 1/1 summoner 2/2 expert x2 1/1 sovereign 1/2 self 1/1 easy 1/1 sov fast 1/1 rushdown 1/1 | roll 2.2s upd 9.2s
[brain] it 6460 [league 81%] R/ep 10.80 ent 1.88 kl 0.009 | hit/swing 50% dj/min 27.0 blk/min 10.5 abiHit 87 supHit 54 | easy 1/1 turtle 1/1 self 0/2 hunter 3/8 expert x2 1/1 sov fast 3/4 sovereign 3/3 medium 1/1 rushdown 1/1 switcher 1/1 aerial 1/1 hard x3 1/1 | roll 1.8s upd 7.9s
[brain] it 6461 [league 80%] R/ep 10.48 ent 1.94 kl 0.008 | hit/swing 47% dj/min 30.7 blk/min 8.4 abiHit 101 supHit 41 | hard x3 0/2 hunter 4/5 human 2/2 self 2/3 sov fast 3/4 rushdown 0/1 easy 2/2 summoner 1/1 idle 1/1 expert 4/4 sovereign 0/1 | roll 1.8s upd 6.6s
[brain] it 6462 [league 80%] R/ep 11.38 ent 1.90 kl 0.007 | hit/swing 41% dj/min 25.1 blk/min 10.3 abiHit 106 supHit 51 | medium 3/3 expert x2 1/1 turtle 2/2 self 2/4 sov fast 3/3 hunter 4/8 hard x3 0/1 sovereign 3/3 idle 1/1 hard 2/2 | roll 1.9s upd 6.5s
[brain] it 6463 [league 82%] R/ep 10.87 ent 1.92 kl 0.008 | hit/swing 48% dj/min 28.7 blk/min 9.2 abiHit 83 supHit 50 | sov fast 5/6 hunter 8/11 sovereign 3/3 aerial 2/2 counter 1/1 summoner 1/1 self 1/2 rushdown 1/1 idle 1/1 medium 1/1 | roll 1.8s upd 6.5s
[brain] it 6464 [league 81%] R/ep 12.83 ent 1.94 kl 0.008 | hit/swing 42% dj/min 29.3 blk/min 11.5 abiHit 108 supHit 52 | counter 1/1 human 1/1 zoner 1/1 rushdown 1/2 self 2/4 hunter 6/9 expert 1/1 turtle 1/1 sovereign 2/3 medium 1/1 sov fast 2/2 summoner 2/2 easy 1/1 switcher 1/1 | roll 1.6s upd 7.3s
[brain] it 6465 [league 81%] R/ep 11.28 ent 1.86 kl 0.008 | hit/swing 43% dj/min 25.5 blk/min 7.7 abiHit 101 supHit 30 | idle 1/1 hunter 9/11 switcher 1/1 sovereign 1/1 sov fast 1/2 self 2/2 expert 2/2 counter 1/1 | roll 1.7s upd 6.4s
[brain] it 6466 [league 81%] R/ep 12.44 ent 1.87 kl 0.009 | hit/swing 52% dj/min 27.9 blk/min 13.0 abiHit 85 supHit 46 | hard x3 1/2 zoner 2/2 sov fast 4/6 easy 1/1 hard 2/2 hunter 6/9 self 0/3 summoner 1/1 idle 1/1 | roll 1.8s upd 6.4s
[brain] it 6467 [league 83%] R/ep 11.76 ent 2.01 kl 0.008 | hit/swing 43% dj/min 31.9 blk/min 10.6 abiHit 89 supHit 51 | hard x3 1/1 sov fast 0/2 sovereign 5/5 hunter 3/6 expert 3/4 self 2/2 switcher 2/2 hard 1/1 rushdown 1/1 | roll 1.7s upd 6.9s
[brain] it 6468 [league 83%] R/ep 12.61 ent 1.93 kl 0.006 | hit/swing 53% dj/min 27.0 blk/min 10.3 abiHit 87 supHit 47 | sov fast 2/2 hunter 7/10 expert 2/2 hard 1/1 rushdown 1/1 aerial 2/2 hard x3 1/1 sovereign 1/1 easy 1/1 self 1/2 | roll 1.6s upd 6.4s
[brain] it 6469 [league 81%] R/ep 13.05 ent 1.97 kl 0.010 | hit/swing 43% dj/min 33.1 blk/min 9.4 abiHit 63 supHit 42 | medium 2/2 zoner 2/2 self 2/4 aerial 3/3 hunter 6/8 expert x2 1/1 sovereign 2/4 sov fast 0/1 counter 1/1 | roll 1.7s upd 6.9s
[brain] it 6470 [league 80%] R/ep 10.82 ent 1.96 kl 0.008 | hit/swing 48% dj/min 29.5 blk/min 12.1 abiHit 60 supHit 54 | hunter 8/13 self 0/2 sovereign 1/3 sov fast 3/3 rushdown 1/1 expert 1/1 turtle 1/1 expert x2 1/1 summoner 1/1 | roll 1.7s upd 6.9s
[brain] it 6471 [league 80%] R/ep 6.62 ent 1.95 kl 0.007 | hit/swing 41% dj/min 28.3 blk/min 10.0 abiHit 75 supHit 37 | expert 2/2 sovereign 4/7 sov fast 1/1 hunter 6/11 idle 2/2 self 0/2 | roll 1.7s upd 6.3s
[brain] it 6472 [league 79%] R/ep 8.19 ent 2.07 kl 0.008 | hit/swing 40% dj/min 33.8 blk/min 9.6 abiHit 43 supHit 32 | rushdown 1/1 hunter 5/8 self 1/4 sovereign 2/3 counter 2/2 sov fast 0/1 | roll 1.6s upd 6.3s
[brain] it 6473 [league 78%] R/ep 10.90 ent 1.88 kl 0.010 | hit/swing 51% dj/min 27.2 blk/min 10.7 abiHit 86 supHit 43 | easy 2/2 hunter 7/11 sovereign 2/3 human 1/1 sov fast 2/3 summoner 2/2 self 1/2 expert 1/1 idle 1/1 | roll 1.6s upd 7.6s
[brain] it 6474 [league 80%] R/ep 13.11 ent 1.84 kl 0.008 | hit/swing 46% dj/min 26.4 blk/min 11.5 abiHit 104 supHit 54 | hunter 10/13 hard 2/2 summoner 2/2 sov fast 3/3 self 1/1 switcher 1/1 expert x2 0/2 idle 1/1 sovereign 3/3 | roll 1.9s upd 7.4s
[brain] it 6475 [league 81%] R/ep 10.41 ent 1.92 kl 0.008 | hit/swing 48% dj/min 25.5 blk/min 8.8 abiHit 119 supHit 41 | human 1/1 sov fast 4/5 sovereign 2/2 hunter 5/8 hard 2/2 self 0/3 turtle 1/1 zoner 1/1 medium 1/1 counter 1/1 expert x2 1/1 hard x3 0/1 | roll 2.4s upd 9.2s
[brain] it 6476 [league 81%] R/ep 8.34 ent 1.82 kl 0.008 | hit/swing 46% dj/min 24.7 blk/min 12.0 abiHit 100 supHit 53 | hunter 7/13 sov fast 3/4 sovereign 4/4 easy 1/1 idle 1/1 expert x2 2/2 self 1/2 rushdown 1/1 | roll 1.9s upd 8.4s
[brain] it 6477 [league 80%] R/ep 10.16 ent 1.96 kl 0.006 | hit/swing 55% dj/min 31.1 blk/min 10.0 abiHit 76 supHit 39 | hunter 7/9 self 1/5 sov fast 5/5 aerial 2/2 switcher 1/1 easy 2/2 zoner 2/2 sovereign 0/1 | roll 2.1s upd 6.9s
[brain] it 6478 [league 81%] R/ep 11.11 ent 1.95 kl 0.009 | hit/swing 42% dj/min 29.3 blk/min 10.3 abiHit 93 supHit 48 | hunter 5/11 self 2/4 aerial 2/2 expert x2 1/1 summoner 1/1 sovereign 4/4 rushdown 1/1 idle 1/1 | roll 2.0s upd 8.0s
[brain] it 6479 [league 81%] R/ep 8.36 ent 1.97 kl 0.009 | hit/swing 59% dj/min 29.2 blk/min 11.2 abiHit 63 supHit 28 | hunter 7/10 rushdown 1/1 self 1/4 sovereign 0/1 expert 1/1 turtle 0/1 hard x3 1/1 idle 1/1 | roll 1.9s upd 6.9s
[brain] it 6480 [league 81%] R/ep 12.11 ent 1.89 kl 0.009 | hit/swing 41% dj/min 26.1 blk/min 10.2 abiHit 81 supHit 58 | sov fast 4/4 idle 2/2 hunter 9/14 self 1/1 expert 2/2 easy 2/2 expert x2 1/1 aerial 1/1 sovereign 1/1 switcher 1/1 zoner 1/1 | roll 1.8s upd 6.8s
[brain] it 6481 [league 81%] R/ep 10.58 ent 1.95 kl 0.008 | hit/swing 48% dj/min 27.6 blk/min 9.9 abiHit 95 supHit 42 | summoner 1/1 hard 1/1 switcher 0/1 hunter 6/9 expert x2 1/1 aerial 1/1 sov fast 0/2 sovereign 1/1 self 0/1 medium 2/2 zoner 1/1 rushdown 1/1 easy 1/1 | roll 1.7s upd 7.4s
[brain] it 6482 [league 81%] R/ep 11.21 ent 1.94 kl 0.010 | hit/swing 55% dj/min 27.9 blk/min 10.4 abiHit 94 supHit 38 | sovereign 2/3 hunter 10/14 hard x3 1/1 idle 2/2 self 0/1 expert 2/2 turtle 1/1 | roll 2.1s upd 7.6s
[brain] it 6483 [league 81%] R/ep 12.16 ent 1.85 kl 0.009 | hit/swing 61% dj/min 24.7 blk/min 8.8 abiHit 103 supHit 61 | medium 1/1 hunter 6/8 easy 1/1 sov fast 3/5 sovereign 4/4 rushdown 1/1 expert x2 2/2 idle 1/1 self 3/3 expert 1/1 summoner 1/1 hard 1/1 | roll 1.8s upd 6.8s
[brain] it 6484 [league 81%] R/ep 12.92 ent 1.83 kl 0.007 | hit/swing 62% dj/min 23.9 blk/min 11.5 abiHit 90 supHit 57 | sov fast 3/6 switcher 1/1 easy 4/4 hunter 6/8 summoner 1/1 sovereign 3/3 self 1/3 zoner 3/3 idle 1/1 expert x2 1/1 | roll 1.6s upd 6.7s
[brain] it 6485 [league 81%] R/ep 10.28 ent 2.00 kl 0.008 | hit/swing 47% dj/min 31.8 blk/min 9.5 abiHit 75 supHit 42 | medium 2/2 hunter 8/11 switcher 1/1 sovereign 2/3 sov fast 1/2 idle 1/1 turtle 1/1 self 0/1 expert 2/2 | roll 1.7s upd 7.4s
[brain] it 6486 [league 82%] R/ep 11.61 ent 1.91 kl 0.009 | hit/swing 47% dj/min 28.0 blk/min 7.7 abiHit 73 supHit 68 | self 2/5 expert 2/2 hunter 8/9 sov fast 3/3 expert x2 2/3 hard x3 0/1 summoner 0/1 zoner 1/1 sovereign 3/3 medium 1/1 | roll 1.9s upd 6.9s
[brain] it 6487 [league 81%] R/ep 13.24 ent 1.90 kl 0.006 | hit/swing 56% dj/min 26.8 blk/min 12.9 abiHit 87 supHit 49 | sov fast 4/5 self 1/4 hard 2/2 expert 1/1 sovereign 0/1 summoner 2/2 hunter 1/4 turtle 2/2 hard x3 1/2 easy 2/2 medium 1/1 | roll 1.7s upd 6.8s
[brain] it 6488 [league 80%] R/ep 8.31 ent 2.01 kl 0.008 | hit/swing 45% dj/min 30.2 blk/min 10.5 abiHit 52 supHit 36 | sovereign 1/3 expert 5/5 sov fast 2/2 hunter 7/12 medium 1/1 self 0/1 counter 1/1 | roll 1.8s upd 6.8s
[brain] it 6489 [league 80%] R/ep 9.23 ent 1.91 kl 0.008 | hit/swing 38% dj/min 27.3 blk/min 12.0 abiHit 91 supHit 43 | sovereign 3/3 hunter 4/12 expert 1/1 sov fast 2/2 zoner 1/1 expert x2 1/1 self 0/2 human 1/1 hard 1/1 medium 2/2 idle 1/1 aerial 1/1 | roll 1.9s upd 7.3s
[brain] it 6490 [league 80%] R/ep 12.59 ent 1.85 kl 0.007 | hit/swing 46% dj/min 26.1 blk/min 12.0 abiHit 82 supHit 70 | sovereign 6/7 hunter 9/12 aerial 1/2 expert 1/1 medium 1/1 summoner 2/2 hard 1/1 self 1/1 turtle 1/1 sov fast 1/1 switcher 1/1 hard x3 1/1 | roll 1.8s upd 6.9s
[brain] it 6491 [league 79%] R/ep 9.62 ent 1.84 kl 0.008 | hit/swing 51% dj/min 26.8 blk/min 7.9 abiHit 68 supHit 62 | turtle 1/1 hunter 9/10 sovereign 5/6 sov fast 2/2 self 1/3 easy 2/2 hard 2/2 counter 0/1 aerial 1/1 | roll 1.8s upd 7.4s
[brain] it 6492 [league 76%] R/ep 11.24 ent 1.93 kl 0.007 | hit/swing 38% dj/min 29.6 blk/min 13.2 abiHit 73 supHit 36 | hunter 7/11 sovereign 0/3 self 0/1 sov fast 1/1 human 1/1 turtle 1/1 zoner 2/2 hard x3 1/1 | roll 1.9s upd 6.8s
[brain] it 6493 [league 75%] R/ep 8.90 ent 1.99 kl 0.010 | hit/swing 54% dj/min 29.9 blk/min 10.9 abiHit 60 supHit 35 | hunter 7/12 sovereign 2/4 summoner 3/3 self 1/2 switcher 1/1 easy 1/1 medium 1/1 | roll 1.8s upd 7.0s
[brain] it 6494 [league 75%] R/ep 9.42 ent 1.89 kl 0.007 | hit/swing 48% dj/min 27.1 blk/min 9.1 abiHit 99 supHit 55 | hunter 10/16 sovereign 3/3 sov fast 3/5 switcher 2/2 easy 2/2 human 1/1 hard x3 0/1 idle 1/1 self 0/1 | roll 1.8s upd 6.7s
[brain] it 6495 [league 75%] R/ep 10.83 ent 1.91 kl 0.007 | hit/swing 53% dj/min 26.1 blk/min 10.3 abiHit 79 supHit 52 | hunter 4/6 self 3/6 counter 1/1 sov fast 0/2 sovereign 3/4 expert x2 1/1 idle 1/1 summoner 1/1 switcher 1/1 easy 1/1 hard 1/1 turtle 1/1 expert 1/1 | roll 1.7s upd 6.7s
[brain] it 6496 [league 72%] R/ep 8.49 ent 2.07 kl 0.009 | hit/swing 48% dj/min 35.2 blk/min 10.3 abiHit 53 supHit 34 | sovereign 1/5 hunter 10/13 sov fast 0/1 self 1/1 expert 1/1 easy 1/1 | roll 1.9s upd 7.2s
[brain] it 6497 [league 72%] R/ep 11.28 ent 1.95 kl 0.009 | hit/swing 44% dj/min 28.5 blk/min 12.6 abiHit 86 supHit 45 | hunter 5/9 medium 1/1 hard x3 1/1 human 1/1 zoner 1/1 summoner 1/1 self 2/3 rushdown 1/1 counter 0/1 idle 1/1 sov fast 1/2 easy 1/1 sovereign 1/1 expert 1/1 | roll 1.7s upd 6.7s
[brain] it 6498 [league 70%] R/ep 9.77 ent 2.00 kl 0.008 | hit/swing 43% dj/min 28.5 blk/min 10.0 abiHit 82 supHit 50 | self 3/5 sovereign 4/6 zoner 1/1 hard x3 1/1 human 2/2 hunter 1/5 expert 1/1 sov fast 0/1 expert x2 1/1 summoner 1/1 turtle 2/2 counter 1/1 | roll 1.7s upd 7.3s
[brain] it 6499 [league 70%] R/ep 14.94 ent 1.98 kl 0.011 | hit/swing 49% dj/min 29.1 blk/min 12.6 abiHit 82 supHit 36 | hunter 7/9 summoner 1/1 zoner 1/1 expert x2 2/2 expert 1/1 sov fast 1/2 hard x3 0/2 medium 2/2 hard 1/1 aerial 1/1 | roll 2.0s upd 7.7s
[brain] it 6500 [league 70%] R/ep 8.32 ent 1.94 kl 0.010 | hit/swing 48% dj/min 28.9 blk/min 12.0 abiHit 76 supHit 37 | human 0/1 sovereign 1/2 expert 2/2 hunter 4/9 hard 1/1 medium 2/2 self 1/5 sov fast 2/2 expert x2 1/1 | roll 1.9s upd 7.0s
[brain] it 6501 [league 71%] R/ep 7.73 ent 1.94 kl 0.008 | hit/swing 53% dj/min 28.5 blk/min 9.8 abiHit 74 supHit 50 | hunter 8/14 sov fast 2/2 sovereign 2/2 turtle 1/1 hard x3 0/2 summoner 1/1 expert 1/1 hard 2/2 self 1/1 aerial 1/1 | roll 1.9s upd 7.7s
[brain] it 6502 [league 71%] R/ep 12.11 ent 1.84 kl 0.006 | hit/swing 49% dj/min 24.6 blk/min 12.5 abiHit 110 supHit 51 | summoner 1/1 hunter 12/14 easy 3/3 rushdown 0/1 counter 1/1 sov fast 2/2 idle 1/1 hard 1/1 medium 1/1 human 1/1 switcher 0/1 sovereign 2/2 | roll 1.7s upd 6.8s
[brain] it 6503 [league 72%] R/ep 12.16 ent 1.90 kl 0.008 | hit/swing 55% dj/min 29.2 blk/min 11.7 abiHit 90 supHit 45 | hunter 8/10 self 2/5 hard x3 2/2 sov fast 1/2 expert 1/1 summoner 1/1 switcher 1/1 sovereign 1/2 | roll 2.0s upd 7.5s
[brain] it 6504 [league 74%] R/ep 10.27 ent 1.92 kl 0.008 | hit/swing 40% dj/min 27.7 blk/min 9.1 abiHit 82 supHit 52 | expert 1/1 hunter 5/9 sovereign 6/6 idle 2/2 sov fast 2/2 self 3/4 summoner 1/1 medium 1/1 turtle 1/1 human 1/1 | roll 1.8s upd 6.9s
[brain] it 6505 [league 76%] R/ep 10.73 ent 1.89 kl 0.008 | hit/swing 37% dj/min 29.7 blk/min 9.7 abiHit 88 supHit 49 | hunter 10/12 self 1/1 sovereign 5/6 hard x3 0/1 expert 2/2 sov fast 0/2 turtle 1/1 rushdown 1/1 idle 1/1 hard 1/1 | roll 2.0s upd 7.0s
[brain] it 6506 [league 76%] R/ep 10.06 ent 1.94 kl 0.008 | hit/swing 49% dj/min 28.3 blk/min 9.8 abiHit 85 supHit 38 | counter 1/1 hunter 5/10 sov fast 3/4 expert x2 1/1 self 0/2 easy 1/1 idle 2/2 sovereign 2/2 expert 1/1 medium 1/1 | roll 1.7s upd 6.7s
[brain] it 6507 [league 75%] R/ep 11.05 ent 1.95 kl 0.008 | hit/swing 57% dj/min 28.2 blk/min 11.3 abiHit 83 supHit 49 | sov fast 3/4 hunter 10/12 summoner 2/2 expert x2 0/1 hard 1/1 sovereign 2/3 self 0/2 human 1/1 zoner 1/1 easy 1/1 | roll 1.8s upd 6.8s
[brain] it 6508 [league 75%] R/ep 11.08 ent 1.93 kl 0.006 | hit/swing 46% dj/min 28.3 blk/min 12.3 abiHit 95 supHit 49 | sov fast 4/5 medium 1/1 self 2/3 hunter 6/10 easy 1/1 switcher 2/2 summoner 2/2 counter 1/1 rushdown 1/3 hard 1/1 | roll 1.6s upd 6.8s
[brain] it 6509 [league 75%] R/ep 15.56 ent 1.78 kl 0.008 | hit/swing 52% dj/min 23.6 blk/min 13.3 abiHit 108 supHit 59 | sov fast 2/2 hunter 11/13 medium 1/1 expert x2 3/3 easy 1/1 self 0/1 aerial 1/1 zoner 1/1 summoner 2/2 counter 1/1 sovereign 1/1 | roll 1.9s upd 6.9s
[brain] it 6510 [league 75%] R/ep 11.22 ent 1.93 kl 0.008 | hit/swing 53% dj/min 29.0 blk/min 11.5 abiHit 76 supHit 55 | switcher 1/1 hunter 10/12 sovereign 4/5 summoner 1/1 sov fast 3/3 expert x2 1/1 medium 1/1 self 1/3 zoner 1/1 hard 1/1 expert 1/1 | roll 1.9s upd 7.5s
[brain] it 6511 [league 75%] R/ep 7.51 ent 1.91 kl 0.008 | hit/swing 49% dj/min 26.2 blk/min 11.8 abiHit 86 supHit 43 | self 2/6 human 1/1 hunter 5/10 summoner 3/3 medium 1/1 sovereign 3/3 switcher 1/1 hard 1/1 idle 1/1 | roll 1.9s upd 6.8s
[brain] it 6512 [league 76%] R/ep 12.36 ent 2.09 kl 0.008 | hit/swing 43% dj/min 31.6 blk/min 10.3 abiHit 64 supHit 42 | hunter 5/7 sov fast 3/3 rushdown 1/1 medium 2/2 aerial 1/1 self 0/3 expert x2 1/1 counter 1/1 expert 1/1 zoner 1/1 sovereign 2/2 easy 1/1 summoner 1/1 | roll 1.6s upd 7.1s
[brain] it 6513 [league 74%] R/ep 5.61 ent 2.22 kl 0.007 | hit/swing 31% dj/min 36.6 blk/min 8.2 abiHit 60 supHit 28 | sovereign 3/6 sov fast 0/2 hunter 4/6 self 0/3 switcher 1/1 idle 1/1 hard 1/1 | roll 1.8s upd 7.4s
[brain] it 6514 [league 74%] R/ep 11.89 ent 1.90 kl 0.009 | hit/swing 56% dj/min 25.8 blk/min 9.3 abiHit 90 supHit 53 | sovereign 3/3 expert 4/4 hunter 10/13 sov fast 2/2 easy 1/1 self 1/1 summoner 1/1 zoner 1/1 expert x2 0/1 hard 1/1 | roll 1.7s upd 6.4s
[brain] it 6515 [league 73%] R/ep 10.42 ent 1.90 kl 0.006 | hit/swing 40% dj/min 28.6 blk/min 11.8 abiHit 83 supHit 53 | sovereign 3/4 rushdown 1/1 hunter 6/10 self 0/2 easy 2/2 sov fast 3/3 counter 1/1 idle 1/1 zoner 1/1 expert x2 1/2 | roll 1.6s upd 6.5s
[brain] it 6516 [league 73%] R/ep 9.41 ent 1.92 kl 0.006 | hit/swing 42% dj/min 29.3 blk/min 11.1 abiHit 76 supHit 44 | expert 2/2 hunter 9/15 easy 2/2 rushdown 1/1 self 1/2 sov fast 3/3 summoner 1/1 medium 1/1 | roll 1.7s upd 6.3s
[brain] it 6517 [league 73%] R/ep 15.23 ent 1.91 kl 0.007 | hit/swing 52% dj/min 27.2 blk/min 10.6 abiHit 100 supHit 51 | hunter 7/8 expert x2 1/1 counter 1/1 hard x3 1/2 sovereign 3/4 turtle 1/1 sov fast 3/4 easy 1/1 expert 1/1 self 1/1 | roll 1.5s upd 6.3s
[brain] it 6518 [league 73%] R/ep 10.90 ent 2.05 kl 0.009 | hit/swing 43% dj/min 28.5 blk/min 13.4 abiHit 62 supHit 31 | sov fast 2/4 zoner 2/2 hunter 5/8 medium 1/1 aerial 0/1 sovereign 1/1 hard 2/2 switcher 1/1 summoner 1/1 self 0/1 counter 1/1 | roll 1.6s upd 6.2s
[brain] it 6519 [league 75%] R/ep 10.87 ent 1.90 kl 0.009 | hit/swing 53% dj/min 28.2 blk/min 8.7 abiHit 74 supHit 56 | hunter 8/10 idle 2/2 self 3/6 sovereign 2/2 sov fast 4/4 expert 1/1 hard 1/1 medium 1/1 expert x2 0/1 summoner 1/1 | roll 1.5s upd 6.1s
[brain] it 6520 [league 75%] R/ep 9.82 ent 2.01 kl 0.006 | hit/swing 52% dj/min 30.5 blk/min 10.5 abiHit 70 supHit 29 | expert 2/2 hunter 6/11 easy 1/1 self 0/3 counter 1/1 turtle 1/1 sovereign 1/2 expert x2 1/1 zoner 1/1 | roll 1.5s upd 5.9s
[brain] it 6521 [league 76%] R/ep 7.28 ent 2.14 kl 0.008 | hit/swing 29% dj/min 34.4 blk/min 8.4 abiHit 78 supHit 25 | hunter 5/5 counter 2/2 self 1/5 sovereign 4/4 sov fast 0/2 medium 1/1 aerial 1/1 turtle 1/1 summoner 1/1 expert 1/1 | roll 1.5s upd 5.8s
[brain] it 6522 [league 75%] R/ep 10.05 ent 1.89 kl 0.008 | hit/swing 53% dj/min 26.5 blk/min 11.6 abiHit 78 supHit 44 | hunter 10/13 sovereign 1/2 self 2/3 summoner 2/2 zoner 1/1 sov fast 0/1 easy 1/1 medium 1/1 expert 1/1 idle 1/1 | roll 1.5s upd 6.0s
[brain] it 6523 [league 73%] R/ep 9.94 ent 2.05 kl 0.008 | hit/swing 32% dj/min 33.9 blk/min 9.4 abiHit 64 supHit 33 | self 2/5 rushdown 2/2 sovereign 2/4 hunter 5/7 zoner 1/1 summoner 1/1 expert 1/1 sov fast 1/1 | roll 1.8s upd 6.6s
[brain] it 6524 [league 73%] R/ep 13.45 ent 1.83 kl 0.008 | hit/swing 54% dj/min 22.8 blk/min 11.8 abiHit 74 supHit 47 | aerial 1/1 hunter 9/11 medium 1/1 sov fast 2/2 sovereign 2/3 self 2/2 expert 3/3 idle 1/1 summoner 1/1 zoner 1/1 easy 2/2 switcher 1/1 | roll 1.4s upd 6.2s
[brain] it 6525 [league 73%] R/ep 11.64 ent 1.84 kl 0.008 | hit/swing 56% dj/min 26.7 blk/min 14.0 abiHit 87 supHit 49 | self 2/2 hunter 9/14 sovereign 2/2 sov fast 2/2 summoner 2/2 aerial 1/1 easy 1/1 counter 1/1 expert 1/1 | roll 1.4s upd 5.5s
[brain] it 6526 [league 74%] R/ep 11.44 ent 2.00 kl 0.008 | hit/swing 55% dj/min 27.9 blk/min 11.4 abiHit 65 supHit 39 | sov fast 3/4 self 1/1 hunter 7/10 turtle 1/1 counter 2/2 rushdown 1/1 sovereign 2/2 | roll 1.5s upd 6.0s
[brain] it 6527 [league 75%] R/ep 11.56 ent 1.93 kl 0.009 | hit/swing 53% dj/min 28.1 blk/min 10.9 abiHit 82 supHit 53 | hunter 8/11 expert 3/3 human 1/1 sov fast 3/5 idle 1/1 turtle 1/1 self 1/2 medium 1/1 summoner 1/1 easy 1/1 sovereign 1/1 | roll 1.4s upd 6.3s
[brain] it 6528 [league 76%] R/ep 11.88 ent 1.96 kl 0.007 | hit/swing 42% dj/min 28.9 blk/min 9.2 abiHit 70 supHit 46 | sov fast 1/1 hunter 8/10 turtle 2/2 hard 1/1 summoner 4/4 sovereign 2/3 counter 1/1 hard x3 1/1 self 0/1 | roll 1.4s upd 6.0s
[brain] it 6529 [league 76%] R/ep 9.51 ent 2.03 kl 0.007 | hit/swing 37% dj/min 31.9 blk/min 8.6 abiHit 82 supHit 39 | hard x3 1/1 sov fast 3/4 hunter 5/8 self 2/4 expert 1/1 human 1/1 aerial 1/1 easy 1/1 sovereign 1/1 idle 1/1 | roll 1.5s upd 6.6s
[brain] it 6530 [league 77%] R/ep 12.35 ent 1.87 kl 0.006 | hit/swing 49% dj/min 25.2 blk/min 9.9 abiHit 111 supHit 66 | hunter 10/11 self 2/5 summoner 1/1 sov fast 3/3 sovereign 4/4 counter 1/1 rushdown 1/1 easy 1/1 expert 2/2 hard 1/1 idle 1/1 aerial 1/1 human 1/1 | roll 1.5s upd 6.2s
[brain] it 6531 [league 78%] R/ep 11.26 ent 1.92 kl 0.008 | hit/swing 52% dj/min 26.3 blk/min 11.1 abiHit 102 supHit 40 | summoner 1/1 sovereign 4/4 hunter 4/9 self 1/2 idle 2/2 hard 2/2 sov fast 3/3 expert 2/2 medium 1/1 hard x3 0/1 counter 1/1 rushdown 1/1 | roll 1.5s upd 6.0s
[brain] it 6532 [league 79%] R/ep 11.14 ent 1.84 kl 0.008 | hit/swing 49% dj/min 21.5 blk/min 12.4 abiHit 89 supHit 34 | expert 3/3 hunter 4/11 idle 1/1 hard x3 0/1 aerial 1/1 turtle 1/1 switcher 1/1 medium 1/1 expert x2 2/2 summoner 1/1 sovereign 1/1 | roll 1.3s upd 6.2s
[brain] it 6533 [league 79%] R/ep 11.12 ent 1.94 kl 0.009 | hit/swing 41% dj/min 27.8 blk/min 10.4 abiHit 70 supHit 50 | self 3/5 turtle 1/1 hunter 7/9 medium 1/1 easy 1/1 hard 1/1 sov fast 3/4 idle 2/2 summoner 1/1 expert x2 0/1 | roll 1.5s upd 6.3s
[brain] it 6534 [league 80%] R/ep 12.93 ent 1.85 kl 0.006 | hit/swing 50% dj/min 26.3 blk/min 12.2 abiHit 93 supHit 58 | hunter 12/13 sovereign 1/1 self 0/3 sov fast 2/2 hard 2/2 counter 2/2 easy 2/2 expert x2 1/1 idle 2/2 human 1/1 | roll 1.5s upd 6.3s
[brain] it 6535 [league 82%] R/ep 12.56 ent 1.87 kl 0.011 | hit/swing 59% dj/min 26.4 blk/min 12.1 abiHit 92 supHit 44 | hunter 9/10 rushdown 1/2 expert x2 2/2 self 0/2 hard x3 0/1 turtle 1/1 summoner 1/1 sovereign 3/3 sov fast 1/1 switcher 1/1 human 1/1 zoner 1/1 | roll 1.5s upd 6.1s
[brain] it 6536 [league 82%] R/ep 10.81 ent 1.93 kl 0.006 | hit/swing 52% dj/min 28.5 blk/min 12.2 abiHit 82 supHit 53 | hunter 7/11 idle 1/1 aerial 1/1 self 2/4 sov fast 2/4 summoner 1/1 hard x3 1/2 sovereign 1/1 | roll 1.6s upd 6.1s
[brain] it 6537 [league 83%] R/ep 11.83 ent 1.96 kl 0.007 | hit/swing 37% dj/min 31.3 blk/min 10.6 abiHit 63 supHit 37 | hunter 6/9 expert 3/3 sovereign 1/2 aerial 2/2 easy 1/1 zoner 1/1 self 2/3 summoner 1/1 | roll 1.5s upd 8.0s
[brain] it 6538 [league 83%] R/ep 8.34 ent 2.07 kl 0.008 | hit/swing 35% dj/min 32.0 blk/min 11.7 abiHit 66 supHit 47 | sov fast 0/1 switcher 2/2 self 1/3 hunter 3/9 expert 1/1 human 1/1 expert x2 2/2 rushdown 1/1 hard 1/1 turtle 0/1 idle 1/1 | roll 2.1s upd 7.8s
[brain] it 6539 [league 82%] R/ep 10.56 ent 2.10 kl 0.008 | hit/swing 46% dj/min 33.3 blk/min 10.2 abiHit 66 supHit 26 | hunter 7/8 self 0/1 sovereign 3/4 counter 1/1 easy 2/2 hard x3 1/3 human 0/1 | roll 1.9s upd 6.6s
[brain] it 6540 [league 83%] R/ep 11.16 ent 1.99 kl 0.009 | hit/swing 44% dj/min 31.4 blk/min 9.6 abiHit 70 supHit 57 | sov fast 1/3 medium 1/1 hunter 10/11 expert 1/1 counter 1/1 self 0/4 hard x3 1/1 sovereign 3/3 | roll 1.8s upd 8.1s
[brain] it 6541 [league 81%] R/ep 10.41 ent 1.92 kl 0.008 | hit/swing 51% dj/min 29.1 blk/min 10.0 abiHit 80 supHit 62 | counter 1/1 medium 1/1 hunter 8/12 sov fast 1/1 summoner 2/2 expert x2 1/1 sovereign 3/6 idle 2/2 human 2/2 expert 1/1 self 1/1 | roll 1.7s upd 7.9s
[brain] it 6542 [league 81%] R/ep 10.03 ent 1.97 kl 0.006 | hit/swing 42% dj/min 31.2 blk/min 8.3 abiHit 63 supHit 58 | hunter 8/9 aerial 1/1 summoner 1/1 self 2/4 sov fast 3/5 medium 1/1 expert 1/1 sovereign 1/1 rushdown 1/1 idle 1/1 | roll 1.9s upd 6.5s
[brain] it 6543 [league 81%] R/ep 12.21 ent 1.97 kl 0.007 | hit/swing 43% dj/min 29.5 blk/min 12.2 abiHit 64 supHit 37 | expert 3/3 hunter 7/9 summoner 3/4 self 1/3 expert x2 1/1 idle 1/1 | roll 1.6s upd 6.4s
[brain] it 6544 [league 78%] R/ep 11.71 ent 2.03 kl 0.008 | hit/swing 54% dj/min 30.1 blk/min 10.4 abiHit 73 supHit 47 | hard x3 1/1 hunter 7/8 summoner 1/1 human 1/1 sovereign 1/4 sov fast 1/2 idle 1/1 aerial 1/1 medium 1/1 | roll 1.9s upd 7.7s
[brain] it 6545 [league 78%] R/ep 11.97 ent 1.92 kl 0.008 | hit/swing 43% dj/min 27.8 blk/min 11.7 abiHit 79 supHit 41 | hunter 6/9 expert 2/2 self 1/3 hard 1/1 medium 2/2 human 1/1 easy 1/1 rushdown 1/1 sov fast 1/1 turtle 1/1 | roll 1.9s upd 6.7s
[brain] it 6546 [league 78%] R/ep 11.85 ent 1.92 kl 0.009 | hit/swing 50% dj/min 29.3 blk/min 11.2 abiHit 92 supHit 50 | self 1/4 hunter 13/14 expert 3/3 medium 2/2 sov fast 2/3 turtle 1/1 zoner 1/1 aerial 1/1 | roll 1.8s upd 7.9s
[brain] it 6547 [league 78%] R/ep 11.48 ent 2.07 kl 0.009 | hit/swing 43% dj/min 30.3 blk/min 8.0 abiHit 67 supHit 54 | sovereign 3/4 hunter 9/11 medium 2/2 sov fast 1/1 hard 2/2 self 2/3 human 1/1 summoner 1/1 expert 2/2 easy 1/1 | roll 2.0s upd 7.1s
[brain] it 6548 [league 77%] R/ep 10.23 ent 2.04 kl 0.009 | hit/swing 39% dj/min 31.9 blk/min 10.5 abiHit 61 supHit 39 | sovereign 2/3 sov fast 0/2 idle 2/2 hunter 10/12 self 2/2 summoner 2/2 human 1/1 zoner 1/1 hard 1/1 | roll 1.8s upd 6.4s
[brain] it 6549 [league 77%] R/ep 12.59 ent 1.90 kl 0.008 | hit/swing 49% dj/min 24.4 blk/min 11.5 abiHit 71 supHit 44 | summoner 4/4 easy 1/1 sovereign 2/2 hunter 8/10 counter 1/1 self 1/2 human 1/1 switcher 1/1 expert 1/1 idle 1/1 | roll 1.5s upd 6.3s
[brain] it 6550 [league 78%] R/ep 11.36 ent 1.97 kl 0.007 | hit/swing 46% dj/min 30.9 blk/min 9.0 abiHit 72 supHit 38 | hunter 9/10 rushdown 1/1 sov fast 4/4 sovereign 1/1 summoner 0/1 turtle 1/1 expert 2/2 self 1/2 | roll 1.5s upd 5.8s
[brain] it 6551 [league 76%] R/ep 10.26 ent 2.03 kl 0.008 | hit/swing 36% dj/min 32.4 blk/min 10.5 abiHit 64 supHit 41 | hunter 9/13 sovereign 1/3 hard 2/2 sov fast 1/2 switcher 1/1 self 0/1 turtle 1/1 summoner 1/1 rushdown 1/1 | roll 1.5s upd 6.3s
[brain] it 6552 [league 75%] R/ep 8.51 ent 2.04 kl 0.010 | hit/swing 48% dj/min 32.0 blk/min 7.3 abiHit 68 supHit 32 | idle 1/1 sovereign 2/4 hunter 6/9 turtle 1/1 hard x3 0/1 sov fast 0/2 easy 1/1 zoner 1/1 hard 1/1 self 1/1 counter 1/1 | roll 1.5s upd 6.1s
[brain] it 6553 [league 75%] R/ep 13.39 ent 1.89 kl 0.007 | hit/swing 52% dj/min 27.0 blk/min 13.0 abiHit 79 supHit 47 | sov fast 3/4 self 0/1 hunter 8/9 hard 3/3 medium 2/2 sovereign 1/1 counter 1/1 easy 1/1 idle 1/1 rushdown 1/2 expert 1/1 summoner 1/1 | roll 1.6s upd 6.7s
[brain] it 6554 [league 74%] R/ep 9.27 ent 1.96 kl 0.006 | hit/swing 44% dj/min 30.4 blk/min 11.2 abiHit 85 supHit 37 | switcher 0/1 expert x2 0/1 hunter 9/13 self 1/2 sov fast 4/4 hard 1/1 sovereign 0/1 medium 1/1 idle 1/1 zoner 1/1 easy 1/1 expert 1/1 | roll 1.5s upd 6.0s
[brain] it 6555 [league 72%] R/ep 10.69 ent 2.01 kl 0.009 | hit/swing 41% dj/min 32.2 blk/min 8.4 abiHit 75 supHit 40 | hunter 6/10 easy 2/2 self 2/2 sovereign 2/4 sov fast 3/5 expert 2/2 summoner 1/1 counter 1/1 | roll 1.6s upd 6.0s
[brain] it 6556 [league 75%] R/ep 10.35 ent 1.93 kl 0.009 | hit/swing 49% dj/min 28.6 blk/min 12.0 abiHit 66 supHit 50 | hunter 7/9 turtle 2/2 sovereign 3/3 hard x3 0/1 self 1/3 summoner 1/1 expert 2/2 aerial 1/1 human 1/1 | roll 1.5s upd 6.2s
[brain] it 6557 [league 75%] R/ep 12.48 ent 1.88 kl 0.007 | hit/swing 54% dj/min 27.5 blk/min 8.8 abiHit 83 supHit 54 | self 4/4 human 1/1 counter 1/1 hunter 6/8 summoner 1/1 easy 1/1 medium 1/1 sovereign 5/5 turtle 2/2 switcher 1/1 | roll 1.5s upd 6.1s
[brain] it 6558 [league 74%] R/ep 12.70 ent 1.87 kl 0.008 | hit/swing 52% dj/min 27.3 blk/min 12.3 abiHit 56 supHit 45 | hunter 11/14 aerial 1/1 expert x2 1/2 switcher 1/1 expert 1/1 self 1/1 hard 1/1 sovereign 0/1 | roll 1.5s upd 5.6s
[brain] it 6559 [league 75%] R/ep 18.06 ent 1.96 kl 0.007 | hit/swing 64% dj/min 28.3 blk/min 12.5 abiHit 58 supHit 45 | expert x2 3/3 sov fast 2/4 sovereign 2/2 hunter 3/5 rushdown 3/3 hard x3 1/1 zoner 1/1 self 2/2 | roll 1.4s upd 5.6s
[brain] it 6560 [league 74%] R/ep 10.78 ent 2.04 kl 0.007 | hit/swing 52% dj/min 29.4 blk/min 8.0 abiHit 56 supHit 31 | hunter 6/8 easy 1/1 medium 3/3 sov fast 3/3 self 1/2 hard x3 2/2 hard 1/1 sovereign 0/1 | roll 1.5s upd 6.2s
[brain] it 6561 [league 74%] R/ep 12.72 ent 1.87 kl 0.008 | hit/swing 47% dj/min 26.6 blk/min 10.4 abiHit 89 supHit 50 | hunter 9/12 sov fast 2/2 expert 1/1 turtle 1/1 easy 2/2 medium 2/2 self 1/2 summoner 2/2 sovereign 2/2 expert x2 1/1 human 1/1 | roll 1.5s upd 6.4s
[brain] it 6562 [league 73%] R/ep 11.95 ent 1.87 kl 0.009 | hit/swing 51% dj/min 29.6 blk/min 10.4 abiHit 62 supHit 61 | hunter 7/10 expert 2/2 human 1/1 idle 2/2 sovereign 0/2 easy 1/1 turtle 1/1 sov fast 3/5 self 1/1 hard x3 1/1 rushdown 1/1 counter 1/1 | roll 1.5s upd 6.2s
[brain] it 6563 [league 73%] R/ep 12.04 ent 2.03 kl 0.007 | hit/swing 45% dj/min 33.1 blk/min 11.4 abiHit 64 supHit 38 | sovereign 3/3 hunter 10/12 self 1/3 sov fast 1/2 human 1/2 easy 1/1 expert 1/1 rushdown 1/1 switcher 1/1 | roll 1.6s upd 6.2s
[brain] it 6564 [league 73%] R/ep 8.72 ent 1.98 kl 0.007 | hit/swing 41% dj/min 32.9 blk/min 13.1 abiHit 70 supHit 27 | self 1/3 hunter 5/10 sov fast 0/2 expert 2/2 zoner 1/1 aerial 1/1 hard x3 0/1 | roll 1.6s upd 6.4s
[brain] it 6565 [league 73%] R/ep 8.85 ent 1.99 kl 0.008 | hit/swing 36% dj/min 32.4 blk/min 9.2 abiHit 58 supHit 40 | sovereign 0/1 summoner 1/1 hunter 6/9 self 3/4 counter 1/1 sov fast 3/3 expert 1/1 | roll 1.5s upd 6.1s
[brain] it 6566 [league 73%] R/ep 12.78 ent 1.98 kl 0.009 | hit/swing 48% dj/min 29.7 blk/min 9.7 abiHit 71 supHit 52 | hunter 8/11 sovereign 4/4 idle 1/1 rushdown 1/1 turtle 1/1 hard x3 1/1 human 1/1 medium 1/1 sov fast 1/2 aerial 1/1 | roll 1.5s upd 6.1s
[brain] it 6567 [league 72%] R/ep 11.04 ent 1.96 kl 0.009 | hit/swing 58% dj/min 29.7 blk/min 11.0 abiHit 75 supHit 32 | hunter 11/14 self 1/3 sov fast 1/1 hard 2/2 expert 2/2 summoner 1/1 zoner 1/1 hard x3 1/1 counter 1/1 sovereign 0/1 | roll 1.5s upd 6.1s
[brain] it 6568 [league 74%] R/ep 13.23 ent 1.95 kl 0.008 | hit/swing 53% dj/min 29.4 blk/min 9.5 abiHit 89 supHit 49 | easy 1/1 medium 1/1 self 4/4 sovereign 4/4 hunter 7/9 expert 1/1 human 1/1 sov fast 0/1 hard 1/1 rushdown 0/1 expert x2 1/1 switcher 1/1 | roll 1.5s upd 6.4s
[brain] it 6569 [league 75%] R/ep 10.68 ent 1.97 kl 0.008 | hit/swing 45% dj/min 30.7 blk/min 9.4 abiHit 84 supHit 47 | zoner 2/2 hunter 5/11 sov fast 2/3 self 1/3 hard 1/1 hard x3 1/1 idle 1/1 expert x2 1/1 sovereign 3/4 easy 1/1 | roll 1.8s upd 8.3s
[brain] it 6570 [league 74%] R/ep 7.98 ent 2.10 kl 0.007 | hit/swing 43% dj/min 33.1 blk/min 9.9 abiHit 50 supHit 38 | easy 1/1 sovereign 2/3 self 2/4 hunter 6/10 sov fast 1/2 idle 1/1 switcher 1/1 expert x2 1/1 | roll 1.8s upd 6.6s
[brain] it 6571 [league 73%] R/ep 11.02 ent 2.19 kl 0.009 | hit/swing 44% dj/min 36.3 blk/min 8.0 abiHit 46 supHit 29 | hunter 7/8 sov fast 4/5 sovereign 3/5 aerial 1/1 zoner 2/2 self 0/2 rushdown 1/1 | roll 1.6s upd 7.5s
[brain] it 6572 [league 71%] R/ep 13.06 ent 1.96 kl 0.011 | hit/swing 52% dj/min 28.4 blk/min 11.0 abiHit 74 supHit 62 | hunter 7/11 hard x3 3/3 sovereign 3/5 expert 2/2 sov fast 2/3 self 1/1 counter 1/1 human 1/1 easy 1/1 | roll 1.8s upd 6.8s
[brain] it 6573 [league 71%] R/ep 9.51 ent 1.86 kl 0.007 | hit/swing 47% dj/min 27.2 blk/min 11.9 abiHit 61 supHit 47 | hunter 8/12 self 2/5 hard 1/1 turtle 1/1 sov fast 3/4 easy 1/1 idle 1/1 human 1/1 sovereign 2/2 zoner 1/1 | roll 1.7s upd 6.6s
[brain] it 6574 [league 71%] R/ep 8.51 ent 1.94 kl 0.009 | hit/swing 49% dj/min 30.5 blk/min 11.0 abiHit 63 supHit 32 | sov fast 3/4 hunter 6/11 self 2/4 zoner 1/1 expert x2 1/1 summoner 1/1 idle 1/1 switcher 0/1 easy 1/1 aerial 1/1 | roll 1.8s upd 6.9s
[brain] it 6575 [league 70%] R/ep 11.71 ent 1.86 kl 0.007 | hit/swing 55% dj/min 24.4 blk/min 11.3 abiHit 106 supHit 51 | hunter 4/10 expert 3/3 switcher 1/2 medium 1/1 sov fast 3/3 human 1/1 sovereign 3/4 idle 2/2 hard x3 1/1 summoner 1/1 | roll 1.6s upd 6.2s
[brain] it 6576 [league 70%] R/ep 11.48 ent 2.00 kl 0.008 | hit/swing 35% dj/min 31.9 blk/min 10.5 abiHit 79 supHit 31 | sovereign 3/3 summoner 1/1 hunter 3/7 expert 1/1 self 1/2 switcher 2/2 sov fast 1/1 expert x2 2/2 idle 1/1 hard 1/1 human 0/1 | roll 1.4s upd 7.4s
[brain] it 6577 [league 70%] R/ep 13.64 ent 2.10 kl 0.008 | hit/swing 42% dj/min 32.9 blk/min 8.7 abiHit 70 supHit 40 | hunter 4/7 self 1/1 sov fast 1/3 turtle 2/2 zoner 1/1 hard 1/1 easy 1/1 expert x2 1/1 summoner 1/1 hard x3 1/1 counter 1/1 sovereign 1/1 rushdown 1/1 | roll 1.7s upd 6.9s
[brain] it 6578 [league 70%] R/ep 10.60 ent 1.89 kl 0.007 | hit/swing 56% dj/min 30.9 blk/min 11.6 abiHit 83 supHit 51 | sovereign 2/3 hunter 10/13 self 3/6 expert 1/1 easy 1/1 medium 1/1 aerial 1/1 sov fast 2/2 summoner 1/1 hard 1/1 | roll 1.8s upd 6.4s
[brain] it 6579 [league 70%] R/ep 16.00 ent 1.96 kl 0.008 | hit/swing 55% dj/min 28.6 blk/min 10.5 abiHit 84 supHit 46 | hunter 9/11 expert x2 1/1 summoner 1/1 expert 2/2 hard x3 1/1 sov fast 1/2 self 1/1 medium 1/1 counter 2/2 turtle 1/1 human 1/1 | roll 1.5s upd 6.3s
[brain] it 6580 [league 70%] R/ep 15.20 ent 1.92 kl 0.009 | hit/swing 50% dj/min 32.0 blk/min 12.1 abiHit 69 supHit 49 | sov fast 2/3 hard 2/2 hunter 11/13 expert 2/2 easy 1/1 counter 1/1 aerial 1/1 expert x2 1/1 | roll 1.5s upd 6.3s
[brain] it 6581 [league 69%] R/ep 9.62 ent 1.97 kl 0.008 | hit/swing 44% dj/min 30.0 blk/min 10.0 abiHit 72 supHit 40 | hunter 6/11 medium 1/1 zoner 1/1 expert x2 1/1 sov fast 3/3 turtle 2/2 self 1/2 sovereign 2/4 | roll 1.7s upd 6.7s
[brain] it 6582 [league 69%] R/ep 13.30 ent 1.97 kl 0.007 | hit/swing 54% dj/min 29.7 blk/min 9.7 abiHit 93 supHit 36 | sovereign 3/4 self 2/3 idle 1/1 easy 2/2 hunter 5/6 zoner 1/1 hard 1/1 human 0/1 sov fast 1/2 expert x2 1/1 hard x3 1/1 expert 1/1 medium 1/1 switcher 1/1 | roll 1.6s upd 6.5s
[brain] it 6583 [league 71%] R/ep 12.56 ent 1.96 kl 0.008 | hit/swing 67% dj/min 30.2 blk/min 12.9 abiHit 82 supHit 50 | hunter 9/11 rushdown 1/1 sovereign 4/4 self 2/3 expert x2 1/1 hard x3 1/1 turtle 1/1 expert 1/1 sov fast 0/1 summoner 1/1 aerial 0/1 | roll 1.6s upd 6.5s
[brain] it 6584 [league 70%] R/ep 14.22 ent 1.92 kl 0.009 | hit/swing 64% dj/min 27.9 blk/min 13.2 abiHit 89 supHit 54 | self 2/3 hunter 7/10 switcher 1/1 sovereign 1/2 summoner 1/1 hard x3 1/3 medium 2/2 sov fast 3/3 easy 1/1 expert 1/1 turtle 1/1 | roll 1.8s upd 6.8s
[brain] it 6585 [league 73%] R/ep 11.14 ent 1.95 kl 0.009 | hit/swing 54% dj/min 30.7 blk/min 10.5 abiHit 69 supHit 60 | hunter 5/10 hard 2/2 easy 3/3 sov fast 1/3 rushdown 1/1 sovereign 4/4 expert x2 1/1 expert 1/1 switcher 1/1 self 0/1 turtle 1/1 | roll 1.5s upd 6.2s
[brain] it 6586 [league 71%] R/ep 7.51 ent 1.97 kl 0.009 | hit/swing 61% dj/min 27.8 blk/min 10.8 abiHit 75 supHit 44 | hunter 4/8 hard x3 1/1 sovereign 0/3 rushdown 0/1 counter 2/2 expert x2 1/1 aerial 0/1 self 1/2 sov fast 4/4 medium 1/1 summoner 1/1 | roll 1.6s upd 6.9s
[brain] it 6587 [league 70%] R/ep 10.49 ent 2.03 kl 0.007 | hit/swing 46% dj/min 29.5 blk/min 8.4 abiHit 87 supHit 48 | sovereign 1/2 sov fast 4/4 switcher 1/1 hunter 5/6 counter 1/1 self 2/4 rushdown 1/1 easy 2/2 summoner 1/2 aerial 0/1 hard 2/2 | roll 1.6s upd 6.4s
[brain] it 6588 [league 70%] R/ep 10.83 ent 1.97 kl 0.007 | hit/swing 57% dj/min 28.0 blk/min 11.3 abiHit 67 supHit 42 | hunter 9/11 expert 2/2 sov fast 0/2 counter 1/1 self 1/2 aerial 1/1 easy 1/1 expert x2 1/1 turtle 1/1 | roll 1.5s upd 7.3s
[brain] it 6589 [league 71%] R/ep 6.76 ent 2.01 kl 0.009 | hit/swing 42% dj/min 30.8 blk/min 8.1 abiHit 71 supHit 41 | aerial 0/1 switcher 1/1 hunter 5/10 counter 0/1 sovereign 3/3 idle 1/1 sov fast 6/7 expert 1/1 self 0/2 | roll 2.0s upd 7.3s
[brain] it 6590 [league 70%] R/ep 8.53 ent 1.99 kl 0.007 | hit/swing 54% dj/min 31.7 blk/min 8.9 abiHit 63 supHit 37 | self 3/5 hunter 7/12 idle 2/2 turtle 1/1 sov fast 2/2 expert 1/1 sovereign 1/2 human 1/1 | roll 2.2s upd 7.0s
[brain] it 6591 [league 70%] R/ep 12.20 ent 1.90 kl 0.010 | hit/swing 62% dj/min 30.7 blk/min 13.7 abiHit 90 supHit 46 | hunter 9/13 sov fast 4/4 self 1/2 switcher 1/1 idle 2/2 rushdown 1/1 hard x3 0/1 zoner 1/1 | roll 1.7s upd 6.4s
[brain] it 6592 [league 72%] R/ep 12.02 ent 1.94 kl 0.008 | hit/swing 50% dj/min 27.8 blk/min 10.8 abiHit 83 supHit 40 | hard x3 0/1 counter 1/1 self 4/5 hunter 3/6 expert 2/2 sov fast 3/3 idle 3/3 sovereign 3/3 hard 1/1 switcher 1/1 zoner 1/1 summoner 1/1 | roll 2.0s upd 6.6s
[brain] it 6593 [league 72%] R/ep 8.74 ent 1.95 kl 0.008 | hit/swing 44% dj/min 32.5 blk/min 11.9 abiHit 72 supHit 42 | sov fast 3/3 hunter 8/12 hard x3 0/1 medium 2/2 expert 1/1 sovereign 1/2 zoner 1/1 self 0/1 rushdown 0/1 | roll 1.6s upd 6.7s
[brain] it 6594 [league 73%] R/ep 9.41 ent 2.02 kl 0.009 | hit/swing 48% dj/min 32.2 blk/min 11.0 abiHit 84 supHit 37 | hunter 8/11 self 1/3 sov fast 1/2 sovereign 3/3 easy 1/1 turtle 1/1 aerial 1/1 | roll 1.8s upd 6.4s
[brain] it 6595 [league 73%] R/ep 12.16 ent 1.91 kl 0.007 | hit/swing 59% dj/min 27.3 blk/min 12.1 abiHit 83 supHit 47 | human 2/2 sov fast 2/3 turtle 1/1 hunter 8/11 summoner 2/2 easy 1/1 self 1/2 rushdown 1/1 hard 1/1 expert 1/1 | roll 1.7s upd 7.0s
[brain] it 6596 [league 73%] R/ep 10.38 ent 1.91 kl 0.010 | hit/swing 48% dj/min 30.3 blk/min 11.3 abiHit 59 supHit 37 | hunter 11/15 counter 1/1 medium 2/2 self 0/2 expert 1/1 hard 2/2 sov fast 0/2 | roll 1.8s upd 6.3s
[brain] it 6597 [league 76%] R/ep 11.95 ent 1.89 kl 0.008 | hit/swing 56% dj/min 26.2 blk/min 14.4 abiHit 67 supHit 54 | switcher 2/2 hunter 7/12 easy 1/1 sov fast 3/3 zoner 2/2 self 1/1 human 1/1 sovereign 4/4 hard 1/1 expert 1/1 medium 1/1 | roll 1.6s upd 6.3s
[brain] it 6598 [league 76%] R/ep 9.19 ent 1.96 kl 0.008 | hit/swing 56% dj/min 30.0 blk/min 10.6 abiHit 74 supHit 44 | self 2/3 turtle 0/1 sov fast 3/4 hunter 9/12 sovereign 3/3 counter 1/1 | roll 1.7s upd 6.3s
[brain] it 6599 [league 76%] R/ep 13.34 ent 2.03 kl 0.010 | hit/swing 62% dj/min 30.4 blk/min 12.3 abiHit 94 supHit 52 | hard x3 3/4 hunter 2/6 sov fast 2/4 self 1/2 expert x2 1/1 rushdown 1/1 sovereign 2/2 switcher 2/2 | roll 1.6s upd 7.8s
[brain] it 6600 [league 76%] R/ep 9.73 ent 1.98 kl 0.006 | hit/swing 42% dj/min 31.3 blk/min 9.0 abiHit 56 supHit 31 | switcher 1/1 self 1/3 hunter 4/8 sov fast 1/1 hard 1/1 sovereign 2/2 human 1/1 summoner 1/1 idle 1/1 | roll 1.7s upd 5.8s
[brain] it 6601 [league 76%] R/ep 6.36 ent 2.02 kl 0.006 | hit/swing 54% dj/min 31.4 blk/min 8.5 abiHit 34 supHit 33 | expert 2/2 sov fast 3/4 self 2/4 hunter 2/6 idle 2/2 | roll 5.4s upd 5.6s
[brain] it 6602 [league 75%] R/ep 6.21 ent 1.98 kl 0.007 | hit/swing 46% dj/min 29.1 blk/min 13.2 abiHit 36 supHit 17 | human 0/1 zoner 1/1 hunter 2/5 self 1/3 sov fast 0/1 expert x2 1/1 easy 1/1 sovereign 0/1 | roll 5.0s upd 6.8s
[brain] it 6603 [league 75%] R/ep 7.15 ent 1.97 kl 0.007 | hit/swing 35% dj/min 30.2 blk/min 13.9 abiHit 40 supHit 21 | expert 2/2 hunter 3/8 self 1/4 easy 1/1 sovereign 1/1 | roll 5.7s upd 8.9s
[brain] it 6604 [league 75%] R/ep 10.51 ent 1.92 kl 0.008 | hit/swing 43% dj/min 29.5 blk/min 10.9 abiHit 59 supHit 45 | summoner 1/1 turtle 2/2 hunter 9/12 self 2/3 sov fast 2/2 expert 2/2 switcher 1/1 | roll 2.3s upd 12.8s
[brain] it 6605 [league 75%] R/ep 9.16 ent 1.98 kl 0.007 | hit/swing 52% dj/min 31.0 blk/min 9.7 abiHit 51 supHit 38 | hunter 7/8 hard x3 1/1 self 0/2 expert 1/1 sov fast 5/6 summoner 1/1 sovereign 1/2 switcher 0/1 medium 1/1 | roll 2.1s upd 11.7s
[brain] it 6606 [league 75%] R/ep 11.44 ent 1.91 kl 0.009 | hit/swing 52% dj/min 28.7 blk/min 11.2 abiHit 80 supHit 60 | sov fast 5/5 hunter 9/13 hard 1/1 medium 2/2 self 0/1 aerial 1/1 expert x2 1/1 sovereign 3/4 human 2/2 | roll 2.4s upd 12.8s
[brain] it 6607 [league 76%] R/ep 8.25 ent 2.03 kl 0.009 | hit/swing 36% dj/min 32.2 blk/min 12.1 abiHit 67 supHit 23 | sovereign 1/1 hunter 11/18 sov fast 2/3 expert 1/1 | roll 2.6s upd 13.0s
[brain] it 6608 [league 77%] R/ep 12.53 ent 1.98 kl 0.008 | hit/swing 52% dj/min 30.0 blk/min 11.7 abiHit 64 supHit 49 | hunter 7/9 hard 2/2 expert 6/6 sovereign 3/3 sov fast 2/3 easy 2/2 self 0/1 counter 1/1 summoner 1/1 human 1/1 | roll 2.2s upd 12.2s
[brain] it 6609 [league 77%] R/ep 12.40 ent 2.03 kl 0.008 | hit/swing 44% dj/min 32.9 blk/min 7.8 abiHit 81 supHit 37 | hunter 7/7 expert 2/2 rushdown 1/1 human 1/1 sovereign 1/2 self 1/2 medium 1/1 expert x2 1/1 idle 1/1 hard x3 0/1 zoner 1/1 sov fast 2/2 switcher 0/1 | roll 2.1s upd 12.9s
[brain] it 6610 [league 77%] R/ep 7.06 ent 2.16 kl 0.007 | hit/swing 37% dj/min 34.1 blk/min 9.0 abiHit 48 supHit 23 | hunter 5/12 sov fast 2/4 idle 1/1 easy 1/1 self 0/1 sovereign 2/2 human 0/1 switcher 1/1 zoner 1/1 | roll 2.5s upd 11.5s
[brain] it 6611 [league 77%] R/ep 10.12 ent 1.95 kl 0.008 | hit/swing 42% dj/min 30.3 blk/min 9.3 abiHit 81 supHit 43 | self 2/4 hunter 10/14 sovereign 1/1 turtle 2/2 summoner 1/1 expert 2/2 counter 1/1 aerial 1/1 medium 1/1 sov fast 1/1 | roll 2.2s upd 10.2s
[brain] it 6612 [league 78%] R/ep 10.56 ent 1.95 kl 0.007 | hit/swing 46% dj/min 26.7 blk/min 8.7 abiHit 89 supHit 33 | hunter 7/10 sov fast 3/5 idle 2/2 expert 1/1 medium 1/1 hard 1/1 switcher 2/2 sovereign 3/3 rushdown 1/1 self 0/1 summoner 1/1 | roll 2.1s upd 10.8s
[brain] it 6613 [league 78%] R/ep 11.48 ent 1.93 kl 0.008 | hit/swing 53% dj/min 27.6 blk/min 12.9 abiHit 104 supHit 49 | hunter 7/9 summoner 3/3 sovereign 3/3 self 0/3 rushdown 1/2 sov fast 0/1 human 1/1 expert 1/1 switcher 1/1 easy 1/1 | roll 2.2s upd 8.9s
[brain] it 6614 [league 77%] R/ep 10.37 ent 1.90 kl 0.007 | hit/swing 51% dj/min 25.8 blk/min 10.4 abiHit 72 supHit 47 | switcher 2/3 hunter 5/9 sovereign 1/2 hard x3 1/1 self 1/3 idle 2/2 summoner 1/1 rushdown 1/1 sov fast 1/1 easy 1/1 | roll 2.1s upd 7.6s
[brain] it 6615 [league 77%] R/ep 12.52 ent 1.93 kl 0.009 | hit/swing 62% dj/min 30.2 blk/min 10.8 abiHit 65 supHit 35 | medium 1/1 hunter 7/8 sovereign 1/2 easy 1/1 self 3/3 human 1/1 summoner 1/1 sov fast 0/1 rushdown 1/1 | roll 2.1s upd 7.6s
[brain] it 6616 [league 78%] R/ep 8.76 ent 2.00 kl 0.009 | hit/swing 46% dj/min 30.1 blk/min 10.2 abiHit 48 supHit 35 | hunter 6/9 sov fast 2/2 human 2/2 sovereign 4/5 summoner 1/1 self 0/1 switcher 0/1 expert 1/1 | roll 1.8s upd 6.7s
[brain] it 6617 [league 78%] R/ep 8.97 ent 1.99 kl 0.006 | hit/swing 41% dj/min 31.6 blk/min 9.7 abiHit 90 supHit 50 | summoner 3/3 hunter 7/11 sovereign 2/2 self 1/3 idle 1/1 expert 1/1 turtle 1/1 human 2/2 sov fast 1/2 hard x3 0/1 | roll 1.9s upd 7.3s
[brain] it 6618 [league 78%] R/ep 8.49 ent 1.98 kl 0.008 | hit/swing 57% dj/min 28.8 blk/min 10.5 abiHit 77 supHit 49 | sovereign 2/4 hunter 6/10 sov fast 2/4 counter 1/1 summoner 1/1 expert 3/3 human 1/1 aerial 1/1 self 0/1 rushdown 0/1 expert x2 1/1 | roll 1.9s upd 7.3s
[brain] it 6619 [league 78%] R/ep 12.19 ent 1.99 kl 0.009 | hit/swing 46% dj/min 32.4 blk/min 8.9 abiHit 79 supHit 32 | hunter 12/13 expert 4/4 sov fast 3/4 sovereign 1/1 switcher 0/1 expert x2 1/1 zoner 2/2 self 0/1 | roll 1.9s upd 7.1s
[brain] it 6620 [league 78%] R/ep 11.25 ent 1.96 kl 0.009 | hit/swing 46% dj/min 32.9 blk/min 9.1 abiHit 66 supHit 48 | hunter 7/9 expert 1/1 self 3/3 sov fast 3/4 hard 1/1 rushdown 0/1 switcher 1/1 medium 1/1 idle 1/1 counter 0/1 summoner 1/1 | roll 1.7s upd 6.6s
[brain] it 6621 [league 79%] R/ep 11.81 ent 1.97 kl 0.007 | hit/swing 48% dj/min 29.5 blk/min 11.1 abiHit 75 supHit 48 | summoner 1/1 hunter 6/8 sov fast 2/3 self 1/2 sovereign 3/3 human 1/1 idle 1/1 counter 1/1 switcher 1/1 | roll 1.8s upd 6.8s
[brain] it 6622 [league 80%] R/ep 11.87 ent 1.88 kl 0.007 | hit/swing 47% dj/min 29.7 blk/min 11.9 abiHit 99 supHit 54 | self 3/4 hunter 8/13 human 2/2 sovereign 3/3 aerial 1/1 sov fast 1/1 rushdown 1/1 zoner 1/1 switcher 1/1 summoner 1/1 expert 1/1 | roll 1.7s upd 6.5s
[brain] it 6623 [league 79%] R/ep 9.90 ent 1.95 kl 0.007 | hit/swing 41% dj/min 31.3 blk/min 10.8 abiHit 82 supHit 41 | hunter 7/10 medium 1/1 hard 1/1 expert x2 1/1 sovereign 2/3 sov fast 1/2 self 1/3 rushdown 1/1 | roll 1.8s upd 7.0s
[brain] it 6624 [league 80%] R/ep 12.91 ent 2.00 kl 0.010 | hit/swing 53% dj/min 30.6 blk/min 12.4 abiHit 95 supHit 58 | hunter 4/11 hard x3 1/2 sov fast 0/1 medium 2/2 sovereign 4/4 expert 3/3 zoner 1/1 summoner 1/1 human 1/1 expert x2 1/1 | roll 1.8s upd 7.0s
[brain] it 6625 [league 81%] R/ep 11.64 ent 1.95 kl 0.008 | hit/swing 56% dj/min 30.5 blk/min 10.5 abiHit 73 supHit 54 | hunter 8/11 expert 2/2 self 0/2 easy 2/2 sov fast 1/2 sovereign 3/4 human 2/2 zoner 2/2 switcher 1/1 | roll 1.7s upd 7.1s
[brain] it 6626 [league 80%] R/ep 12.05 ent 1.94 kl 0.007 | hit/swing 57% dj/min 30.7 blk/min 9.1 abiHit 80 supHit 44 | human 1/1 hunter 4/7 self 0/3 hard 1/1 sovereign 2/3 switcher 1/1 hard x3 1/1 sov fast 3/4 expert x2 1/1 idle 1/1 counter 1/1 | roll 1.7s upd 6.5s
[brain] it 6627 [league 80%] R/ep 12.00 ent 1.95 kl 0.007 | hit/swing 46% dj/min 31.0 blk/min 9.8 abiHit 76 supHit 56 | sovereign 3/4 sov fast 4/4 hunter 10/12 self 1/2 medium 1/1 expert 2/2 hard x3 1/1 human 0/1 | roll 1.9s upd 6.9s
[brain] it 6628 [league 79%] R/ep 6.98 ent 2.08 kl 0.008 | hit/swing 52% dj/min 33.9 blk/min 9.1 abiHit 61 supHit 30 | sovereign 2/4 sov fast 3/3 hunter 5/9 expert 2/2 human 0/1 turtle 1/1 medium 1/1 self 0/1 hard 1/1 | roll 2.1s upd 8.1s
[brain] it 6629 [league 78%] R/ep 9.61 ent 2.05 kl 0.008 | hit/swing 44% dj/min 32.2 blk/min 11.5 abiHit 56 supHit 38 | medium 1/1 hard 1/1 hunter 9/14 sov fast 2/2 self 0/1 sovereign 0/1 | roll 1.9s upd 6.8s
[brain] it 6630 [league 79%] R/ep 12.42 ent 1.98 kl 0.008 | hit/swing 48% dj/min 31.7 blk/min 10.4 abiHit 75 supHit 45 | self 0/1 hunter 7/7 sovereign 4/4 hard 2/2 turtle 1/1 sov fast 4/7 zoner 2/2 aerial 1/1 human 0/1 expert 1/1 | roll 1.9s upd 7.0s
[brain] it 6631 [league 79%] R/ep 9.42 ent 2.06 kl 0.010 | hit/swing 47% dj/min 33.2 blk/min 10.7 abiHit 69 supHit 48 | turtle 1/1 hunter 7/12 self 0/1 sov fast 6/6 expert x2 1/1 summoner 1/1 medium 1/1 | roll 1.7s upd 6.1s
[brain] it 6632 [league 81%] R/ep 10.10 ent 2.06 kl 0.009 | hit/swing 42% dj/min 32.3 blk/min 11.3 abiHit 82 supHit 39 | hunter 7/11 sov fast 1/1 sovereign 3/4 self 0/3 summoner 2/2 medium 1/1 easy 1/1 expert 1/1 hard 1/1 turtle 1/1 | roll 1.8s upd 7.1s
[brain] it 6633 [league 81%] R/ep 11.17 ent 1.88 kl 0.008 | hit/swing 45% dj/min 29.1 blk/min 8.0 abiHit 79 supHit 43 | self 1/3 sov fast 2/3 expert 1/1 sovereign 2/2 hunter 10/11 turtle 1/1 idle 1/1 summoner 0/1 easy 1/1 | roll 1.6s upd 7.2s
[brain] it 6634 [league 82%] R/ep 8.36 ent 1.98 kl 0.009 | hit/swing 37% dj/min 32.8 blk/min 11.7 abiHit 75 supHit 35 | hunter 3/11 idle 1/1 self 1/2 sovereign 3/3 medium 1/1 hard x3 1/1 | roll 1.8s upd 6.3s
[brain] it 6635 [league 82%] R/ep 11.84 ent 1.91 kl 0.007 | hit/swing 37% dj/min 25.9 blk/min 13.7 abiHit 62 supHit 39 | sovereign 3/3 hunter 5/9 hard 1/1 expert x2 2/2 medium 1/1 rushdown 1/1 counter 1/1 sov fast 1/2 expert 1/1 easy 1/1 | roll 1.7s upd 6.4s
[brain] it 6636 [league 82%] R/ep 13.41 ent 1.95 kl 0.008 | hit/swing 37% dj/min 27.9 blk/min 9.1 abiHit 88 supHit 47 | idle 2/2 hunter 5/9 human 2/2 sov fast 2/2 zoner 2/2 summoner 2/2 easy 1/1 self 3/3 expert 1/1 medium 1/1 aerial 1/1 sovereign 1/1 hard x3 1/1 | roll 1.6s upd 6.2s
[brain] it 6637 [league 82%] R/ep 12.97 ent 1.91 kl 0.009 | hit/swing 48% dj/min 26.2 blk/min 12.6 abiHit 79 supHit 48 | summoner 1/1 sovereign 0/1 hunter 8/13 medium 1/1 turtle 0/1 easy 2/2 zoner 2/2 sov fast 1/1 idle 1/1 expert 1/1 hard x3 1/2 expert x2 1/1 | roll 1.5s upd 6.2s
[brain] it 6638 [league 82%] R/ep 6.44 ent 1.99 kl 0.007 | hit/swing 48% dj/min 27.3 blk/min 11.0 abiHit 61 supHit 30 | hunter 5/12 self 1/2 sov fast 3/4 idle 1/1 turtle 1/1 human 1/1 | roll 1.7s upd 6.3s
[brain] it 6639 [league 82%] R/ep 12.34 ent 1.89 kl 0.009 | hit/swing 56% dj/min 26.2 blk/min 11.4 abiHit 88 supHit 54 | turtle 1/1 expert x2 2/2 sovereign 4/4 medium 1/1 hunter 7/9 counter 2/2 self 1/4 zoner 1/1 sov fast 1/2 easy 1/1 hard 1/1 | roll 1.6s upd 6.2s
[brain] it 6640 [league 81%] R/ep 11.62 ent 1.92 kl 0.010 | hit/swing 52% dj/min 29.5 blk/min 9.3 abiHit 59 supHit 38 | self 0/4 sovereign 4/5 hunter 6/6 idle 2/2 sov fast 2/2 medium 1/1 turtle 1/1 hard x3 1/1 | roll 1.5s upd 6.2s
[brain] it 6641 [league 81%] R/ep 7.84 ent 2.00 kl 0.011 | hit/swing 39% dj/min 31.5 blk/min 10.3 abiHit 70 supHit 28 | summoner 3/3 expert 1/1 hunter 6/13 sov fast 1/1 hard x3 0/1 sovereign 1/1 easy 1/1 self 0/2 medium 2/2 | roll 1.6s upd 6.1s
[brain] it 6642 [league 80%] R/ep 10.98 ent 1.85 kl 0.007 | hit/swing 60% dj/min 25.4 blk/min 13.0 abiHit 83 supHit 54 | hunter 4/9 sov fast 1/2 hard x3 0/1 sovereign 4/6 zoner 2/2 medium 2/2 expert 1/1 expert x2 1/1 switcher 1/1 rushdown 1/1 idle 2/2 hard 1/1 | roll 1.5s upd 6.5s
[brain] it 6643 [league 80%] R/ep 8.88 ent 1.97 kl 0.007 | hit/swing 47% dj/min 30.7 blk/min 12.7 abiHit 69 supHit 50 | expert 2/2 medium 1/1 hunter 3/11 self 0/2 hard x3 1/2 sov fast 2/3 human 1/1 easy 1/1 rushdown 1/1 aerial 1/1 | roll 1.5s upd 6.2s
[brain] it 6644 [league 81%] R/ep 10.41 ent 1.93 kl 0.009 | hit/swing 48% dj/min 30.8 blk/min 11.8 abiHit 60 supHit 28 | zoner 1/1 hunter 8/13 expert 2/2 sovereign 2/2 sov fast 0/1 medium 1/1 switcher 1/1 turtle 1/1 | roll 1.6s upd 6.2s
[brain] it 6645 [league 81%] R/ep 12.93 ent 1.88 kl 0.008 | hit/swing 53% dj/min 28.1 blk/min 10.0 abiHit 80 supHit 44 | rushdown 1/1 hunter 9/12 zoner 1/1 sov fast 2/3 medium 2/2 sovereign 1/1 idle 2/2 human 1/1 hard 2/2 expert 1/1 self 1/1 | roll 1.5s upd 6.3s
[brain] it 6646 [league 82%] R/ep 11.56 ent 1.84 kl 0.008 | hit/swing 43% dj/min 27.3 blk/min 9.3 abiHit 90 supHit 47 | hunter 9/11 expert 2/2 self 2/3 summoner 3/3 sovereign 2/2 idle 1/1 counter 1/1 easy 1/1 sov fast 2/3 medium 1/1 | roll 1.6s upd 6.8s
[brain] it 6647 [league 81%] R/ep 10.67 ent 1.90 kl 0.007 | hit/swing 44% dj/min 30.0 blk/min 10.9 abiHit 88 supHit 42 | sovereign 2/3 hunter 3/7 sov fast 2/2 self 1/2 expert 2/2 zoner 1/1 hard 1/1 summoner 1/1 rushdown 1/1 expert x2 1/2 switcher 1/1 idle 1/1 | roll 1.6s upd 6.2s
[brain] it 6648 [league 81%] R/ep 13.85 ent 1.87 kl 0.007 | hit/swing 48% dj/min 28.6 blk/min 12.3 abiHit 97 supHit 53 | human 2/2 expert x2 1/1 summoner 1/1 aerial 1/1 hunter 7/8 sovereign 3/3 self 1/5 rushdown 2/2 expert 2/2 sov fast 1/1 medium 1/1 | roll 1.7s upd 6.8s
[brain] it 6649 [league 82%] R/ep 13.67 ent 1.86 kl 0.009 | hit/swing 48% dj/min 27.8 blk/min 14.1 abiHit 88 supHit 41 | hunter 9/13 switcher 1/1 counter 1/1 sovereign 2/2 hard 1/1 self 1/1 expert 1/1 hard x3 1/1 sov fast 1/1 summoner 1/1 | roll 1.6s upd 6.4s
[brain] it 6650 [league 82%] R/ep 13.39 ent 1.84 kl 0.008 | hit/swing 64% dj/min 27.4 blk/min 13.5 abiHit 87 supHit 50 | hard x3 2/2 hunter 11/16 switcher 1/1 self 0/1 medium 3/3 sov fast 1/1 easy 1/1 summoner 1/1 | roll 1.6s upd 6.4s
[brain] it 6651 [league 82%] R/ep 13.66 ent 1.88 kl 0.008 | hit/swing 56% dj/min 30.7 blk/min 14.9 abiHit 81 supHit 43 | hunter 11/15 expert x2 2/2 sovereign 2/2 sov fast 2/2 aerial 1/1 self 1/1 expert 1/1 | roll 1.8s upd 6.4s
[brain] it 6652 [league 80%] R/ep 8.51 ent 2.08 kl 0.007 | hit/swing 36% dj/min 36.9 blk/min 8.5 abiHit 75 supHit 29 | hunter 5/8 sov fast 2/3 expert 2/2 sovereign 2/4 easy 1/1 aerial 1/1 self 1/1 | roll 1.6s upd 6.4s
[brain] it 6653 [league 80%] R/ep 10.80 ent 1.99 kl 0.008 | hit/swing 41% dj/min 31.5 blk/min 10.3 abiHit 70 supHit 31 | sov fast 3/3 hunter 8/10 self 0/2 expert 2/2 aerial 1/1 easy 2/2 counter 2/2 sovereign 1/1 turtle 1/1 rushdown 1/1 | roll 1.7s upd 6.2s
[brain] it 6654 [league 80%] R/ep 13.01 ent 1.92 kl 0.007 | hit/swing 56% dj/min 26.9 blk/min 10.8 abiHit 103 supHit 58 | self 2/3 rushdown 2/2 idle 1/1 hard x3 0/1 hunter 6/8 sovereign 2/3 turtle 2/2 sov fast 3/4 expert 1/1 easy 1/1 summoner 1/1 expert x2 1/1 medium 1/1 aerial 1/1 | roll 1.5s upd 6.9s
[brain] it 6655 [league 80%] R/ep 13.89 ent 1.92 kl 0.006 | hit/swing 56% dj/min 23.0 blk/min 9.9 abiHit 83 supHit 43 | aerial 3/3 expert 1/1 turtle 2/2 hunter 5/10 self 1/1 hard x3 1/2 summoner 1/1 rushdown 1/1 idle 1/1 hard 1/1 easy 1/1 zoner 1/1 | roll 1.7s upd 6.9s
[brain] it 6656 [league 81%] R/ep 9.30 ent 1.95 kl 0.008 | hit/swing 46% dj/min 32.1 blk/min 10.0 abiHit 79 supHit 37 | sov fast 3/3 hunter 9/12 medium 2/2 idle 1/1 self 1/3 sovereign 2/2 easy 1/1 | roll 2.0s upd 6.9s
[brain] it 6657 [league 81%] R/ep 10.64 ent 2.02 kl 0.008 | hit/swing 46% dj/min 32.7 blk/min 9.8 abiHit 58 supHit 31 | hunter 4/8 turtle 1/2 sov fast 2/2 idle 1/1 zoner 1/1 rushdown 1/1 self 0/1 sovereign 2/3 easy 1/1 aerial 1/1 | roll 1.6s upd 6.3s
[brain] it 6658 [league 81%] R/ep 9.41 ent 1.95 kl 0.009 | hit/swing 51% dj/min 31.4 blk/min 14.4 abiHit 54 supHit 40 | hunter 5/11 zoner 2/2 sov fast 0/2 self 0/3 aerial 1/2 summoner 2/2 hard x3 0/1 hard 1/1 expert 1/1 | roll 1.7s upd 7.1s
[brain] it 6659 [league 80%] R/ep 13.61 ent 1.91 kl 0.009 | hit/swing 40% dj/min 28.8 blk/min 10.7 abiHit 79 supHit 38 | hunter 9/12 sovereign 1/2 turtle 1/1 medium 1/1 self 1/2 expert 1/1 sov fast 2/2 expert x2 2/2 switcher 1/1 easy 2/2 | roll 1.9s upd 6.9s
[brain] it 6660 [league 80%] R/ep 14.16 ent 1.91 kl 0.010 | hit/swing 49% dj/min 29.7 blk/min 12.8 abiHit 83 supHit 40 | hunter 12/14 sov fast 3/3 easy 2/2 expert 1/1 expert x2 1/1 medium 1/1 self 2/2 | roll 2.2s upd 6.4s
[brain] it 6661 [league 79%] R/ep 11.43 ent 2.00 kl 0.006 | hit/swing 60% dj/min 33.1 blk/min 10.3 abiHit 64 supHit 42 | hard x3 2/2 self 0/2 sovereign 1/2 hunter 8/10 hard 1/1 summoner 1/1 human 1/1 sov fast 2/2 easy 1/1 | roll 1.7s upd 6.6s
[brain] it 6662 [league 80%] R/ep 8.71 ent 2.02 kl 0.006 | hit/swing 38% dj/min 32.0 blk/min 9.8 abiHit 71 supHit 47 | hunter 5/8 easy 1/1 sovereign 3/4 human 2/2 self 1/3 expert 2/2 aerial 1/1 sov fast 2/3 idle 1/1 | roll 1.7s upd 7.0s
[brain] it 6663 [league 80%] R/ep 13.93 ent 1.91 kl 0.007 | hit/swing 47% dj/min 27.7 blk/min 10.4 abiHit 68 supHit 37 | medium 1/1 self 0/2 expert x2 2/2 sov fast 2/2 hunter 7/9 hard 1/1 idle 1/1 counter 1/1 human 1/1 rushdown 1/1 | roll 1.7s upd 6.6s
[brain] it 6664 [league 80%] R/ep 13.98 ent 1.80 kl 0.008 | hit/swing 47% dj/min 23.4 blk/min 14.3 abiHit 109 supHit 49 | hunter 7/10 expert x2 1/1 self 1/4 easy 2/2 human 2/2 medium 2/2 sovereign 1/1 hard 1/1 summoner 1/1 turtle 1/1 counter 1/1 expert 1/1 aerial 1/1 | roll 1.7s upd 6.4s
[brain] it 6665 [league 80%] R/ep 10.31 ent 1.97 kl 0.007 | hit/swing 39% dj/min 29.8 blk/min 9.9 abiHit 57 supHit 28 | rushdown 2/2 hunter 4/10 summoner 1/1 sov fast 2/3 medium 1/1 hard 1/1 turtle 1/1 hard x3 1/1 self 1/1 | roll 1.7s upd 7.0s
[brain] it 6666 [league 80%] R/ep 14.07 ent 1.87 kl 0.010 | hit/swing 65% dj/min 26.0 blk/min 11.6 abiHit 63 supHit 51 | summoner 1/1 expert x2 2/2 hunter 8/10 expert 2/2 human 1/1 hard 1/1 self 0/1 switcher 2/2 sov fast 1/1 | roll 1.6s upd 6.4s
[brain] it 6667 [league 78%] R/ep 13.00 ent 1.94 kl 0.007 | hit/swing 50% dj/min 28.8 blk/min 9.8 abiHit 97 supHit 43 | sovereign 2/4 human 1/1 sov fast 1/1 expert x2 1/1 hunter 6/8 self 2/3 hard 1/1 counter 1/1 medium 2/2 expert 1/1 switcher 1/1 | roll 1.7s upd 7.1s
[brain] it 6668 [league 78%] R/ep 9.80 ent 1.93 kl 0.008 | hit/swing 49% dj/min 27.6 blk/min 13.5 abiHit 73 supHit 41 | hunter 7/14 sovereign 3/4 hard x3 1/1 hard 1/1 summoner 1/1 turtle 1/1 sov fast 1/1 easy 1/1 | roll 1.7s upd 6.6s
[brain] it 6669 [league 77%] R/ep 9.43 ent 2.07 kl 0.009 | hit/swing 34% dj/min 32.0 blk/min 10.5 abiHit 73 supHit 24 | hunter 5/9 sovereign 0/1 hard 1/1 self 1/3 switcher 1/1 summoner 1/1 counter 1/1 hard x3 1/1 medium 1/1 expert 1/1 | roll 1.6s upd 6.8s
[brain] it 6670 [league 76%] R/ep 8.47 ent 2.03 kl 0.008 | hit/swing 56% dj/min 32.6 blk/min 9.0 abiHit 58 supHit 33 | sovereign 4/5 sov fast 1/3 hunter 10/13 self 0/1 expert 1/1 | roll 1.6s upd 6.3s
[brain] it 6671 [league 76%] R/ep 8.49 ent 1.97 kl 0.007 | hit/swing 45% dj/min 30.3 blk/min 10.2 abiHit 70 supHit 33 | hunter 3/9 expert 1/1 medium 1/1 self 0/2 easy 1/1 sov fast 0/2 summoner 2/2 sovereign 2/2 rushdown 1/1 idle 1/1 | roll 1.7s upd 6.7s
[brain] it 6672 [league 77%] R/ep 11.16 ent 1.87 kl 0.008 | hit/swing 54% dj/min 23.6 blk/min 12.7 abiHit 73 supHit 48 | hunter 8/10 medium 2/2 idle 3/3 hard x3 1/1 rushdown 0/1 sovereign 2/3 hard 1/1 self 1/4 summoner 1/1 | roll 1.6s upd 6.1s
[brain] it 6673 [league 77%] R/ep 8.84 ent 2.04 kl 0.006 | hit/swing 59% dj/min 31.0 blk/min 12.5 abiHit 61 supHit 49 | self 0/5 hunter 4/7 sovereign 2/2 hard x3 2/2 expert x2 1/1 sov fast 1/3 hard 1/1 | roll 1.8s upd 6.9s
[brain] it 6674 [league 78%] R/ep 11.69 ent 1.91 kl 0.006 | hit/swing 39% dj/min 28.2 blk/min 9.8 abiHit 95 supHit 40 | counter 1/1 sovereign 1/1 self 2/3 hunter 8/11 sov fast 3/3 idle 1/1 switcher 1/1 easy 1/1 rushdown 1/1 | roll 1.7s upd 6.7s
[brain] it 6675 [league 78%] R/ep 13.79 ent 1.95 kl 0.007 | hit/swing 60% dj/min 30.1 blk/min 11.4 abiHit 76 supHit 36 | sov fast 3/3 hunter 6/8 self 0/1 turtle 1/1 medium 1/1 sovereign 1/1 expert 1/1 summoner 1/1 hard x3 1/1 rushdown 2/2 idle 1/1 | roll 1.7s upd 6.4s
[brain] it 6676 [league 78%] R/ep 8.06 ent 2.06 kl 0.009 | hit/swing 36% dj/min 34.6 blk/min 11.0 abiHit 55 supHit 38 | self 0/1 hunter 4/11 expert 2/2 sov fast 2/4 zoner 1/1 expert x2 2/2 sovereign 1/1 | roll 1.7s upd 6.4s
[brain] it 6677 [league 80%] R/ep 10.73 ent 1.95 kl 0.007 | hit/swing 54% dj/min 27.5 blk/min 10.7 abiHit 66 supHit 39 | easy 1/1 hunter 5/11 self 3/4 expert x2 1/1 sovereign 3/3 aerial 1/1 medium 2/2 hard 1/1 | roll 1.7s upd 6.5s
[brain] it 6678 [league 80%] R/ep 16.38 ent 1.86 kl 0.009 | hit/swing 52% dj/min 27.0 blk/min 12.6 abiHit 89 supHit 57 | hunter 7/10 self 1/1 human 2/2 sov fast 2/2 easy 1/1 expert 2/2 sovereign 1/1 summoner 1/1 expert x2 1/1 zoner 1/1 aerial 2/2 idle 1/1 hard x3 1/1 | roll 1.6s upd 6.5s
[brain] it 6679 [league 81%] R/ep 10.37 ent 1.92 kl 0.007 | hit/swing 57% dj/min 28.9 blk/min 8.9 abiHit 64 supHit 37 | hunter 7/11 turtle 1/1 rushdown 1/1 sovereign 1/1 switcher 2/2 sov fast 2/4 easy 3/3 self 1/2 | roll 1.6s upd 6.4s
[brain] it 6680 [league 80%] R/ep 8.49 ent 2.09 kl 0.010 | hit/swing 48% dj/min 30.5 blk/min 8.8 abiHit 73 supHit 42 | hunter 2/6 sov fast 4/8 sovereign 1/2 turtle 2/2 self 1/1 rushdown 1/1 expert 1/1 idle 2/2 expert x2 1/1 | roll 1.6s upd 7.0s
[brain] it 6681 [league 79%] R/ep 11.78 ent 2.06 kl 0.007 | hit/swing 49% dj/min 33.2 blk/min 9.1 abiHit 59 supHit 50 | hunter 4/7 sov fast 1/3 hard x3 2/2 sovereign 2/3 expert 1/1 summoner 2/2 hard 1/1 idle 1/1 human 1/1 self 0/1 | roll 1.7s upd 6.9s
[brain] it 6682 [league 79%] R/ep 10.19 ent 1.87 kl 0.007 | hit/swing 42% dj/min 27.5 blk/min 12.8 abiHit 77 supHit 58 | sov fast 4/6 self 1/4 hunter 6/10 zoner 1/1 expert 1/1 expert x2 1/1 sovereign 2/2 hard 1/1 turtle 1/1 easy 1/1 summoner 1/1 | roll 1.7s upd 6.7s
[brain] it 6683 [league 79%] R/ep 13.93 ent 1.96 kl 0.010 | hit/swing 39% dj/min 28.8 blk/min 8.6 abiHit 109 supHit 56 | sovereign 3/4 hunter 5/7 self 2/3 expert x2 2/2 sov fast 3/3 medium 2/2 turtle 2/2 easy 1/1 expert 1/1 zoner 1/1 switcher 1/1 | roll 1.7s upd 6.4s
[brain] it 6684 [league 79%] R/ep 10.57 ent 1.94 kl 0.008 | hit/swing 48% dj/min 29.3 blk/min 11.9 abiHit 71 supHit 39 | hunter 8/12 switcher 1/1 self 0/3 summoner 1/1 expert 2/2 sov fast 1/1 expert x2 1/1 medium 1/1 easy 1/1 sovereign 1/1 | roll 1.8s upd 7.3s
[brain] it 6685 [league 79%] R/ep 9.61 ent 1.89 kl 0.008 | hit/swing 46% dj/min 29.7 blk/min 9.9 abiHit 59 supHit 31 | idle 1/1 self 0/2 hunter 7/10 expert 2/2 sov fast 0/1 hard 1/1 counter 1/1 easy 1/1 summoner 1/1 | roll 1.7s upd 7.0s
[brain] it 6686 [league 79%] R/ep 8.62 ent 1.96 kl 0.008 | hit/swing 50% dj/min 30.0 blk/min 10.4 abiHit 46 supHit 35 | self 1/4 hunter 5/8 expert 2/2 sov fast 0/4 sovereign 2/2 medium 2/2 human 1/1 zoner 1/1 counter 1/1 hard 1/1 | roll 1.8s upd 6.5s
[brain] it 6687 [league 78%] R/ep 11.48 ent 2.01 kl 0.006 | hit/swing 41% dj/min 32.5 blk/min 7.8 abiHit 85 supHit 52 | sovereign 2/4 rushdown 1/1 self 3/4 hunter 10/12 sov fast 1/1 expert 2/2 summoner 1/1 | roll 1.8s upd 7.0s
[brain] it 6688 [league 78%] R/ep 12.55 ent 1.94 kl 0.007 | hit/swing 53% dj/min 29.8 blk/min 11.7 abiHit 76 supHit 43 | hunter 15/16 summoner 1/1 self 0/1 sovereign 1/1 expert 1/1 rushdown 1/1 expert x2 1/1 hard 2/2 sov fast 0/1 medium 1/1 aerial 1/1 | roll 1.6s upd 6.7s
[brain] it 6689 [league 77%] R/ep 10.55 ent 1.93 kl 0.008 | hit/swing 57% dj/min 26.1 blk/min 11.6 abiHit 77 supHit 54 | hunter 6/11 hard 1/1 expert 3/3 summoner 1/1 turtle 1/2 expert x2 1/1 sov fast 1/1 aerial 0/1 switcher 1/1 sovereign 2/3 hard x3 1/1 | roll 1.7s upd 6.6s
[brain] it 6690 [league 78%] R/ep 12.58 ent 2.05 kl 0.008 | hit/swing 54% dj/min 29.9 blk/min 10.1 abiHit 75 supHit 44 | expert 3/3 hunter 9/11 expert x2 1/1 sov fast 0/1 human 0/1 turtle 2/2 counter 0/1 sovereign 2/2 easy 1/1 hard x3 1/1 self 0/1 | roll 2.0s upd 6.9s
[brain] it 6691 [league 79%] R/ep 11.19 ent 1.89 kl 0.008 | hit/swing 42% dj/min 25.4 blk/min 11.8 abiHit 90 supHit 47 | medium 2/2 hunter 2/4 sovereign 5/5 rushdown 1/3 zoner 1/1 sov fast 3/3 hard 2/2 easy 1/1 self 0/3 idle 1/1 summoner 0/1 | roll 1.8s upd 7.3s
[brain] it 6692 [league 77%] R/ep 10.13 ent 2.09 kl 0.006 | hit/swing 43% dj/min 32.6 blk/min 9.5 abiHit 61 supHit 36 | sovereign 1/3 hunter 7/9 summoner 2/2 expert 3/3 medium 1/1 counter 2/2 sov fast 0/1 hard x3 1/1 | roll 1.7s upd 6.6s
[brain] it 6693 [league 78%] R/ep 14.97 ent 1.92 kl 0.008 | hit/swing 51% dj/min 30.0 blk/min 12.2 abiHit 83 supHit 54 | hunter 9/10 sovereign 2/2 self 0/2 medium 1/1 expert x2 2/2 expert 2/2 zoner 1/1 sov fast 3/4 human 1/1 easy 1/1 idle 1/1 | roll 1.8s upd 6.6s
[brain] it 6694 [league 76%] R/ep 8.82 ent 1.95 kl 0.006 | hit/swing 45% dj/min 31.3 blk/min 10.8 abiHit 52 supHit 37 | hunter 5/8 self 2/3 idle 1/1 expert 3/3 medium 1/1 sovereign 1/3 sov fast 0/1 easy 1/1 aerial 0/1 | roll 1.6s upd 6.5s
[brain] it 6695 [league 76%] R/ep 6.41 ent 2.02 kl 0.007 | hit/swing 43% dj/min 28.4 blk/min 11.4 abiHit 63 supHit 42 | hunter 8/13 sovereign 4/4 summoner 1/1 sov fast 1/1 self 2/4 easy 1/1 counter 0/1 idle 1/1 expert 1/1 | roll 1.6s upd 6.5s
[brain] it 6696 [league 76%] R/ep 9.29 ent 1.94 kl 0.008 | hit/swing 42% dj/min 26.1 blk/min 14.1 abiHit 63 supHit 51 | sov fast 1/2 counter 1/1 rushdown 2/2 hunter 7/13 expert 1/1 self 0/3 human 1/1 hard 1/1 summoner 1/1 idle 1/1 easy 1/1 | roll 1.8s upd 6.5s
[brain] it 6697 [league 77%] R/ep 6.40 ent 1.98 kl 0.008 | hit/swing 35% dj/min 30.8 blk/min 9.3 abiHit 69 supHit 33 | sovereign 1/1 sov fast 1/3 summoner 2/2 self 3/6 hunter 2/5 zoner 1/1 expert x2 0/1 expert 2/2 | roll 1.5s upd 5.8s
[brain] it 6698 [league 77%] R/ep 16.08 ent 1.88 kl 0.007 | hit/swing 50% dj/min 27.7 blk/min 11.3 abiHit 74 supHit 40 | sov fast 4/4 hunter 6/8 human 1/1 summoner 1/1 zoner 1/1 rushdown 1/1 medium 1/1 turtle 1/1 easy 1/1 switcher 1/1 hard x3 0/1 expert x2 1/1 expert 1/1 | roll 1.5s upd 6.3s
[brain] it 6699 [league 77%] R/ep 12.05 ent 1.95 kl 0.009 | hit/swing 49% dj/min 28.1 blk/min 11.6 abiHit 65 supHit 60 | sov fast 2/2 sovereign 2/2 hunter 8/12 self 1/3 medium 2/2 summoner 1/1 easy 1/1 hard x3 1/1 expert 2/2 expert x2 1/1 rushdown 1/1 | roll 1.7s upd 6.7s
[brain] it 6700 [league 77%] R/ep 9.65 ent 1.96 kl 0.009 | hit/swing 44% dj/min 30.0 blk/min 11.5 abiHit 77 supHit 45 | hunter 10/12 counter 1/2 sovereign 2/2 hard x3 1/2 self 0/4 sov fast 1/2 human 1/1 medium 1/1 | roll 1.8s upd 6.8s
[brain] it 6701 [league 77%] R/ep 13.08 ent 1.96 kl 0.009 | hit/swing 56% dj/min 30.5 blk/min 11.2 abiHit 75 supHit 56 | rushdown 1/1 hunter 7/10 expert x2 2/2 turtle 1/1 sov fast 2/2 self 1/4 human 1/1 sovereign 1/1 hard x3 1/1 | roll 1.9s upd 6.7s
[brain] it 6702 [league 77%] R/ep 13.09 ent 1.93 kl 0.007 | hit/swing 48% dj/min 26.0 blk/min 8.7 abiHit 90 supHit 60 | hunter 7/8 aerial 1/1 sov fast 4/4 self 4/6 expert x2 1/1 expert 2/2 idle 1/1 human 1/1 counter 1/1 sovereign 1/1 medium 1/1 hard 1/1 summoner 1/1 | roll 1.5s upd 6.2s
[brain] it 6703 [league 77%] R/ep 12.41 ent 1.90 kl 0.007 | hit/swing 55% dj/min 27.1 blk/min 13.1 abiHit 79 supHit 45 | expert 3/3 hunter 9/12 sov fast 2/3 switcher 1/1 aerial 1/1 self 2/3 hard 1/1 expert x2 1/1 medium 1/1 | roll 1.6s upd 6.7s
[brain] it 6704 [league 77%] R/ep 11.49 ent 2.00 kl 0.009 | hit/swing 56% dj/min 27.7 blk/min 11.4 abiHit 73 supHit 45 | hunter 3/9 medium 1/1 sov fast 2/2 self 1/3 hard 1/1 idle 2/2 counter 2/2 hard x3 1/1 human 0/1 expert x2 1/1 expert 1/1 rushdown 1/1 | roll 1.7s upd 6.6s
[brain] it 6705 [league 77%] R/ep 10.83 ent 1.95 kl 0.008 | hit/swing 46% dj/min 30.6 blk/min 10.7 abiHit 83 supHit 52 | hunter 9/15 human 1/1 sov fast 2/2 hard x3 1/2 self 1/1 aerial 2/2 sovereign 2/2 hard 1/1 | roll 1.6s upd 6.7s
[brain] it 6706 [league 78%] R/ep 13.66 ent 1.96 kl 0.009 | hit/swing 52% dj/min 30.9 blk/min 12.7 abiHit 82 supHit 43 | hunter 7/10 medium 1/1 sovereign 2/2 hard 1/1 expert x2 1/2 sov fast 0/1 idle 1/1 hard x3 1/1 expert 1/1 easy 1/1 rushdown 1/2 | roll 1.6s upd 6.4s
[brain] it 6707 [league 79%] R/ep 11.28 ent 1.96 kl 0.008 | hit/swing 50% dj/min 29.1 blk/min 11.9 abiHit 77 supHit 56 | human 1/1 sovereign 3/3 summoner 2/2 turtle 1/1 hunter 9/10 sov fast 3/4 switcher 1/1 easy 1/1 medium 2/2 self 1/3 | roll 1.6s upd 7.2s
[brain] it 6708 [league 79%] R/ep 11.19 ent 1.96 kl 0.008 | hit/swing 63% dj/min 27.4 blk/min 11.3 abiHit 71 supHit 44 | expert x2 1/2 sov fast 4/5 self 2/2 hunter 8/12 easy 2/2 expert 2/2 turtle 1/1 sovereign 1/1 | roll 1.9s upd 7.5s
[brain] it 6709 [league 79%] R/ep 13.08 ent 1.99 kl 0.009 | hit/swing 29% dj/min 31.1 blk/min 11.8 abiHit 72 supHit 32 | easy 1/1 sov fast 0/2 hunter 5/9 hard 1/1 rushdown 1/1 expert 1/1 self 0/1 summoner 1/1 hard x3 1/1 idle 1/1 | roll 1.7s upd 6.9s
[brain] it 6710 [league 80%] R/ep 13.20 ent 2.00 kl 0.008 | hit/swing 52% dj/min 30.5 blk/min 11.4 abiHit 67 supHit 54 | hunter 8/10 human 1/1 summoner 0/1 aerial 1/1 hard 2/2 self 1/2 sovereign 3/3 sov fast 2/3 expert 2/2 easy 2/2 hard x3 1/1 | roll 1.8s upd 6.8s
[brain] it 6711 [league 80%] R/ep 11.62 ent 2.04 kl 0.008 | hit/swing 54% dj/min 32.1 blk/min 10.1 abiHit 54 supHit 38 | zoner 1/1 sov fast 4/6 hunter 7/11 sovereign 1/1 rushdown 1/1 aerial 1/1 medium 2/2 idle 1/1 human 1/1 self 1/1 | roll 1.5s upd 6.2s
[brain] it 6712 [league 80%] R/ep 11.05 ent 1.94 kl 0.009 | hit/swing 49% dj/min 28.5 blk/min 10.1 abiHit 84 supHit 46 | hunter 7/8 medium 1/1 sovereign 1/1 sov fast 3/3 idle 2/2 hard 4/4 rushdown 0/2 self 1/3 switcher 1/1 | roll 1.6s upd 6.2s
[brain] it 6713 [league 82%] R/ep 7.64 ent 2.12 kl 0.009 | hit/swing 38% dj/min 32.3 blk/min 7.9 abiHit 61 supHit 36 | sovereign 3/3 hunter 4/5 self 2/4 sov fast 2/4 hard x3 1/1 counter 1/1 expert 0/1 | roll 1.7s upd 7.2s
[brain] it 6714 [league 82%] R/ep 13.60 ent 1.92 kl 0.009 | hit/swing 55% dj/min 28.6 blk/min 13.0 abiHit 83 supHit 43 | hunter 7/10 expert 1/1 self 0/2 hard x3 1/3 medium 1/1 sov fast 1/2 rushdown 1/1 turtle 1/1 aerial 1/2 sovereign 1/1 | roll 2.0s upd 7.5s
[brain] it 6715 [league 83%] R/ep 8.18 ent 2.08 kl 0.010 | hit/swing 52% dj/min 31.7 blk/min 11.5 abiHit 44 supHit 34 | sov fast 2/3 hunter 5/13 sovereign 2/3 hard x3 0/1 idle 1/1 self 1/1 summoner 3/3 counter 1/1 | roll 1.8s upd 7.0s
[brain] it 6716 [league 83%] R/ep 14.00 ent 1.92 kl 0.007 | hit/swing 58% dj/min 26.6 blk/min 12.1 abiHit 82 supHit 50 | sovereign 3/3 hunter 10/13 expert 3/3 sov fast 3/4 expert x2 2/2 summoner 1/1 hard 1/1 switcher 1/1 | roll 1.6s upd 6.4s
[brain] it 6717 [league 83%] R/ep 12.39 ent 2.03 kl 0.010 | hit/swing 50% dj/min 28.4 blk/min 11.8 abiHit 96 supHit 52 | self 1/4 turtle 1/1 hunter 6/8 sov fast 6/8 easy 1/1 counter 1/1 hard x3 0/1 idle 1/1 medium 1/1 zoner 1/1 expert 1/1 | roll 1.7s upd 7.1s
[brain] it 6718 [league 83%] R/ep 14.40 ent 1.96 kl 0.009 | hit/swing 50% dj/min 28.2 blk/min 11.8 abiHit 87 supHit 35 | hunter 11/12 counter 1/1 self 2/3 sov fast 2/2 idle 1/1 expert 1/1 zoner 2/2 easy 1/1 summoner 1/1 | roll 1.8s upd 6.4s
[brain] it 6719 [league 84%] R/ep 11.25 ent 1.94 kl 0.009 | hit/swing 37% dj/min 25.4 blk/min 11.9 abiHit 87 supHit 37 | expert 4/4 sovereign 3/3 self 1/4 hard 2/2 hunter 3/7 sov fast 1/1 counter 1/1 | roll 1.6s upd 6.5s
[brain] it 6720 [league 84%] R/ep 12.45 ent 1.98 kl 0.006 | hit/swing 50% dj/min 27.9 blk/min 10.3 abiHit 96 supHit 36 | self 0/3 sovereign 3/5 turtle 1/1 idle 2/2 hunter 4/5 aerial 1/1 summoner 2/2 sov fast 1/2 counter 1/1 hard x3 1/1 expert 1/1 expert x2 1/1 | roll 1.5s upd 7.2s
[brain] it 6721 [league 85%] R/ep 9.51 ent 2.07 kl 0.009 | hit/swing 45% dj/min 29.3 blk/min 9.8 abiHit 57 supHit 45 | self 0/1 sovereign 7/8 hunter 5/8 idle 1/1 counter 1/1 sov fast 0/1 hard 1/1 expert 2/2 turtle 0/1 summoner 1/1 | roll 1.8s upd 6.9s
[brain] it 6722 [league 86%] R/ep 10.10 ent 2.04 kl 0.008 | hit/swing 42% dj/min 30.7 blk/min 10.1 abiHit 72 supHit 41 | hunter 9/11 idle 1/1 summoner 1/1 sov fast 4/5 switcher 1/1 self 0/2 sovereign 3/3 counter 1/1 zoner 1/1 | roll 1.8s upd 6.3s
[brain] it 6723 [league 85%] R/ep 4.74 ent 1.99 kl 0.008 | hit/swing 43% dj/min 28.1 blk/min 13.6 abiHit 51 supHit 29 | hunter 5/10 sovereign 1/2 self 0/4 sov fast 1/2 idle 1/1 easy 1/1 medium 1/1 human 1/1 | roll 1.6s upd 6.3s
[brain] it 6724 [league 85%] R/ep 9.49 ent 2.03 kl 0.010 | hit/swing 49% dj/min 30.2 blk/min 10.8 abiHit 72 supHit 31 | hunter 7/14 expert 1/1 idle 1/1 hard 1/1 sovereign 2/2 self 1/1 sov fast 2/2 medium 1/1 turtle 1/1 | roll 1.8s upd 6.8s
[brain] it 6725 [league 84%] R/ep 12.01 ent 2.02 kl 0.006 | hit/swing 50% dj/min 32.7 blk/min 12.0 abiHit 73 supHit 34 | sovereign 2/3 hunter 5/9 expert 1/1 easy 1/1 sov fast 2/2 hard x3 1/1 rushdown 1/1 self 2/2 | roll 1.8s upd 7.0s
[brain] it 6726 [league 83%] R/ep 10.62 ent 1.86 kl 0.007 | hit/swing 40% dj/min 23.7 blk/min 12.8 abiHit 67 supHit 45 | hunter 5/10 sovereign 2/3 aerial 1/1 medium 2/2 idle 1/1 easy 2/2 summoner 1/1 hard 2/2 self 1/1 expert 2/2 sov fast 1/1 | roll 1.7s upd 6.2s
[brain] it 6727 [league 83%] R/ep 7.96 ent 1.98 kl 0.009 | hit/swing 42% dj/min 28.1 blk/min 9.0 abiHit 70 supHit 32 | sov fast 3/3 hunter 7/11 sovereign 2/4 expert 3/3 easy 1/1 switcher 0/1 rushdown 1/1 self 0/1 | roll 1.6s upd 6.2s
[brain] it 6728 [league 83%] R/ep 8.97 ent 2.15 kl 0.008 | hit/swing 36% dj/min 33.3 blk/min 9.2 abiHit 61 supHit 27 | self 1/3 hunter 6/9 sovereign 2/2 counter 1/1 expert 1/1 summoner 1/1 zoner 1/1 sov fast 1/1 medium 1/1 | roll 1.6s upd 6.2s
[brain] it 6729 [league 83%] R/ep 10.18 ent 2.00 kl 0.008 | hit/swing 62% dj/min 29.2 blk/min 13.0 abiHit 63 supHit 51 | sovereign 2/2 hard x3 1/1 easy 1/1 switcher 1/2 hunter 5/10 expert 2/2 sov fast 1/3 self 2/2 hard 1/1 expert x2 1/1 | roll 1.7s upd 6.5s
[brain] it 6730 [league 82%] R/ep 11.46 ent 2.03 kl 0.009 | hit/swing 45% dj/min 29.6 blk/min 10.5 abiHit 68 supHit 54 | sovereign 3/5 self 4/7 summoner 2/2 hunter 6/7 expert 1/1 aerial 2/2 counter 1/1 sov fast 1/1 idle 1/1 rushdown 1/1 | roll 1.6s upd 6.4s
[brain] it 6731 [league 82%] R/ep 17.06 ent 1.90 kl 0.009 | hit/swing 66% dj/min 24.9 blk/min 10.1 abiHit 96 supHit 66 | aerial 1/1 hunter 5/7 medium 1/1 expert 5/5 zoner 1/1 idle 2/2 turtle 1/1 hard x3 2/3 human 1/1 self 1/2 sovereign 1/1 sov fast 1/1 expert x2 1/1 | roll 1.5s upd 6.4s
[brain] it 6732 [league 82%] R/ep 8.05 ent 2.10 kl 0.007 | hit/swing 25% dj/min 32.1 blk/min 10.8 abiHit 68 supHit 22 | hunter 5/13 easy 3/3 summoner 1/1 sov fast 1/1 sovereign 1/1 | roll 1.7s upd 6.9s
[brain] it 6733 [league 83%] R/ep 10.46 ent 1.90 kl 0.007 | hit/swing 51% dj/min 26.3 blk/min 13.5 abiHit 66 supHit 54 | hunter 6/10 hard x3 1/1 expert 1/1 self 0/1 sovereign 2/3 medium 2/2 easy 1/1 sov fast 1/2 aerial 0/2 summoner 1/1 hard 1/1 idle 1/1 | roll 1.6s upd 6.3s
[brain] it 6734 [league 83%] R/ep 10.71 ent 1.88 kl 0.007 | hit/swing 52% dj/min 25.4 blk/min 13.9 abiHit 81 supHit 48 | easy 3/3 summoner 2/2 self 1/2 hunter 5/11 zoner 1/1 sov fast 4/5 expert 2/2 sovereign 1/1 idle 1/1 | roll 1.8s upd 6.8s
[brain] it 6735 [league 84%] R/ep 11.14 ent 1.90 kl 0.010 | hit/swing 41% dj/min 25.6 blk/min 12.1 abiHit 57 supHit 35 | hunter 11/14 sovereign 7/7 expert 1/1 zoner 1/1 sov fast 0/1 self 0/1 | roll 1.7s upd 6.8s
[brain] it 6736 [league 84%] R/ep 13.01 ent 1.96 kl 0.010 | hit/swing 55% dj/min 27.2 blk/min 12.2 abiHit 86 supHit 54 | hunter 5/9 self 2/4 expert 2/2 summoner 1/1 easy 1/1 sovereign 2/2 idle 2/2 medium 1/1 sov fast 3/3 hard x3 1/1 counter 1/1 | roll 1.7s upd 6.7s
[brain] it 6737 [league 84%] R/ep 7.35 ent 2.08 kl 0.008 | hit/swing 34% dj/min 31.3 blk/min 9.1 abiHit 62 supHit 28 | sov fast 1/1 idle 1/1 hunter 8/15 sovereign 1/1 self 3/3 switcher 1/1 hard 1/1 | roll 1.8s upd 6.7s
[brain] it 6738 [league 83%] R/ep 13.65 ent 1.90 kl 0.008 | hit/swing 52% dj/min 26.9 blk/min 11.4 abiHit 81 supHit 43 | hunter 5/7 self 0/2 sovereign 0/1 rushdown 1/1 sov fast 4/5 human 1/1 idle 1/1 expert 1/1 hard 2/2 summoner 1/1 hard x3 1/1 easy 1/1 zoner 1/1 | roll 1.5s upd 6.2s
[brain] it 6739 [league 83%] R/ep 9.28 ent 2.14 kl 0.007 | hit/swing 46% dj/min 31.7 blk/min 10.6 abiHit 70 supHit 39 | hunter 3/8 self 1/4 sovereign 0/2 rushdown 1/1 hard x3 1/1 switcher 1/1 turtle 0/1 idle 1/1 expert 1/1 expert x2 1/1 counter 1/1 hard 1/1 | roll 1.7s upd 6.6s
[brain] it 6740 [league 83%] R/ep 13.35 ent 2.10 kl 0.008 | hit/swing 43% dj/min 32.2 blk/min 10.8 abiHit 47 supHit 31 | hunter 10/14 sov fast 2/2 hard x3 1/1 self 1/1 human 1/1 expert 1/1 | roll 1.8s upd 6.1s
[brain] it 6741 [league 82%] R/ep 12.22 ent 2.03 kl 0.007 | hit/swing 38% dj/min 29.9 blk/min 8.7 abiHit 75 supHit 43 | hunter 6/8 self 0/2 rushdown 1/1 turtle 1/1 switcher 1/1 sov fast 1/2 counter 1/1 idle 2/2 sovereign 0/1 summoner 1/1 hard x3 1/1 | roll 1.4s upd 6.2s
[brain] it 6742 [league 82%] R/ep 11.14 ent 2.00 kl 0.009 | hit/swing 51% dj/min 29.2 blk/min 9.1 abiHit 61 supHit 54 | expert 3/3 hard x3 2/2 sovereign 2/3 hunter 8/8 self 1/6 idle 1/1 sov fast 0/2 aerial 0/1 expert x2 1/1 | roll 1.5s upd 6.0s
[brain] it 6743 [league 82%] R/ep 13.53 ent 2.08 kl 0.009 | hit/swing 42% dj/min 31.3 blk/min 10.8 abiHit 63 supHit 36 | expert 1/1 hunter 7/10 expert x2 1/1 medium 1/1 hard 1/1 summoner 2/2 self 0/1 hard x3 0/1 human 1/1 sov fast 1/1 | roll 1.5s upd 5.9s
[brain] it 6744 [league 82%] R/ep 13.19 ent 1.96 kl 0.009 | hit/swing 57% dj/min 27.3 blk/min 12.4 abiHit 48 supHit 42 | human 1/2 hunter 8/10 self 3/4 expert 4/4 sov fast 4/4 | roll 1.4s upd 5.9s
[brain] it 6745 [league 82%] R/ep 10.51 ent 1.93 kl 0.009 | hit/swing 53% dj/min 22.7 blk/min 10.7 abiHit 82 supHit 64 | sov fast 7/7 hunter 6/11 sovereign 6/7 expert x2 0/1 easy 2/2 summoner 1/1 turtle 1/1 human 1/1 idle 1/1 expert 1/1 | roll 1.4s upd 5.5s
[brain] it 6746 [league 80%] R/ep 13.28 ent 2.02 kl 0.008 | hit/swing 49% dj/min 27.4 blk/min 9.6 abiHit 73 supHit 46 | hard x3 1/2 hunter 5/7 rushdown 1/1 sovereign 3/5 aerial 3/3 self 0/2 hard 2/2 zoner 1/1 easy 1/1 medium 1/1 sov fast 1/1 | roll 1.4s upd 6.2s
[brain] it 6747 [league 79%] R/ep 9.72 ent 2.04 kl 0.007 | hit/swing 38% dj/min 29.4 blk/min 11.3 abiHit 67 supHit 31 | rushdown 0/1 hunter 5/9 hard 2/2 sovereign 4/5 expert 1/1 idle 1/1 sov fast 1/2 self 0/1 | roll 1.5s upd 6.4s
[brain] it 6748 [league 79%] R/ep 15.46 ent 1.94 kl 0.009 | hit/swing 40% dj/min 25.4 blk/min 12.6 abiHit 58 supHit 48 | easy 1/1 hard 1/1 hunter 8/10 rushdown 1/2 expert x2 2/2 self 1/2 sov fast 2/2 sovereign 1/1 hard x3 1/1 | roll 1.4s upd 6.0s
[brain] it 6749 [league 79%] R/ep 14.11 ent 1.88 kl 0.008 | hit/swing 48% dj/min 27.4 blk/min 10.1 abiHit 87 supHit 67 | counter 1/1 hunter 7/8 expert 1/1 idle 1/1 sov fast 2/4 zoner 2/2 self 1/2 sovereign 3/3 summoner 1/1 aerial 1/1 turtle 1/1 hard x3 1/1 switcher 1/1 rushdown 0/1 | roll 1.4s upd 6.0s
[brain] it 6750 [league 77%] R/ep 10.40 ent 2.01 kl 0.007 | hit/swing 42% dj/min 29.4 blk/min 8.6 abiHit 69 supHit 47 | sovereign 4/6 hunter 7/11 self 1/2 idle 2/2 easy 1/1 sov fast 1/2 hard x3 1/1 aerial 1/1 summoner 1/1 | roll 1.5s upd 6.0s
[brain] it 6751 [league 77%] R/ep 10.03 ent 1.89 kl 0.008 | hit/swing 48% dj/min 23.8 blk/min 12.4 abiHit 57 supHit 24 | self 0/1 expert 2/2 sov fast 3/3 hunter 5/8 medium 1/1 hard x3 0/1 sovereign 1/1 | roll 5.0s upd 4.5s
[brain] it 6752 [league 77%] R/ep 9.43 ent 2.00 kl 0.007 | hit/swing 42% dj/min 29.6 blk/min 13.1 abiHit 50 supHit 29 | switcher 1/1 aerial 1/1 hunter 5/9 sov fast 2/2 sovereign 1/1 rushdown 1/1 self 0/1 | roll 4.6s upd 5.2s
[brain] it 6753 [league 77%] R/ep 8.15 ent 2.01 kl 0.009 | hit/swing 40% dj/min 28.3 blk/min 10.5 abiHit 33 supHit 18 | hunter 3/6 self 0/2 sovereign 1/2 expert 1/1 switcher 1/1 aerial 1/1 idle 1/1 | roll 4.9s upd 6.8s
[brain] it 6754 [league 75%] R/ep 13.40 ent 1.98 kl 0.007 | hit/swing 50% dj/min 25.9 blk/min 9.8 abiHit 67 supHit 47 | sov fast 2/2 sovereign 1/3 self 1/2 hunter 7/7 expert 2/2 turtle 2/2 switcher 1/1 medium 1/1 summoner 1/1 hard 1/1 aerial 0/1 | roll 1.8s upd 9.6s
[brain] it 6755 [league 74%] R/ep 12.29 ent 1.98 kl 0.008 | hit/swing 64% dj/min 27.2 blk/min 10.0 abiHit 68 supHit 35 | hunter 6/7 sovereign 3/4 sov fast 1/2 rushdown 1/1 turtle 1/1 easy 2/2 medium 1/1 zoner 1/1 self 0/2 switcher 1/1 expert x2 1/1 | roll 1.9s upd 10.6s
[brain] it 6756 [league 74%] R/ep 12.31 ent 2.06 kl 0.009 | hit/swing 52% dj/min 29.3 blk/min 10.3 abiHit 67 supHit 44 | hunter 5/9 self 1/1 sovereign 3/5 expert x2 1/1 sov fast 2/2 expert 2/2 hard x3 1/1 idle 2/2 easy 1/1 | roll 1.9s upd 10.7s
[brain] it 6757 [league 74%] R/ep 11.87 ent 1.89 kl 0.009 | hit/swing 45% dj/min 26.3 blk/min 13.6 abiHit 84 supHit 40 | hunter 8/12 hard 1/1 medium 1/1 self 1/2 zoner 1/1 switcher 1/1 sovereign 2/2 expert x2 1/1 sov fast 1/2 counter 1/1 | roll 2.3s upd 10.4s
[brain] it 6758 [league 74%] R/ep 8.18 ent 2.07 kl 0.010 | hit/swing 43% dj/min 29.6 blk/min 9.1 abiHit 60 supHit 29 | hunter 4/9 medium 1/1 sovereign 3/4 easy 2/2 summoner 1/1 turtle 1/1 self 0/2 zoner 1/1 sov fast 0/1 idle 1/1 expert 1/1 | roll 1.9s upd 10.0s
[brain] it 6759 [league 72%] R/ep 12.26 ent 1.92 kl 0.007 | hit/swing 41% dj/min 27.4 blk/min 11.3 abiHit 79 supHit 44 | sovereign 3/6 medium 3/3 hunter 5/8 summoner 1/1 self 1/1 zoner 2/2 expert 1/1 aerial 1/1 sov fast 1/1 easy 1/1 hard x3 0/1 | roll 1.8s upd 10.4s
[brain] it 6760 [league 71%] R/ep 9.88 ent 1.86 kl 0.008 | hit/swing 43% dj/min 22.6 blk/min 11.2 abiHit 92 supHit 36 | hunter 4/7 self 3/7 sovereign 2/3 sov fast 1/1 hard 1/1 medium 1/1 turtle 1/1 summoner 1/1 expert x2 1/1 expert 1/1 | roll 2.1s upd 10.4s
[brain] it 6761 [league 71%] R/ep 11.94 ent 1.97 kl 0.006 | hit/swing 43% dj/min 24.4 blk/min 11.4 abiHit 89 supHit 40 | sov fast 2/3 hunter 1/5 medium 1/1 expert 2/2 sovereign 3/4 aerial 1/1 expert x2 2/2 hard 1/1 self 0/1 turtle 1/1 | roll 1.6s upd 10.5s
[brain] it 6762 [league 71%] R/ep 8.25 ent 1.95 kl 0.009 | hit/swing 45% dj/min 25.1 blk/min 11.0 abiHit 87 supHit 52 | hunter 4/10 self 1/3 sov fast 3/6 medium 1/1 expert 2/2 easy 2/2 summoner 2/2 idle 1/1 aerial 1/1 | roll 1.9s upd 11.9s
[brain] it 6763 [league 74%] R/ep 13.09 ent 1.95 kl 0.009 | hit/swing 56% dj/min 26.6 blk/min 11.0 abiHit 64 supHit 45 | hunter 6/6 sovereign 5/5 sov fast 1/2 expert 2/2 self 0/3 medium 3/3 summoner 1/1 zoner 2/2 counter 1/1 easy 1/1 | roll 1.9s upd 9.5s
[brain] it 6764 [league 74%] R/ep 13.69 ent 1.96 kl 0.008 | hit/swing 47% dj/min 26.5 blk/min 11.8 abiHit 59 supHit 40 | hunter 11/12 sovereign 1/1 turtle 1/1 expert 2/2 summoner 1/1 zoner 1/1 self 0/1 switcher 1/1 rushdown 1/1 | roll 2.1s upd 9.8s
[brain] it 6765 [league 74%] R/ep 15.14 ent 1.91 kl 0.009 | hit/swing 56% dj/min 23.5 blk/min 11.9 abiHit 85 supHit 31 | sovereign 2/2 hard 2/2 hunter 3/8 expert x2 1/1 self 0/1 medium 1/1 easy 3/3 idle 1/1 sov fast 1/1 zoner 1/1 hard x3 1/1 expert 1/1 | roll 1.8s upd 9.0s
[brain] it 6766 [league 73%] R/ep 11.77 ent 1.95 kl 0.008 | hit/swing 61% dj/min 25.3 blk/min 11.6 abiHit 84 supHit 45 | hunter 5/7 self 1/4 human 1/1 hard 1/1 summoner 2/2 sovereign 1/3 expert 3/3 easy 1/1 sov fast 1/1 medium 2/2 switcher 1/1 | roll 1.8s upd 12.8s
[brain] it 6767 [league 72%] R/ep 11.44 ent 2.03 kl 0.008 | hit/swing 53% dj/min 28.0 blk/min 9.7 abiHit 85 supHit 48 | sovereign 2/3 hunter 4/6 sov fast 7/8 zoner 1/1 easy 1/1 self 1/3 medium 2/2 expert 1/1 human 1/1 summoner 1/1 hard 1/1 | roll 2.0s upd 8.8s
[brain] it 6768 [league 73%] R/ep 10.51 ent 1.95 kl 0.007 | hit/swing 55% dj/min 25.5 blk/min 12.1 abiHit 62 supHit 44 | human 1/1 aerial 2/2 hunter 3/9 sov fast 4/4 idle 1/1 zoner 1/1 expert x2 1/1 expert 1/1 sovereign 2/2 self 0/1 rushdown 1/1 | roll 1.7s upd 7.9s
[brain] it 6769 [league 74%] R/ep 12.74 ent 1.93 kl 0.008 | hit/swing 54% dj/min 27.3 blk/min 12.7 abiHit 64 supHit 51 | sov fast 1/1 hard x3 1/1 hunter 8/12 counter 2/2 hard 1/1 sovereign 2/2 medium 1/1 expert 1/1 self 1/2 easy 2/2 | roll 1.9s upd 8.0s
[brain] it 6770 [league 74%] R/ep 10.61 ent 1.99 kl 0.007 | hit/swing 47% dj/min 28.3 blk/min 12.5 abiHit 63 supHit 35 | hard x3 1/1 sov fast 3/3 hunter 7/10 self 0/4 expert x2 1/1 expert 1/1 | roll 2.1s upd 7.0s
[brain] it 6771 [league 74%] R/ep 14.36 ent 1.98 kl 0.006 | hit/swing 59% dj/min 28.8 blk/min 12.5 abiHit 79 supHit 42 | aerial 1/1 hunter 10/11 expert 2/2 medium 1/1 sov fast 2/2 sovereign 2/2 zoner 1/1 hard 1/1 self 1/1 counter 1/1 rushdown 0/1 hard x3 1/1 | roll 1.7s upd 10.3s
[brain] it 6772 [league 74%] R/ep 11.30 ent 2.01 kl 0.007 | hit/swing 39% dj/min 29.4 blk/min 12.6 abiHit 68 supHit 34 | hunter 10/15 sovereign 3/3 idle 2/2 aerial 2/2 zoner 1/1 switcher 1/1 | roll 2.4s upd 9.0s
[brain] it 6773 [league 74%] R/ep 13.98 ent 1.94 kl 0.007 | hit/swing 67% dj/min 25.6 blk/min 13.1 abiHit 83 supHit 45 | expert 2/2 zoner 3/3 hard 1/1 turtle 1/1 hard x3 0/1 sov fast 3/3 hunter 5/7 summoner 1/1 self 1/3 sovereign 3/3 medium 1/1 aerial 1/1 | roll 2.0s upd 10.1s
[brain] it 6774 [league 74%] R/ep 9.90 ent 2.00 kl 0.008 | hit/swing 41% dj/min 29.1 blk/min 11.4 abiHit 68 supHit 44 | hunter 5/9 sov fast 4/5 self 2/4 expert 3/3 sovereign 2/2 medium 1/1 aerial 1/1 easy 1/1 | roll 2.0s upd 9.7s
[brain] it 6775 [league 74%] R/ep 13.82 ent 1.95 kl 0.007 | hit/swing 57% dj/min 25.2 blk/min 11.6 abiHit 93 supHit 54 | self 2/5 aerial 4/4 hunter 6/9 turtle 1/1 rushdown 1/1 human 1/1 zoner 1/1 sov fast 1/1 easy 1/1 expert x2 2/2 medium 1/1 | roll 2.1s upd 7.6s
[brain] it 6776 [league 75%] R/ep 10.24 ent 1.89 kl 0.009 | hit/swing 48% dj/min 24.4 blk/min 13.2 abiHit 85 supHit 51 | self 1/4 hunter 5/12 hard 2/2 idle 1/1 sov fast 1/1 sovereign 4/5 medium 1/1 hard x3 1/1 expert 1/1 | roll 2.1s upd 8.3s
[brain] it 6777 [league 75%] R/ep 8.96 ent 1.99 kl 0.008 | hit/swing 41% dj/min 27.7 blk/min 10.3 abiHit 57 supHit 36 | hunter 8/11 sov fast 2/2 rushdown 1/1 self 1/4 aerial 1/1 expert 1/1 idle 1/1 sovereign 0/1 | roll 1.6s upd 8.0s
[brain] worker 0 failed (Attempted to use detached Frame '4D7757BC84D432B4715E3C06B165E9AD'.); relaunching
[brain] worker 1 failed (Attempted to use detached Frame '0FF319C2B0B30F2E727BE73E25D7B492'.); relaunching
[brain] worker 2 failed (Attempted to use detached Frame 'CC9D23CA0B2013B0B99EA883894766DE'.); relaunching
[brain] no worker returned data this iteration
[brain] it 6778 [league 76%] R/ep 9.21 ent 2.03 kl 0.006 | hit/swing 47% dj/min 30.3 blk/min 13.6 abiHit 49 supHit 35 | sovereign 2/3 hunter 7/15 expert x2 1/1 expert 1/1 medium 1/1 sov fast 2/2 easy 1/1 | roll 1.8s upd 9.2s
[brain] it 6779 [league 75%] R/ep 9.94 ent 1.98 kl 0.010 | hit/swing 50% dj/min 27.1 blk/min 9.8 abiHit 80 supHit 44 | hard x3 0/1 hard 2/2 sovereign 1/2 expert 1/1 hunter 4/7 easy 1/1 sov fast 3/4 zoner 1/1 switcher 1/1 counter 1/1 self 1/2 summoner 1/1 | roll 1.7s upd 8.8s
[brain] it 6780 [league 74%] R/ep 13.39 ent 1.97 kl 0.007 | hit/swing 47% dj/min 26.4 blk/min 11.8 abiHit 81 supHit 49 | self 0/1 aerial 3/3 hunter 6/10 summoner 1/1 easy 2/2 sovereign 3/4 expert 1/1 sov fast 1/1 switcher 1/1 idle 1/1 | roll 1.6s upd 8.8s
[brain] it 6781 [league 74%] R/ep 11.84 ent 1.86 kl 0.008 | hit/swing 58% dj/min 23.3 blk/min 13.4 abiHit 91 supHit 67 | sov fast 6/7 hunter 9/13 idle 1/1 aerial 1/1 medium 2/2 summoner 2/3 sovereign 0/1 expert 3/3 self 1/1 turtle 1/1 | roll 1.7s upd 8.7s
[brain] it 6782 [league 73%] R/ep 11.12 ent 2.12 kl 0.008 | hit/swing 43% dj/min 32.3 blk/min 11.3 abiHit 63 supHit 30 | hunter 6/9 expert 1/1 summoner 1/1 self 3/3 switcher 1/1 sov fast 0/1 idle 1/1 expert x2 1/1 sovereign 0/1 | roll 1.8s upd 10.1s
[brain] it 6783 [league 72%] R/ep 12.28 ent 2.10 kl 0.008 | hit/swing 53% dj/min 29.8 blk/min 9.3 abiHit 72 supHit 38 | hunter 6/6 idle 2/2 sovereign 1/4 summoner 1/1 easy 1/1 sov fast 1/3 zoner 2/2 expert 1/1 counter 1/1 hard 2/2 human 1/1 | roll 1.8s upd 7.8s
[brain] it 6784 [league 71%] R/ep 11.86 ent 1.92 kl 0.010 | hit/swing 56% dj/min 25.4 blk/min 14.0 abiHit 76 supHit 50 | hard 1/1 sov fast 0/1 hunter 8/12 expert 4/4 medium 1/1 sovereign 0/1 hard x3 1/2 expert x2 0/1 summoner 1/1 idle 1/1 aerial 1/1 | roll 1.5s upd 7.3s
[brain] it 6785 [league 71%] R/ep 10.71 ent 2.14 kl 0.007 | hit/swing 48% dj/min 29.7 blk/min 8.8 abiHit 66 supHit 35 | medium 1/1 sov fast 1/2 hunter 3/6 summoner 1/1 self 0/2 expert 3/3 expert x2 2/2 sovereign 1/2 hard 1/1 aerial 1/1 | roll 1.6s upd 6.9s
[brain] it 6786 [league 71%] R/ep 12.25 ent 1.97 kl 0.009 | hit/swing 56% dj/min 26.0 blk/min 10.5 abiHit 92 supHit 47 | sov fast 2/2 zoner 3/3 expert 5/5 self 2/4 aerial 1/1 medium 1/1 hunter 4/8 easy 1/1 switcher 1/1 sovereign 1/1 expert x2 1/1 rushdown 1/1 human 0/1 | roll 1.6s upd 7.6s
[brain] it 6787 [league 71%] R/ep 10.19 ent 1.94 kl 0.008 | hit/swing 60% dj/min 25.7 blk/min 12.8 abiHit 72 supHit 44 | hunter 7/13 sovereign 3/3 rushdown 1/1 sov fast 1/2 switcher 1/1 turtle 1/1 idle 1/1 hard x3 1/1 self 0/2 expert 1/1 easy 1/1 | roll 1.7s upd 7.7s
[brain] it 6788 [league 70%] R/ep 8.14 ent 2.05 kl 0.010 | hit/swing 46% dj/min 28.6 blk/min 8.9 abiHit 48 supHit 40 | hunter 7/13 sovereign 4/6 sov fast 2/2 self 3/3 expert 1/1 human 0/1 zoner 1/1 | roll 1.6s upd 7.0s
[brain] it 6789 [league 70%] R/ep 11.84 ent 2.10 kl 0.008 | hit/swing 47% dj/min 29.9 blk/min 9.6 abiHit 53 supHit 44 | expert x2 1/1 medium 1/1 hunter 5/8 self 1/2 expert 1/1 human 1/1 sovereign 2/3 hard x3 1/1 sov fast 2/2 switcher 1/1 turtle 1/1 | roll 1.5s upd 7.0s
[brain] it 6790 [league 70%] R/ep 12.20 ent 1.98 kl 0.007 | hit/swing 49% dj/min 27.6 blk/min 11.3 abiHit 79 supHit 47 | hunter 5/7 summoner 1/1 aerial 1/1 sov fast 3/3 sovereign 2/2 self 3/4 hard 1/1 expert x2 1/1 human 1/1 idle 1/1 turtle 0/1 | roll 1.6s upd 7.1s
[brain] it 6791 [league 71%] R/ep 11.60 ent 1.94 kl 0.006 | hit/swing 51% dj/min 25.4 blk/min 12.5 abiHit 59 supHit 52 | expert 2/2 hunter 8/11 self 0/1 sov fast 1/3 easy 3/3 sovereign 2/3 aerial 0/1 expert x2 2/2 idle 1/1 zoner 1/1 | roll 1.4s upd 7.1s
[brain] it 6792 [league 71%] R/ep 8.83 ent 1.99 kl 0.008 | hit/swing 34% dj/min 29.4 blk/min 10.1 abiHit 58 supHit 22 | hunter 6/10 self 1/3 sovereign 2/3 easy 1/1 sov fast 1/1 counter 1/1 | roll 1.6s upd 7.7s
[brain] it 6793 [league 72%] R/ep 12.79 ent 1.92 kl 0.009 | hit/swing 58% dj/min 24.7 blk/min 10.9 abiHit 69 supHit 61 | hunter 8/9 expert 4/4 self 0/1 turtle 2/2 sovereign 3/4 idle 2/2 human 0/1 sov fast 2/2 switcher 2/2 counter 1/1 | roll 1.5s upd 7.3s
[brain] it 6794 [league 72%] R/ep 8.99 ent 2.06 kl 0.008 | hit/swing 40% dj/min 26.7 blk/min 10.7 abiHit 54 supHit 48 | sov fast 2/3 hunter 6/8 self 0/3 hard 1/1 summoner 0/1 sovereign 3/4 expert 2/2 easy 1/1 zoner 1/1 | roll 1.6s upd 7.8s
[brain] it 6795 [league 73%] R/ep 10.15 ent 1.85 kl 0.010 | hit/swing 58% dj/min 22.8 blk/min 14.5 abiHit 68 supHit 49 | hunter 8/13 easy 1/1 expert 2/2 sovereign 3/3 sov fast 3/4 zoner 1/1 medium 1/1 hard x3 0/1 self 1/2 hard 1/1 | roll 1.6s upd 7.1s
[brain] it 6796 [league 72%] R/ep 13.84 ent 1.91 kl 0.009 | hit/swing 58% dj/min 24.1 blk/min 11.9 abiHit 94 supHit 85 | easy 1/1 hunter 6/10 sovereign 2/3 self 2/3 sov fast 3/4 summoner 1/1 rushdown 1/1 expert 4/4 hard 1/1 expert x2 3/3 idle 1/1 human 1/1 zoner 1/1 aerial 1/1 | roll 1.7s upd 8.5s
[brain] it 6797 [league 73%] R/ep 12.14 ent 1.92 kl 0.007 | hit/swing 53% dj/min 23.5 blk/min 11.6 abiHit 82 supHit 45 | hunter 8/13 sov fast 3/6 easy 2/2 idle 1/1 sovereign 2/2 turtle 1/1 expert x2 1/1 expert 3/3 zoner 2/2 medium 1/1 | roll 1.7s upd 7.8s
[brain] it 6798 [league 73%] R/ep 12.32 ent 1.93 kl 0.009 | hit/swing 53% dj/min 24.5 blk/min 11.3 abiHit 60 supHit 31 | hard 1/1 easy 1/1 hunter 12/14 expert 1/1 self 1/2 medium 1/1 | roll 1.5s upd 7.1s
[brain] it 6799 [league 74%] R/ep 11.95 ent 1.91 kl 0.009 | hit/swing 55% dj/min 26.3 blk/min 10.7 abiHit 73 supHit 49 | hunter 13/15 expert x2 1/1 sov fast 3/3 sovereign 3/3 hard 1/1 self 0/1 easy 1/1 | roll 1.6s upd 7.3s
[brain] it 6800 [league 76%] R/ep 11.74 ent 1.91 kl 0.008 | hit/swing 57% dj/min 26.7 blk/min 11.5 abiHit 59 supHit 31 | hunter 10/11 hard 2/2 self 1/4 idle 2/2 sovereign 2/2 expert 1/1 zoner 1/1 | roll 1.6s upd 7.2s
[brain] it 6801 [league 76%] R/ep 10.62 ent 1.96 kl 0.010 | hit/swing 44% dj/min 26.6 blk/min 9.6 abiHit 83 supHit 48 | hunter 6/9 rushdown 1/1 summoner 1/1 sovereign 4/5 aerial 1/1 medium 1/1 self 1/1 sov fast 1/2 counter 1/1 hard x3 1/2 human 0/1 | roll 1.6s upd 7.9s
[brain] it 6802 [league 76%] R/ep 12.06 ent 1.98 kl 0.008 | hit/swing 41% dj/min 25.7 blk/min 10.7 abiHit 92 supHit 46 | hunter 9/11 hard 2/2 sov fast 3/3 aerial 2/2 sovereign 1/1 human 1/1 self 1/3 turtle 1/1 medium 2/2 hard x3 0/1 | roll 1.7s upd 7.9s
[brain] it 6803 [league 75%] R/ep 11.21 ent 1.87 kl 0.009 | hit/swing 58% dj/min 21.4 blk/min 9.5 abiHit 79 supHit 64 | sovereign 4/5 expert x2 1/1 sov fast 2/2 summoner 1/1 self 2/2 hunter 7/11 idle 1/1 hard x3 0/1 hard 1/1 turtle 1/1 counter 1/1 expert 1/1 | roll 1.6s upd 7.9s
[brain] it 6804 [league 74%] R/ep 11.18 ent 1.95 kl 0.008 | hit/swing 52% dj/min 28.1 blk/min 9.8 abiHit 80 supHit 31 | hunter 8/12 hard 1/1 idle 2/2 counter 1/1 zoner 1/1 expert 2/2 sov fast 2/2 hard x3 0/1 sovereign 0/1 switcher 0/1 | roll 1.6s upd 7.5s
[brain] it 6805 [league 74%] R/ep 12.20 ent 1.97 kl 0.007 | hit/swing 46% dj/min 26.9 blk/min 9.9 abiHit 79 supHit 60 | sov fast 3/4 medium 1/1 sovereign 1/1 hard x3 2/3 hunter 5/8 easy 1/1 self 3/5 turtle 1/1 summoner 1/1 expert 1/1 switcher 1/1 | roll 1.7s upd 7.9s
[brain] it 6806 [league 76%] R/ep 14.55 ent 2.08 kl 0.009 | hit/swing 44% dj/min 28.7 blk/min 11.5 abiHit 76 supHit 46 | hard 1/1 sovereign 3/3 hunter 6/10 turtle 2/2 zoner 2/2 self 1/1 expert 2/2 hard x3 1/2 | roll 1.9s upd 8.7s
[brain] it 6807 [league 74%] R/ep 10.64 ent 1.93 kl 0.009 | hit/swing 55% dj/min 26.6 blk/min 10.5 abiHit 100 supHit 60 | idle 1/1 hunter 5/8 human 3/3 sovereign 3/6 sov fast 3/3 expert 3/3 self 2/2 switcher 3/3 summoner 1/1 | roll 1.8s upd 8.3s
[brain] it 6808 [league 72%] R/ep 8.48 ent 2.00 kl 0.008 | hit/swing 43% dj/min 28.6 blk/min 10.2 abiHit 87 supHit 41 | sov fast 1/2 summoner 2/2 counter 0/1 expert 2/2 sovereign 4/6 medium 1/1 expert x2 1/1 self 0/2 hunter 5/6 hard 2/2 | roll 1.7s upd 7.7s
[brain] it 6809 [league 71%] R/ep 8.31 ent 2.04 kl 0.007 | hit/swing 63% dj/min 30.9 blk/min 10.8 abiHit 55 supHit 31 | sovereign 1/2 hunter 3/8 switcher 1/1 idle 2/2 sov fast 1/3 hard 1/1 easy 1/1 self 0/2 medium 1/1 expert x2 1/1 | roll 1.9s upd 8.4s
[brain] it 6810 [league 71%] R/ep 12.66 ent 1.87 kl 0.007 | hit/swing 45% dj/min 22.6 blk/min 9.7 abiHit 104 supHit 55 | sov fast 4/6 hunter 5/7 aerial 2/2 summoner 2/2 expert 3/3 sovereign 1/1 turtle 1/1 rushdown 2/2 self 0/1 medium 1/1 easy 1/1 expert x2 1/1 | roll 1.5s upd 7.8s
[brain] it 6811 [league 71%] R/ep 13.82 ent 1.95 kl 0.008 | hit/swing 47% dj/min 29.5 blk/min 11.5 abiHit 78 supHit 53 | self 1/2 medium 1/1 idle 1/1 sovereign 3/3 zoner 1/1 aerial 4/4 hunter 5/8 sov fast 2/2 summoner 1/1 hard x3 0/1 rushdown 1/1 | roll 1.6s upd 7.8s
[brain] it 6812 [league 71%] R/ep 13.13 ent 1.89 kl 0.006 | hit/swing 56% dj/min 24.8 blk/min 12.2 abiHit 82 supHit 62 | sovereign 2/2 easy 1/1 hunter 9/11 idle 1/1 expert x2 1/1 rushdown 1/1 aerial 2/2 sov fast 2/3 switcher 1/1 hard 1/1 self 2/3 expert 1/1 hard x3 0/1 medium 1/1 | roll 1.8s upd 7.8s
[brain] it 6813 [league 71%] R/ep 12.58 ent 1.86 kl 0.008 | hit/swing 51% dj/min 23.2 blk/min 12.0 abiHit 83 supHit 61 | switcher 2/2 hunter 9/11 sov fast 0/2 rushdown 2/2 medium 2/2 expert 1/1 sovereign 2/3 turtle 1/1 human 1/1 idle 1/1 self 1/2 | roll 1.6s upd 7.8s
[brain] it 6814 [league 73%] R/ep 11.58 ent 1.99 kl 0.008 | hit/swing 62% dj/min 25.6 blk/min 11.1 abiHit 84 supHit 46 | sovereign 4/4 hunter 4/8 sov fast 1/2 easy 2/2 idle 3/3 hard 2/2 medium 1/1 self 0/1 hard x3 1/1 rushdown 0/1 aerial 1/1 | roll 1.7s upd 8.8s
[brain] it 6815 [league 73%] R/ep 8.13 ent 1.92 kl 0.009 | hit/swing 58% dj/min 27.5 blk/min 12.2 abiHit 72 supHit 40 | sovereign 1/2 hunter 5/9 hard 4/4 self 0/2 medium 2/2 aerial 1/1 summoner 1/1 sov fast 0/2 | roll 1.7s upd 8.1s
[brain] it 6816 [league 73%] R/ep 13.78 ent 1.91 kl 0.008 | hit/swing 58% dj/min 25.2 blk/min 10.9 abiHit 88 supHit 60 | rushdown 1/1 easy 3/3 sov fast 2/2 self 1/3 idle 1/1 hunter 8/9 summoner 3/3 medium 2/2 expert x2 2/2 sovereign 2/2 zoner 1/1 | roll 1.6s upd 8.2s
[brain] it 6817 [league 74%] R/ep 12.05 ent 1.91 kl 0.008 | hit/swing 47% dj/min 23.4 blk/min 11.0 abiHit 85 supHit 49 | switcher 2/2 easy 2/2 hunter 3/7 expert x2 1/2 expert 1/1 turtle 1/1 sovereign 2/3 rushdown 1/1 idle 1/1 self 2/3 summoner 1/1 counter 1/1 | roll 1.8s upd 8.5s
[brain] it 6818 [league 75%] R/ep 8.90 ent 1.99 kl 0.008 | hit/swing 47% dj/min 28.3 blk/min 9.4 abiHit 74 supHit 37 | sovereign 2/5 hard 1/1 idle 1/1 hunter 6/10 medium 3/3 self 0/2 sov fast 1/1 counter 1/1 summoner 1/1 | roll 1.7s upd 8.3s
[brain] it 6819 [league 76%] R/ep 9.36 ent 1.99 kl 0.006 | hit/swing 47% dj/min 26.3 blk/min 10.7 abiHit 85 supHit 42 | hunter 5/12 sov fast 0/2 easy 1/1 hard x3 1/1 self 2/2 rushdown 1/1 sovereign 2/2 expert 3/3 | roll 2.0s upd 8.6s
[brain] it 6820 [league 77%] R/ep 13.87 ent 2.01 kl 0.007 | hit/swing 60% dj/min 27.9 blk/min 11.8 abiHit 75 supHit 48 | turtle 1/1 sovereign 2/2 hunter 10/13 sov fast 1/1 expert 2/2 easy 1/1 counter 1/1 idle 1/1 hard x3 1/1 | roll 1.7s upd 8.3s
[brain] it 6821 [league 77%] R/ep 13.46 ent 1.85 kl 0.008 | hit/swing 54% dj/min 24.2 blk/min 12.5 abiHit 70 supHit 49 | hard 4/4 counter 1/1 sov fast 3/4 hunter 10/13 medium 1/1 sovereign 1/1 idle 1/1 aerial 1/1 zoner 1/1 expert 1/1 summoner 1/1 | roll 1.9s upd 8.3s
[brain] it 6822 [league 78%] R/ep 8.23 ent 1.95 kl 0.007 | hit/swing 38% dj/min 28.1 blk/min 11.5 abiHit 80 supHit 48 | sov fast 1/3 self 2/4 hard 2/2 sovereign 3/3 turtle 1/1 easy 1/1 hunter 6/11 | roll 1.8s upd 8.3s
[brain] it 6823 [league 77%] R/ep 6.16 ent 1.95 kl 0.008 | hit/swing 44% dj/min 26.4 blk/min 12.0 abiHit 46 supHit 46 | hunter 3/10 easy 1/1 sovereign 4/6 idle 2/2 sov fast 1/3 turtle 1/1 expert 1/1 self 0/1 medium 2/2 | roll 1.6s upd 7.9s
[brain] it 6824 [league 77%] R/ep 12.17 ent 2.06 kl 0.006 | hit/swing 52% dj/min 32.3 blk/min 8.5 abiHit 75 supHit 37 | hard x3 1/2 rushdown 1/1 self 2/2 hunter 4/5 sov fast 3/5 sovereign 1/2 summoner 1/1 expert 1/1 easy 2/2 | roll 1.8s upd 8.1s
[brain] it 6825 [league 76%] R/ep 9.55 ent 1.95 kl 0.009 | hit/swing 59% dj/min 26.8 blk/min 13.7 abiHit 61 supHit 44 | easy 2/2 sovereign 3/5 switcher 0/1 summoner 1/1 expert 4/4 hunter 5/11 self 0/1 counter 0/1 hard 1/1 hard x3 1/1 | roll 2.1s upd 9.6s
[brain] it 6826 [league 76%] R/ep 10.15 ent 2.05 kl 0.009 | hit/swing 54% dj/min 31.4 blk/min 9.8 abiHit 53 supHit 45 | sovereign 2/2 sov fast 3/3 hunter 5/10 expert 1/1 aerial 1/1 easy 2/2 idle 1/1 summoner 1/1 rushdown 1/1 turtle 1/1 self 0/1 | roll 2.0s upd 8.6s
[brain] it 6827 [league 77%] R/ep 12.87 ent 1.98 kl 0.007 | hit/swing 49% dj/min 28.4 blk/min 9.4 abiHit 48 supHit 62 | hunter 8/11 expert x2 2/2 self 2/3 sov fast 3/4 hard 2/2 zoner 2/2 sovereign 1/1 expert 1/1 | roll 1.8s upd 8.7s
[brain] it 6828 [league 77%] R/ep 15.59 ent 1.85 kl 0.010 | hit/swing 66% dj/min 24.0 blk/min 13.3 abiHit 94 supHit 61 | medium 3/3 easy 1/1 hunter 7/9 sovereign 2/2 self 1/3 hard x3 2/2 sov fast 1/1 counter 1/1 turtle 1/1 | roll 1.9s upd 8.8s
[brain] it 6829 [league 78%] R/ep 13.67 ent 1.90 kl 0.009 | hit/swing 57% dj/min 26.2 blk/min 11.1 abiHit 99 supHit 49 | switcher 0/1 hard x3 2/3 sov fast 1/1 hunter 4/7 hard 1/1 sovereign 3/4 expert 2/2 self 3/3 medium 2/2 zoner 1/1 counter 1/1 aerial 1/1 | roll 1.8s upd 8.1s
[brain] it 6830 [league 77%] R/ep 10.50 ent 1.89 kl 0.007 | hit/swing 45% dj/min 26.9 blk/min 13.5 abiHit 74 supHit 37 | hunter 3/7 switcher 1/1 sovereign 1/2 self 2/6 sov fast 2/2 zoner 1/1 expert 1/1 medium 1/1 rushdown 1/1 idle 1/1 | roll 2.0s upd 8.9s
[brain] it 6831 [league 76%] R/ep 9.57 ent 2.02 kl 0.008 | hit/swing 41% dj/min 27.9 blk/min 10.3 abiHit 89 supHit 37 | sovereign 1/2 self 0/1 hunter 3/11 sov fast 1/1 expert x2 1/1 easy 1/1 expert 2/2 medium 2/2 turtle 1/1 switcher 1/1 | roll 2.2s upd 8.9s
[brain] it 6832 [league 74%] R/ep 8.73 ent 2.04 kl 0.008 | hit/swing 44% dj/min 29.6 blk/min 13.1 abiHit 65 supHit 40 | expert x2 1/1 hunter 5/11 rushdown 0/1 sovereign 0/3 turtle 1/1 switcher 2/2 zoner 2/2 sov fast 0/1 medium 1/1 hard x3 0/1 | roll 1.8s upd 289.1s
[brain] worker 0 failed (Attempted to use detached Frame '5F5ABE1291E698653151BD9CE65F2A58'.); relaunching
[brain] worker 1 failed (Attempted to use detached Frame 'A091BDEDCB88DD8E1A99397B1060CA19'.); relaunching
[brain] worker 2 failed (Attempted to use detached Frame 'FE8BF897F58037DCF5601ED9F18F51C5'.); relaunching
[brain] no worker returned data this iteration
[brain] it 6833 [league 73%] R/ep 12.02 ent 1.91 kl 0.007 | hit/swing 57% dj/min 25.9 blk/min 9.2 abiHit 102 supHit 57 | expert x2 1/1 expert 4/4 sovereign 3/4 switcher 2/2 hunter 7/9 easy 2/2 sov fast 2/3 hard 1/1 self 0/1 idle 1/1 human 1/1 | roll 3.2s upd 32.3s
[brain] it 6834 [league 72%] R/ep 9.05 ent 1.98 kl 0.008 | hit/swing 52% dj/min 30.8 blk/min 9.7 abiHit 62 supHit 36 | hunter 7/8 expert 1/1 self 3/4 counter 1/1 sov fast 2/3 turtle 1/1 idle 1/1 switcher 0/1 sovereign 0/1 easy 1/1 | roll 1.2s upd 904.0s
[brain] it 6835 [league 71%] R/ep 9.14 ent 1.98 kl 0.009 | hit/swing 55% dj/min 30.4 blk/min 11.2 abiHit 71 supHit 46 | expert x2 0/1 hunter 7/11 medium 1/1 self 1/2 turtle 1/1 aerial 1/1 sov fast 1/2 idle 2/2 sovereign 2/3 hard 1/1 easy 1/1 hard x3 0/1 | roll 4.8s upd 30.7s
[brain] it 6836 [league 71%] R/ep 9.71 ent 1.95 kl 0.008 | hit/swing 43% dj/min 27.7 blk/min 8.5 abiHit 87 supHit 50 | self 1/2 hunter 4/6 sov fast 3/5 sovereign 4/5 aerial 1/1 turtle 1/1 medium 1/1 switcher 1/1 summoner 1/1 counter 1/1 expert 1/1 | roll 3.3s upd 20.5s
[brain] it 6837 [league 71%] R/ep 12.64 ent 1.83 kl 0.006 | hit/swing 49% dj/min 24.1 blk/min 10.2 abiHit 80 supHit 61 | expert 2/2 hunter 8/11 sovereign 1/1 switcher 1/1 self 2/4 hard 1/1 summoner 1/1 zoner 1/1 sov fast 4/4 easy 1/1 idle 1/1 turtle 1/1 | roll 3.1s upd 21.4s
[brain] it 6838 [league 72%] R/ep 8.85 ent 1.96 kl 0.009 | hit/swing 53% dj/min 28.5 blk/min 9.8 abiHit 48 supHit 32 | hunter 7/10 sovereign 3/3 sov fast 2/2 counter 1/1 idle 2/2 self 2/3 summoner 1/1 | roll 3.2s upd 366.9s
[brain] it 6839 [league 72%] R/ep 8.70 ent 2.07 kl 0.008 | hit/swing 33% dj/min 34.5 blk/min 11.2 abiHit 53 supHit 24 | sovereign 3/4 sov fast 1/2 hunter 5/11 human 1/1 hard 1/1 medium 1/1 | roll 1.3s upd 5.9s
[brain] it 6840 [league 72%] R/ep 7.39 ent 1.97 kl 0.009 | hit/swing 37% dj/min 28.0 blk/min 11.6 abiHit 76 supHit 36 | hunter 2/9 hard x3 0/1 rushdown 1/1 sov fast 2/2 self 1/4 idle 1/1 medium 1/1 easy 1/1 expert 1/1 turtle 1/1 | roll 1.1s upd 5.6s
[brain] it 6841 [league 70%] R/ep 8.97 ent 1.95 kl 0.006 | hit/swing 52% dj/min 27.1 blk/min 9.3 abiHit 72 supHit 44 | summoner 1/1 hunter 6/10 self 0/1 switcher 1/1 rushdown 1/1 sov fast 1/2 idle 2/2 sovereign 0/2 zoner 1/1 expert 1/1 hard x3 0/1 hard 1/1 | roll 1.1s upd 5.6s
[brain] it 6842 [league 68%] R/ep 5.37 ent 2.17 kl 0.011 | hit/swing 30% dj/min 36.7 blk/min 7.4 abiHit 49 supHit 21 | hard 2/2 self 0/1 hunter 3/8 sov fast 1/3 summoner 1/1 expert 2/2 sovereign 0/2 rushdown 1/1 | roll 1.4s upd 6.2s
[brain] it 6843 [league 68%] R/ep 9.01 ent 1.99 kl 0.008 | hit/swing 48% dj/min 30.2 blk/min 11.8 abiHit 54 supHit 46 | self 1/5 hunter 9/12 easy 1/1 switcher 1/1 medium 2/2 sovereign 0/1 sov fast 1/2 expert x2 1/1 expert 1/1 | roll 1.4s upd 6.2s
[brain] it 6844 [league 69%] R/ep 13.87 ent 1.91 kl 0.006 | hit/swing 61% dj/min 28.2 blk/min 10.3 abiHit 77 supHit 60 | hard x3 1/2 sov fast 4/4 hunter 6/10 human 1/1 easy 2/2 aerial 2/2 self 0/1 medium 1/1 counter 1/1 summoner 1/1 sovereign 1/1 | roll 1.2s upd 6.0s
[brain] it 6845 [league 69%] R/ep 12.70 ent 1.95 kl 0.008 | hit/swing 61% dj/min 25.9 blk/min 9.8 abiHit 84 supHit 68 | hunter 4/8 sov fast 4/5 switcher 1/1 self 1/2 hard 1/1 sovereign 1/2 expert 2/2 medium 1/1 expert x2 2/2 idle 2/2 easy 2/2 aerial 1/1 hard x3 1/1 human 1/1 | roll 1.2s upd 6.1s
[brain] it 6846 [league 69%] R/ep 13.75 ent 1.86 kl 0.009 | hit/swing 65% dj/min 25.2 blk/min 12.5 abiHit 77 supHit 48 | hard 2/2 sov fast 2/4 self 1/1 hunter 9/11 sovereign 3/3 turtle 1/1 idle 2/2 counter 2/2 switcher 1/1 | roll 1.3s upd 6.2s
[brain] it 6847 [league 70%] R/ep 9.56 ent 1.93 kl 0.007 | hit/swing 53% dj/min 24.6 blk/min 14.0 abiHit 65 supHit 46 | hunter 4/8 self 1/6 sovereign 2/2 zoner 1/1 expert 4/4 sov fast 3/3 hard 1/1 hard x3 1/1 easy 1/1 | roll 1.4s upd 6.3s
[brain] it 6848 [league 71%] R/ep 11.58 ent 2.03 kl 0.006 | hit/swing 44% dj/min 28.2 blk/min 11.2 abiHit 65 supHit 52 | medium 2/2 self 0/3 sovereign 3/4 expert 2/2 sov fast 1/1 turtle 1/1 hunter 6/7 hard 1/1 summoner 1/1 easy 1/1 rushdown 1/1 | roll 1.3s upd 6.2s
[brain] it 6849 [league 70%] R/ep 12.59 ent 2.12 kl 0.006 | hit/swing 48% dj/min 33.3 blk/min 9.0 abiHit 87 supHit 44 | hunter 8/8 expert x2 2/2 expert 1/1 easy 1/1 sov fast 2/5 hard 1/1 sovereign 1/2 human 1/1 self 0/1 rushdown 1/1 | roll 1.4s upd 6.3s
[brain] it 6850 [league 69%] R/ep 12.37 ent 2.03 kl 0.008 | hit/swing 58% dj/min 31.3 blk/min 9.4 abiHit 82 supHit 36 | sov fast 1/3 sovereign 3/4 hard x3 0/1 turtle 2/2 hunter 6/7 self 1/2 hard 1/1 medium 1/1 zoner 1/1 switcher 1/1 | roll 1.3s upd 6.8s
[brain] it 6851 [league 69%] R/ep 11.34 ent 2.09 kl 0.008 | hit/swing 42% dj/min 29.5 blk/min 8.5 abiHit 56 supHit 32 | zoner 1/1 self 2/3 hunter 4/7 medium 2/2 sovereign 4/5 counter 2/2 switcher 1/1 aerial 1/1 | roll 1.2s upd 6.0s
[brain] worker 0 failed (Attempted to use detached Frame '30E847E805DC7CE3F1A3E4DD1AC53DA2'.); relaunching
[brain] worker 1 failed (Attempted to use detached Frame '646F36B406C11CD75A95DD2EB42F0524'.); relaunching
[brain] worker 2 failed (Attempted to use detached Frame 'AF3ED0BB521D8A2B5A39BB93BBD028E2'.); relaunching
[brain] no worker returned data this iteration
[brain] it 6852 [league 68%] R/ep 9.32 ent 2.04 kl 0.006 | hit/swing 38% dj/min 29.2 blk/min 10.0 abiHit 53 supHit 28 | hunter 7/11 idle 1/1 medium 2/2 self 0/2 sov fast 1/2 summoner 1/1 hard 1/1 sovereign 1/2 turtle 1/1 | roll 1.7s upd 5.9s
[brain] it 6853 [league 67%] R/ep 10.21 ent 1.86 kl 0.007 | hit/swing 48% dj/min 25.4 blk/min 15.1 abiHit 64 supHit 27 | self 0/2 hunter 7/12 sovereign 0/1 expert 2/2 medium 1/1 hard 1/1 switcher 0/1 | roll 1.3s upd 5.7s
[brain] it 6854 [league 67%] R/ep 10.29 ent 2.02 kl 0.007 | hit/swing 48% dj/min 29.1 blk/min 10.2 abiHit 59 supHit 38 | idle 2/2 self 1/3 hunter 7/9 expert 2/2 medium 1/1 sovereign 3/5 human 1/1 zoner 1/1 | roll 1.3s upd 6.7s
[brain] it 6855 [league 68%] R/ep 11.63 ent 1.85 kl 0.007 | hit/swing 61% dj/min 24.8 blk/min 13.5 abiHit 82 supHit 56 | hunter 9/13 rushdown 1/1 self 2/3 turtle 1/1 sov fast 2/2 expert 1/1 sovereign 2/2 aerial 1/1 idle 1/1 hard 1/1 | roll 1.3s upd 6.1s
[brain] it 6856 [league 69%] R/ep 11.80 ent 2.00 kl 0.006 | hit/swing 46% dj/min 26.6 blk/min 11.3 abiHit 56 supHit 35 | hunter 7/11 self 1/1 sov fast 2/3 counter 1/1 summoner 2/2 easy 1/1 switcher 1/1 aerial 1/1 sovereign 1/1 | roll 1.3s upd 6.3s
[brain] it 6857 [league 69%] R/ep 13.38 ent 1.94 kl 0.009 | hit/swing 56% dj/min 26.6 blk/min 12.5 abiHit 42 supHit 50 | hunter 8/12 human 1/1 self 1/2 switcher 1/1 counter 1/1 hard 1/1 rushdown 1/1 zoner 2/2 sovereign 1/2 turtle 1/1 hard x3 1/1 | roll 1.4s upd 6.1s
[brain] it 6858 [league 68%] R/ep 8.66 ent 2.10 kl 0.009 | hit/swing 51% dj/min 29.6 blk/min 9.9 abiHit 55 supHit 29 | self 1/3 easy 1/1 sov fast 1/1 hunter 3/9 sovereign 0/1 medium 1/1 hard 1/1 expert x2 1/1 turtle 1/1 zoner 1/1 summoner 1/1 | roll 1.6s upd 7.1s
[brain] it 6859 [league 68%] R/ep 12.40 ent 1.88 kl 0.008 | hit/swing 42% dj/min 28.2 blk/min 11.0 abiHit 65 supHit 53 | easy 2/2 self 2/5 sov fast 2/2 hunter 4/7 turtle 1/1 sovereign 1/1 expert 1/1 human 1/1 medium 1/1 zoner 1/1 hard 1/1 aerial 1/1 | roll 1.4s upd 7.2s
[brain] it 6860 [league 68%] R/ep 15.66 ent 1.89 kl 0.008 | hit/swing 56% dj/min 24.9 blk/min 11.9 abiHit 73 supHit 46 | hunter 6/8 turtle 1/1 sov fast 4/4 sovereign 1/1 switcher 1/1 expert 1/1 self 1/1 hard x3 1/2 easy 1/1 idle 1/1 human 1/1 medium 1/1 | roll 1.3s upd 6.1s
[brain] it 6861 [league 67%] R/ep 7.76 ent 1.99 kl 0.008 | hit/swing 39% dj/min 29.3 blk/min 10.2 abiHit 64 supHit 33 | turtle 2/2 hunter 4/6 self 1/2 counter 1/1 expert 1/1 sov fast 0/3 sovereign 3/4 switcher 1/1 easy 1/1 | roll 1.3s upd 5.5s
[brain] it 6862 [league 65%] R/ep 11.70 ent 1.96 kl 0.009 | hit/swing 55% dj/min 29.2 blk/min 12.8 abiHit 50 supHit 34 | hunter 9/14 zoner 1/1 sov fast 3/3 sovereign 0/2 hard 1/1 medium 1/1 easy 2/2 rushdown 1/1 self 1/1 | roll 1.3s upd 5.5s
[brain] it 6863 [league 65%] R/ep 13.31 ent 1.98 kl 0.006 | hit/swing 51% dj/min 28.3 blk/min 10.2 abiHit 88 supHit 59 | sov fast 2/3 self 0/2 hunter 10/11 switcher 1/1 expert x2 1/1 turtle 1/1 sovereign 2/3 easy 1/1 hard 1/1 expert 1/1 human 2/2 idle 2/2 | roll 1.4s upd 5.9s
[brain] it 6864 [league 65%] R/ep 11.44 ent 1.92 kl 0.008 | hit/swing 35% dj/min 26.2 blk/min 12.8 abiHit 92 supHit 37 | hunter 2/9 self 5/5 expert 2/2 summoner 1/1 hard x3 1/1 zoner 1/1 medium 2/2 sov fast 1/2 | roll 1.4s upd 5.4s
[brain] it 6865 [league 66%] R/ep 13.46 ent 1.89 kl 0.009 | hit/swing 50% dj/min 29.4 blk/min 11.2 abiHit 83 supHit 49 | expert 3/3 hunter 8/8 idle 2/2 sovereign 2/2 sov fast 2/2 self 2/4 turtle 1/1 human 1/1 hard x3 0/1 | roll 1.3s upd 5.7s
[brain] it 6866 [league 67%] R/ep 14.21 ent 1.91 kl 0.007 | hit/swing 57% dj/min 26.3 blk/min 12.5 abiHit 79 supHit 37 | hunter 12/14 self 2/2 zoner 1/1 sov fast 1/2 sovereign 2/2 idle 1/1 hard x3 1/1 summoner 1/1 turtle 1/1 | roll 1.5s upd 6.3s
[brain] it 6867 [league 67%] R/ep 13.91 ent 1.91 kl 0.007 | hit/swing 60% dj/min 26.9 blk/min 11.7 abiHit 67 supHit 57 | self 1/2 summoner 2/2 counter 2/2 hunter 10/12 aerial 2/2 sov fast 2/3 sovereign 2/2 expert x2 2/2 idle 1/1 medium 1/1 | roll 1.4s upd 6.1s
[brain] it 6868 [league 68%] R/ep 7.73 ent 2.05 kl 0.009 | hit/swing 35% dj/min 30.8 blk/min 9.4 abiHit 63 supHit 34 | sovereign 3/4 self 1/4 summoner 1/1 hunter 4/9 sov fast 2/2 idle 1/1 human 1/1 aerial 1/1 | roll 1.5s upd 6.1s
[brain] it 6869 [league 68%] R/ep 13.49 ent 2.00 kl 0.008 | hit/swing 52% dj/min 29.1 blk/min 12.1 abiHit 74 supHit 29 | self 3/3 human 0/1 hunter 8/10 easy 1/1 sovereign 3/3 switcher 1/1 hard x3 0/1 sov fast 1/1 | roll 1.4s upd 6.2s
[brain] it 6870 [league 68%] R/ep 11.12 ent 1.99 kl 0.009 | hit/swing 49% dj/min 28.6 blk/min 10.8 abiHit 64 supHit 35 | hard 1/1 expert 1/1 sovereign 4/4 switcher 1/1 expert x2 0/1 hunter 7/9 self 0/2 medium 1/1 summoner 1/1 sov fast 1/2 | roll 1.4s upd 5.8s
[brain] it 6871 [league 68%] R/ep 9.62 ent 1.86 kl 0.007 | hit/swing 44% dj/min 28.2 blk/min 9.5 abiHit 55 supHit 32 | hunter 6/9 sovereign 1/2 sov fast 2/2 turtle 1/1 expert 1/1 self 1/4 rushdown 1/1 easy 2/2 | roll 1.4s upd 6.0s
[brain] it 6872 [league 70%] R/ep 11.12 ent 1.89 kl 0.007 | hit/swing 54% dj/min 27.5 blk/min 10.1 abiHit 63 supHit 31 | rushdown 1/1 self 1/4 sovereign 3/3 hunter 8/10 aerial 1/1 idle 1/1 expert 2/2 sov fast 1/1 hard 1/1 | roll 1.4s upd 5.5s
[brain] it 6873 [league 70%] R/ep 10.01 ent 1.90 kl 0.007 | hit/swing 52% dj/min 26.0 blk/min 11.3 abiHit 62 supHit 36 | hunter 8/13 sovereign 1/1 summoner 1/1 turtle 1/1 hard 1/1 sov fast 1/2 switcher 1/1 idle 1/1 | roll 1.3s upd 5.3s
[brain] it 6874 [league 73%] R/ep 11.88 ent 2.02 kl 0.009 | hit/swing 51% dj/min 29.3 blk/min 9.4 abiHit 76 supHit 37 | hunter 8/10 sovereign 5/5 medium 1/1 rushdown 1/1 expert 1/1 sov fast 2/2 expert x2 1/1 self 1/1 idle 1/1 | roll 1.4s upd 5.4s
[brain] it 6875 [league 75%] R/ep 13.20 ent 1.95 kl 0.008 | hit/swing 57% dj/min 27.1 blk/min 11.6 abiHit 70 supHit 49 | hunter 5/8 hard x3 1/1 summoner 3/3 self 1/2 aerial 1/1 sovereign 3/3 turtle 1/1 sov fast 1/1 idle 1/1 expert x2 0/1 | roll 1.3s upd 5.2s
[brain] it 6876 [league 75%] R/ep 10.14 ent 1.98 kl 0.009 | hit/swing 39% dj/min 31.1 blk/min 10.7 abiHit 38 supHit 30 | hunter 10/13 sovereign 3/4 rushdown 1/1 self 0/2 | roll 1.4s upd 5.6s
[brain] it 6877 [league 75%] R/ep 10.08 ent 1.97 kl 0.009 | hit/swing 42% dj/min 25.8 blk/min 12.4 abiHit 71 supHit 50 | hunter 4/8 sov fast 3/3 sovereign 4/5 rushdown 0/1 switcher 1/1 summoner 2/2 medium 1/1 hard 1/1 aerial 1/1 self 0/1 expert x2 0/1 | roll 1.3s upd 4.9s
[brain] it 6878 [league 75%] R/ep 10.13 ent 1.97 kl 0.008 | hit/swing 38% dj/min 30.5 blk/min 10.7 abiHit 54 supHit 32 | idle 2/2 hunter 7/8 self 2/4 rushdown 1/1 sovereign 3/3 counter 1/1 switcher 0/1 | roll 1.2s upd 4.9s
[brain] it 6879 [league 75%] R/ep 14.62 ent 1.91 kl 0.009 | hit/swing 53% dj/min 28.2 blk/min 11.8 abiHit 68 supHit 64 | sov fast 1/2 sovereign 2/2 hunter 10/12 self 0/1 medium 2/2 hard x3 0/1 summoner 1/1 zoner 1/1 expert x2 1/1 idle 1/1 human 1/1 aerial 2/2 switcher 1/1 expert 1/1 | roll 1.2s upd 4.9s
[brain] it 6880 [league 76%] R/ep 13.93 ent 1.83 kl 0.008 | hit/swing 62% dj/min 23.8 blk/min 12.3 abiHit 82 supHit 56 | idle 1/1 zoner 1/1 easy 3/3 summoner 1/1 hunter 7/11 hard x3 1/1 self 1/3 expert 1/1 medium 3/3 aerial 2/2 sovereign 2/2 hard 1/1 expert x2 1/1 | roll 1.4s upd 5.3s
[brain] it 6881 [league 78%] R/ep 13.41 ent 2.01 kl 0.008 | hit/swing 42% dj/min 31.5 blk/min 9.1 abiHit 59 supHit 43 | sovereign 2/2 sov fast 1/3 idle 1/1 hunter 5/7 expert 1/1 rushdown 2/2 easy 1/1 self 2/2 zoner 2/2 hard 2/2 hard x3 1/1 switcher 1/1 turtle 1/1 | roll 1.3s upd 5.3s
[brain] it 6882 [league 81%] R/ep 10.99 ent 1.99 kl 0.007 | hit/swing 46% dj/min 30.5 blk/min 11.2 abiHit 57 supHit 49 | sovereign 4/5 hard 1/1 hunter 8/11 self 0/1 idle 1/1 sov fast 3/3 zoner 1/1 expert 1/1 | roll 1.2s upd 4.9s
[brain] it 6883 [league 81%] R/ep 13.98 ent 1.92 kl 0.008 | hit/swing 39% dj/min 28.0 blk/min 11.3 abiHit 64 supHit 42 | sov fast 2/2 hunter 5/11 counter 1/1 hard x3 3/3 self 2/3 sovereign 1/1 easy 1/1 | roll 1.4s upd 5.2s
[brain] it 6884 [league 79%] R/ep 8.92 ent 2.07 kl 0.009 | hit/swing 37% dj/min 34.2 blk/min 8.5 abiHit 50 supHit 33 | self 1/4 hunter 5/7 hard x3 1/1 rushdown 2/2 sovereign 1/3 easy 1/1 medium 1/1 hard 1/1 | roll 1.4s upd 5.3s
[brain] it 6885 [league 79%] R/ep 12.73 ent 2.00 kl 0.008 | hit/swing 43% dj/min 29.0 blk/min 9.8 abiHit 61 supHit 38 | hunter 5/8 self 1/4 expert 1/1 rushdown 1/1 sovereign 3/4 hard x3 2/2 expert x2 1/1 | roll 1.4s upd 5.3s
[brain] it 6886 [league 80%] R/ep 12.98 ent 1.92 kl 0.008 | hit/swing 58% dj/min 26.0 blk/min 12.3 abiHit 56 supHit 57 | self 0/3 hunter 7/8 sov fast 4/4 sovereign 5/5 expert x2 2/2 expert 1/1 summoner 1/1 | roll 1.2s upd 4.9s
[brain] it 6887 [league 79%] R/ep 12.94 ent 1.99 kl 0.008 | hit/swing 54% dj/min 29.4 blk/min 9.3 abiHit 66 supHit 32 | sov fast 2/2 switcher 1/1 expert 1/1 aerial 2/2 counter 3/3 hard x3 0/1 sovereign 1/2 hunter 5/7 self 1/2 rushdown 0/1 medium 1/1 | roll 1.2s upd 4.8s
[brain] it 6888 [league 80%] R/ep 13.95 ent 1.95 kl 0.008 | hit/swing 59% dj/min 28.4 blk/min 10.2 abiHit 91 supHit 53 | sov fast 2/4 counter 1/1 idle 2/2 hunter 5/8 sovereign 2/2 hard 1/1 expert x2 1/1 self 1/1 expert 1/1 turtle 2/2 hard x3 0/1 | roll 1.3s upd 5.7s
[brain] worker 0 failed (Protocol error (Runtime.callFunctionOn): Target closed); relaunching
[brain] worker 1 failed (Protocol error (Runtime.callFunctionOn): Target closed); relaunching
[brain] it 6889 [league 80%] R/ep 14.05 ent 1.78 kl 0.005 | hit/swing 43% dj/min 22.4 blk/min 14.3 abiHit 32 supHit 25 | switcher 1/1 hunter 2/3 medium 2/2 sov fast 1/1 sovereign 1/1 expert 1/1 aerial 0/1 | roll 6.3s upd 919.4s
[brain] worker 2 failed (Attempted to use detached Frame '77A957952F531BCF30DF9C2F399F804D'.); relaunching
[brain] it 6890 [league 81%] R/ep 9.11 ent 2.07 kl 0.009 | hit/swing 54% dj/min 33.0 blk/min 9.9 abiHit 22 supHit 20 | hard 1/1 self 2/4 sovereign 1/1 medium 1/1 hunter 1/2 sov fast 2/3 rushdown 1/1 | roll 5.0s upd 3.8s
[brain] it 6891 [league 81%] R/ep 14.69 ent 1.89 kl 0.009 | hit/swing 69% dj/min 25.3 blk/min 15.1 abiHit 59 supHit 46 | hard x3 1/1 counter 1/1 hunter 9/13 sov fast 1/1 sovereign 1/1 aerial 1/1 self 2/2 switcher 1/1 expert 1/1 medium 1/1 | roll 1.2s upd 5.9s
[brain] it 6892 [league 80%] R/ep 12.14 ent 1.91 kl 0.007 | hit/swing 53% dj/min 28.7 blk/min 11.3 abiHit 52 supHit 58 | self 1/2 sovereign 1/2 hunter 16/18 summoner 1/1 aerial 1/1 expert 1/1 idle 1/1 switcher 1/1 sov fast 1/1 | roll 1.4s upd 6.3s
[brain] it 6893 [league 81%] R/ep 13.96 ent 1.88 kl 0.008 | hit/swing 59% dj/min 24.9 blk/min 11.9 abiHit 97 supHit 49 | sovereign 1/2 hunter 9/11 easy 2/2 hard 1/1 rushdown 1/1 expert 2/2 sov fast 2/2 counter 2/2 idle 1/1 self 1/2 | roll 1.3s upd 6.9s
[brain] it 6894 [league 82%] R/ep 11.40 ent 1.95 kl 0.009 | hit/swing 57% dj/min 31.0 blk/min 10.7 abiHit 71 supHit 40 | hunter 7/11 sovereign 2/2 summoner 1/1 sov fast 0/2 expert 4/4 hard 1/1 idle 2/2 hard x3 1/1 self 0/1 | roll 1.4s upd 7.0s
[brain] it 6895 [league 82%] R/ep 12.77 ent 2.05 kl 0.007 | hit/swing 44% dj/min 34.2 blk/min 10.7 abiHit 82 supHit 61 | hunter 8/12 sov fast 4/5 sovereign 1/1 expert 1/1 expert x2 1/1 switcher 2/2 rushdown 1/1 hard 1/1 summoner 1/1 human 1/1 counter 1/1 | roll 1.5s upd 7.6s
[brain] it 6896 [league 82%] R/ep 14.44 ent 1.92 kl 0.008 | hit/swing 58% dj/min 28.6 blk/min 11.8 abiHit 81 supHit 44 | rushdown 1/1 sov fast 2/3 hunter 6/8 idle 2/2 self 3/4 summoner 2/2 switcher 1/1 expert x2 1/1 aerial 1/1 sovereign 1/1 expert 1/1 | roll 1.4s upd 6.7s
[brain] it 6897 [league 83%] R/ep 12.54 ent 2.05 kl 0.009 | hit/swing 62% dj/min 31.9 blk/min 11.9 abiHit 47 supHit 47 | hunter 5/7 sovereign 2/2 rushdown 2/3 expert x2 1/1 sov fast 1/4 hard x3 1/1 summoner 1/1 self 1/2 expert 1/1 | roll 1.5s upd 6.9s
[brain] it 6898 [league 83%] R/ep 6.10 ent 2.01 kl 0.008 | hit/swing 43% dj/min 29.7 blk/min 11.5 abiHit 39 supHit 29 | sovereign 1/1 self 0/5 hunter 7/10 aerial 1/1 sov fast 1/1 expert x2 1/1 human 0/1 switcher 1/1 | roll 1.6s upd 6.1s
[brain] it 6899 [league 83%] R/ep 12.41 ent 2.07 kl 0.006 | hit/swing 44% dj/min 31.9 blk/min 12.4 abiHit 59 supHit 31 | hunter 9/11 sov fast 2/2 self 0/1 medium 1/1 summoner 1/1 idle 1/1 sovereign 2/2 expert 2/2 human 0/2 | roll 1.5s upd 6.9s
[brain] it 6900 [league 85%] R/ep 13.11 ent 1.90 kl 0.009 | hit/swing 54% dj/min 27.6 blk/min 10.9 abiHit 84 supHit 65 | sov fast 4/5 human 1/1 expert 4/4 self 1/1 idle 2/2 hunter 8/11 hard 1/1 sovereign 2/2 switcher 1/1 counter 1/1 rushdown 1/1 easy 1/1 | roll 1.3s upd 7.0s
[brain] worker 0 relaunch failed: Attempted to use detached Frame '310AFD24012D5B2397CA5D85AC1365F2'.
[brain] it 6901 [league 85%] R/ep 12.32 ent 2.03 kl 0.008 | hit/swing 45% dj/min 26.7 blk/min 11.2 abiHit 46 supHit 19 | hunter 2/7 summoner 2/2 expert x2 1/1 zoner 1/1 sovereign 1/1 expert 1/1 idle 1/1 sov fast 2/2 self 1/1 | roll 8.1s upd 771.3s
[brain] worker 2 failed (Attempted to use detached Frame '3B9D9F812FBD883C96593D8BC38A8FDC'.); relaunching
[brain] it 6902 [league 85%] R/ep 11.97 ent 2.10 kl 0.007 | hit/swing 36% dj/min 32.1 blk/min 12.3 abiHit 27 supHit 17 | expert 1/1 sov fast 1/2 aerial 1/1 hunter 1/2 sovereign 2/2 | roll 4.6s upd 1.3s
[brain] it 6903 [league 86%] R/ep 13.80 ent 1.97 kl 0.007 | hit/swing 50% dj/min 29.7 blk/min 11.2 abiHit 36 supHit 35 | hunter 4/5 sovereign 3/3 expert 2/2 counter 0/1 aerial 1/1 hard x3 1/1 sov fast 1/1 turtle 1/1 easy 1/1 self 0/2 | roll 113.8s upd 4.0s
[brain] it 6904 [league 87%] R/ep 10.51 ent 1.97 kl 0.007 | hit/swing 53% dj/min 31.0 blk/min 10.4 abiHit 61 supHit 47 | sov fast 3/6 summoner 1/1 hunter 9/10 idle 2/2 rushdown 2/2 turtle 1/1 self 0/2 zoner 1/1 sovereign 1/2 | roll 1.6s upd 6.2s
[brain] it 6905 [league 88%] R/ep 13.68 ent 1.88 kl 0.009 | hit/swing 55% dj/min 27.1 blk/min 13.1 abiHit 69 supHit 42 | hunter 8/12 sovereign 4/4 sov fast 1/1 self 3/3 expert 3/3 zoner 2/2 summoner 1/1 rushdown 1/1 easy 1/1 | roll 1.4s upd 6.6s
[brain] it 6906 [league 88%] R/ep 11.93 ent 1.88 kl 0.007 | hit/swing 46% dj/min 25.9 blk/min 14.7 abiHit 75 supHit 40 | hunter 10/16 expert x2 1/1 self 2/2 medium 3/3 hard 1/1 sovereign 3/3 easy 2/2 zoner 1/1 sov fast 1/1 | roll 1.3s upd 6.2s
[brain] it 6907 [league 88%] R/ep 10.80 ent 1.99 kl 0.008 | hit/swing 53% dj/min 30.8 blk/min 9.8 abiHit 95 supHit 46 | sov fast 0/3 hard x3 0/2 aerial 1/1 turtle 1/1 sovereign 4/4 hunter 4/6 counter 1/1 switcher 1/1 self 2/2 human 1/1 easy 1/1 | roll 1.3s upd 6.3s
[brain] it 6908 [league 88%] R/ep 10.18 ent 1.95 kl 0.009 | hit/swing 39% dj/min 29.3 blk/min 13.7 abiHit 55 supHit 35 | hunter 8/15 hard 1/1 expert 1/1 hard x3 1/1 self 1/1 sov fast 1/1 | roll 1.5s upd 6.5s
[brain] it 6909 [league 88%] R/ep 11.04 ent 1.93 kl 0.010 | hit/swing 41% dj/min 26.2 blk/min 12.8 abiHit 64 supHit 44 | medium 2/2 hunter 4/11 expert 2/2 hard 2/2 self 0/2 sovereign 1/2 counter 1/1 human 1/1 zoner 2/2 sov fast 1/1 summoner 1/1 | roll 1.4s upd 6.6s
[brain] it 6910 [league 86%] R/ep 11.84 ent 2.05 kl 0.009 | hit/swing 56% dj/min 26.6 blk/min 10.9 abiHit 65 supHit 44 | summoner 1/1 hunter 4/9 expert 3/3 sovereign 2/4 easy 2/2 expert x2 2/2 counter 2/2 medium 1/1 sov fast 1/1 self 1/1 | roll 1.4s upd 5.9s
[brain] it 6911 [league 85%] R/ep 12.60 ent 1.92 kl 0.007 | hit/swing 46% dj/min 28.0 blk/min 12.4 abiHit 58 supHit 45 | hunter 9/11 sovereign 2/3 sov fast 3/3 self 0/3 rushdown 1/1 zoner 2/2 idle 1/1 aerial 1/1 hard 1/1 expert 1/1 | roll 1.5s upd 6.2s
[brain] it 6912 [league 85%] R/ep 14.24 ent 1.93 kl 0.009 | hit/swing 50% dj/min 27.9 blk/min 11.4 abiHit 123 supHit 52 | self 2/2 hunter 8/11 hard x3 1/2 idle 1/1 expert x2 2/2 turtle 1/1 sov fast 2/3 medium 1/1 expert 1/1 easy 1/1 | roll 1.6s upd 7.4s
[brain] it 6913 [league 85%] R/ep 13.07 ent 1.82 kl 0.008 | hit/swing 47% dj/min 22.2 blk/min 13.3 abiHit 93 supHit 53 | sov fast 3/3 self 1/1 sovereign 4/5 hunter 4/9 medium 1/1 counter 2/2 idle 2/2 turtle 1/1 hard 2/2 expert 3/3 aerial 1/1 | roll 1.5s upd 7.0s
[brain] it 6914 [league 85%] R/ep 11.17 ent 1.93 kl 0.008 | hit/swing 48% dj/min 29.2 blk/min 10.2 abiHit 63 supHit 47 | hunter 7/10 self 3/5 counter 1/1 sov fast 1/1 idle 1/1 sovereign 4/4 expert 1/1 human 1/1 turtle 1/1 | roll 1.5s upd 6.3s
[brain] it 6915 [league 85%] R/ep 13.20 ent 1.99 kl 0.008 | hit/swing 52% dj/min 32.0 blk/min 9.5 abiHit 79 supHit 43 | hunter 11/12 sov fast 5/5 idle 1/1 self 2/3 turtle 1/1 hard 1/1 hard x3 1/1 sovereign 1/1 | roll 1.5s upd 6.4s
[brain] it 6916 [league 85%] R/ep 9.09 ent 2.00 kl 0.009 | hit/swing 40% dj/min 28.6 blk/min 11.6 abiHit 56 supHit 43 | hunter 4/10 self 2/5 sovereign 2/2 easy 1/1 summoner 1/1 switcher 2/2 sov fast 1/1 hard x3 0/1 | roll 1.6s upd 7.0s
[brain] it 6917 [league 85%] R/ep 13.75 ent 1.88 kl 0.006 | hit/swing 63% dj/min 26.3 blk/min 13.5 abiHit 82 supHit 54 | medium 2/2 hunter 7/10 sov fast 5/5 rushdown 1/1 expert x2 1/1 expert 2/2 easy 1/1 zoner 2/2 hard 1/1 idle 1/1 summoner 1/1 self 1/2 | roll 1.4s upd 6.6s
[brain] it 6918 [league 85%] R/ep 9.59 ent 2.00 kl 0.007 | hit/swing 56% dj/min 31.4 blk/min 11.0 abiHit 74 supHit 39 | hunter 5/7 aerial 1/1 self 1/2 sov fast 4/8 sovereign 1/1 expert 1/1 turtle 1/1 | roll 1.4s upd 6.5s
[brain] it 6919 [league 85%] R/ep 12.45 ent 1.96 kl 0.008 | hit/swing 61% dj/min 30.6 blk/min 9.1 abiHit 80 supHit 38 | self 1/3 sov fast 2/3 easy 1/1 hard x3 1/1 aerial 1/1 summoner 1/2 hunter 7/8 human 0/1 hard 1/1 | roll 1.9s upd 10.9s
[brain] it 6920 [league 84%] R/ep 10.52 ent 1.98 kl 0.007 | hit/swing 56% dj/min 28.6 blk/min 9.6 abiHit 84 supHit 62 | hunter 4/9 sovereign 2/3 sov fast 5/5 aerial 2/2 self 2/3 turtle 2/2 hard 1/1 summoner 1/1 hard x3 1/1 expert 2/2 expert x2 1/1 switcher 1/1 idle 1/1 | roll 1.8s upd 6.3s
[brain] it 6921 [league 83%] R/ep 6.96 ent 2.12 kl 0.008 | hit/swing 39% dj/min 35.2 blk/min 10.3 abiHit 59 supHit 34 | hunter 7/10 sovereign 1/3 human 1/1 self 0/5 expert 2/2 turtle 1/1 sov fast 1/2 summoner 1/1 | roll 1.7s upd 7.2s
[brain] it 6922 [league 83%] R/ep 10.46 ent 1.89 kl 0.008 | hit/swing 40% dj/min 29.0 blk/min 14.8 abiHit 56 supHit 32 | hunter 8/14 expert 3/3 self 1/2 sovereign 1/1 | roll 1.6s upd 6.4s
[brain] it 6923 [league 84%] R/ep 13.77 ent 1.79 kl 0.008 | hit/swing 61% dj/min 24.3 blk/min 14.8 abiHit 76 supHit 71 | hunter 9/13 medium 2/2 sovereign 3/3 zoner 1/1 sov fast 4/4 hard 1/1 aerial 2/2 turtle 2/2 human 1/1 rushdown 1/1 self 0/1 | roll 1.7s upd 5.7s
[brain] it 6924 [league 84%] R/ep 13.14 ent 1.84 kl 0.007 | hit/swing 49% dj/min 24.1 blk/min 14.0 abiHit 73 supHit 40 | hunter 8/12 sov fast 3/3 easy 1/1 sovereign 2/2 self 1/1 human 0/1 aerial 1/1 expert 1/1 medium 1/1 | roll 1.3s upd 5.4s
[brain] it 6925 [league 84%] R/ep 11.21 ent 1.97 kl 0.007 | hit/swing 49% dj/min 28.8 blk/min 10.1 abiHit 60 supHit 48 | sov fast 4/5 hunter 7/11 self 0/3 easy 1/1 hard x3 1/1 sovereign 1/1 zoner 2/2 counter 1/1 idle 1/1 turtle 1/1 | roll 1.4s upd 5.3s
[brain] it 6926 [league 83%] R/ep 12.77 ent 2.03 kl 0.007 | hit/swing 40% dj/min 31.7 blk/min 8.8 abiHit 93 supHit 37 | counter 2/2 sovereign 1/2 medium 1/1 hunter 11/13 human 3/3 sov fast 1/2 expert 1/1 hard 1/1 switcher 1/1 | roll 1.4s upd 5.6s
[brain] it 6927 [league 82%] R/ep 11.98 ent 2.06 kl 0.009 | hit/swing 44% dj/min 30.6 blk/min 8.8 abiHit 58 supHit 48 | turtle 2/2 sovereign 4/5 self 2/3 human 1/1 switcher 1/1 hunter 5/6 sov fast 1/2 counter 1/1 aerial 1/1 expert 1/1 summoner 1/1 | roll 1.4s upd 5.6s
[brain] it 6928 [league 82%] R/ep 9.39 ent 1.98 kl 0.007 | hit/swing 43% dj/min 30.7 blk/min 10.6 abiHit 59 supHit 26 | hunter 7/11 sov fast 1/1 expert x2 1/1 turtle 1/1 counter 1/1 self 2/3 | roll 1.3s upd 4.9s
[brain] it 6929 [league 82%] R/ep 11.22 ent 2.03 kl 0.007 | hit/swing 59% dj/min 31.0 blk/min 9.3 abiHit 50 supHit 41 | hunter 5/7 counter 1/1 sov fast 6/8 self 1/1 rushdown 2/2 medium 1/1 easy 1/1 hard 1/1 | roll 1.3s upd 5.3s
[brain] it 6930 [league 81%] R/ep 14.26 ent 2.04 kl 0.007 | hit/swing 53% dj/min 31.3 blk/min 9.6 abiHit 76 supHit 51 | expert 2/2 sovereign 1/2 idle 1/1 expert x2 3/3 hunter 5/5 sov fast 3/3 self 4/5 medium 1/1 | roll 1.3s upd 4.9s
[brain] it 6931 [league 81%] R/ep 10.89 ent 2.02 kl 0.010 | hit/swing 43% dj/min 30.0 blk/min 12.4 abiHit 41 supHit 29 | hunter 11/16 expert 2/2 self 0/3 switcher 1/1 medium 1/1 zoner 1/1 aerial 1/1 sovereign 1/1 | roll 1.3s upd 5.0s
[brain] it 6932 [league 82%] R/ep 14.68 ent 1.99 kl 0.009 | hit/swing 53% dj/min 29.4 blk/min 12.3 abiHit 66 supHit 55 | hunter 10/13 self 0/1 counter 1/1 hard x3 2/2 sovereign 3/3 medium 2/2 sov fast 1/2 expert 1/1 aerial 1/1 zoner 2/2 | roll 1.7s upd 5.4s
[brain] it 6933 [league 82%] R/ep 11.49 ent 1.93 kl 0.009 | hit/swing 51% dj/min 28.7 blk/min 10.4 abiHit 81 supHit 52 | hunter 12/16 sovereign 2/4 expert 1/1 turtle 2/2 hard 1/1 sov fast 0/1 medium 1/1 human 1/1 hard x3 1/1 | roll 1.4s upd 5.3s
[brain] it 6934 [league 82%] R/ep 9.27 ent 2.07 kl 0.009 | hit/swing 46% dj/min 29.9 blk/min 8.8 abiHit 55 supHit 29 | sov fast 4/5 human 1/1 hunter 5/7 easy 1/1 sovereign 2/3 self 1/4 counter 1/1 zoner 2/2 expert 2/2 | roll 1.2s upd 5.0s
[brain] it 6935 [league 82%] R/ep 10.09 ent 1.97 kl 0.008 | hit/swing 51% dj/min 28.2 blk/min 9.5 abiHit 71 supHit 38 | sovereign 6/7 hard 1/1 self 1/1 hunter 4/9 sov fast 0/1 idle 2/2 expert 1/1 rushdown 1/1 zoner 1/1 switcher 1/1 easy 1/1 | roll 1.3s upd 6.0s
[brain] it 6936 [league 81%] R/ep 11.94 ent 2.00 kl 0.008 | hit/swing 46% dj/min 30.4 blk/min 10.6 abiHit 67 supHit 38 | human 1/1 hunter 8/10 aerial 1/1 rushdown 1/1 self 3/3 easy 2/2 sovereign 0/1 expert 1/1 summoner 2/2 | roll 1.5s upd 8.6s
[brain] it 6937 [league 80%] R/ep 13.61 ent 1.93 kl 0.009 | hit/swing 50% dj/min 26.8 blk/min 10.4 abiHit 98 supHit 51 | switcher 2/2 turtle 0/1 self 3/3 hard x3 1/2 expert 0/1 sov fast 2/2 idle 2/2 hunter 5/7 easy 1/1 sovereign 1/2 zoner 1/1 medium 1/1 expert x2 1/1 | roll 1.4s upd 6.5s
[brain] it 6938 [league 79%] R/ep 11.43 ent 2.14 kl 0.007 | hit/swing 45% dj/min 34.3 blk/min 10.5 abiHit 49 supHit 29 | hunter 5/8 self 2/2 idle 1/1 hard 1/1 hard x3 0/1 aerial 2/2 summoner 3/3 sov fast 2/2 sovereign 0/1 expert 1/1 | roll 1.5s upd 6.4s
[brain] it 6939 [league 79%] R/ep 15.70 ent 1.86 kl 0.009 | hit/swing 53% dj/min 25.6 blk/min 10.5 abiHit 60 supHit 51 | hunter 7/8 turtle 2/2 self 2/3 expert 2/2 sovereign 1/1 sov fast 2/3 expert x2 1/1 hard 1/1 counter 1/1 aerial 1/1 idle 1/1 zoner 2/2 | roll 1.3s upd 5.1s
[brain] it 6940 [league 80%] R/ep 13.14 ent 1.90 kl 0.008 | hit/swing 58% dj/min 26.5 blk/min 12.6 abiHit 53 supHit 34 | easy 1/1 hunter 10/11 aerial 1/1 sovereign 2/2 turtle 1/1 switcher 1/1 sov fast 1/1 self 0/2 | roll 1.4s upd 5.6s
[brain] it 6941 [league 79%] R/ep 11.18 ent 1.86 kl 0.007 | hit/swing 51% dj/min 25.6 blk/min 11.7 abiHit 73 supHit 53 | self 2/4 hunter 6/8 summoner 2/2 easy 2/2 aerial 1/1 expert 3/3 zoner 1/1 sovereign 0/2 sov fast 3/4 counter 0/1 hard x3 1/1 idle 1/1 | roll 1.3s upd 5.7s
[brain] it 6942 [league 78%] R/ep 11.40 ent 2.04 kl 0.007 | hit/swing 40% dj/min 33.7 blk/min 9.0 abiHit 57 supHit 43 | self 0/2 sov fast 2/2 hunter 7/8 sovereign 3/4 expert x2 1/1 human 0/1 expert 1/1 idle 1/1 aerial 1/1 | roll 1.3s upd 5.5s
[brain] it 6943 [league 77%] R/ep 8.57 ent 1.94 kl 0.008 | hit/swing 47% dj/min 27.0 blk/min 10.5 abiHit 47 supHit 38 | switcher 1/1 rushdown 2/2 hard 1/1 sovereign 2/3 hunter 3/9 idle 2/2 expert 1/1 sov fast 1/2 self 2/3 | roll 1.3s upd 5.6s
[brain] it 6944 [league 77%] R/ep 8.23 ent 2.00 kl 0.009 | hit/swing 42% dj/min 30.5 blk/min 10.9 abiHit 51 supHit 34 | hunter 7/12 easy 3/3 sovereign 3/3 expert 1/1 self 0/2 hard x3 0/2 zoner 1/1 | roll 1.4s upd 5.6s
[brain] it 6945 [league 77%] R/ep 14.40 ent 1.91 kl 0.008 | hit/swing 49% dj/min 26.8 blk/min 10.0 abiHit 94 supHit 51 | self 1/2 sov fast 2/2 hunter 10/12 sovereign 2/2 expert 1/1 idle 2/2 counter 1/1 summoner 2/2 aerial 1/1 turtle 1/1 expert x2 2/2 hard 1/1 | roll 1.6s upd 6.0s
[brain] it 6946 [league 76%] R/ep 11.70 ent 1.92 kl 0.007 | hit/swing 50% dj/min 26.7 blk/min 11.9 abiHit 71 supHit 50 | expert 4/4 sovereign 2/3 sov fast 1/2 hunter 7/10 self 0/1 counter 0/1 hard x3 0/1 summoner 1/1 idle 1/1 switcher 2/2 turtle 1/1 | roll 1.5s upd 5.8s
[brain] it 6947 [league 77%] R/ep 15.43 ent 1.99 kl 0.008 | hit/swing 46% dj/min 30.0 blk/min 10.4 abiHit 51 supHit 53 | hunter 11/12 expert 1/1 sovereign 2/2 hard 1/1 switcher 1/1 sov fast 2/2 human 1/1 hard x3 1/1 summoner 1/1 self 1/1 | roll 1.4s upd 5.9s
[brain] it 6948 [league 77%] R/ep 12.96 ent 1.78 kl 0.007 | hit/swing 61% dj/min 22.0 blk/min 13.2 abiHit 84 supHit 69 | sov fast 3/3 hunter 8/12 hard x3 0/1 summoner 1/1 medium 1/1 sovereign 6/6 easy 1/1 idle 1/1 expert 1/1 zoner 1/1 switcher 0/1 expert x2 2/2 self 1/1 turtle 1/1 | roll 1.3s upd 5.5s
[brain] it 6949 [league 76%] R/ep 8.56 ent 2.01 kl 0.007 | hit/swing 42% dj/min 28.1 blk/min 10.4 abiHit 51 supHit 31 | sov fast 2/4 hunter 3/9 idle 2/2 self 0/1 medium 1/1 sovereign 0/1 expert 1/1 turtle 1/1 easy 1/1 | roll 1.7s upd 5.7s
[brain] it 6950 [league 76%] R/ep 13.63 ent 1.93 kl 0.008 | hit/swing 55% dj/min 27.9 blk/min 12.4 abiHit 63 supHit 51 | sovereign 4/4 hunter 8/13 self 2/3 switcher 1/1 hard x3 1/1 counter 1/1 zoner 1/1 | roll 1.3s upd 5.3s
[brain] it 6951 [league 77%] R/ep 10.72 ent 1.89 kl 0.008 | hit/swing 50% dj/min 24.8 blk/min 11.6 abiHit 79 supHit 47 | hunter 6/9 expert x2 1/1 rushdown 1/1 easy 2/2 counter 1/1 self 0/2 sov fast 1/4 zoner 1/1 idle 3/3 sovereign 3/3 turtle 1/1 | roll 1.2s upd 5.3s
[brain] it 6952 [league 79%] R/ep 13.04 ent 1.81 kl 0.007 | hit/swing 51% dj/min 23.3 blk/min 12.1 abiHit 62 supHit 48 | self 1/4 easy 1/1 idle 2/2 sovereign 4/4 aerial 1/1 hunter 6/7 summoner 2/2 human 1/1 switcher 1/1 medium 1/1 expert 1/1 counter 1/1 turtle 1/1 | roll 1.2s upd 5.2s
[brain] it 6953 [league 79%] R/ep 9.44 ent 2.00 kl 0.008 | hit/swing 45% dj/min 29.2 blk/min 8.6 abiHit 62 supHit 42 | hunter 7/10 sov fast 2/3 sovereign 4/5 self 1/2 turtle 1/1 aerial 0/1 summoner 2/2 zoner 1/1 expert 1/1 switcher 1/1 | roll 1.3s upd 5.2s
[brain] it 6954 [league 80%] R/ep 10.24 ent 1.88 kl 0.008 | hit/swing 46% dj/min 24.4 blk/min 10.6 abiHit 87 supHit 53 | hunter 8/12 easy 1/1 counter 1/1 human 1/1 self 2/3 sov fast 5/6 aerial 1/1 expert 1/1 sovereign 3/3 idle 1/1 zoner 1/1 | roll 1.4s upd 5.2s
[brain] it 6955 [league 80%] R/ep 15.05 ent 1.90 kl 0.007 | hit/swing 43% dj/min 26.5 blk/min 12.9 abiHit 75 supHit 43 | sovereign 3/3 hunter 6/8 expert 2/2 rushdown 1/1 turtle 3/3 hard 2/2 zoner 1/1 switcher 1/1 easy 1/1 self 2/2 idle 1/1 | roll 1.2s upd 5.3s
[brain] it 6956 [league 79%] R/ep 10.60 ent 1.96 kl 0.009 | hit/swing 52% dj/min 25.3 blk/min 10.1 abiHit 55 supHit 41 | hard 1/1 hunter 5/9 hard x3 1/1 self 2/3 expert 2/2 sovereign 1/2 sov fast 2/3 switcher 1/1 | roll 1.4s upd 5.3s
[brain] it 6957 [league 80%] R/ep 11.31 ent 1.85 kl 0.007 | hit/swing 48% dj/min 25.0 blk/min 9.9 abiHit 68 supHit 38 | hunter 5/7 sovereign 6/6 idle 2/2 self 2/5 expert 2/2 sov fast 1/1 counter 1/1 summoner 1/1 | roll 1.4s upd 5.6s
[brain] it 6958 [league 79%] R/ep 12.36 ent 1.96 kl 0.010 | hit/swing 53% dj/min 29.1 blk/min 10.1 abiHit 87 supHit 70 | idle 1/1 human 1/1 sov fast 4/5 medium 1/1 expert x2 1/1 hunter 6/9 hard x3 1/2 expert 1/1 rushdown 1/1 counter 1/1 hard 1/1 self 2/3 sovereign 0/1 turtle 0/1 | roll 1.2s upd 5.0s
[brain] it 6959 [league 80%] R/ep 12.44 ent 1.89 kl 0.009 | hit/swing 53% dj/min 27.0 blk/min 11.8 abiHit 58 supHit 48 | hunter 11/13 sovereign 4/5 sov fast 2/2 self 1/2 easy 2/2 turtle 1/1 switcher 1/1 | roll 1.3s upd 5.1s
[brain] it 6960 [league 80%] R/ep 10.73 ent 1.96 kl 0.007 | hit/swing 54% dj/min 26.8 blk/min 12.0 abiHit 50 supHit 49 | self 3/6 aerial 1/1 hunter 6/9 expert 1/1 hard 1/1 rushdown 1/1 sov fast 1/1 summoner 2/2 | roll 1.3s upd 5.3s
[brain] it 6961 [league 79%] R/ep 10.56 ent 1.93 kl 0.007 | hit/swing 42% dj/min 27.1 blk/min 12.4 abiHit 68 supHit 42 | self 2/3 hunter 8/11 hard 1/1 sov fast 4/6 expert 1/1 turtle 1/1 sovereign 1/2 summoner 1/1 | roll 1.3s upd 5.9s
[brain] it 6962 [league 78%] R/ep 10.65 ent 2.08 kl 0.009 | hit/swing 44% dj/min 31.8 blk/min 8.1 abiHit 81 supHit 44 | aerial 1/1 switcher 1/1 turtle 1/1 hunter 5/5 summoner 1/1 sov fast 0/1 sovereign 3/5 expert x2 1/1 self 3/3 hard 1/1 expert 1/1 idle 1/1 hard x3 0/1 | roll 1.2s upd 5.1s
[brain] it 6963 [league 78%] R/ep 11.44 ent 1.89 kl 0.007 | hit/swing 53% dj/min 25.7 blk/min 11.1 abiHit 66 supHit 53 | sov fast 3/3 rushdown 1/2 hunter 6/9 expert x2 1/1 self 2/2 sovereign 3/4 summoner 1/1 idle 1/1 zoner 1/1 expert 1/1 | roll 1.3s upd 5.2s
[brain] it 6964 [league 78%] R/ep 11.19 ent 2.00 kl 0.008 | hit/swing 39% dj/min 31.5 blk/min 10.2 abiHit 56 supHit 35 | expert x2 1/1 sovereign 2/3 hunter 9/12 hard 1/1 zoner 1/1 switcher 1/2 idle 1/1 sov fast 1/1 summoner 1/1 | roll 1.3s upd 5.2s
[brain] it 6965 [league 78%] R/ep 8.18 ent 1.96 kl 0.009 | hit/swing 39% dj/min 28.3 blk/min 9.1 abiHit 63 supHit 34 | expert 3/3 aerial 1/1 hunter 7/12 self 0/3 sov fast 2/2 expert x2 0/1 idle 1/1 sovereign 2/2 | roll 1.3s upd 5.4s
[brain] it 6966 [league 78%] R/ep 9.42 ent 2.07 kl 0.008 | hit/swing 40% dj/min 31.9 blk/min 8.7 abiHit 60 supHit 46 | summoner 2/2 self 2/2 hunter 13/17 sov fast 1/1 sovereign 2/3 easy 1/1 | roll 1.6s upd 5.6s
[brain] it 6967 [league 78%] R/ep 11.33 ent 1.91 kl 0.008 | hit/swing 55% dj/min 28.3 blk/min 10.3 abiHit 60 supHit 34 | hunter 4/9 idle 2/2 self 3/4 expert 1/1 expert x2 1/1 easy 1/1 hard 1/1 sovereign 1/1 sov fast 1/1 | roll 1.4s upd 5.1s
[brain] it 6968 [league 80%] R/ep 13.52 ent 1.85 kl 0.008 | hit/swing 58% dj/min 25.7 blk/min 11.7 abiHit 72 supHit 70 | sov fast 4/5 hunter 6/8 expert 1/1 self 4/5 aerial 1/1 medium 1/1 idle 1/1 hard 2/2 easy 2/2 sovereign 5/5 expert x2 2/2 | roll 1.3s upd 5.4s
[brain] it 6969 [league 80%] R/ep 11.62 ent 1.96 kl 0.007 | hit/swing 46% dj/min 30.5 blk/min 10.9 abiHit 71 supHit 51 | hunter 6/9 sovereign 3/4 human 1/1 aerial 1/1 sov fast 4/5 turtle 2/2 expert x2 1/1 switcher 1/1 self 3/3 | roll 1.3s upd 5.2s
[brain] it 6970 [league 80%] R/ep 11.57 ent 1.94 kl 0.009 | hit/swing 44% dj/min 28.9 blk/min 13.7 abiHit 55 supHit 50 | sov fast 3/3 medium 3/3 hunter 9/12 sovereign 2/2 summoner 1/1 hard x3 0/1 easy 2/2 self 1/3 | roll 1.3s upd 5.4s
[brain] it 6971 [league 81%] R/ep 11.17 ent 2.02 kl 0.008 | hit/swing 43% dj/min 27.4 blk/min 11.4 abiHit 59 supHit 34 | hunter 10/14 self 0/2 hard 2/2 counter 1/1 summoner 0/1 sovereign 1/1 expert x2 2/2 | roll 1.7s upd 9.0s
[brain] it 6972 [league 81%] R/ep 10.71 ent 1.99 kl 0.008 | hit/swing 44% dj/min 30.2 blk/min 9.4 abiHit 74 supHit 40 | counter 4/4 self 2/5 sov fast 2/2 hunter 5/8 idle 1/1 expert x2 1/1 sovereign 1/1 medium 1/1 | roll 1.8s upd 8.4s
[brain] it 6973 [league 82%] R/ep 12.28 ent 1.95 kl 0.009 | hit/swing 46% dj/min 28.5 blk/min 9.0 abiHit 80 supHit 57 | sov fast 4/5 zoner 2/2 expert 4/4 sovereign 2/3 self 3/4 easy 2/2 hunter 3/5 hard 2/2 human 1/1 rushdown 1/1 aerial 1/1 summoner 1/1 | roll 1.9s upd 7.8s
[brain] it 6974 [league 83%] R/ep 14.70 ent 1.89 kl 0.008 | hit/swing 47% dj/min 26.7 blk/min 10.7 abiHit 81 supHit 53 | sov fast 1/2 summoner 2/2 sovereign 3/3 human 1/1 counter 2/2 hunter 8/9 medium 1/1 aerial 0/1 self 0/2 hard 1/1 expert 1/1 hard x3 1/1 | roll 1.6s upd 8.5s
[brain] it 6975 [league 83%] R/ep 13.01 ent 1.88 kl 0.008 | hit/swing 62% dj/min 26.4 blk/min 13.0 abiHit 79 supHit 49 | sov fast 2/2 hunter 5/8 aerial 1/1 self 1/2 hard x3 0/1 counter 2/2 easy 3/3 hard 1/1 sovereign 2/3 human 2/2 expert 1/1 expert x2 0/1 | roll 2.0s upd 5.7s
[brain] it 6976 [league 83%] R/ep 12.19 ent 2.06 kl 0.010 | hit/swing 44% dj/min 31.2 blk/min 10.7 abiHit 57 supHit 50 | human 1/1 sov fast 3/4 hard 3/3 hunter 6/9 self 0/2 hard x3 0/1 easy 2/2 summoner 1/1 sovereign 1/2 zoner 1/1 | roll 1.4s upd 6.2s
[brain] it 6977 [league 84%] R/ep 13.56 ent 1.98 kl 0.007 | hit/swing 51% dj/min 29.9 blk/min 11.1 abiHit 72 supHit 33 | hunter 11/13 easy 1/1 sovereign 4/4 counter 1/1 hard 1/1 aerial 1/1 sov fast 1/1 medium 1/1 zoner 1/1 switcher 1/1 | roll 1.8s upd 5.8s
[brain] it 6978 [league 83%] R/ep 13.56 ent 1.89 kl 0.007 | hit/swing 58% dj/min 25.1 blk/min 11.5 abiHit 62 supHit 52 | self 2/3 hunter 9/10 human 1/1 hard 1/1 hard x3 0/1 expert 2/2 turtle 1/1 easy 1/1 summoner 2/2 sovereign 0/1 zoner 1/1 sov fast 0/1 | roll 1.4s upd 6.0s
[brain] it 6979 [league 83%] R/ep 10.62 ent 1.90 kl 0.007 | hit/swing 56% dj/min 25.5 blk/min 9.7 abiHit 65 supHit 43 | sovereign 2/2 easy 2/2 aerial 1/1 hunter 10/12 self 1/2 hard 2/2 sov fast 1/2 summoner 0/1 idle 1/1 | roll 1.4s upd 5.7s
[brain] it 6980 [league 82%] R/ep 14.34 ent 1.91 kl 0.008 | hit/swing 67% dj/min 27.6 blk/min 10.6 abiHit 66 supHit 46 | hunter 11/13 expert x2 1/2 sovereign 1/2 medium 1/1 hard 2/2 sov fast 2/2 rushdown 2/2 expert 1/1 switcher 1/1 | roll 1.4s upd 6.0s
[brain] it 6981 [league 83%] R/ep 9.77 ent 1.95 kl 0.008 | hit/swing 40% dj/min 27.3 blk/min 9.8 abiHit 53 supHit 30 | hunter 10/14 idle 1/1 zoner 2/2 sovereign 3/3 self 1/2 sov fast 1/1 | roll 1.5s upd 6.1s
[brain] it 6982 [league 83%] R/ep 9.79 ent 2.07 kl 0.007 | hit/swing 42% dj/min 29.5 blk/min 10.5 abiHit 68 supHit 42 | sov fast 4/5 hunter 8/10 counter 1/1 human 0/1 easy 1/1 aerial 1/2 sovereign 1/1 expert 1/1 self 0/3 hard 1/1 | roll 1.6s upd 6.0s
[brain] it 6983 [league 82%] R/ep 12.28 ent 1.98 kl 0.010 | hit/swing 56% dj/min 30.2 blk/min 10.7 abiHit 59 supHit 44 | medium 1/1 zoner 1/1 self 2/3 expert 2/2 hunter 5/8 sov fast 1/3 sovereign 1/2 hard x3 0/1 aerial 1/1 counter 1/1 summoner 1/1 turtle 1/1 | roll 1.5s upd 6.0s
[brain] it 6984 [league 82%] R/ep 12.87 ent 1.87 kl 0.007 | hit/swing 56% dj/min 26.7 blk/min 10.8 abiHit 69 supHit 64 | summoner 2/2 hunter 9/13 idle 1/1 sov fast 4/5 self 1/1 turtle 1/1 sovereign 1/1 medium 1/1 aerial 2/2 human 1/1 hard x3 1/1 | roll 1.5s upd 5.6s
[brain] it 6985 [league 81%] R/ep 8.33 ent 1.98 kl 0.009 | hit/swing 44% dj/min 29.4 blk/min 11.1 abiHit 62 supHit 29 | hard 2/2 hunter 7/12 hard x3 0/1 summoner 1/1 turtle 1/1 easy 2/2 sov fast 0/1 counter 1/1 self 0/1 sovereign 0/1 expert 1/1 | roll 1.4s upd 5.4s
[brain] it 6986 [league 81%] R/ep 12.35 ent 1.99 kl 0.009 | hit/swing 45% dj/min 28.1 blk/min 10.7 abiHit 91 supHit 29 | hunter 9/13 summoner 0/1 sovereign 1/1 expert 3/3 zoner 2/2 sov fast 2/4 idle 1/1 | roll 1.4s upd 5.9s
[brain] it 6987 [league 81%] R/ep 13.38 ent 2.00 kl 0.008 | hit/swing 41% dj/min 27.3 blk/min 9.1 abiHit 57 supHit 50 | easy 1/1 counter 2/2 sovereign 4/5 hunter 6/8 aerial 1/1 medium 1/1 hard x3 1/1 self 0/1 turtle 1/1 expert x2 1/1 summoner 1/1 | roll 1.4s upd 5.7s
[brain] it 6988 [league 81%] R/ep 7.27 ent 2.14 kl 0.008 | hit/swing 46% dj/min 33.2 blk/min 6.0 abiHit 52 supHit 33 | expert 1/1 hunter 5/7 sov fast 3/7 self 3/4 summoner 1/1 sovereign 1/1 easy 1/1 | roll 1.6s upd 5.8s
[brain] it 6989 [league 81%] R/ep 13.66 ent 1.92 kl 0.007 | hit/swing 53% dj/min 28.1 blk/min 11.3 abiHit 62 supHit 49 | human 1/1 self 0/2 sovereign 2/2 sov fast 1/2 zoner 1/1 idle 2/2 switcher 1/1 hunter 6/8 hard 3/3 rushdown 1/1 expert 1/1 expert x2 1/1 | roll 1.3s upd 5.0s
[brain] it 6990 [league 81%] R/ep 13.58 ent 1.90 kl 0.008 | hit/swing 65% dj/min 26.2 blk/min 11.1 abiHit 61 supHit 40 | hunter 7/8 sovereign 1/1 aerial 1/1 expert 1/1 self 3/4 easy 1/1 medium 1/1 expert x2 1/1 turtle 1/1 sov fast 1/2 | roll 1.4s upd 5.8s
[brain] it 6991 [league 81%] R/ep 12.68 ent 1.95 kl 0.009 | hit/swing 59% dj/min 26.8 blk/min 11.0 abiHit 46 supHit 36 | hunter 7/8 self 1/3 idle 2/2 zoner 1/1 hard 1/1 sovereign 2/2 summoner 1/1 sov fast 0/1 expert 2/2 rushdown 1/1 expert x2 1/1 | roll 1.5s upd 5.2s
[brain] it 6992 [league 81%] R/ep 12.38 ent 1.85 kl 0.009 | hit/swing 64% dj/min 23.3 blk/min 11.7 abiHit 72 supHit 52 | rushdown 1/1 sovereign 3/3 self 2/4 hunter 6/9 zoner 2/2 sov fast 2/2 hard x3 0/1 counter 1/1 medium 2/2 expert 1/1 aerial 1/1 hard 1/1 human 1/1 | roll 1.5s upd 6.6s
[brain] it 6993 [league 80%] R/ep 13.41 ent 1.90 kl 0.008 | hit/swing 45% dj/min 26.3 blk/min 12.5 abiHit 61 supHit 49 | expert 4/4 turtle 3/3 sov fast 2/3 sovereign 2/3 hard 2/2 self 0/2 hunter 3/6 medium 1/1 hard x3 1/1 | roll 1.7s upd 6.3s
[brain] it 6994 [league 80%] R/ep 12.70 ent 2.01 kl 0.007 | hit/swing 52% dj/min 31.4 blk/min 9.5 abiHit 67 supHit 47 | sov fast 4/6 hunter 6/7 sovereign 1/2 self 2/2 medium 3/3 hard x3 0/1 aerial 2/2 expert x2 1/1 idle 1/1 | roll 1.4s upd 5.8s
[brain] it 6995 [league 79%] R/ep 13.04 ent 1.88 kl 0.008 | hit/swing 43% dj/min 24.8 blk/min 13.2 abiHit 80 supHit 31 | hard 2/2 hunter 7/11 sov fast 0/1 sovereign 1/2 self 0/1 hard x3 1/1 medium 1/1 turtle 1/1 | roll 1.5s upd 5.3s
[brain] it 6996 [league 79%] R/ep 7.85 ent 2.07 kl 0.008 | hit/swing 39% dj/min 31.6 blk/min 9.1 abiHit 48 supHit 24 | hunter 8/12 hard x3 0/1 sovereign 2/2 self 1/2 summoner 2/2 | roll 1.3s upd 5.6s
[brain] it 6997 [league 80%] R/ep 13.39 ent 1.89 kl 0.009 | hit/swing 59% dj/min 24.4 blk/min 10.6 abiHit 71 supHit 54 | hunter 8/10 medium 4/4 idle 1/1 sovereign 4/4 sov fast 3/3 self 4/4 rushdown 1/1 turtle 1/1 easy 1/1 | roll 1.4s upd 5.6s
[brain] it 6998 [league 80%] R/ep 15.49 ent 1.82 kl 0.008 | hit/swing 51% dj/min 25.9 blk/min 10.8 abiHit 86 supHit 47 | self 1/2 medium 1/1 expert 1/1 easy 1/1 sovereign 3/3 hunter 5/7 sov fast 2/2 zoner 1/1 hard 1/1 summoner 2/2 hard x3 0/1 aerial 1/1 expert x2 1/1 human 1/1 idle 1/1 rushdown 1/1 | roll 1.2s upd 5.4s
[brain] it 6999 [league 80%] R/ep 12.11 ent 1.91 kl 0.009 | hit/swing 49% dj/min 25.2 blk/min 12.6 abiHit 68 supHit 33 | sov fast 3/3 hunter 5/9 expert 3/3 self 1/3 hard 2/2 human 1/1 sovereign 2/2 aerial 1/1 turtle 1/1 | roll 1.4s upd 5.7s
[brain] it 7000 [league 81%] R/ep 13.25 ent 1.89 kl 0.008 | hit/swing 59% dj/min 23.6 blk/min 12.9 abiHit 67 supHit 43 | expert 2/2 summoner 1/1 hunter 9/12 switcher 1/1 medium 2/2 sovereign 2/2 idle 1/1 easy 1/1 sov fast 2/2 counter 1/1 self 0/2 | roll 1.5s upd 6.1s
[brain] it 7001 [league 81%] R/ep 10.88 ent 1.97 kl 0.009 | hit/swing 42% dj/min 28.0 blk/min 9.4 abiHit 65 supHit 35 | hunter 11/12 counter 1/1 expert x2 1/1 self 0/4 idle 1/1 expert 2/2 sov fast 1/1 hard 2/2 sovereign 0/1 | roll 1.4s upd 6.2s
[brain] it 7002 [league 81%] R/ep 12.24 ent 1.92 kl 0.007 | hit/swing 61% dj/min 26.8 blk/min 11.5 abiHit 64 supHit 52 | easy 1/1 hunter 10/12 switcher 1/1 hard 1/1 sov fast 2/3 zoner 1/1 sovereign 2/2 expert 2/2 self 1/2 human 1/1 idle 1/1 | roll 1.5s upd 5.8s
[brain] it 7003 [league 80%] R/ep 11.66 ent 1.90 kl 0.007 | hit/swing 52% dj/min 25.5 blk/min 12.3 abiHit 83 supHit 42 | expert 1/1 hunter 3/7 hard x3 1/1 self 2/2 turtle 2/2 sovereign 1/2 switcher 0/1 easy 1/1 sov fast 3/4 hard 1/1 human 0/1 | roll 1.5s upd 6.6s
[brain] it 7004 [league 79%] R/ep 9.47 ent 2.02 kl 0.007 | hit/swing 45% dj/min 31.1 blk/min 9.5 abiHit 63 supHit 39 | hunter 8/9 sov fast 4/4 self 0/1 sovereign 0/3 medium 1/1 aerial 1/1 human 1/2 switcher 1/1 | roll 1.6s upd 5.6s
[brain] it 7005 [league 78%] R/ep 11.96 ent 1.94 kl 0.007 | hit/swing 46% dj/min 27.9 blk/min 8.7 abiHit 55 supHit 39 | expert 1/1 hunter 7/10 idle 2/2 self 2/2 sovereign 2/4 medium 1/1 hard x3 1/1 sov fast 2/2 summoner 1/1 | roll 1.4s upd 6.3s
[brain] it 7006 [league 79%] R/ep 14.64 ent 1.92 kl 0.006 | hit/swing 43% dj/min 25.1 blk/min 8.4 abiHit 122 supHit 51 | sovereign 4/5 hard 2/2 expert 4/4 hunter 5/6 idle 2/2 sov fast 3/3 summoner 1/1 expert x2 1/1 switcher 1/1 turtle 1/1 zoner 1/1 | roll 1.4s upd 5.8s
[brain] it 7007 [league 77%] R/ep 11.87 ent 1.84 kl 0.007 | hit/swing 56% dj/min 26.1 blk/min 11.9 abiHit 54 supHit 50 | sovereign 1/3 aerial 2/2 expert 1/1 hunter 6/9 self 0/2 turtle 1/1 hard x3 1/1 sov fast 2/2 hard 2/2 easy 1/1 | roll 1.4s upd 6.1s
[brain] it 7008 [league 77%] R/ep 13.72 ent 1.79 kl 0.008 | hit/swing 41% dj/min 22.0 blk/min 10.6 abiHit 93 supHit 55 | sov fast 4/4 hunter 5/7 idle 2/2 sovereign 1/1 zoner 1/1 self 2/4 medium 3/3 turtle 1/1 switcher 1/1 rushdown 1/1 counter 1/1 | roll 1.5s upd 5.8s
[brain] it 7009 [league 77%] R/ep 14.04 ent 1.82 kl 0.008 | hit/swing 52% dj/min 23.3 blk/min 12.3 abiHit 98 supHit 53 | hunter 6/7 switcher 1/1 sov fast 2/2 self 1/3 sovereign 4/5 expert x2 1/1 summoner 1/1 human 1/1 easy 1/1 hard 1/1 zoner 1/1 expert 1/1 idle 1/1 | roll 1.3s upd 6.1s
[brain] it 7010 [league 76%] R/ep 13.76 ent 1.87 kl 0.009 | hit/swing 56% dj/min 22.6 blk/min 15.0 abiHit 81 supHit 55 | hunter 7/10 sovereign 4/5 counter 1/1 medium 2/2 easy 2/2 human 2/2 turtle 1/1 self 0/1 hard x3 0/1 sov fast 1/1 zoner 1/1 | roll 2.0s upd 6.9s
[brain] it 7011 [league 76%] R/ep 7.75 ent 2.06 kl 0.008 | hit/swing 58% dj/min 29.2 blk/min 10.6 abiHit 55 supHit 27 | hunter 3/8 switcher 1/1 self 1/3 sov fast 1/2 idle 1/1 expert 1/1 hard x3 1/2 medium 1/1 | roll 1.6s upd 5.9s
[brain] it 7012 [league 76%] R/ep 9.75 ent 2.08 kl 0.011 | hit/swing 47% dj/min 31.1 blk/min 9.8 abiHit 67 supHit 23 | sov fast 0/2 expert x2 1/1 hunter 3/7 easy 2/2 summoner 1/1 sovereign 0/1 self 1/2 hard x3 1/1 | roll 1.6s upd 6.3s
[brain] it 7013 [league 76%] R/ep 10.82 ent 1.88 kl 0.010 | hit/swing 59% dj/min 26.2 blk/min 11.1 abiHit 87 supHit 55 | expert 1/1 hunter 9/11 sov fast 6/7 hard x3 0/1 zoner 1/1 self 1/4 medium 2/2 rushdown 2/2 sovereign 1/1 easy 1/1 | roll 1.6s upd 5.8s
[brain] it 7014 [league 76%] R/ep 12.18 ent 1.79 kl 0.008 | hit/swing 64% dj/min 20.4 blk/min 11.4 abiHit 65 supHit 42 | easy 2/2 hard x3 1/1 sovereign 1/1 switcher 1/1 summoner 1/1 sov fast 1/2 hunter 5/9 idle 2/2 zoner 1/1 expert 3/3 self 1/4 rushdown 1/1 turtle 1/1 | roll 1.5s upd 6.6s
[brain] it 7015 [league 76%] R/ep 11.69 ent 1.92 kl 0.008 | hit/swing 52% dj/min 25.7 blk/min 10.3 abiHit 67 supHit 42 | medium 2/2 hunter 3/6 expert x2 1/1 expert 2/2 summoner 1/1 turtle 1/1 aerial 1/1 sov fast 5/7 self 0/1 sovereign 1/1 zoner 1/1 counter 1/1 human 1/1 | roll 1.7s upd 5.9s
[brain] it 7016 [league 75%] R/ep 8.91 ent 2.09 kl 0.008 | hit/swing 42% dj/min 29.1 blk/min 10.5 abiHit 53 supHit 37 | hunter 6/11 rushdown 1/2 self 1/2 human 1/1 sovereign 2/3 sov fast 2/3 expert 1/1 idle 1/1 | roll 1.7s upd 6.3s
[brain] it 7017 [league 74%] R/ep 11.67 ent 2.02 kl 0.008 | hit/swing 50% dj/min 31.1 blk/min 9.4 abiHit 65 supHit 25 | idle 1/1 self 2/3 hunter 5/6 sov fast 2/3 sovereign 1/3 expert 1/1 turtle 1/1 hard 1/1 zoner 1/1 | roll 1.6s upd 6.3s
[brain] it 7018 [league 74%] R/ep 10.11 ent 1.99 kl 0.008 | hit/swing 42% dj/min 30.0 blk/min 11.4 abiHit 59 supHit 34 | sov fast 3/5 aerial 0/1 expert x2 1/1 sovereign 2/2 hunter 4/8 easy 1/1 self 0/1 summoner 1/1 expert 1/1 | roll 1.6s upd 5.9s
[brain] it 7019 [league 74%] R/ep 13.94 ent 1.84 kl 0.007 | hit/swing 57% dj/min 21.8 blk/min 13.7 abiHit 79 supHit 48 | expert 1/1 hunter 7/9 human 1/1 sov fast 2/2 self 1/3 expert x2 2/2 switcher 1/1 aerial 1/1 summoner 2/2 medium 1/1 hard 2/2 sovereign 1/2 | roll 1.9s upd 7.9s
[brain] it 7020 [league 75%] R/ep 11.92 ent 1.86 kl 0.008 | hit/swing 59% dj/min 25.1 blk/min 11.5 abiHit 71 supHit 47 | self 1/3 hunter 7/10 idle 1/1 sov fast 1/2 switcher 3/3 expert 3/3 hard 1/1 counter 2/2 easy 1/1 sovereign 2/2 | roll 1.4s upd 5.5s
[brain] it 7021 [league 75%] R/ep 13.42 ent 1.84 kl 0.007 | hit/swing 67% dj/min 23.4 blk/min 11.5 abiHit 74 supHit 52 | self 1/3 summoner 1/1 idle 1/1 easy 2/2 hunter 9/9 sovereign 5/6 expert 1/1 hard 2/2 sov fast 1/1 zoner 1/1 medium 1/1 expert x2 1/1 | roll 1.5s upd 6.3s
[brain] it 7022 [league 76%] R/ep 11.61 ent 1.96 kl 0.008 | hit/swing 60% dj/min 27.7 blk/min 9.7 abiHit 62 supHit 28 | hunter 4/4 counter 1/1 human 1/1 sovereign 5/5 sov fast 1/3 self 2/3 switcher 1/1 expert 1/1 medium 1/1 idle 1/1 | roll 1.6s upd 6.4s
[brain] it 7023 [league 75%] R/ep 12.42 ent 1.94 kl 0.007 | hit/swing 50% dj/min 26.9 blk/min 10.7 abiHit 71 supHit 51 | self 2/3 human 1/1 summoner 1/1 turtle 1/1 hunter 7/10 expert 1/1 sovereign 3/4 expert x2 1/1 sov fast 3/3 switcher 1/1 | roll 1.8s upd 7.5s
[brain] it 7024 [league 76%] R/ep 9.54 ent 1.99 kl 0.011 | hit/swing 47% dj/min 29.8 blk/min 12.4 abiHit 68 supHit 49 | hunter 4/11 sov fast 2/2 expert 2/2 sovereign 2/3 aerial 1/1 hard x3 1/2 self 2/2 expert x2 1/1 medium 1/1 | roll 1.6s upd 6.7s
[brain] it 7025 [league 76%] R/ep 13.05 ent 1.86 kl 0.007 | hit/swing 58% dj/min 21.2 blk/min 12.2 abiHit 127 supHit 54 | hunter 8/12 expert 3/3 sovereign 4/5 sov fast 1/1 counter 2/2 turtle 1/1 self 0/1 summoner 2/2 hard x3 1/1 hard 1/1 idle 1/1 | roll 1.6s upd 6.6s
[brain] it 7026 [league 76%] R/ep 13.45 ent 1.85 kl 0.008 | hit/swing 56% dj/min 23.7 blk/min 13.2 abiHit 46 supHit 35 | hunter 9/12 sovereign 2/2 hard 3/3 self 0/1 easy 1/1 human 1/1 | roll 1.7s upd 6.5s
[brain] it 7027 [league 75%] R/ep 14.86 ent 1.87 kl 0.006 | hit/swing 63% dj/min 22.9 blk/min 12.4 abiHit 65 supHit 58 | counter 1/1 self 2/3 hard 1/1 hunter 8/10 sovereign 4/5 expert 2/2 medium 1/1 human 1/1 hard x3 1/1 aerial 1/1 switcher 1/1 | roll 1.6s upd 7.1s
[brain] it 7028 [league 75%] R/ep 16.05 ent 1.90 kl 0.007 | hit/swing 37% dj/min 27.3 blk/min 13.4 abiHit 66 supHit 39 | hunter 8/11 sovereign 1/1 zoner 1/1 self 2/2 summoner 1/1 hard 1/1 turtle 2/2 hard x3 1/1 expert 1/1 sov fast 2/2 | roll 1.7s upd 6.9s
[brain] it 7029 [league 76%] R/ep 12.10 ent 2.04 kl 0.008 | hit/swing 54% dj/min 31.1 blk/min 10.0 abiHit 54 supHit 29 | aerial 1/1 self 1/3 sovereign 5/5 rushdown 1/1 hunter 3/5 zoner 1/1 expert 2/2 sov fast 0/1 hard 1/1 summoner 1/1 | roll 1.7s upd 6.4s
[brain] it 7030 [league 76%] R/ep 9.64 ent 2.10 kl 0.008 | hit/swing 41% dj/min 32.8 blk/min 8.3 abiHit 76 supHit 42 | sov fast 6/7 hunter 8/10 sovereign 1/1 expert 1/1 self 2/2 human 0/1 switcher 1/1 medium 1/1 | roll 1.8s upd 6.9s
[brain] it 7031 [league 77%] R/ep 11.53 ent 1.83 kl 0.008 | hit/swing 50% dj/min 22.4 blk/min 12.6 abiHit 103 supHit 57 | hunter 8/13 expert 4/4 sovereign 2/3 zoner 1/1 rushdown 2/2 sov fast 4/5 self 1/1 switcher 1/1 summoner 1/1 hard 1/1 | roll 1.7s upd 6.8s
[brain] it 7032 [league 77%] R/ep 12.93 ent 2.02 kl 0.009 | hit/swing 46% dj/min 29.4 blk/min 10.5 abiHit 87 supHit 29 | hunter 7/10 summoner 1/2 sov fast 1/1 human 1/1 hard 1/1 idle 1/1 self 1/1 aerial 1/1 sovereign 2/2 | roll 1.8s upd 7.0s
[brain] it 7033 [league 76%] R/ep 7.72 ent 2.10 kl 0.006 | hit/swing 51% dj/min 30.1 blk/min 12.0 abiHit 53 supHit 34 | sovereign 1/2 sov fast 1/1 hunter 8/14 expert 2/3 aerial 1/1 easy 1/1 | roll 1.5s upd 5.9s
[brain] it 7034 [league 76%] R/ep 14.36 ent 1.88 kl 0.008 | hit/swing 57% dj/min 24.0 blk/min 12.7 abiHit 69 supHit 49 | hunter 8/8 sovereign 2/2 self 1/2 rushdown 0/1 sov fast 4/4 expert 3/3 idle 1/1 medium 1/1 switcher 1/1 counter 1/1 | roll 1.5s upd 6.4s
[brain] it 7035 [league 76%] R/ep 9.07 ent 2.00 kl 0.008 | hit/swing 45% dj/min 27.3 blk/min 11.3 abiHit 71 supHit 35 | idle 1/1 hunter 6/11 counter 0/1 sov fast 3/3 expert 2/2 medium 2/2 self 1/4 hard 1/1 sovereign 2/2 | roll 1.6s upd 6.5s
[brain] it 7036 [league 76%] R/ep 14.17 ent 1.99 kl 0.009 | hit/swing 46% dj/min 28.6 blk/min 12.4 abiHit 80 supHit 44 | hunter 6/10 hard x3 2/2 expert x2 1/2 self 0/1 sovereign 4/4 switcher 1/1 aerial 1/1 | roll 1.5s upd 6.4s
[brain] it 7037 [league 76%] R/ep 9.64 ent 1.97 kl 0.008 | hit/swing 44% dj/min 31.4 blk/min 11.1 abiHit 42 supHit 35 | hunter 10/14 self 1/2 rushdown 2/2 sovereign 1/2 medium 1/1 | roll 1.7s upd 6.5s
[brain] it 7038 [league 76%] R/ep 8.29 ent 2.09 kl 0.009 | hit/swing 37% dj/min 29.7 blk/min 6.3 abiHit 56 supHit 14 | hunter 5/7 sov fast 2/4 idle 1/1 switcher 1/1 expert 2/2 turtle 1/1 summoner 0/1 self 0/1 | roll 1.6s upd 6.4s
[brain] it 7039 [league 76%] R/ep 11.88 ent 1.94 kl 0.008 | hit/swing 53% dj/min 26.3 blk/min 11.7 abiHit 66 supHit 52 | sov fast 2/2 hunter 10/15 counter 2/2 self 2/4 easy 1/1 summoner 2/2 expert 3/3 zoner 1/1 expert x2 1/1 | roll 1.8s upd 7.6s
[brain] it 7040 [league 76%] R/ep 14.09 ent 1.92 kl 0.009 | hit/swing 49% dj/min 25.7 blk/min 14.3 abiHit 59 supHit 32 | hard 2/2 zoner 2/2 hunter 10/14 expert 2/2 medium 1/1 self 0/2 switcher 1/1 hard x3 0/1 counter 1/1 sovereign 1/1 | roll 1.7s upd 6.3s
[brain] it 7041 [league 77%] R/ep 15.10 ent 1.80 kl 0.008 | hit/swing 70% dj/min 20.2 blk/min 13.7 abiHit 94 supHit 62 | hunter 7/9 medium 2/2 switcher 1/2 sovereign 2/2 expert 4/4 sov fast 2/3 counter 1/1 idle 2/2 hard x3 1/1 summoner 1/1 expert x2 1/1 self 0/1 hard 1/1 zoner 1/1 | roll 1.4s upd 6.2s
[brain] it 7042 [league 80%] R/ep 14.61 ent 1.87 kl 0.009 | hit/swing 53% dj/min 25.5 blk/min 12.8 abiHit 71 supHit 55 | hard x3 1/2 hunter 10/12 sovereign 5/6 self 1/2 rushdown 1/1 sov fast 0/1 easy 1/1 zoner 1/1 expert x2 1/1 counter 1/1 | roll 1.7s upd 6.8s
[brain] it 7043 [league 80%] R/ep 14.27 ent 2.01 kl 0.008 | hit/swing 40% dj/min 27.1 blk/min 9.0 abiHit 84 supHit 42 | summoner 1/1 hunter 10/14 hard x3 0/1 counter 1/1 sov fast 2/2 rushdown 1/1 self 1/1 easy 1/1 hard 1/1 zoner 1/1 human 1/1 expert 1/1 | roll 1.6s upd 6.0s
[brain] it 7044 [league 80%] R/ep 11.65 ent 1.96 kl 0.010 | hit/swing 44% dj/min 28.7 blk/min 11.3 abiHit 75 supHit 33 | hunter 8/11 sovereign 3/5 expert 1/1 summoner 1/1 hard x3 1/1 expert x2 0/1 self 2/2 hard 1/1 | roll 1.6s upd 5.9s
[brain] it 7045 [league 80%] R/ep 14.15 ent 2.02 kl 0.008 | hit/swing 43% dj/min 28.6 blk/min 10.9 abiHit 85 supHit 41 | idle 1/1 hunter 8/10 hard 2/2 expert x2 2/2 summoner 1/1 sovereign 1/1 rushdown 1/1 self 1/2 turtle 2/2 counter 1/1 | roll 1.5s upd 6.7s
[brain] it 7046 [league 80%] R/ep 12.24 ent 1.91 kl 0.008 | hit/swing 45% dj/min 24.6 blk/min 13.3 abiHit 73 supHit 43 | hunter 11/14 aerial 1/1 idle 2/2 hard 2/2 self 0/1 expert 1/1 medium 1/1 sovereign 1/1 sov fast 0/1 turtle 1/1 | roll 1.7s upd 6.5s
[brain] it 7047 [league 83%] R/ep 11.85 ent 1.92 kl 0.008 | hit/swing 51% dj/min 26.5 blk/min 9.5 abiHit 70 supHit 44 | self 1/4 sovereign 7/7 hunter 6/7 sov fast 2/3 expert x2 1/1 easy 1/1 summoner 1/1 | roll 1.6s upd 6.1s
[brain] it 7048 [league 82%] R/ep 10.64 ent 1.93 kl 0.009 | hit/swing 33% dj/min 29.1 blk/min 10.1 abiHit 74 supHit 35 | hunter 8/12 medium 1/1 sov fast 4/4 counter 1/1 self 0/1 human 1/1 turtle 1/1 hard 1/1 expert 1/1 sovereign 1/2 | roll 1.6s upd 6.2s
[brain] it 7049 [league 82%] R/ep 11.69 ent 2.01 kl 0.008 | hit/swing 49% dj/min 28.7 blk/min 11.0 abiHit 76 supHit 23 | sov fast 3/3 self 1/3 human 1/1 hunter 7/10 hard 2/2 sovereign 1/1 zoner 1/1 | roll 1.7s upd 6.7s
[brain] it 7050 [league 82%] R/ep 9.81 ent 1.96 kl 0.008 | hit/swing 56% dj/min 28.1 blk/min 12.4 abiHit 48 supHit 20 | hunter 7/11 self 1/3 expert 1/1 sovereign 2/3 expert x2 1/1 aerial 1/1 | roll 1.7s upd 6.2s
[brain] it 7051 [league 82%] R/ep 14.03 ent 1.82 kl 0.008 | hit/swing 39% dj/min 26.6 blk/min 12.2 abiHit 38 supHit 23 | hunter 4/4 self 2/5 sov fast 1/1 expert 1/1 easy 1/1 aerial 2/2 | roll 4.7s upd 4.7s
[brain] it 7052 [league 83%] R/ep 12.06 ent 1.93 kl 0.009 | hit/swing 45% dj/min 26.9 blk/min 9.3 abiHit 77 supHit 40 | hunter 7/8 sov fast 2/2 expert 2/2 sovereign 3/3 hard x3 1/2 human 1/1 easy 1/1 summoner 1/1 self 0/1 | roll 4.7s upd 5.6s
[brain] it 7053 [league 83%] R/ep 15.47 ent 1.86 kl 0.010 | hit/swing 57% dj/min 26.5 blk/min 13.4 abiHit 85 supHit 31 | sov fast 1/1 hunter 2/4 sovereign 1/1 rushdown 1/1 medium 1/1 turtle 1/1 expert 1/1 hard 1/1 idle 1/1 counter 1/1 hard x3 1/1 self 1/1 | roll 4.7s upd 6.0s
[brain] it 7054 [league 83%] R/ep 14.34 ent 1.87 kl 0.009 | hit/swing 62% dj/min 23.8 blk/min 13.1 abiHit 72 supHit 56 | hunter 10/11 medium 1/1 rushdown 0/1 sovereign 2/2 idle 1/1 hard x3 1/1 sov fast 3/3 self 2/4 switcher 1/1 expert 1/1 | roll 2.0s upd 10.7s
[brain] it 7055 [league 83%] R/ep 17.64 ent 1.77 kl 0.008 | hit/swing 68% dj/min 22.6 blk/min 13.0 abiHit 75 supHit 58 | easy 2/2 medium 2/2 idle 1/1 hunter 8/10 rushdown 1/1 switcher 1/1 self 2/3 turtle 1/1 expert x2 2/2 sov fast 1/1 hard x3 1/1 human 1/1 | roll 1.9s upd 11.3s
[brain] it 7056 [league 85%] R/ep 8.95 ent 1.94 kl 0.009 | hit/swing 47% dj/min 26.3 blk/min 9.9 abiHit 55 supHit 37 | hunter 8/13 sovereign 4/4 turtle 1/1 easy 1/1 sov fast 1/1 self 1/3 medium 1/1 | roll 2.0s upd 11.5s
[brain] it 7057 [league 85%] R/ep 12.10 ent 1.98 kl 0.009 | hit/swing 45% dj/min 26.8 blk/min 10.6 abiHit 51 supHit 36 | hunter 5/7 sov fast 1/2 rushdown 2/2 switcher 1/1 hard x3 0/1 self 1/2 medium 1/1 sovereign 1/2 | roll 2.0s upd 12.0s
[brain] it 7058 [league 85%] R/ep 11.91 ent 1.95 kl 0.010 | hit/swing 36% dj/min 30.1 blk/min 10.2 abiHit 70 supHit 34 | medium 2/2 sovereign 1/1 hard x3 0/1 sov fast 2/3 hunter 6/6 self 2/3 turtle 1/1 | roll 2.0s upd 11.8s
[brain] it 7059 [league 85%] R/ep 14.49 ent 1.89 kl 0.008 | hit/swing 44% dj/min 22.9 blk/min 9.5 abiHit 86 supHit 44 | hunter 5/8 hard x3 1/1 turtle 2/2 medium 2/2 switcher 1/1 expert x2 1/1 summoner 2/2 sovereign 1/1 self 1/2 sov fast 1/1 expert 1/1 | roll 1.9s upd 8.8s
[brain] it 7060 [league 85%] R/ep 11.35 ent 1.98 kl 0.010 | hit/swing 63% dj/min 26.7 blk/min 9.4 abiHit 72 supHit 39 | hunter 4/6 switcher 2/2 expert 1/2 self 0/3 sov fast 4/4 hard x3 1/1 aerial 1/1 hard 1/1 easy 1/1 turtle 1/1 | roll 1.6s upd 11.0s
[brain] it 7061 [league 86%] R/ep 11.83 ent 1.90 kl 0.009 | hit/swing 61% dj/min 25.4 blk/min 13.7 abiHit 77 supHit 53 | human 1/2 expert 2/2 hunter 10/13 aerial 2/2 easy 1/1 rushdown 0/1 self 0/1 zoner 1/1 sov fast 2/3 medium 1/1 sovereign 3/3 hard 1/1 | roll 2.1s upd 10.3s
[brain] it 7062 [league 86%] R/ep 13.31 ent 1.91 kl 0.009 | hit/swing 45% dj/min 27.0 blk/min 12.8 abiHit 83 supHit 32 | hunter 7/9 self 1/3 sov fast 1/2 medium 1/1 counter 1/1 summoner 1/1 idle 1/1 aerial 1/1 sovereign 1/1 switcher 1/1 zoner 1/1 | roll 2.1s upd 9.5s
[brain] it 7063 [league 87%] R/ep 10.78 ent 2.06 kl 0.008 | hit/swing 51% dj/min 28.0 blk/min 9.2 abiHit 78 supHit 28 | idle 2/2 sovereign 1/1 hunter 8/12 switcher 1/1 summoner 1/1 self 1/1 counter 0/1 medium 1/1 sov fast 3/3 human 1/1 expert 1/1 | roll 2.1s upd 9.8s
[brain] it 7064 [league 87%] R/ep 13.13 ent 1.94 kl 0.006 | hit/swing 56% dj/min 24.3 blk/min 9.9 abiHit 71 supHit 34 | expert x2 0/1 hunter 7/8 sovereign 1/1 medium 1/1 expert 3/3 self 1/2 human 1/1 idle 2/2 rushdown 1/1 sov fast 1/2 summoner 1/1 turtle 1/1 | roll 2.4s upd 12.8s
[brain] it 7065 [league 85%] R/ep 13.31 ent 2.09 kl 0.011 | hit/swing 57% dj/min 29.1 blk/min 8.8 abiHit 58 supHit 33 | sov fast 0/2 hunter 6/8 expert 2/2 turtle 2/2 counter 1/1 hard x3 1/1 zoner 1/1 sovereign 0/2 self 0/1 | roll 2.2s upd 9.4s
[brain] it 7066 [league 85%] R/ep 11.73 ent 1.96 kl 0.008 | hit/swing 45% dj/min 28.4 blk/min 11.4 abiHit 54 supHit 44 | sovereign 5/5 hunter 5/11 medium 1/1 self 1/2 rushdown 1/1 summoner 1/1 sov fast 1/1 hard x3 1/1 | roll 2.1s upd 9.2s
[brain] it 7067 [league 84%] R/ep 9.48 ent 2.00 kl 0.006 | hit/swing 49% dj/min 28.1 blk/min 9.6 abiHit 67 supHit 39 | hunter 10/12 counter 1/1 easy 1/1 self 1/2 aerial 0/1 sovereign 1/2 expert 1/1 sov fast 2/2 | roll 1.9s upd 8.8s
[brain] it 7068 [league 83%] R/ep 9.29 ent 1.97 kl 0.008 | hit/swing 50% dj/min 28.4 blk/min 11.7 abiHit 72 supHit 46 | hunter 5/12 sovereign 2/4 hard x3 1/2 easy 3/3 sov fast 1/2 medium 1/1 counter 1/1 expert 2/2 self 1/1 aerial 1/1 | roll 2.0s upd 8.6s
[brain] it 7069 [league 84%] R/ep 13.62 ent 1.93 kl 0.008 | hit/swing 48% dj/min 25.1 blk/min 9.0 abiHit 89 supHit 48 | sovereign 3/4 expert 1/1 hunter 8/11 zoner 2/2 hard 2/2 expert x2 1/1 sov fast 1/1 easy 2/2 aerial 1/1 idle 2/2 human 1/1 | roll 1.7s upd 9.3s
[brain] it 7070 [league 84%] R/ep 15.32 ent 1.85 kl 0.008 | hit/swing 58% dj/min 24.3 blk/min 9.8 abiHit 61 supHit 46 | sov fast 3/3 idle 1/1 hunter 11/11 human 1/1 medium 1/1 hard 2/2 self 0/1 easy 1/1 zoner 1/1 expert 1/1 sovereign 1/1 | roll 1.9s upd 9.0s
[brain] it 7071 [league 84%] R/ep 11.32 ent 1.97 kl 0.010 | hit/swing 43% dj/min 28.6 blk/min 8.6 abiHit 104 supHit 46 | sov fast 2/3 hunter 10/12 turtle 1/1 hard 1/1 hard x3 1/2 expert 1/1 summoner 1/1 self 0/3 idle 1/1 | roll 1.9s upd 8.9s
[brain] it 7072 [league 83%] R/ep 14.52 ent 1.96 kl 0.007 | hit/swing 62% dj/min 28.7 blk/min 9.5 abiHit 51 supHit 33 | counter 1/1 hunter 9/9 easy 1/1 expert 2/2 sov fast 2/3 zoner 2/2 aerial 1/1 sovereign 2/3 rushdown 1/1 self 0/1 | roll 1.8s upd 7.3s
[brain] it 7073 [league 82%] R/ep 13.51 ent 1.87 kl 0.009 | hit/swing 52% dj/min 26.4 blk/min 12.2 abiHit 77 supHit 58 | hunter 6/8 expert 1/1 sovereign 1/2 aerial 1/1 rushdown 2/2 expert x2 1/1 switcher 0/1 counter 2/2 sov fast 3/4 self 0/2 turtle 1/1 | roll 1.5s upd 6.7s
[brain] it 7074 [league 82%] R/ep 11.43 ent 1.95 kl 0.009 | hit/swing 41% dj/min 28.3 blk/min 9.7 abiHit 79 supHit 32 | hunter 3/6 hard x3 1/1 aerial 1/1 self 1/3 sovereign 1/1 sov fast 2/2 turtle 2/2 switcher 1/1 expert x2 1/1 | roll 1.6s upd 6.4s
[brain] it 7075 [league 82%] R/ep 11.48 ent 1.91 kl 0.008 | hit/swing 47% dj/min 26.9 blk/min 12.6 abiHit 62 supHit 32 | summoner 1/1 hunter 11/14 sov fast 2/3 expert 1/1 self 0/1 idle 1/1 hard 1/1 | roll 1.6s upd 6.8s
[brain] it 7076 [league 83%] R/ep 12.60 ent 1.91 kl 0.010 | hit/swing 42% dj/min 26.5 blk/min 12.4 abiHit 100 supHit 50 | hunter 8/9 sovereign 1/1 turtle 2/2 hard 2/2 easy 1/1 self 1/3 switcher 1/1 aerial 1/1 expert 1/1 expert x2 0/1 counter 2/2 sov fast 1/1 | roll 1.6s upd 7.6s
[brain] it 7077 [league 81%] R/ep 11.70 ent 1.94 kl 0.008 | hit/swing 42% dj/min 28.9 blk/min 11.0 abiHit 68 supHit 37 | hunter 5/6 self 2/2 easy 2/2 sov fast 2/4 expert 1/1 sovereign 1/3 zoner 1/1 hard 1/1 human 1/1 switcher 0/1 hard x3 1/1 | roll 1.5s upd 7.7s
[brain] it 7078 [league 81%] R/ep 14.13 ent 1.84 kl 0.009 | hit/swing 53% dj/min 25.1 blk/min 11.1 abiHit 78 supHit 49 | sovereign 4/4 hunter 9/11 turtle 1/1 sov fast 1/1 hard 1/1 expert 2/2 summoner 1/1 medium 1/1 switcher 1/1 human 1/1 expert x2 2/2 self 0/1 | roll 1.5s upd 7.2s
[brain] it 7079 [league 80%] R/ep 6.32 ent 2.06 kl 0.008 | hit/swing 40% dj/min 30.3 blk/min 9.5 abiHit 65 supHit 25 | self 1/4 hunter 4/9 medium 2/2 sovereign 2/3 idle 1/1 easy 1/1 | roll 1.6s upd 7.2s
[brain] it 7080 [league 81%] R/ep 13.12 ent 1.87 kl 0.008 | hit/swing 54% dj/min 24.3 blk/min 11.5 abiHit 108 supHit 47 | hunter 7/9 medium 1/1 zoner 1/1 switcher 1/1 counter 1/1 rushdown 1/1 sovereign 3/3 expert 1/1 hard 2/2 self 1/2 sov fast 1/1 hard x3 0/2 idle 1/1 | roll 1.6s upd 8.9s
[brain] it 7081 [league 81%] R/ep 9.62 ent 1.92 kl 0.007 | hit/swing 54% dj/min 26.1 blk/min 13.6 abiHit 91 supHit 43 | hunter 4/12 hard 2/2 sovereign 3/4 summoner 1/1 sov fast 2/2 expert 1/1 expert x2 2/2 rushdown 1/1 | roll 1.7s upd 7.4s
[brain] it 7082 [league 81%] R/ep 13.59 ent 1.89 kl 0.008 | hit/swing 54% dj/min 26.3 blk/min 10.1 abiHit 90 supHit 49 | expert 3/3 sovereign 3/3 hunter 5/6 hard x3 1/1 switcher 1/1 rushdown 2/2 idle 2/2 self 2/2 sov fast 3/4 human 0/1 | roll 1.7s upd 7.9s
[brain] it 7083 [league 81%] R/ep 9.54 ent 2.02 kl 0.008 | hit/swing 30% dj/min 29.6 blk/min 10.5 abiHit 56 supHit 32 | sov fast 1/1 self 0/1 idle 2/2 hunter 4/10 sovereign 3/3 counter 1/1 expert 1/1 rushdown 1/1 hard 1/1 medium 1/1 | roll 1.7s upd 8.2s
[brain] it 7084 [league 82%] R/ep 15.86 ent 1.72 kl 0.008 | hit/swing 49% dj/min 21.7 blk/min 15.0 abiHit 107 supHit 64 | counter 1/1 expert 2/2 medium 2/2 human 1/1 sov fast 4/4 hunter 10/13 sovereign 3/3 expert x2 1/1 self 1/1 idle 1/1 easy 1/1 hard 1/1 | roll 1.7s upd 7.9s
[brain] it 7085 [league 82%] R/ep 9.42 ent 1.97 kl 0.010 | hit/swing 66% dj/min 27.9 blk/min 12.0 abiHit 54 supHit 44 | medium 2/2 summoner 2/2 human 1/1 sov fast 2/4 sovereign 4/4 expert 1/1 hunter 4/8 self 0/1 hard x3 0/1 | roll 1.7s upd 7.3s
[brain] it 7086 [league 82%] R/ep 10.35 ent 2.00 kl 0.007 | hit/swing 39% dj/min 27.5 blk/min 12.0 abiHit 34 supHit 22 | self 2/3 hunter 8/11 turtle 1/1 sov fast 1/1 counter 1/1 rushdown 0/1 | roll 1.6s upd 7.1s
[brain] it 7087 [league 82%] R/ep 12.04 ent 1.93 kl 0.009 | hit/swing 51% dj/min 23.9 blk/min 12.7 abiHit 64 supHit 35 | hunter 3/5 zoner 1/1 hard 1/1 sovereign 2/3 expert 1/1 sov fast 2/3 medium 1/1 counter 2/2 easy 2/2 self 0/3 expert x2 1/1 human 1/1 | roll 1.5s upd 7.6s
[brain] it 7088 [league 82%] R/ep 12.59 ent 1.89 kl 0.009 | hit/swing 55% dj/min 25.7 blk/min 9.8 abiHit 60 supHit 54 | summoner 1/1 hunter 9/10 self 4/6 medium 2/2 aerial 1/1 hard 1/1 idle 1/1 sovereign 3/3 switcher 1/1 expert 1/1 sov fast 1/1 | roll 1.9s upd 8.3s
[brain] it 7089 [league 83%] R/ep 14.07 ent 1.86 kl 0.009 | hit/swing 47% dj/min 27.1 blk/min 12.1 abiHit 65 supHit 31 | rushdown 1/1 turtle 0/2 self 2/2 sov fast 1/2 hunter 5/7 sovereign 2/2 hard 1/1 counter 1/1 easy 2/2 idle 1/1 | roll 1.6s upd 8.5s
[brain] it 7090 [league 84%] R/ep 12.94 ent 1.82 kl 0.009 | hit/swing 63% dj/min 22.8 blk/min 14.8 abiHit 76 supHit 54 | self 1/2 hard 1/1 hunter 10/14 human 2/2 sov fast 1/1 expert 4/4 sovereign 3/3 medium 1/1 summoner 1/1 easy 1/1 | roll 1.8s upd 7.8s
[brain] it 7091 [league 82%] R/ep 7.89 ent 1.94 kl 0.007 | hit/swing 46% dj/min 28.3 blk/min 12.6 abiHit 62 supHit 38 | sovereign 0/2 hunter 6/11 sov fast 0/1 hard 2/2 rushdown 1/1 human 1/1 expert 2/2 self 0/2 idle 1/1 turtle 1/1 | roll 1.6s upd 6.9s
[brain] it 7092 [league 82%] R/ep 12.34 ent 1.87 kl 0.008 | hit/swing 61% dj/min 26.5 blk/min 12.8 abiHit 67 supHit 44 | hunter 10/14 rushdown 1/1 sov fast 3/4 idle 1/1 summoner 1/1 self 0/1 sovereign 1/1 hard 1/1 medium 1/1 aerial 1/1 easy 1/1 | roll 1.6s upd 7.4s
[brain] it 7093 [league 81%] R/ep 14.83 ent 1.87 kl 0.008 | hit/swing 50% dj/min 25.8 blk/min 10.3 abiHit 97 supHit 53 | hard x3 3/3 sov fast 1/1 hunter 7/10 counter 1/1 expert 3/3 rushdown 1/1 self 1/2 medium 1/1 sovereign 2/3 | roll 1.8s upd 7.7s
[brain] it 7094 [league 80%] R/ep 9.78 ent 1.91 kl 0.007 | hit/swing 47% dj/min 29.9 blk/min 11.2 abiHit 78 supHit 40 | hunter 8/13 self 1/2 sovereign 1/2 expert 1/1 medium 1/1 hard x3 1/1 sov fast 2/2 easy 1/1 | roll 1.7s upd 7.9s
[brain] it 7095 [league 81%] R/ep 11.24 ent 1.96 kl 0.009 | hit/swing 55% dj/min 24.9 blk/min 12.4 abiHit 57 supHit 42 | hunter 10/12 summoner 2/2 sov fast 1/2 easy 1/1 switcher 1/1 self 0/2 rushdown 1/1 counter 2/2 sovereign 1/1 | roll 1.6s upd 6.9s
[brain] it 7096 [league 81%] R/ep 11.80 ent 1.87 kl 0.009 | hit/swing 50% dj/min 25.6 blk/min 11.4 abiHit 79 supHit 36 | idle 2/2 hunter 4/6 medium 1/1 sovereign 1/1 self 1/4 rushdown 2/2 zoner 1/1 sov fast 2/4 summoner 1/1 hard 2/2 | roll 1.7s upd 7.6s
[brain] it 7097 [league 82%] R/ep 12.94 ent 1.89 kl 0.007 | hit/swing 40% dj/min 25.4 blk/min 11.1 abiHit 102 supHit 56 | sovereign 3/3 hunter 7/13 easy 1/1 sov fast 3/3 hard x3 1/2 self 1/1 human 1/1 summoner 1/1 hard 1/1 expert 1/1 zoner 1/1 | roll 1.7s upd 8.0s
[brain] it 7098 [league 82%] R/ep 11.89 ent 2.05 kl 0.007 | hit/swing 28% dj/min 31.2 blk/min 10.0 abiHit 72 supHit 25 | self 2/4 hunter 6/7 human 1/1 aerial 1/1 medium 2/2 summoner 1/1 switcher 1/1 | roll 1.5s upd 7.0s
[brain] it 7099 [league 82%] R/ep 11.76 ent 1.87 kl 0.008 | hit/swing 46% dj/min 22.2 blk/min 12.0 abiHit 82 supHit 32 | hard x3 0/1 sov fast 1/1 hunter 10/13 expert 1/1 easy 1/1 medium 1/1 self 0/1 idle 2/2 counter 1/2 | roll 1.5s upd 7.0s
[brain] it 7100 [league 81%] R/ep 11.68 ent 1.98 kl 0.009 | hit/swing 51% dj/min 28.2 blk/min 10.9 abiHit 62 supHit 39 | medium 2/2 hunter 7/8 sovereign 3/4 self 0/4 summoner 1/1 expert 1/1 hard 1/1 counter 1/1 | roll 1.6s upd 6.5s
[brain] it 7101 [league 79%] R/ep 6.65 ent 2.04 kl 0.008 | hit/swing 33% dj/min 30.3 blk/min 9.3 abiHit 38 supHit 35 | hunter 6/11 self 0/1 sovereign 2/4 sov fast 1/2 expert x2 1/1 | roll 1.8s upd 7.4s
[brain] it 7102 [league 79%] R/ep 14.14 ent 1.79 kl 0.006 | hit/swing 46% dj/min 22.9 blk/min 12.6 abiHit 92 supHit 41 | sov fast 2/2 sovereign 1/1 easy 3/3 hard 1/1 turtle 1/1 hunter 6/8 rushdown 1/1 self 1/3 hard x3 1/1 idle 1/1 | roll 1.5s upd 8.3s
[brain] it 7103 [league 80%] R/ep 13.39 ent 1.89 kl 0.010 | hit/swing 47% dj/min 26.6 blk/min 8.9 abiHit 82 supHit 52 | medium 3/3 counter 1/1 self 0/2 hard 1/1 hunter 7/7 expert 1/2 sov fast 5/5 summoner 1/1 hard x3 0/1 zoner 1/1 sovereign 3/3 human 1/1 | roll 1.9s upd 8.4s
[brain] it 7104 [league 79%] R/ep 10.91 ent 1.99 kl 0.009 | hit/swing 39% dj/min 26.4 blk/min 11.4 abiHit 73 supHit 29 | hunter 7/12 summoner 1/1 expert 1/1 sov fast 1/1 sovereign 0/1 medium 1/1 self 2/2 hard x3 1/1 | roll 1.8s upd 7.5s
[brain] it 7105 [league 79%] R/ep 12.43 ent 1.94 kl 0.010 | hit/swing 51% dj/min 25.5 blk/min 10.7 abiHit 82 supHit 46 | self 2/6 medium 1/1 hunter 7/7 sov fast 3/3 expert 2/2 switcher 2/2 easy 1/1 expert x2 1/1 idle 1/1 | roll 1.7s upd 6.7s
[brain] it 7106 [league 79%] R/ep 11.24 ent 1.94 kl 0.008 | hit/swing 47% dj/min 28.7 blk/min 14.8 abiHit 66 supHit 36 | hunter 8/14 sovereign 1/1 sov fast 3/3 self 0/1 aerial 1/1 counter 1/1 summoner 1/1 human 1/1 | roll 1.7s upd 8.0s
[brain] it 7107 [league 78%] R/ep 11.79 ent 1.83 kl 0.007 | hit/swing 52% dj/min 24.1 blk/min 15.9 abiHit 71 supHit 40 | sov fast 2/2 hunter 8/14 sovereign 0/1 summoner 1/1 counter 1/1 easy 1/1 self 1/2 switcher 1/1 hard x3 1/1 | roll 1.6s upd 7.4s
[brain] it 7108 [league 77%] R/ep 12.08 ent 1.93 kl 0.007 | hit/swing 54% dj/min 28.6 blk/min 10.6 abiHit 84 supHit 33 | hunter 10/13 self 3/3 sov fast 2/3 sovereign 1/2 expert 2/2 easy 1/1 hard 1/1 | roll 1.8s upd 7.4s
[brain] it 7109 [league 75%] R/ep 10.07 ent 1.97 kl 0.009 | hit/swing 48% dj/min 26.9 blk/min 10.6 abiHit 47 supHit 47 | hunter 13/14 sovereign 2/4 turtle 1/1 medium 1/1 self 1/2 aerial 1/1 hard x3 0/1 sov fast 1/2 | roll 1.5s upd 6.2s
[brain] it 7110 [league 75%] R/ep 10.08 ent 1.98 kl 0.009 | hit/swing 51% dj/min 25.4 blk/min 10.7 abiHit 70 supHit 26 | easy 1/1 hunter 6/10 counter 1/1 sovereign 0/1 self 1/1 sov fast 0/2 expert 1/1 idle 1/1 hard 1/1 expert x2 1/1 switcher 1/1 | roll 1.6s upd 7.0s
[brain] it 7111 [league 76%] R/ep 12.53 ent 2.01 kl 0.008 | hit/swing 41% dj/min 29.8 blk/min 8.9 abiHit 73 supHit 33 | hunter 7/8 sovereign 4/4 sov fast 2/3 switcher 1/1 expert 1/1 self 0/1 human 1/1 counter 1/1 hard x3 1/1 rushdown 1/1 medium 1/1 easy 1/1 | roll 1.6s upd 6.8s
[brain] it 7112 [league 74%] R/ep 10.94 ent 1.91 kl 0.007 | hit/swing 45% dj/min 24.8 blk/min 11.2 abiHit 66 supHit 45 | summoner 1/1 medium 2/2 sovereign 1/4 hunter 4/7 easy 1/1 self 0/2 aerial 1/1 hard 1/1 sov fast 1/1 expert 1/1 idle 1/1 hard x3 1/1 | roll 1.4s upd 7.0s
[brain] it 7113 [league 74%] R/ep 11.34 ent 1.99 kl 0.008 | hit/swing 40% dj/min 29.6 blk/min 10.3 abiHit 86 supHit 42 | aerial 0/1 hunter 6/9 self 0/2 expert x2 1/1 sov fast 1/2 expert 2/2 medium 1/1 summoner 2/2 turtle 1/1 | roll 1.5s upd 7.5s
[brain] it 7114 [league 76%] R/ep 13.59 ent 1.85 kl 0.009 | hit/swing 60% dj/min 21.5 blk/min 9.8 abiHit 107 supHit 56 | sov fast 3/4 hunter 7/11 sovereign 3/3 summoner 1/1 switcher 1/1 expert 4/4 turtle 1/1 rushdown 1/1 zoner 1/1 hard x3 1/1 hard 2/2 | roll 1.5s upd 7.4s
[brain] it 7115 [league 77%] R/ep 12.08 ent 1.89 kl 0.009 | hit/swing 55% dj/min 26.0 blk/min 12.6 abiHit 88 supHit 44 | sov fast 1/2 hunter 7/11 aerial 1/1 sovereign 4/4 easy 1/1 self 1/3 hard x3 1/1 medium 1/1 turtle 1/1 | roll 1.6s upd 6.9s
[brain] it 7116 [league 77%] R/ep 10.93 ent 1.86 kl 0.007 | hit/swing 55% dj/min 22.5 blk/min 11.7 abiHit 95 supHit 49 | hunter 5/9 sov fast 5/5 hard x3 1/1 hard 1/1 expert 1/1 turtle 1/1 summoner 2/2 medium 2/2 idle 1/1 self 0/3 sovereign 1/1 | roll 1.5s upd 6.9s
[brain] it 7117 [league 77%] R/ep 6.28 ent 1.97 kl 0.008 | hit/swing 50% dj/min 27.9 blk/min 9.6 abiHit 63 supHit 35 | sov fast 3/6 expert 3/3 hunter 4/7 sovereign 3/4 self 1/5 | roll 1.7s upd 7.6s
[brain] it 7118 [league 78%] R/ep 11.84 ent 1.94 kl 0.009 | hit/swing 61% dj/min 26.4 blk/min 9.7 abiHit 71 supHit 37 | hunter 3/5 hard 3/3 self 3/6 sov fast 4/5 summoner 2/2 idle 1/1 sovereign 2/2 counter 1/1 rushdown 1/1 medium 1/1 | roll 1.6s upd 6.5s
[brain] it 7119 [league 78%] R/ep 13.29 ent 1.88 kl 0.008 | hit/swing 52% dj/min 27.6 blk/min 12.1 abiHit 68 supHit 33 | hunter 8/11 switcher 2/2 self 1/3 idle 1/1 sov fast 0/1 counter 1/1 expert 1/1 hard x3 1/1 | roll 1.5s upd 6.1s
[brain] it 7120 [league 79%] R/ep 15.22 ent 1.99 kl 0.009 | hit/swing 57% dj/min 28.2 blk/min 11.2 abiHit 70 supHit 46 | sovereign 3/3 self 2/2 hunter 9/9 summoner 1/1 human 2/2 sov fast 3/3 idle 2/2 medium 1/1 | roll 1.5s upd 7.0s
[brain] it 7121 [league 79%] R/ep 14.30 ent 1.89 kl 0.008 | hit/swing 63% dj/min 26.3 blk/min 8.4 abiHit 65 supHit 43 | hunter 7/8 idle 3/3 zoner 2/2 sov fast 3/3 self 1/3 expert 1/1 sovereign 3/4 aerial 1/1 counter 1/1 | roll 1.5s upd 6.5s
[brain] it 7122 [league 79%] R/ep 12.68 ent 1.92 kl 0.008 | hit/swing 38% dj/min 28.7 blk/min 11.0 abiHit 87 supHit 48 | hunter 6/9 hard x3 0/1 sov fast 4/4 sovereign 1/1 turtle 1/1 easy 1/1 rushdown 1/2 expert x2 1/1 hard 1/1 idle 1/1 self 2/2 expert 1/1 | roll 1.3s upd 6.9s
[brain] it 7123 [league 80%] R/ep 12.30 ent 2.02 kl 0.007 | hit/swing 41% dj/min 30.2 blk/min 11.4 abiHit 76 supHit 44 | hunter 8/11 expert 3/3 rushdown 1/1 medium 1/1 aerial 1/1 sov fast 1/2 easy 1/1 expert x2 1/1 self 0/1 human 1/1 sovereign 2/2 | roll 1.5s upd 6.9s
[brain] it 7124 [league 79%] R/ep 10.71 ent 1.97 kl 0.007 | hit/swing 44% dj/min 30.9 blk/min 8.8 abiHit 54 supHit 41 | sov fast 3/4 self 3/3 sovereign 0/1 hunter 9/10 idle 1/1 turtle 1/1 expert 1/1 | roll 1.6s upd 6.3s
[brain] it 7125 [league 78%] R/ep 13.67 ent 1.88 kl 0.007 | hit/swing 56% dj/min 29.1 blk/min 14.4 abiHit 56 supHit 46 | expert 1/1 self 2/5 summoner 1/1 sovereign 1/2 sov fast 2/2 rushdown 1/1 hunter 4/6 easy 1/1 aerial 1/1 human 2/2 counter 1/1 | roll 1.6s upd 7.2s
[brain] it 7126 [league 77%] R/ep 11.26 ent 1.98 kl 0.011 | hit/swing 38% dj/min 30.5 blk/min 10.8 abiHit 73 supHit 33 | sovereign 1/2 turtle 1/1 sov fast 0/2 hard x3 0/1 hunter 4/7 counter 1/1 summoner 1/1 medium 2/2 self 0/1 expert 2/2 rushdown 1/1 | roll 1.4s upd 7.0s
[brain] it 7127 [league 78%] R/ep 9.43 ent 1.91 kl 0.010 | hit/swing 51% dj/min 28.2 blk/min 8.8 abiHit 84 supHit 56 | sovereign 4/4 sov fast 4/7 counter 1/1 hunter 8/10 summoner 1/1 expert 2/2 hard 1/1 self 1/3 idle 1/1 | roll 1.6s upd 7.7s
[brain] it 7128 [league 78%] R/ep 12.39 ent 1.91 kl 0.008 | hit/swing 59% dj/min 24.2 blk/min 13.6 abiHit 62 supHit 25 | self 1/2 expert x2 1/1 hunter 7/12 expert 2/2 hard x3 1/1 easy 1/1 | roll 1.6s upd 7.0s
[brain] it 7129 [league 78%] R/ep 12.21 ent 1.97 kl 0.009 | hit/swing 41% dj/min 29.4 blk/min 11.3 abiHit 75 supHit 46 | hunter 6/9 expert x2 1/1 easy 2/2 sovereign 3/3 expert 1/2 rushdown 2/2 zoner 1/1 summoner 1/1 sov fast 1/1 self 1/2 counter 1/1 | roll 1.6s upd 6.8s
[brain] it 7130 [league 77%] R/ep 12.79 ent 2.00 kl 0.009 | hit/swing 39% dj/min 31.6 blk/min 8.5 abiHit 100 supHit 41 | sovereign 4/5 sov fast 1/2 hunter 6/7 rushdown 1/1 medium 1/1 aerial 1/1 self 1/1 expert 1/1 switcher 1/1 expert x2 1/1 summoner 1/1 | roll 1.4s upd 6.9s
[brain] it 7131 [league 75%] R/ep 7.27 ent 2.10 kl 0.008 | hit/swing 44% dj/min 31.5 blk/min 7.7 abiHit 49 supHit 24 | hunter 6/6 self 0/4 sov fast 0/2 sovereign 1/3 human 1/1 easy 1/1 counter 1/1 summoner 1/1 hard 1/1 | roll 1.7s upd 7.5s
[brain] it 7132 [league 75%] R/ep 12.99 ent 1.91 kl 0.008 | hit/swing 47% dj/min 27.2 blk/min 11.4 abiHit 66 supHit 60 | counter 0/1 sov fast 2/3 hunter 6/7 self 2/4 hard 2/2 zoner 1/1 medium 2/2 rushdown 2/2 hard x3 1/2 aerial 1/1 expert 1/1 human 1/1 | roll 1.5s upd 6.9s
[brain] it 7133 [league 76%] R/ep 13.30 ent 1.90 kl 0.007 | hit/swing 54% dj/min 26.2 blk/min 10.7 abiHit 74 supHit 50 | hunter 3/9 easy 1/1 zoner 1/1 sovereign 4/4 aerial 1/1 sov fast 2/2 hard x3 1/1 medium 1/1 hard 3/3 self 2/3 idle 1/1 | roll 1.6s upd 7.3s
[brain] it 7134 [league 75%] R/ep 12.83 ent 1.79 kl 0.008 | hit/swing 58% dj/min 26.0 blk/min 14.3 abiHit 64 supHit 54 | hunter 11/13 sov fast 1/2 expert 2/2 sovereign 3/4 hard 2/2 easy 2/2 rushdown 1/1 switcher 1/1 self 0/1 | roll 1.5s upd 7.0s
[brain] it 7135 [league 74%] R/ep 11.11 ent 1.91 kl 0.007 | hit/swing 52% dj/min 29.1 blk/min 10.4 abiHit 61 supHit 32 | hunter 4/8 sovereign 4/5 self 2/4 expert x2 1/1 expert 3/3 turtle 1/1 | roll 1.5s upd 6.3s
[brain] it 7136 [league 75%] R/ep 14.64 ent 1.91 kl 0.009 | hit/swing 50% dj/min 30.5 blk/min 11.9 abiHit 72 supHit 46 | self 1/2 hunter 8/9 sovereign 4/5 medium 2/2 human 2/2 easy 2/2 expert 1/1 summoner 1/1 sov fast 1/1 | roll 1.6s upd 7.2s
[brain] it 7137 [league 76%] R/ep 14.15 ent 1.89 kl 0.008 | hit/swing 62% dj/min 29.0 blk/min 11.3 abiHit 89 supHit 55 | hard x3 2/2 hunter 7/8 sov fast 3/5 sovereign 5/6 self 0/1 zoner 1/1 turtle 1/1 hard 2/2 switcher 1/1 expert 1/1 | roll 1.5s upd 6.7s
[brain] it 7138 [league 76%] R/ep 8.34 ent 1.98 kl 0.010 | hit/swing 50% dj/min 31.4 blk/min 12.9 abiHit 38 supHit 34 | sovereign 2/2 hunter 7/12 hard x3 0/2 zoner 1/1 hard 1/1 self 1/2 expert 2/2 sov fast 1/1 | roll 1.5s upd 7.2s
[brain] it 7139 [league 75%] R/ep 10.93 ent 2.00 kl 0.008 | hit/swing 45% dj/min 30.8 blk/min 11.2 abiHit 61 supHit 36 | hunter 3/7 hard x3 1/1 easy 1/1 rushdown 2/3 sov fast 3/3 sovereign 1/3 self 0/2 expert x2 1/1 expert 1/1 zoner 1/1 | roll 1.7s upd 8.1s
[brain] it 7140 [league 74%] R/ep 11.93 ent 1.87 kl 0.008 | hit/swing 64% dj/min 26.6 blk/min 11.4 abiHit 75 supHit 65 | hunter 7/11 expert x2 2/2 sov fast 3/3 rushdown 2/2 switcher 1/2 sovereign 0/1 hard 1/1 idle 2/2 self 1/2 turtle 2/2 zoner 1/1 medium 1/1 human 1/1 | roll 1.6s upd 7.6s
[brain] it 7141 [league 76%] R/ep 13.17 ent 1.78 kl 0.008 | hit/swing 63% dj/min 22.7 blk/min 13.7 abiHit 85 supHit 55 | self 1/4 sov fast 2/2 hard x3 2/2 sovereign 3/3 easy 1/1 expert 2/2 zoner 1/1 human 1/1 hunter 7/10 idle 1/1 turtle 1/1 summoner 1/1 | roll 1.6s upd 6.8s
[brain] it 7142 [league 76%] R/ep 12.52 ent 1.81 kl 0.008 | hit/swing 53% dj/min 24.6 blk/min 11.2 abiHit 95 supHit 56 | hunter 5/7 sovereign 3/3 easy 2/2 counter 1/1 turtle 1/1 switcher 1/1 aerial 1/1 sov fast 4/4 hard x3 1/1 self 1/4 medium 1/1 idle 1/1 | roll 1.5s upd 7.0s
[brain] it 7143 [league 76%] R/ep 15.28 ent 1.83 kl 0.009 | hit/swing 65% dj/min 24.0 blk/min 13.1 abiHit 76 supHit 63 | turtle 1/1 hunter 13/14 expert x2 3/3 sov fast 2/2 hard 1/1 medium 1/1 self 2/2 expert 2/2 hard x3 0/1 rushdown 1/1 | roll 1.7s upd 7.2s
[brain] it 7144 [league 75%] R/ep 9.52 ent 2.03 kl 0.009 | hit/swing 46% dj/min 31.1 blk/min 9.0 abiHit 67 supHit 37 | switcher 1/1 easy 1/1 turtle 2/2 hunter 8/9 sov fast 1/2 self 0/3 summoner 2/2 hard 1/1 sovereign 0/1 | roll 1.8s upd 7.7s
[brain] it 7145 [league 75%] R/ep 11.31 ent 1.86 kl 0.009 | hit/swing 46% dj/min 28.2 blk/min 11.0 abiHit 71 supHit 55 | hunter 8/10 sov fast 1/1 sovereign 2/3 self 3/5 medium 3/3 expert 2/2 aerial 0/1 expert x2 1/1 summoner 1/1 | roll 1.5s upd 7.5s
[brain] it 7146 [league 76%] R/ep 11.01 ent 1.96 kl 0.010 | hit/swing 43% dj/min 28.2 blk/min 11.4 abiHit 79 supHit 53 | sovereign 2/4 summoner 2/2 hunter 9/12 self 1/1 easy 1/1 expert x2 1/1 zoner 1/1 sov fast 1/2 expert 1/1 human 1/1 switcher 0/1 | roll 1.6s upd 8.0s
[brain] it 7147 [league 76%] R/ep 13.28 ent 1.87 kl 0.009 | hit/swing 64% dj/min 27.9 blk/min 10.6 abiHit 96 supHit 61 | human 1/1 sov fast 4/5 switcher 1/1 medium 1/1 sovereign 2/4 hunter 8/8 hard x3 1/2 idle 1/1 self 1/3 rushdown 1/2 zoner 1/1 | roll 1.5s upd 7.5s
[brain] it 7148 [league 75%] R/ep 12.06 ent 1.84 kl 0.007 | hit/swing 58% dj/min 25.9 blk/min 11.3 abiHit 82 supHit 55 | hunter 7/9 expert 1/1 easy 1/1 self 2/3 sovereign 3/4 medium 3/3 idle 3/3 rushdown 1/1 sov fast 1/3 aerial 1/1 | roll 1.5s upd 7.5s
[brain] it 7149 [league 78%] R/ep 11.89 ent 1.99 kl 0.009 | hit/swing 49% dj/min 28.2 blk/min 9.3 abiHit 77 supHit 64 | sovereign 10/10 summoner 2/2 expert 2/2 hunter 6/8 sov fast 2/3 self 0/1 hard x3 0/1 medium 1/1 zoner 1/1 hard 1/1 rushdown 1/1 aerial 1/1 | roll 1.7s upd 8.0s
[brain] it 7150 [league 78%] R/ep 10.76 ent 1.99 kl 0.009 | hit/swing 50% dj/min 28.1 blk/min 12.4 abiHit 63 supHit 25 | hunter 9/12 self 1/2 hard 1/1 sov fast 2/2 medium 1/1 aerial 1/1 idle 1/1 | roll 1.6s upd 6.8s
[brain] it 7151 [league 78%] R/ep 14.27 ent 1.83 kl 0.008 | hit/swing 54% dj/min 22.7 blk/min 12.3 abiHit 80 supHit 58 | summoner 2/2 self 1/1 hunter 10/15 medium 2/2 expert 1/1 sov fast 1/1 expert x2 1/1 rushdown 2/2 sovereign 1/1 idle 1/1 counter 1/1 turtle 1/1 | roll 1.5s upd 7.4s
[brain] it 7152 [league 78%] R/ep 11.95 ent 1.92 kl 0.008 | hit/swing 54% dj/min 25.6 blk/min 12.6 abiHit 78 supHit 31 | sovereign 3/3 rushdown 0/1 easy 1/1 expert 2/2 counter 1/1 medium 1/1 hunter 7/10 self 1/2 sov fast 2/2 human 1/1 | roll 1.8s upd 8.9s
[brain] it 7153 [league 79%] R/ep 11.11 ent 1.95 kl 0.008 | hit/swing 57% dj/min 27.1 blk/min 12.1 abiHit 73 supHit 41 | hunter 5/12 sov fast 2/2 expert 1/1 sovereign 2/2 medium 2/2 summoner 1/1 easy 1/1 switcher 2/2 hard x3 1/1 self 0/1 | roll 2.0s upd 8.4s
[brain] it 7154 [league 79%] R/ep 13.34 ent 1.82 kl 0.008 | hit/swing 60% dj/min 24.5 blk/min 12.8 abiHit 94 supHit 48 | hunter 10/11 rushdown 1/1 self 2/4 human 1/1 sov fast 1/1 expert x2 1/2 easy 1/1 sovereign 1/1 zoner 1/1 medium 2/2 summoner 1/1 turtle 1/1 | roll 1.9s upd 7.9s
[brain] it 7155 [league 78%] R/ep 13.56 ent 2.02 kl 0.009 | hit/swing 50% dj/min 28.5 blk/min 10.7 abiHit 65 supHit 43 | hunter 6/8 expert x2 1/1 hard x3 1/2 expert 2/2 idle 1/1 easy 1/1 sov fast 1/2 hard 1/1 sovereign 1/2 human 1/1 self 0/1 switcher 1/1 | roll 1.8s upd 6.7s
[brain] it 7156 [league 78%] R/ep 14.63 ent 1.93 kl 0.007 | hit/swing 42% dj/min 26.8 blk/min 11.8 abiHit 85 supHit 49 | hunter 11/13 sovereign 1/1 expert 2/2 self 0/2 expert x2 1/1 idle 3/3 rushdown 1/1 sov fast 1/1 | roll 1.6s upd 10.0s
[brain] it 7157 [league 79%] R/ep 11.02 ent 2.00 kl 0.008 | hit/swing 72% dj/min 28.1 blk/min 9.9 abiHit 73 supHit 56 | sovereign 5/5 hunter 5/7 switcher 3/3 hard 1/1 self 1/3 expert 2/2 sov fast 2/3 summoner 2/2 | roll 2.2s upd 8.9s
[brain] it 7158 [league 79%] R/ep 13.07 ent 1.89 kl 0.006 | hit/swing 57% dj/min 24.7 blk/min 11.9 abiHit 85 supHit 64 | hunter 5/11 expert 4/4 self 1/1 sov fast 1/2 summoner 1/1 medium 2/2 easy 2/2 idle 1/1 hard 1/1 expert x2 0/1 sovereign 1/1 hard x3 1/1 aerial 2/2 human 1/1 | roll 1.7s upd 8.4s
[brain] it 7159 [league 79%] R/ep 8.02 ent 1.93 kl 0.007 | hit/swing 43% dj/min 26.8 blk/min 11.7 abiHit 53 supHit 29 | medium 2/2 hunter 4/9 sov fast 2/3 turtle 1/1 expert 1/1 sovereign 2/2 self 1/5 human 2/2 counter 1/1 | roll 2.1s upd 10.1s
[brain] it 7160 [league 79%] R/ep 9.57 ent 2.01 kl 0.009 | hit/swing 46% dj/min 30.0 blk/min 10.4 abiHit 72 supHit 39 | hunter 4/7 self 1/3 sov fast 4/5 zoner 1/1 summoner 2/2 sovereign 1/2 hard x3 0/1 medium 1/1 | roll 1.8s upd 9.7s
[brain] it 7161 [league 80%] R/ep 11.56 ent 1.97 kl 0.007 | hit/swing 59% dj/min 25.4 blk/min 14.8 abiHit 52 supHit 35 | sov fast 2/3 sovereign 2/3 hunter 7/11 turtle 1/1 zoner 1/1 expert 2/2 human 1/1 self 1/1 | roll 2.0s upd 8.0s
[brain] it 7162 [league 80%] R/ep 11.98 ent 1.87 kl 0.008 | hit/swing 39% dj/min 27.4 blk/min 11.7 abiHit 85 supHit 36 | aerial 1/2 sov fast 2/3 hunter 5/8 switcher 1/1 self 0/2 sovereign 1/1 expert 1/1 expert x2 1/1 summoner 1/1 medium 1/1 turtle 1/1 | roll 1.7s upd 9.1s
[brain] it 7163 [league 80%] R/ep 9.54 ent 1.96 kl 0.009 | hit/swing 47% dj/min 27.5 blk/min 13.4 abiHit 63 supHit 46 | medium 1/1 sovereign 2/2 sov fast 2/4 summoner 1/1 hard 1/1 hunter 3/10 switcher 1/1 easy 1/1 counter 1/1 expert 1/1 idle 1/1 self 1/1 | roll 1.9s upd 8.7s
[brain] it 7164 [league 79%] R/ep 14.63 ent 1.87 kl 0.009 | hit/swing 60% dj/min 24.6 blk/min 10.9 abiHit 75 supHit 39 | hunter 5/9 hard x3 2/2 idle 2/2 summoner 2/2 self 2/4 switcher 1/1 sov fast 3/3 hard 1/1 sovereign 0/1 expert 1/1 zoner 1/1 | roll 2.2s upd 9.5s
[brain] it 7165 [league 79%] R/ep 12.10 ent 1.91 kl 0.009 | hit/swing 71% dj/min 24.0 blk/min 10.7 abiHit 67 supHit 41 | hunter 8/13 counter 2/2 idle 3/3 switcher 1/1 medium 1/1 rushdown 1/1 easy 1/1 sov fast 2/2 sovereign 1/1 turtle 1/1 self 0/2 summoner 1/1 aerial 1/1 | roll 1.8s upd 8.8s
[brain] it 7166 [league 80%] R/ep 13.03 ent 1.90 kl 0.009 | hit/swing 54% dj/min 24.6 blk/min 10.6 abiHit 81 supHit 53 | aerial 1/1 hunter 6/7 medium 4/4 expert x2 1/1 summoner 1/1 human 2/2 sov fast 2/4 sovereign 3/3 self 0/1 switcher 1/1 | roll 1.9s upd 8.3s
[brain] it 7167 [league 79%] R/ep 11.11 ent 1.91 kl 0.008 | hit/swing 58% dj/min 26.8 blk/min 10.5 abiHit 73 supHit 48 | hunter 4/8 expert 1/1 turtle 1/1 sovereign 3/4 aerial 1/1 self 3/4 easy 1/1 sov fast 3/3 idle 1/1 | roll 1.9s upd 8.1s
[brain] it 7168 [league 81%] R/ep 13.12 ent 1.81 kl 0.010 | hit/swing 67% dj/min 26.0 blk/min 10.8 abiHit 86 supHit 52 | sovereign 5/5 hard x3 1/1 hunter 7/9 sov fast 2/2 rushdown 1/1 medium 2/2 human 0/1 easy 1/1 expert x2 1/1 self 0/2 | roll 1.9s upd 7.8s
[brain] it 7169 [league 81%] R/ep 16.08 ent 1.82 kl 0.009 | hit/swing 60% dj/min 23.8 blk/min 12.8 abiHit 108 supHit 39 | switcher 2/2 sov fast 2/2 expert 3/3 hunter 10/11 medium 1/1 self 2/3 rushdown 1/1 | roll 1.7s upd 8.0s
[brain] it 7170 [league 80%] R/ep 10.78 ent 1.89 kl 0.008 | hit/swing 55% dj/min 27.3 blk/min 11.5 abiHit 81 supHit 40 | medium 1/1 counter 2/2 hunter 6/8 easy 2/2 rushdown 1/1 sovereign 1/2 aerial 1/1 sov fast 2/2 turtle 1/1 human 1/1 idle 1/1 expert 0/1 self 1/3 | roll 2.1s upd 8.5s
[brain] it 7171 [league 79%] R/ep 10.58 ent 2.09 kl 0.009 | hit/swing 62% dj/min 30.1 blk/min 10.8 abiHit 34 supHit 27 | self 2/4 sov fast 1/3 hard 1/1 hunter 3/5 rushdown 1/1 sovereign 0/2 easy 1/1 aerial 2/2 hard x3 1/1 | roll 2.0s upd 9.3s
[brain] it 7172 [league 79%] R/ep 11.83 ent 1.92 kl 0.008 | hit/swing 53% dj/min 26.1 blk/min 10.4 abiHit 86 supHit 51 | self 1/2 sovereign 3/4 hunter 6/12 easy 1/1 sov fast 2/2 rushdown 1/1 summoner 1/1 expert 2/2 turtle 1/1 zoner 1/1 counter 1/1 human 1/1 medium 1/1 idle 1/1 aerial 1/1 | roll 2.0s upd 9.0s
[brain] it 7173 [league 79%] R/ep 13.32 ent 1.85 kl 0.006 | hit/swing 54% dj/min 26.1 blk/min 12.0 abiHit 78 supHit 42 | hard x3 1/1 sov fast 1/2 hunter 7/11 medium 1/1 zoner 2/2 human 2/2 self 2/4 hard 1/1 rushdown 1/1 summoner 1/1 | roll 1.9s upd 8.8s
[brain] it 7174 [league 79%] R/ep 12.52 ent 1.91 kl 0.009 | hit/swing 55% dj/min 28.4 blk/min 11.4 abiHit 58 supHit 41 | hunter 8/11 expert 1/1 self 0/1 hard x3 1/1 expert x2 1/1 easy 1/1 sov fast 2/4 switcher 0/1 rushdown 1/1 summoner 1/1 | roll 1.8s upd 8.4s
[brain] it 7175 [league 79%] R/ep 11.82 ent 1.96 kl 0.007 | hit/swing 48% dj/min 26.6 blk/min 10.8 abiHit 86 supHit 35 | easy 2/2 sovereign 6/6 self 1/4 expert x2 1/1 expert 2/2 hunter 3/6 counter 1/1 hard 1/1 sov fast 1/1 | roll 1.9s upd 8.0s
[brain] it 7176 [league 79%] R/ep 13.24 ent 1.91 kl 0.009 | hit/swing 48% dj/min 27.4 blk/min 9.8 abiHit 76 supHit 61 | human 1/1 hunter 8/9 expert 3/3 self 3/5 sov fast 1/2 easy 1/1 aerial 1/1 sovereign 3/4 idle 2/2 counter 1/1 rushdown 1/1 zoner 1/1 | roll 2.0s upd 8.0s
[brain] it 7177 [league 79%] R/ep 12.92 ent 1.92 kl 0.008 | hit/swing 54% dj/min 27.4 blk/min 10.6 abiHit 60 supHit 33 | hunter 12/15 sov fast 1/2 hard 1/1 sovereign 2/2 expert 1/1 turtle 1/1 expert x2 1/1 | roll 1.9s upd 7.8s
[brain] it 7178 [league 80%] R/ep 9.99 ent 2.00 kl 0.007 | hit/swing 47% dj/min 29.6 blk/min 10.4 abiHit 69 supHit 36 | hunter 7/10 zoner 1/1 sovereign 3/3 human 1/2 self 0/2 hard 1/1 sov fast 2/3 expert 1/1 rushdown 1/1 | roll 2.1s upd 8.6s
[brain] it 7179 [league 80%] R/ep 12.23 ent 2.02 kl 0.008 | hit/swing 42% dj/min 30.8 blk/min 10.9 abiHit 75 supHit 47 | expert 1/1 hunter 6/12 hard x3 1/1 rushdown 1/1 self 3/3 sov fast 2/2 switcher 2/3 sovereign 1/1 | roll 2.1s upd 9.4s
[brain] it 7180 [league 81%] R/ep 11.03 ent 1.84 kl 0.008 | hit/swing 44% dj/min 25.9 blk/min 14.7 abiHit 73 supHit 41 | counter 1/1 sovereign 2/2 hunter 7/13 self 0/2 hard 1/1 zoner 1/1 medium 1/1 sov fast 1/1 expert 1/1 summoner 1/1 idle 1/1 | roll 2.1s upd 8.5s
[brain] it 7181 [league 81%] R/ep 13.45 ent 1.83 kl 0.006 | hit/swing 50% dj/min 25.5 blk/min 10.9 abiHit 59 supHit 44 | hunter 11/12 sov fast 5/5 self 0/2 expert 2/2 hard 1/1 idle 2/2 counter 1/1 medium 1/1 | roll 1.9s upd 7.3s
[brain] it 7182 [league 83%] R/ep 14.29 ent 1.88 kl 0.008 | hit/swing 69% dj/min 28.3 blk/min 11.5 abiHit 71 supHit 45 | hunter 10/13 zoner 1/1 turtle 1/1 sov fast 2/3 aerial 1/1 switcher 1/1 expert 1/1 sovereign 2/2 medium 1/1 idle 1/1 | roll 1.7s upd 7.5s
[brain] it 7183 [league 83%] R/ep 9.90 ent 2.02 kl 0.009 | hit/swing 45% dj/min 31.7 blk/min 10.0 abiHit 81 supHit 36 | hunter 6/9 expert 1/1 sovereign 3/3 hard 1/1 sov fast 1/2 easy 1/1 counter 1/1 self 2/3 summoner 2/2 expert x2 0/1 | roll 1.5s upd 7.1s
[brain] it 7184 [league 83%] R/ep 12.42 ent 1.91 kl 0.006 | hit/swing 53% dj/min 28.1 blk/min 11.5 abiHit 75 supHit 61 | summoner 3/3 medium 1/1 hunter 6/12 self 1/3 hard x3 2/2 easy 1/1 sovereign 2/2 sov fast 1/1 human 1/1 switcher 1/1 | roll 1.9s upd 6.6s
[brain] it 7185 [league 83%] R/ep 14.84 ent 1.93 kl 0.007 | hit/swing 47% dj/min 26.1 blk/min 11.9 abiHit 72 supHit 48 | expert 5/5 hunter 8/12 sovereign 1/1 self 1/1 switcher 1/1 hard x3 2/2 turtle 1/1 summoner 1/1 | roll 1.8s upd 7.2s
[brain] it 7186 [league 84%] R/ep 11.83 ent 2.03 kl 0.009 | hit/swing 58% dj/min 30.8 blk/min 10.4 abiHit 75 supHit 46 | summoner 1/1 easy 1/1 medium 1/1 hunter 6/8 self 1/4 sov fast 1/2 sovereign 3/3 counter 1/1 expert 1/1 expert x2 1/1 hard x3 1/1 | roll 1.8s upd 6.5s
[brain] it 7187 [league 85%] R/ep 12.55 ent 1.92 kl 0.008 | hit/swing 47% dj/min 28.4 blk/min 12.4 abiHit 51 supHit 40 | hunter 7/13 medium 1/1 zoner 2/2 easy 1/1 expert 3/3 sov fast 1/1 sovereign 1/1 self 1/2 | roll 1.6s upd 7.6s
[brain] it 7188 [league 87%] R/ep 11.15 ent 1.97 kl 0.008 | hit/swing 43% dj/min 29.4 blk/min 9.8 abiHit 54 supHit 29 | zoner 2/2 sovereign 2/2 self 3/5 hunter 6/9 turtle 1/1 idle 1/1 switcher 1/1 expert 1/1 rushdown 1/1 | roll 1.6s upd 6.2s
[brain] it 7189 [league 87%] R/ep 7.17 ent 2.07 kl 0.007 | hit/swing 42% dj/min 30.6 blk/min 9.6 abiHit 38 supHit 22 | sovereign 2/3 hunter 3/9 aerial 1/1 sov fast 2/2 zoner 1/1 self 0/2 | roll 1.6s upd 6.3s
[brain] it 7190 [league 87%] R/ep 15.93 ent 1.83 kl 0.008 | hit/swing 65% dj/min 24.3 blk/min 11.6 abiHit 88 supHit 66 | idle 3/3 hunter 9/10 hard 2/2 self 1/2 sovereign 1/1 sov fast 2/2 expert 3/3 turtle 1/1 expert x2 2/2 counter 1/1 human 2/2 hard x3 0/1 | roll 1.5s upd 6.2s
[brain] it 7191 [league 87%] R/ep 11.29 ent 1.98 kl 0.009 | hit/swing 32% dj/min 31.6 blk/min 11.3 abiHit 78 supHit 29 | medium 3/3 hunter 4/7 self 2/2 zoner 2/2 easy 2/2 switcher 0/1 hard x3 0/1 sovereign 2/3 sov fast 1/2 | roll 1.6s upd 6.8s
[brain] it 7192 [league 86%] R/ep 11.16 ent 2.00 kl 0.008 | hit/swing 58% dj/min 29.1 blk/min 10.1 abiHit 72 supHit 36 | hunter 9/10 expert 1/1 medium 1/1 easy 2/2 sovereign 4/6 idle 2/2 self 0/2 sov fast 1/1 | roll 1.6s upd 6.8s
[brain] it 7193 [league 85%] R/ep 9.00 ent 1.94 kl 0.008 | hit/swing 52% dj/min 29.2 blk/min 13.5 abiHit 63 supHit 41 | sov fast 2/2 hunter 9/12 aerial 1/2 self 0/3 sovereign 3/4 easy 1/1 hard x3 0/1 | roll 1.6s upd 6.7s
[brain] it 7194 [league 85%] R/ep 10.32 ent 1.92 kl 0.010 | hit/swing 54% dj/min 30.8 blk/min 11.8 abiHit 70 supHit 45 | self 0/5 hard x3 0/1 hunter 7/8 sov fast 3/3 human 0/1 sovereign 3/3 summoner 1/1 zoner 1/1 turtle 2/2 expert 1/1 | roll 1.5s upd 6.1s
[brain] it 7195 [league 85%] R/ep 10.21 ent 2.12 kl 0.010 | hit/swing 46% dj/min 31.3 blk/min 9.2 abiHit 54 supHit 30 | self 1/4 aerial 1/2 hunter 5/6 easy 1/1 hard x3 0/1 sov fast 0/2 turtle 1/1 summoner 2/2 human 1/1 | roll 1.5s upd 6.6s
[brain] it 7196 [league 83%] R/ep 8.72 ent 2.03 kl 0.006 | hit/swing 47% dj/min 32.8 blk/min 9.8 abiHit 64 supHit 40 | sovereign 2/4 hard x3 0/2 sov fast 2/3 hunter 7/9 expert 1/1 expert x2 1/1 counter 1/1 human 1/1 aerial 1/1 self 1/1 | roll 1.5s upd 6.2s
[brain] it 7197 [league 83%] R/ep 12.07 ent 1.90 kl 0.009 | hit/swing 64% dj/min 27.8 blk/min 12.4 abiHit 89 supHit 53 | self 0/2 sov fast 1/1 hunter 7/12 sovereign 3/3 counter 2/2 hard 1/1 hard x3 1/1 rushdown 1/1 expert 1/1 | roll 1.6s upd 6.8s
[brain] it 7198 [league 82%] R/ep 10.97 ent 2.00 kl 0.009 | hit/swing 54% dj/min 30.0 blk/min 10.6 abiHit 61 supHit 52 | aerial 0/1 hunter 8/9 sov fast 3/3 sovereign 3/5 expert 1/1 self 2/4 medium 1/1 human 1/1 rushdown 0/1 | roll 1.6s upd 6.8s
[brain] it 7199 [league 81%] R/ep 8.65 ent 1.90 kl 0.007 | hit/swing 57% dj/min 26.8 blk/min 12.1 abiHit 55 supHit 58 | self 0/3 sovereign 3/4 aerial 2/2 expert 2/2 hunter 6/9 summoner 4/4 sov fast 1/2 turtle 0/1 | roll 1.6s upd 6.3s
[brain] it 7200 [league 82%] R/ep 11.21 ent 2.02 kl 0.008 | hit/swing 45% dj/min 31.0 blk/min 10.8 abiHit 57 supHit 39 | sov fast 2/2 sovereign 3/3 hard x3 1/1 hunter 9/11 self 0/4 summoner 1/1 | roll 1.6s upd 7.1s
[brain] it 7201 [league 81%] R/ep 7.67 ent 2.05 kl 0.008 | hit/swing 49% dj/min 31.9 blk/min 9.4 abiHit 21 supHit 18 | hunter 2/4 self 0/3 sovereign 2/4 easy 1/1 expert 1/1 sov fast 1/1 switcher 1/1 | roll 5.1s upd 4.2s
[brain] it 7202 [league 81%] R/ep 8.83 ent 1.91 kl 0.009 | hit/swing 52% dj/min 27.7 blk/min 14.4 abiHit 44 supHit 20 | sov fast 1/2 hunter 6/10 sovereign 1/1 rushdown 1/1 zoner 1/1 expert 2/2 self 0/1 | roll 4.6s upd 4.9s
[brain] it 7203 [league 81%] R/ep 14.29 ent 1.88 kl 0.008 | hit/swing 49% dj/min 28.2 blk/min 8.8 abiHit 47 supHit 34 | human 1/1 expert 1/1 hunter 4/4 self 1/3 expert x2 2/2 sovereign 2/2 switcher 1/1 | roll 4.8s upd 6.3s
[brain] it 7204 [league 81%] R/ep 9.47 ent 1.92 kl 0.009 | hit/swing 56% dj/min 27.8 blk/min 13.1 abiHit 92 supHit 48 | hunter 9/14 rushdown 1/1 self 0/3 sov fast 2/2 sovereign 1/2 idle 2/2 medium 1/1 expert 1/1 easy 1/1 expert x2 1/1 | roll 1.7s upd 9.0s
[brain] it 7205 [league 82%] R/ep 13.48 ent 1.79 kl 0.009 | hit/swing 61% dj/min 22.8 blk/min 12.2 abiHit 93 supHit 71 | sovereign 5/5 hunter 5/9 sov fast 2/3 hard x3 1/1 hard 2/2 expert 2/2 counter 1/1 switcher 1/1 self 1/2 easy 1/1 turtle 1/1 summoner 1/1 human 1/1 expert x2 1/1 | roll 2.2s upd 28.1s
[brain] it 7206 [league 81%] R/ep 10.95 ent 1.84 kl 0.008 | hit/swing 60% dj/min 26.6 blk/min 15.4 abiHit 78 supHit 55 | hunter 9/14 medium 1/1 expert 1/1 sovereign 2/3 easy 1/1 turtle 1/1 switcher 1/2 sov fast 4/4 hard 2/2 human 1/1 summoner 1/1 self 0/1 aerial 1/1 | roll 3.3s upd 20.2s
[brain] it 7207 [league 81%] R/ep 12.98 ent 1.87 kl 0.008 | hit/swing 56% dj/min 26.9 blk/min 13.8 abiHit 96 supHit 61 | hunter 13/15 sov fast 5/5 expert 3/3 rushdown 1/2 self 0/2 hard 1/1 idle 1/1 sovereign 3/3 | roll 3.2s upd 21.9s
[brain] it 7208 [league 80%] R/ep 7.22 ent 2.03 kl 0.007 | hit/swing 53% dj/min 28.8 blk/min 11.8 abiHit 62 supHit 25 | hunter 3/11 sov fast 3/4 zoner 1/1 counter 1/1 switcher 0/1 medium 2/2 sovereign 1/2 summoner 1/1 hard 1/1 | roll 2.7s upd 22.0s
[brain] it 7209 [league 80%] R/ep 7.23 ent 1.97 kl 0.008 | hit/swing 49% dj/min 31.3 blk/min 10.9 abiHit 51 supHit 29 | self 3/5 hunter 4/10 expert x2 1/1 idle 2/2 sovereign 0/1 sov fast 1/2 | roll 3.2s upd 19.5s
[brain] it 7210 [league 80%] R/ep 6.66 ent 2.15 kl 0.007 | hit/swing 24% dj/min 32.8 blk/min 10.3 abiHit 46 supHit 14 | sov fast 1/2 expert 1/1 hunter 7/13 self 0/2 hard 1/1 zoner 1/1 | roll 3.0s upd 20.2s
[brain] it 7211 [league 81%] R/ep 11.66 ent 2.04 kl 0.007 | hit/swing 45% dj/min 31.6 blk/min 8.3 abiHit 66 supHit 37 | hunter 6/7 self 2/2 hard 1/1 idle 1/1 sov fast 2/3 sovereign 2/4 switcher 1/1 rushdown 0/1 expert 1/1 human 1/1 easy 1/1 zoner 1/1 | roll 2.1s upd 12.5s
[brain] it 7212 [league 80%] R/ep 16.53 ent 1.82 kl 0.009 | hit/swing 68% dj/min 22.9 blk/min 14.1 abiHit 85 supHit 54 | rushdown 1/1 sovereign 3/4 human 2/2 hunter 5/8 medium 2/2 expert 3/3 summoner 1/1 counter 1/1 expert x2 1/1 hard x3 1/1 sov fast 1/1 self 0/1 zoner 1/1 hard 1/1 | roll 2.0s upd 11.7s
[brain] it 7213 [league 80%] R/ep 12.05 ent 1.88 kl 0.010 | hit/swing 51% dj/min 25.7 blk/min 12.8 abiHit 81 supHit 59 | hard 2/2 expert x2 2/2 hunter 6/10 sovereign 3/3 sov fast 0/2 summoner 1/1 self 0/2 expert 2/2 counter 1/1 human 1/1 hard x3 1/1 | roll 1.9s upd 10.4s
[brain] it 7214 [league 79%] R/ep 11.39 ent 1.96 kl 0.007 | hit/swing 56% dj/min 27.4 blk/min 11.8 abiHit 62 supHit 34 | counter 0/1 sovereign 2/3 sov fast 3/5 expert 1/1 hunter 6/7 self 1/4 idle 2/2 hard x3 1/1 zoner 1/1 | roll 1.9s upd 7.2s
[brain] it 7215 [league 80%] R/ep 13.63 ent 1.90 kl 0.008 | hit/swing 61% dj/min 28.2 blk/min 12.5 abiHit 83 supHit 64 | hunter 8/10 hard 2/2 self 0/2 expert x2 1/1 sov fast 3/3 switcher 2/2 expert 1/1 hard x3 1/2 sovereign 1/1 | roll 1.7s upd 7.3s
[brain] it 7216 [league 79%] R/ep 13.49 ent 1.90 kl 0.009 | hit/swing 57% dj/min 26.3 blk/min 13.1 abiHit 81 supHit 56 | hard x3 0/1 sovereign 3/4 idle 3/3 zoner 3/3 summoner 1/1 hunter 6/8 counter 2/2 expert 3/3 switcher 2/3 medium 1/1 sov fast 0/1 | roll 1.8s upd 9.5s
[brain] it 7217 [league 79%] R/ep 7.98 ent 2.01 kl 0.009 | hit/swing 50% dj/min 29.3 blk/min 11.0 abiHit 66 supHit 37 | hunter 4/9 idle 1/1 self 0/1 sov fast 4/6 summoner 2/3 sovereign 2/2 hard 1/1 human 1/1 aerial 1/1 | roll 2.0s upd 8.8s
[brain] it 7218 [league 79%] R/ep 14.05 ent 1.92 kl 0.009 | hit/swing 52% dj/min 30.3 blk/min 10.4 abiHit 70 supHit 52 | hunter 10/13 sov fast 2/3 hard 2/2 easy 1/1 hard x3 0/1 self 2/3 expert 1/1 rushdown 1/1 human 1/1 | roll 2.0s upd 7.9s
[brain] it 7219 [league 78%] R/ep 6.85 ent 2.03 kl 0.009 | hit/swing 28% dj/min 30.9 blk/min 12.2 abiHit 57 supHit 35 | hunter 6/12 sov fast 0/2 sovereign 1/2 self 1/4 zoner 1/1 human 1/1 aerial 1/1 | roll 2.4s upd 10.9s
[brain] it 7220 [league 78%] R/ep 12.80 ent 1.92 kl 0.009 | hit/swing 48% dj/min 26.6 blk/min 10.8 abiHit 67 supHit 55 | idle 1/1 expert x2 1/1 counter 1/1 expert 2/2 hunter 6/8 easy 2/2 hard x3 0/1 self 1/4 zoner 1/1 human 1/1 hard 1/1 sov fast 3/3 switcher 1/1 summoner 1/1 | roll 2.1s upd 8.0s
[brain] it 7221 [league 78%] R/ep 12.92 ent 1.88 kl 0.010 | hit/swing 55% dj/min 24.4 blk/min 13.2 abiHit 77 supHit 44 | counter 1/1 turtle 1/1 expert 3/3 hunter 8/12 hard 2/2 idle 1/1 sovereign 2/2 self 0/1 sov fast 1/1 summoner 1/2 | roll 2.1s upd 7.9s
[brain] it 7222 [league 77%] R/ep 9.61 ent 1.96 kl 0.008 | hit/swing 70% dj/min 25.9 blk/min 11.0 abiHit 72 supHit 28 | hunter 6/12 sovereign 1/2 idle 2/2 self 1/2 turtle 1/1 easy 3/3 expert 1/1 medium 2/2 | roll 2.2s upd 8.1s
[brain] it 7223 [league 76%] R/ep 9.98 ent 1.95 kl 0.009 | hit/swing 43% dj/min 29.0 blk/min 11.6 abiHit 70 supHit 44 | hunter 8/11 sov fast 2/2 counter 1/1 summoner 1/1 sovereign 4/5 self 1/4 | roll 2.3s upd 8.4s
[brain] it 7224 [league 75%] R/ep 12.77 ent 1.95 kl 0.009 | hit/swing 52% dj/min 28.8 blk/min 9.8 abiHit 79 supHit 44 | hunter 14/14 zoner 1/1 easy 1/1 sovereign 3/4 self 3/4 idle 1/1 expert 2/2 medium 1/1 summoner 1/1 | roll 2.3s upd 7.6s
[brain] it 7225 [league 76%] R/ep 15.05 ent 1.83 kl 0.008 | hit/swing 64% dj/min 25.4 blk/min 13.4 abiHit 80 supHit 80 | sovereign 4/4 zoner 2/2 hunter 9/11 sov fast 4/4 hard x3 1/1 rushdown 1/1 self 1/2 hard 1/1 expert 4/4 medium 1/1 aerial 2/2 | roll 2.0s upd 7.8s
[brain] it 7226 [league 77%] R/ep 13.43 ent 1.91 kl 0.007 | hit/swing 54% dj/min 26.5 blk/min 13.4 abiHit 70 supHit 40 | sov fast 1/1 hunter 14/16 sovereign 5/5 hard 2/2 self 0/2 easy 1/1 | roll 2.1s upd 7.8s
[brain] it 7227 [league 77%] R/ep 11.61 ent 2.04 kl 0.008 | hit/swing 39% dj/min 32.0 blk/min 11.1 abiHit 62 supHit 30 | hunter 10/10 self 2/5 aerial 1/1 sov fast 1/1 hard 1/1 human 1/1 | roll 1.9s upd 7.5s
[brain] it 7228 [league 76%] R/ep 12.83 ent 2.02 kl 0.007 | hit/swing 50% dj/min 30.0 blk/min 9.4 abiHit 47 supHit 48 | self 1/2 hunter 9/12 turtle 1/1 human 1/1 hard x3 1/1 expert 2/2 idle 2/2 sovereign 0/1 switcher 1/1 | roll 2.1s upd 7.7s
[brain] it 7229 [league 76%] R/ep 13.33 ent 1.89 kl 0.008 | hit/swing 53% dj/min 27.3 blk/min 13.3 abiHit 48 supHit 48 | self 1/3 hunter 11/14 expert 2/2 sovereign 3/3 counter 1/1 idle 1/1 hard 1/1 | roll 2.1s upd 8.8s
[brain] it 7230 [league 78%] R/ep 14.49 ent 1.93 kl 0.010 | hit/swing 62% dj/min 24.3 blk/min 11.0 abiHit 72 supHit 54 | sov fast 2/3 expert 3/3 aerial 1/1 hunter 6/9 self 1/2 switcher 1/1 medium 1/1 counter 1/1 sovereign 3/3 hard 1/1 hard x3 1/1 expert x2 1/1 | roll 2.2s upd 7.5s
[brain] it 7231 [league 78%] R/ep 7.61 ent 2.08 kl 0.008 | hit/swing 56% dj/min 28.5 blk/min 9.1 abiHit 58 supHit 34 | sovereign 3/4 hunter 6/8 expert 2/2 self 0/3 easy 1/1 sov fast 1/3 expert x2 1/1 human 0/1 | roll 2.0s upd 7.7s
[brain] it 7232 [league 76%] R/ep 8.66 ent 2.02 kl 0.009 | hit/swing 35% dj/min 27.4 blk/min 12.3 abiHit 63 supHit 31 | hunter 6/8 sovereign 1/3 self 1/4 sov fast 0/1 human 1/1 idle 2/2 expert 1/1 | roll 1.9s upd 7.5s
[brain] it 7233 [league 76%] R/ep 13.92 ent 1.82 kl 0.007 | hit/swing 50% dj/min 21.7 blk/min 14.0 abiHit 91 supHit 46 | hunter 6/10 easy 2/2 sovereign 1/3 medium 2/2 self 0/2 aerial 2/2 expert 1/1 idle 1/1 turtle 1/1 hard x3 1/1 | roll 2.0s upd 8.7s
[brain] it 7234 [league 75%] R/ep 10.76 ent 2.07 kl 0.008 | hit/swing 32% dj/min 32.2 blk/min 7.6 abiHit 74 supHit 35 | sovereign 1/2 hard x3 0/1 sov fast 1/3 expert 2/2 hard 1/1 hunter 5/7 zoner 1/1 self 1/2 switcher 1/1 medium 1/1 idle 1/1 easy 1/1 | roll 2.0s upd 7.7s
[brain] it 7235 [league 75%] R/ep 11.84 ent 1.93 kl 0.008 | hit/swing 53% dj/min 27.8 blk/min 12.3 abiHit 78 supHit 51 | sovereign 2/2 hunter 7/10 self 1/4 easy 2/2 idle 1/1 hard 3/3 counter 1/1 rushdown 2/2 expert 1/1 turtle 1/1 expert x2 1/1 sov fast 1/1 | roll 2.2s upd 8.1s
[brain] it 7236 [league 77%] R/ep 8.63 ent 1.93 kl 0.006 | hit/swing 50% dj/min 27.7 blk/min 11.9 abiHit 55 supHit 41 | sovereign 2/2 hunter 4/7 human 1/1 self 4/7 summoner 1/2 easy 1/1 expert 1/1 sov fast 0/1 medium 1/1 idle 1/1 | roll 2.1s upd 7.6s
[brain] it 7237 [league 77%] R/ep 13.13 ent 1.92 kl 0.009 | hit/swing 50% dj/min 26.1 blk/min 13.8 abiHit 51 supHit 45 | hunter 8/10 summoner 1/1 expert 1/1 hard 1/1 sovereign 3/3 self 0/3 counter 1/1 zoner 1/1 hard x3 0/1 medium 1/1 turtle 1/1 sov fast 1/1 | roll 1.7s upd 10.1s
[brain] it 7238 [league 76%] R/ep 16.56 ent 1.84 kl 0.009 | hit/swing 58% dj/min 25.9 blk/min 15.3 abiHit 98 supHit 44 | hunter 13/15 hard x3 1/2 sov fast 1/2 expert 1/1 switcher 1/1 turtle 1/1 human 1/1 sovereign 1/2 counter 1/1 | roll 2.1s upd 8.5s
[brain] it 7239 [league 76%] R/ep 11.09 ent 1.97 kl 0.008 | hit/swing 60% dj/min 28.1 blk/min 11.9 abiHit 68 supHit 56 | hunter 7/11 sov fast 4/5 easy 2/2 sovereign 3/5 self 1/1 expert 3/3 aerial 1/1 human 1/1 zoner 1/1 | roll 2.1s upd 7.5s
[brain] it 7240 [league 76%] R/ep 13.74 ent 1.88 kl 0.007 | hit/swing 66% dj/min 26.6 blk/min 14.3 abiHit 68 supHit 49 | rushdown 1/1 hunter 8/13 aerial 1/1 self 1/1 sovereign 2/3 zoner 1/1 medium 1/1 sov fast 0/1 summoner 1/1 expert x2 1/1 counter 1/1 easy 1/1 idle 1/1 human 1/1 hard 1/1 | roll 2.1s upd 7.1s
[brain] it 7241 [league 76%] R/ep 8.94 ent 2.12 kl 0.008 | hit/swing 40% dj/min 33.3 blk/min 12.4 abiHit 41 supHit 34 | hunter 6/9 self 0/2 hard 1/1 sov fast 2/3 medium 1/1 sovereign 2/2 easy 1/1 hard x3 0/1 switcher 1/1 | roll 1.9s upd 7.1s
[brain] it 7242 [league 76%] R/ep 14.53 ent 1.88 kl 0.008 | hit/swing 54% dj/min 24.4 blk/min 11.6 abiHit 111 supHit 60 | sovereign 4/5 hunter 4/5 aerial 0/1 expert 3/3 human 1/1 medium 1/1 sov fast 3/3 easy 2/2 hard 2/2 self 2/2 zoner 1/1 idle 1/1 summoner 2/2 | roll 1.7s upd 7.3s
[brain] it 7243 [league 74%] R/ep 11.79 ent 1.92 kl 0.008 | hit/swing 50% dj/min 28.0 blk/min 10.9 abiHit 92 supHit 57 | hunter 9/11 easy 2/2 summoner 3/3 sovereign 1/3 self 2/3 switcher 1/1 expert 3/3 expert x2 1/1 rushdown 0/1 counter 1/1 | roll 2.1s upd 7.6s
[brain] it 7244 [league 74%] R/ep 9.87 ent 2.01 kl 0.008 | hit/swing 38% dj/min 29.8 blk/min 10.6 abiHit 76 supHit 42 | self 0/4 medium 2/2 sov fast 1/1 hunter 7/9 sovereign 3/4 idle 1/1 summoner 1/1 turtle 1/1 | roll 2.2s upd 7.5s
[brain] it 7245 [league 74%] R/ep 9.14 ent 2.06 kl 0.008 | hit/swing 48% dj/min 31.7 blk/min 11.2 abiHit 48 supHit 32 | medium 2/2 sov fast 2/4 hunter 5/7 self 2/4 switcher 1/1 idle 1/1 hard x3 0/1 | roll 2.0s upd 7.0s
[brain] it 7246 [league 74%] R/ep 12.32 ent 1.95 kl 0.010 | hit/swing 43% dj/min 27.0 blk/min 12.8 abiHit 66 supHit 45 | hunter 8/11 hard x3 1/2 summoner 1/2 easy 1/1 sov fast 3/3 sovereign 3/4 turtle 1/1 | roll 1.9s upd 7.1s
[brain] it 7247 [league 75%] R/ep 12.54 ent 1.83 kl 0.009 | hit/swing 63% dj/min 23.5 blk/min 14.1 abiHit 51 supHit 43 | hunter 10/14 hard 2/2 self 0/1 expert 2/2 expert x2 1/1 sovereign 1/1 idle 1/1 sov fast 2/3 counter 1/1 medium 1/1 | roll 1.9s upd 7.0s
[brain] it 7248 [league 77%] R/ep 11.26 ent 2.01 kl 0.008 | hit/swing 55% dj/min 27.9 blk/min 10.8 abiHit 73 supHit 46 | summoner 1/1 hunter 8/11 human 2/2 medium 1/1 sov fast 1/3 sovereign 4/4 zoner 1/1 expert 1/1 | roll 1.8s upd 6.8s
[brain] it 7249 [league 76%] R/ep 11.13 ent 1.99 kl 0.010 | hit/swing 59% dj/min 27.1 blk/min 10.4 abiHit 57 supHit 46 | hunter 6/6 sovereign 3/5 switcher 1/1 sov fast 1/1 turtle 1/1 idle 1/1 self 1/4 expert 2/2 hard 1/1 counter 2/2 easy 1/1 | roll 1.7s upd 8.6s
[brain] it 7250 [league 76%] R/ep 17.01 ent 1.75 kl 0.007 | hit/swing 64% dj/min 23.6 blk/min 15.9 abiHit 89 supHit 50 | hard 2/2 hunter 8/11 self 0/1 zoner 1/1 rushdown 1/2 sovereign 3/3 expert 1/1 idle 2/2 hard x3 1/1 human 2/2 | roll 1.7s upd 7.9s
[brain] it 7251 [league 75%] R/ep 11.81 ent 1.94 kl 0.008 | hit/swing 58% dj/min 27.1 blk/min 11.8 abiHit 65 supHit 42 | self 1/1 sov fast 1/2 hard 2/2 sovereign 2/4 hunter 10/12 expert 2/2 aerial 1/1 idle 1/1 | roll 2.3s upd 8.4s
[brain] it 7252 [league 75%] R/ep 12.74 ent 2.02 kl 0.007 | hit/swing 53% dj/min 32.8 blk/min 10.4 abiHit 69 supHit 36 | self 1/4 human 1/1 hunter 8/8 medium 1/1 sov fast 1/2 easy 1/1 zoner 1/1 sovereign 1/1 hard 1/1 expert 1/1 | roll 2.1s upd 8.7s
[brain] it 7253 [league 75%] R/ep 6.82 ent 2.09 kl 0.007 | hit/swing 47% dj/min 31.6 blk/min 12.2 abiHit 37 supHit 33 | sovereign 3/4 self 0/7 medium 2/2 easy 1/1 hunter 5/7 idle 1/1 | roll 2.1s upd 7.1s
[brain] it 7254 [league 74%] R/ep 9.48 ent 2.03 kl 0.009 | hit/swing 56% dj/min 29.9 blk/min 9.5 abiHit 59 supHit 35 | self 1/2 switcher 1/1 expert 2/2 hunter 6/9 medium 1/1 sovereign 2/4 easy 1/1 sov fast 1/1 zoner 1/1 | roll 2.0s upd 7.5s
[brain] it 7255 [league 74%] R/ep 17.59 ent 1.84 kl 0.007 | hit/swing 52% dj/min 22.9 blk/min 10.7 abiHit 71 supHit 57 | self 1/3 sovereign 1/1 hunter 7/7 rushdown 1/1 turtle 1/1 switcher 1/1 hard 3/3 medium 1/1 sov fast 3/3 hard x3 2/2 summoner 1/1 | roll 1.8s upd 7.4s
[brain] it 7256 [league 74%] R/ep 9.03 ent 2.02 kl 0.007 | hit/swing 55% dj/min 29.6 blk/min 10.7 abiHit 53 supHit 41 | hunter 6/11 sovereign 2/4 counter 3/3 human 1/1 aerial 1/1 self 0/2 sov fast 1/2 expert x2 1/1 | roll 2.0s upd 7.8s
[brain] it 7257 [league 74%] R/ep 10.05 ent 2.05 kl 0.009 | hit/swing 58% dj/min 30.1 blk/min 12.4 abiHit 56 supHit 43 | expert 1/1 self 1/2 sov fast 2/2 hard 1/1 hunter 8/12 sovereign 2/3 easy 1/1 rushdown 1/1 counter 0/1 | roll 2.1s upd 8.0s
[brain] it 7258 [league 74%] R/ep 11.86 ent 1.96 kl 0.008 | hit/swing 56% dj/min 28.1 blk/min 10.7 abiHit 79 supHit 48 | hunter 6/9 expert x2 2/2 human 2/2 sov fast 2/2 switcher 2/2 aerial 1/2 expert 2/2 self 0/1 sovereign 3/3 idle 1/1 counter 0/1 | roll 2.0s upd 8.0s
[brain] it 7259 [league 74%] R/ep 14.75 ent 1.80 kl 0.010 | hit/swing 62% dj/min 22.6 blk/min 13.4 abiHit 85 supHit 71 | aerial 3/3 hunter 7/9 self 2/4 idle 1/1 turtle 1/1 medium 2/2 human 0/1 easy 1/1 hard 2/2 summoner 1/1 expert x2 2/2 expert 2/2 sovereign 1/1 switcher 1/1 counter 1/1 sov fast 2/2 hard x3 0/1 | roll 1.9s upd 7.5s
[brain] it 7260 [league 74%] R/ep 14.64 ent 1.76 kl 0.009 | hit/swing 61% dj/min 27.3 blk/min 13.3 abiHit 75 supHit 72 | sov fast 3/4 hunter 8/10 summoner 1/1 hard 2/2 expert 2/2 sovereign 2/2 counter 1/1 self 2/2 hard x3 1/1 human 1/1 medium 1/1 | roll 1.9s upd 7.4s
[brain] it 7261 [league 74%] R/ep 12.26 ent 1.89 kl 0.007 | hit/swing 53% dj/min 27.5 blk/min 13.5 abiHit 60 supHit 47 | hunter 5/8 sov fast 1/2 self 0/1 rushdown 1/1 switcher 1/1 expert 1/1 counter 1/1 hard x3 1/1 sovereign 2/2 aerial 1/1 expert x2 0/1 easy 2/2 | roll 1.7s upd 7.2s
[brain] it 7262 [league 73%] R/ep 12.20 ent 1.97 kl 0.009 | hit/swing 53% dj/min 29.0 blk/min 12.6 abiHit 68 supHit 54 | sov fast 4/5 hunter 6/11 hard x3 2/2 hard 1/1 expert x2 1/1 sovereign 1/2 self 0/2 idle 1/1 | roll 1.9s upd 7.6s
[brain] it 7263 [league 72%] R/ep 10.53 ent 2.01 kl 0.007 | hit/swing 54% dj/min 33.4 blk/min 9.0 abiHit 53 supHit 43 | sovereign 2/4 sov fast 5/5 aerial 1/1 expert 3/3 hunter 5/5 self 1/5 zoner 1/1 rushdown 1/1 medium 1/1 | roll 2.0s upd 7.8s
[brain] it 7264 [league 72%] R/ep 13.53 ent 1.86 kl 0.009 | hit/swing 60% dj/min 24.5 blk/min 14.0 abiHit 53 supHit 48 | medium 2/2 hunter 7/11 expert x2 1/2 sov fast 1/1 self 1/2 expert 4/4 summoner 1/1 easy 1/1 hard 2/2 idle 1/1 rushdown 1/1 sovereign 1/1 | roll 2.1s upd 8.0s
[brain] it 7265 [league 72%] R/ep 13.31 ent 1.94 kl 0.008 | hit/swing 62% dj/min 27.9 blk/min 11.7 abiHit 70 supHit 43 | sov fast 2/3 rushdown 1/1 hunter 7/10 hard x3 0/1 easy 1/1 self 1/2 zoner 2/2 expert 2/2 expert x2 1/1 sovereign 1/1 hard 1/1 human 1/1 | roll 2.1s upd 8.1s
[brain] it 7266 [league 71%] R/ep 11.51 ent 1.97 kl 0.009 | hit/swing 49% dj/min 29.2 blk/min 11.6 abiHit 70 supHit 40 | easy 2/2 hunter 11/15 sovereign 3/4 sov fast 1/1 turtle 1/1 idle 1/1 hard 1/1 | roll 2.4s upd 8.1s
[brain] it 7267 [league 71%] R/ep 13.69 ent 1.91 kl 0.008 | hit/swing 59% dj/min 27.0 blk/min 10.3 abiHit 77 supHit 56 | hard 3/3 turtle 1/1 hunter 7/9 sov fast 4/4 expert 2/2 medium 3/3 self 1/2 rushdown 2/2 switcher 1/1 sovereign 1/2 | roll 2.0s upd 8.1s
[brain] it 7268 [league 73%] R/ep 10.42 ent 1.96 kl 0.008 | hit/swing 66% dj/min 27.1 blk/min 13.4 abiHit 56 supHit 46 | sov fast 1/2 self 0/2 hunter 2/6 aerial 2/2 switcher 2/2 hard x3 1/1 turtle 0/1 sovereign 4/5 rushdown 0/1 expert x2 1/1 summoner 1/1 | roll 1.9s upd 8.5s
[brain] it 7269 [league 72%] R/ep 7.81 ent 2.09 kl 0.009 | hit/swing 64% dj/min 32.4 blk/min 10.1 abiHit 59 supHit 26 | sov fast 1/5 hunter 7/10 summoner 1/1 hard 1/1 medium 1/1 self 0/2 sovereign 0/1 expert 1/1 | roll 2.1s upd 8.2s
[brain] it 7270 [league 73%] R/ep 12.03 ent 1.95 kl 0.008 | hit/swing 62% dj/min 28.5 blk/min 9.5 abiHit 80 supHit 61 | hunter 3/5 sov fast 5/7 sovereign 2/2 hard x3 1/2 idle 1/1 medium 2/2 expert x2 2/2 counter 1/1 self 2/3 easy 1/1 | roll 2.2s upd 7.5s
[brain] it 7271 [league 73%] R/ep 13.78 ent 1.84 kl 0.008 | hit/swing 56% dj/min 24.5 blk/min 14.4 abiHit 65 supHit 54 | hunter 8/11 counter 1/1 expert x2 2/2 idle 1/1 self 0/1 hard 1/1 expert 1/1 sov fast 1/1 sovereign 2/3 hard x3 1/1 summoner 0/1 zoner 1/1 | roll 1.9s upd 7.5s
[brain] it 7272 [league 72%] R/ep 12.25 ent 1.95 kl 0.009 | hit/swing 45% dj/min 28.2 blk/min 10.5 abiHit 91 supHit 40 | hunter 4/6 sov fast 1/2 medium 1/1 switcher 0/1 hard 1/1 sovereign 3/4 human 1/1 expert 1/1 aerial 1/1 self 0/2 hard x3 1/1 idle 1/1 | roll 1.9s upd 7.1s
[brain] it 7273 [league 73%] R/ep 12.76 ent 1.87 kl 0.007 | hit/swing 49% dj/min 25.8 blk/min 10.7 abiHit 75 supHit 51 | zoner 1/1 hunter 8/10 counter 1/1 sov fast 1/2 sovereign 2/2 idle 2/2 self 1/3 summoner 3/3 aerial 1/1 medium 2/2 hard 1/1 | roll 2.0s upd 8.4s
[brain] it 7274 [league 72%] R/ep 10.46 ent 1.97 kl 0.008 | hit/swing 55% dj/min 30.2 blk/min 11.9 abiHit 73 supHit 42 | expert 1/1 hard x3 1/1 hard 2/2 self 1/1 sov fast 1/3 sovereign 1/4 hunter 6/10 easy 1/1 expert x2 1/1 | roll 3.5s upd 7.8s
[brain] it 7275 [league 72%] R/ep 11.39 ent 1.91 kl 0.007 | hit/swing 48% dj/min 31.7 blk/min 10.0 abiHit 71 supHit 37 | easy 1/1 self 1/2 expert x2 0/1 hunter 12/13 expert 1/1 idle 1/1 hard x3 0/1 switcher 2/2 sov fast 1/2 | roll 1.9s upd 7.1s
[brain] it 7276 [league 70%] R/ep 10.59 ent 2.22 kl 0.007 | hit/swing 50% dj/min 34.7 blk/min 10.3 abiHit 54 supHit 26 | hard 1/1 sovereign 1/3 expert x2 1/1 hard x3 1/1 hunter 4/6 summoner 1/1 self 0/2 idle 1/1 | roll 2.0s upd 7.6s
[brain] it 7277 [league 70%] R/ep 13.55 ent 1.81 kl 0.008 | hit/swing 62% dj/min 24.6 blk/min 15.7 abiHit 84 supHit 56 | hunter 10/13 summoner 1/1 easy 1/1 zoner 1/1 hard x3 1/2 self 1/3 sov fast 1/2 medium 3/3 idle 1/1 sovereign 1/1 hard 1/1 | roll 2.0s upd 7.8s
[brain] it 7278 [league 70%] R/ep 14.60 ent 1.95 kl 0.008 | hit/swing 54% dj/min 28.5 blk/min 10.6 abiHit 67 supHit 46 | turtle 2/2 hunter 10/13 zoner 3/3 sov fast 2/2 human 1/1 medium 3/3 expert 1/1 summoner 1/1 easy 1/1 counter 1/1 sovereign 0/1 hard 1/1 | roll 2.1s upd 7.0s
[brain] it 7279 [league 70%] R/ep 10.42 ent 2.12 kl 0.010 | hit/swing 41% dj/min 32.4 blk/min 9.3 abiHit 54 supHit 36 | idle 3/3 hunter 8/11 hard 1/1 sov fast 3/4 self 0/2 sovereign 2/2 easy 1/1 | roll 2.1s upd 8.3s
[brain] it 7280 [league 70%] R/ep 12.29 ent 2.02 kl 0.006 | hit/swing 48% dj/min 30.2 blk/min 9.9 abiHit 59 supHit 31 | hunter 7/8 sov fast 2/2 self 0/5 zoner 2/2 idle 2/2 summoner 2/2 switcher 1/1 | roll 1.9s upd 7.6s
[brain] it 7281 [league 70%] R/ep 9.28 ent 1.95 kl 0.009 | hit/swing 51% dj/min 30.9 blk/min 12.8 abiHit 55 supHit 35 | hard 1/1 hunter 7/11 human 1/1 sovereign 2/2 summoner 2/2 sov fast 1/2 expert 1/1 easy 1/1 self 0/2 | roll 1.8s upd 7.3s
[brain] it 7282 [league 72%] R/ep 11.10 ent 1.92 kl 0.008 | hit/swing 64% dj/min 27.7 blk/min 9.7 abiHit 66 supHit 40 | sovereign 5/5 hunter 5/5 hard 3/3 self 1/4 sov fast 1/3 switcher 1/1 counter 1/1 summoner 1/1 expert 2/2 idle 1/1 | roll 2.0s upd 8.4s
[brain] it 7283 [league 73%] R/ep 12.40 ent 2.03 kl 0.008 | hit/swing 62% dj/min 28.1 blk/min 11.6 abiHit 89 supHit 44 | hunter 6/11 expert x2 2/2 easy 3/3 expert 1/1 sov fast 3/3 sovereign 1/1 hard x3 1/1 human 1/1 self 0/1 summoner 1/1 | roll 2.0s upd 8.0s
[brain] it 7284 [league 74%] R/ep 9.84 ent 1.90 kl 0.008 | hit/swing 46% dj/min 26.9 blk/min 11.5 abiHit 63 supHit 50 | sov fast 4/4 hunter 6/10 expert 2/3 self 0/4 counter 2/2 sovereign 1/1 hard x3 1/1 idle 1/1 medium 1/1 | roll 2.0s upd 8.0s
[brain] it 7285 [league 73%] R/ep 9.60 ent 2.02 kl 0.007 | hit/swing 62% dj/min 28.3 blk/min 11.1 abiHit 50 supHit 48 | easy 1/1 expert 2/3 sovereign 1/2 sov fast 3/5 self 0/2 hunter 6/9 switcher 1/1 expert x2 1/1 idle 1/1 rushdown 1/1 | roll 1.9s upd 10.1s
[brain] it 7286 [league 73%] R/ep 13.22 ent 1.95 kl 0.011 | hit/swing 62% dj/min 30.3 blk/min 12.6 abiHit 72 supHit 39 | expert 2/2 zoner 1/1 hunter 9/12 self 2/2 sov fast 1/3 hard x3 1/1 rushdown 1/1 idle 1/1 medium 1/1 counter 1/1 | roll 2.4s upd 7.0s
[brain] it 7287 [league 73%] R/ep 11.15 ent 1.94 kl 0.007 | hit/swing 46% dj/min 30.7 blk/min 11.3 abiHit 79 supHit 43 | zoner 1/1 hunter 10/14 expert 4/4 sovereign 2/2 rushdown 1/1 turtle 1/1 self 1/1 sov fast 1/1 aerial 0/1 idle 1/1 medium 1/1 | roll 2.1s upd 6.3s
[brain] it 7288 [league 74%] R/ep 12.78 ent 1.91 kl 0.008 | hit/swing 69% dj/min 28.3 blk/min 12.1 abiHit 58 supHit 47 | medium 1/1 hard 2/2 self 0/3 counter 1/1 hunter 9/12 expert 1/1 sov fast 3/3 sovereign 1/1 aerial 1/1 | roll 1.6s upd 6.3s
[brain] it 7289 [league 74%] R/ep 14.89 ent 2.07 kl 0.010 | hit/swing 43% dj/min 34.5 blk/min 10.6 abiHit 47 supHit 55 | hunter 8/10 human 1/1 expert x2 2/2 sov fast 2/3 self 1/4 hard x3 2/2 zoner 1/1 expert 1/1 | roll 2.0s upd 6.4s
[brain] it 7290 [league 74%] R/ep 9.97 ent 1.98 kl 0.008 | hit/swing 48% dj/min 29.3 blk/min 10.9 abiHit 57 supHit 32 | hunter 5/9 sov fast 5/5 hard 1/1 self 4/5 human 1/1 counter 1/1 switcher 1/1 | roll 1.7s upd 7.1s
[brain] it 7291 [league 72%] R/ep 11.76 ent 2.08 kl 0.008 | hit/swing 51% dj/min 31.9 blk/min 9.4 abiHit 73 supHit 41 | expert 5/5 hunter 7/8 sovereign 0/2 self 2/3 hard 2/2 human 1/1 sov fast 1/1 rushdown 0/1 idle 1/1 expert x2 1/1 | roll 2.3s upd 6.6s
[brain] it 7292 [league 72%] R/ep 9.09 ent 1.97 kl 0.008 | hit/swing 41% dj/min 32.7 blk/min 12.1 abiHit 82 supHit 42 | hunter 3/7 easy 2/2 sov fast 2/4 idle 1/1 self 0/2 expert 2/2 hard 1/1 summoner 1/1 sovereign 1/1 switcher 1/1 aerial 0/1 | roll 1.6s upd 7.0s
[brain] it 7293 [league 71%] R/ep 12.99 ent 2.02 kl 0.009 | hit/swing 36% dj/min 30.6 blk/min 10.9 abiHit 71 supHit 48 | sovereign 3/4 hunter 8/11 self 2/2 sov fast 2/2 hard x3 1/1 idle 1/1 rushdown 0/1 expert 2/2 expert x2 1/1 zoner 1/1 | roll 1.6s upd 6.8s
[brain] it 7294 [league 70%] R/ep 7.33 ent 2.06 kl 0.008 | hit/swing 45% dj/min 31.6 blk/min 9.6 abiHit 60 supHit 32 | sovereign 0/1 rushdown 1/1 sov fast 2/5 hunter 4/10 easy 3/3 turtle 1/1 expert 1/1 hard 1/1 zoner 1/1 self 1/1 | roll 1.5s upd 5.6s
[brain] it 7295 [league 71%] R/ep 8.89 ent 1.99 kl 0.009 | hit/swing 47% dj/min 30.3 blk/min 8.4 abiHit 63 supHit 44 | hard 2/2 self 0/3 hunter 8/11 idle 3/3 sovereign 3/4 sov fast 0/1 summoner 1/1 medium 1/1 expert x2 1/1 | roll 1.4s upd 5.6s
[brain] it 7296 [league 71%] R/ep 9.30 ent 2.01 kl 0.007 | hit/swing 59% dj/min 29.9 blk/min 10.8 abiHit 56 supHit 41 | counter 1/1 easy 1/1 rushdown 1/1 summoner 2/2 human 0/1 self 3/4 hunter 2/7 sov fast 3/3 idle 1/1 medium 1/1 expert x2 0/1 turtle 2/2 | roll 1.4s upd 5.6s
[brain] it 7297 [league 70%] R/ep 12.77 ent 2.04 kl 0.007 | hit/swing 53% dj/min 31.3 blk/min 8.1 abiHit 64 supHit 36 | sovereign 1/2 hunter 4/6 sov fast 4/4 summoner 1/1 idle 2/2 self 1/1 expert x2 1/1 expert 2/2 human 1/1 | roll 1.4s upd 5.6s
[brain] it 7298 [league 70%] R/ep 12.06 ent 1.94 kl 0.009 | hit/swing 58% dj/min 28.1 blk/min 12.3 abiHit 52 supHit 48 | hunter 10/13 sov fast 2/2 hard 2/2 sovereign 3/4 aerial 1/2 self 0/1 medium 1/1 summoner 1/1 turtle 1/1 | roll 1.5s upd 6.5s
[brain] it 7299 [league 70%] R/ep 9.46 ent 2.00 kl 0.008 | hit/swing 50% dj/min 29.6 blk/min 11.3 abiHit 51 supHit 40 | self 1/3 hunter 7/10 aerial 0/1 rushdown 1/1 expert 1/1 sov fast 2/2 hard 2/2 sovereign 1/2 medium 1/1 human 0/1 summoner 1/1 | roll 1.5s upd 6.3s
[brain] it 7300 [league 70%] R/ep 9.13 ent 2.07 kl 0.008 | hit/swing 46% dj/min 33.5 blk/min 10.8 abiHit 66 supHit 37 | sov fast 2/3 hunter 11/15 sovereign 2/3 self 2/2 summoner 1/1 | roll 2.0s upd 6.4s
[brain] it 7301 [league 69%] R/ep 11.35 ent 1.93 kl 0.009 | hit/swing 47% dj/min 28.6 blk/min 12.2 abiHit 76 supHit 39 | turtle 1/1 hunter 5/9 medium 1/1 sovereign 1/2 self 1/3 zoner 1/1 hard 3/3 sov fast 3/3 human 0/1 counter 1/1 aerial 1/1 expert x2 1/1 | roll 1.5s upd 6.5s
[brain] it 7302 [league 70%] R/ep 12.91 ent 1.89 kl 0.008 | hit/swing 54% dj/min 26.9 blk/min 13.2 abiHit 88 supHit 45 | sovereign 2/2 sov fast 1/2 expert 2/2 turtle 1/1 counter 1/1 hunter 5/9 self 0/2 expert x2 1/1 easy 1/1 idle 1/1 hard x3 1/1 summoner 1/1 | roll 1.7s upd 6.4s
[brain] it 7303 [league 71%] R/ep 11.12 ent 1.98 kl 0.009 | hit/swing 48% dj/min 29.1 blk/min 9.5 abiHit 92 supHit 48 | hunter 6/10 easy 1/1 expert 4/4 sovereign 3/3 hard x3 0/1 hard 2/2 self 1/2 medium 1/1 sov fast 0/1 idle 1/1 rushdown 1/1 | roll 1.7s upd 7.7s
[brain] it 7304 [league 73%] R/ep 10.70 ent 1.97 kl 0.008 | hit/swing 43% dj/min 29.3 blk/min 10.3 abiHit 67 supHit 33 | hunter 6/7 aerial 1/1 turtle 2/2 medium 1/1 self 0/3 sov fast 0/1 sovereign 2/2 hard 1/1 expert 1/1 idle 1/1 rushdown 0/1 easy 1/1 | roll 1.8s upd 5.7s
[brain] it 7305 [league 72%] R/ep 6.66 ent 2.08 kl 0.009 | hit/swing 31% dj/min 34.5 blk/min 11.9 abiHit 63 supHit 39 | hunter 7/13 sov fast 0/1 aerial 1/1 self 2/2 sovereign 1/2 hard x3 0/2 human 1/1 expert 1/1 summoner 1/1 | roll 1.6s upd 6.0s
[brain] it 7306 [league 72%] R/ep 11.85 ent 1.97 kl 0.008 | hit/swing 46% dj/min 30.3 blk/min 12.9 abiHit 62 supHit 46 | hunter 8/12 sov fast 1/1 self 1/2 hard x3 1/1 sovereign 3/4 turtle 1/2 rushdown 1/1 counter 1/1 | roll 1.6s upd 7.9s
[brain] it 7307 [league 71%] R/ep 10.34 ent 1.91 kl 0.006 | hit/swing 44% dj/min 31.3 blk/min 11.3 abiHit 64 supHit 43 | hunter 6/10 medium 1/1 sovereign 3/4 human 1/1 self 1/3 switcher 1/1 sov fast 4/4 summoner 2/2 idle 1/1 turtle 1/1 | roll 1.6s upd 5.3s
[brain] it 7308 [league 71%] R/ep 12.69 ent 2.02 kl 0.010 | hit/swing 57% dj/min 31.5 blk/min 8.6 abiHit 88 supHit 33 | hunter 7/8 sovereign 2/3 sov fast 2/3 zoner 1/1 self 1/2 expert x2 0/1 expert 1/1 counter 1/1 hard 1/1 rushdown 2/2 | roll 1.4s upd 5.4s
[brain] it 7309 [league 70%] R/ep 14.10 ent 2.00 kl 0.010 | hit/swing 50% dj/min 31.3 blk/min 10.9 abiHit 77 supHit 47 | aerial 2/2 human 1/1 hunter 7/9 sovereign 1/2 sov fast 4/5 expert x2 2/2 summoner 2/2 switcher 1/1 self 1/1 | roll 1.4s upd 6.2s
[brain] it 7310 [league 71%] R/ep 12.11 ent 2.04 kl 0.010 | hit/swing 55% dj/min 32.8 blk/min 10.0 abiHit 68 supHit 47 | zoner 1/1 sovereign 2/2 medium 2/2 expert 1/1 hunter 5/7 self 2/4 sov fast 2/4 counter 2/2 human 1/1 summoner 1/1 | roll 1.4s upd 5.3s
[brain] it 7311 [league 72%] R/ep 14.17 ent 1.99 kl 0.007 | hit/swing 57% dj/min 29.7 blk/min 10.7 abiHit 90 supHit 57 | summoner 1/1 hunter 6/7 sovereign 2/2 sov fast 5/6 zoner 1/1 easy 1/1 turtle 1/1 expert x2 2/2 rushdown 1/1 self 1/1 medium 1/1 human 1/1 | roll 1.1s upd 4.9s
[brain] it 7312 [league 72%] R/ep 12.18 ent 2.04 kl 0.007 | hit/swing 47% dj/min 32.3 blk/min 11.1 abiHit 41 supHit 26 | hunter 9/10 self 2/4 zoner 2/2 sovereign 3/3 summoner 0/1 | roll 1.5s upd 5.2s
[brain] it 7313 [league 74%] R/ep 13.88 ent 1.86 kl 0.009 | hit/swing 61% dj/min 25.9 blk/min 12.4 abiHit 75 supHit 61 | expert x2 1/1 medium 3/3 human 1/1 sov fast 0/1 zoner 1/1 hunter 6/9 aerial 1/1 idle 1/1 self 1/3 expert 2/2 easy 1/1 switcher 1/2 sovereign 4/4 hard 1/1 | roll 1.3s upd 5.8s
[brain] it 7314 [league 75%] R/ep 14.78 ent 1.82 kl 0.007 | hit/swing 62% dj/min 24.7 blk/min 10.9 abiHit 92 supHit 53 | hunter 13/14 counter 2/2 sovereign 4/4 expert 4/4 self 1/1 sov fast 2/2 idle 1/1 zoner 1/1 rushdown 1/2 easy 1/1 | roll 1.3s upd 5.2s
[brain] it 7315 [league 74%] R/ep 11.51 ent 1.99 kl 0.010 | hit/swing 59% dj/min 29.6 blk/min 10.4 abiHit 64 supHit 47 | hard x3 1/1 self 3/5 sovereign 1/3 hunter 7/7 sov fast 7/7 zoner 2/2 medium 1/1 | roll 1.4s upd 5.2s
[brain] it 7316 [league 73%] R/ep 10.41 ent 1.96 kl 0.009 | hit/swing 55% dj/min 30.0 blk/min 8.7 abiHit 68 supHit 35 | zoner 1/1 hunter 7/12 sovereign 1/2 easy 1/1 sov fast 1/1 medium 2/2 idle 2/2 self 2/2 hard 1/1 | roll 1.4s upd 5.6s
[brain] it 7317 [league 73%] R/ep 14.33 ent 1.85 kl 0.008 | hit/swing 58% dj/min 23.0 blk/min 11.9 abiHit 103 supHit 52 | summoner 1/1 hunter 8/10 sov fast 4/4 medium 1/1 idle 2/2 expert x2 1/2 expert 2/2 zoner 1/1 hard 2/2 hard x3 1/1 easy 1/1 self 0/1 sovereign 1/1 | roll 1.3s upd 6.5s
[brain] it 7318 [league 73%] R/ep 8.49 ent 1.96 kl 0.011 | hit/swing 58% dj/min 27.7 blk/min 15.6 abiHit 49 supHit 27 | expert 1/1 sov fast 3/3 hunter 7/11 sovereign 2/3 self 0/2 easy 1/1 turtle 1/1 switcher 0/1 | roll 1.8s upd 6.8s
[brain] it 7319 [league 73%] R/ep 9.03 ent 2.02 kl 0.011 | hit/swing 40% dj/min 30.9 blk/min 11.3 abiHit 83 supHit 40 | hunter 4/8 hard x3 0/3 self 0/3 turtle 1/1 sov fast 4/6 zoner 1/1 summoner 1/1 easy 1/1 medium 2/2 | roll 1.7s upd 6.1s
[brain] it 7320 [league 74%] R/ep 6.35 ent 2.03 kl 0.005 | hit/swing 50% dj/min 30.1 blk/min 10.1 abiHit 59 supHit 32 | sov fast 1/3 aerial 1/2 summoner 1/2 sovereign 2/2 self 1/5 medium 1/1 hunter 6/8 counter 0/1 | roll 1.4s upd 5.7s
[brain] it 7321 [league 74%] R/ep 14.68 ent 1.96 kl 0.008 | hit/swing 55% dj/min 30.9 blk/min 13.7 abiHit 65 supHit 45 | self 1/3 hunter 5/7 sov fast 2/3 rushdown 2/2 human 1/1 switcher 1/1 counter 1/1 zoner 1/1 summoner 0/1 expert 1/1 hard x3 1/1 | roll 1.3s upd 5.2s
[brain] it 7322 [league 74%] R/ep 8.84 ent 2.00 kl 0.008 | hit/swing 35% dj/min 29.6 blk/min 10.5 abiHit 85 supHit 37 | hunter 3/5 sovereign 1/1 self 1/6 rushdown 1/1 expert x2 1/2 expert 1/1 medium 2/2 sov fast 1/2 summoner 2/2 hard 1/1 easy 1/1 | roll 1.3s upd 5.2s
[brain] it 7323 [league 72%] R/ep 11.36 ent 2.03 kl 0.007 | hit/swing 45% dj/min 32.8 blk/min 11.2 abiHit 64 supHit 43 | easy 1/1 sovereign 0/3 expert x2 0/1 hunter 7/8 rushdown 1/1 sov fast 3/4 self 1/1 human 1/1 medium 1/1 hard 1/1 summoner 1/1 | roll 1.4s upd 5.7s
[brain] it 7324 [league 73%] R/ep 10.41 ent 2.05 kl 0.009 | hit/swing 32% dj/min 31.1 blk/min 10.2 abiHit 58 supHit 33 | hunter 8/13 medium 1/1 self 1/1 sov fast 0/1 expert x2 1/2 sovereign 1/1 rushdown 1/1 | roll 1.5s upd 6.1s
[brain] it 7325 [league 75%] R/ep 11.57 ent 1.88 kl 0.009 | hit/swing 57% dj/min 27.0 blk/min 14.2 abiHit 95 supHit 49 | hunter 12/15 sovereign 4/5 easy 1/1 sov fast 5/5 expert 1/1 counter 1/1 hard 1/1 self 0/1 hard x3 0/1 zoner 1/1 | roll 1.4s upd 5.2s
[brain] it 7326 [league 75%] R/ep 12.05 ent 1.86 kl 0.010 | hit/swing 57% dj/min 27.2 blk/min 13.9 abiHit 62 supHit 40 | hunter 9/12 sovereign 2/3 idle 3/3 expert 1/1 switcher 1/1 sov fast 2/3 hard 1/1 self 0/1 | roll 1.3s upd 5.2s
[brain] it 7327 [league 73%] R/ep 12.72 ent 1.93 kl 0.008 | hit/swing 54% dj/min 28.5 blk/min 10.8 abiHit 54 supHit 43 | hunter 9/12 counter 1/1 expert x2 2/2 self 1/3 human 2/2 sovereign 0/2 sov fast 0/1 zoner 1/1 easy 1/1 medium 1/1 | roll 1.2s upd 5.2s
[brain] it 7328 [league 73%] R/ep 13.84 ent 1.89 kl 0.008 | hit/swing 53% dj/min 28.2 blk/min 13.9 abiHit 77 supHit 46 | hunter 10/13 rushdown 0/1 hard x3 1/1 hard 1/1 self 0/2 easy 1/1 sov fast 2/3 sovereign 2/2 expert 1/1 idle 1/1 zoner 1/1 expert x2 1/1 | roll 1.4s upd 5.2s
[brain] it 7329 [league 72%] R/ep 14.36 ent 1.88 kl 0.009 | hit/swing 54% dj/min 29.1 blk/min 13.2 abiHit 70 supHit 52 | hunter 9/12 sov fast 1/1 hard 2/2 sovereign 0/1 hard x3 1/1 self 0/1 human 1/1 switcher 1/1 rushdown 1/1 idle 1/1 easy 1/1 | roll 1.4s upd 6.0s
[brain] it 7330 [league 71%] R/ep 8.99 ent 1.90 kl 0.007 | hit/swing 44% dj/min 29.1 blk/min 12.2 abiHit 66 supHit 30 | hunter 5/10 self 1/4 sov fast 2/3 sovereign 0/1 expert 2/2 medium 1/1 | roll 1.6s upd 6.8s
[brain] it 7331 [league 71%] R/ep 13.72 ent 1.85 kl 0.008 | hit/swing 73% dj/min 24.8 blk/min 14.8 abiHit 47 supHit 59 | rushdown 2/3 idle 1/1 hunter 7/9 medium 1/1 expert 3/3 easy 1/1 expert x2 1/2 sovereign 2/2 counter 1/1 sov fast 1/3 aerial 0/1 hard 1/1 summoner 1/1 | roll 1.8s upd 7.4s
[brain] it 7332 [league 71%] R/ep 9.76 ent 2.04 kl 0.008 | hit/swing 36% dj/min 31.9 blk/min 10.4 abiHit 68 supHit 24 | hunter 11/15 sovereign 1/2 sov fast 1/2 aerial 1/1 turtle 1/1 self 0/1 | roll 1.9s upd 6.4s
[brain] it 7333 [league 69%] R/ep 9.30 ent 1.98 kl 0.007 | hit/swing 31% dj/min 30.8 blk/min 12.1 abiHit 91 supHit 37 | sovereign 2/4 self 0/4 sov fast 1/1 hunter 6/9 medium 1/1 hard 1/1 idle 1/1 expert x2 1/1 | roll 1.5s upd 5.8s
[brain] it 7334 [league 70%] R/ep 12.93 ent 2.07 kl 0.009 | hit/swing 36% dj/min 30.5 blk/min 10.3 abiHit 82 supHit 36 | sovereign 1/2 hunter 2/4 sov fast 1/2 expert x2 1/1 turtle 0/1 switcher 1/1 hard x3 1/2 medium 1/1 human 1/1 expert 1/1 self 0/2 summoner 1/1 counter 1/1 | roll 1.4s upd 5.7s
[brain] it 7335 [league 70%] R/ep 14.84 ent 1.85 kl 0.009 | hit/swing 50% dj/min 23.7 blk/min 13.4 abiHit 79 supHit 47 | sovereign 2/2 zoner 1/1 hard 1/1 hunter 7/10 switcher 2/2 idle 2/2 sov fast 1/1 summoner 2/2 self 2/3 hard x3 0/1 medium 2/2 rushdown 1/1 | roll 1.3s upd 5.3s
[brain] it 7336 [league 70%] R/ep 12.35 ent 1.97 kl 0.009 | hit/swing 49% dj/min 30.8 blk/min 11.1 abiHit 71 supHit 40 | hunter 9/12 sovereign 2/2 sov fast 3/3 self 1/2 turtle 1/1 idle 1/1 expert x2 1/1 medium 1/1 | roll 1.4s upd 5.2s
[brain] it 7337 [league 71%] R/ep 14.48 ent 1.89 kl 0.008 | hit/swing 54% dj/min 29.6 blk/min 12.5 abiHit 99 supHit 52 | self 2/3 hunter 8/8 expert 1/1 summoner 3/3 medium 2/2 aerial 0/1 sovereign 1/1 easy 2/2 counter 1/1 hard 1/1 sov fast 3/4 | roll 1.4s upd 5.8s
[brain] it 7338 [league 71%] R/ep 6.20 ent 2.06 kl 0.009 | hit/swing 40% dj/min 30.5 blk/min 9.5 abiHit 39 supHit 30 | summoner 1/1 expert x2 1/1 hard 1/1 sov fast 1/2 hunter 3/8 self 0/1 switcher 0/2 sovereign 2/4 zoner 1/1 medium 1/1 turtle 1/1 counter 1/1 | roll 1.4s upd 5.9s
[brain] it 7339 [league 69%] R/ep 10.00 ent 2.03 kl 0.008 | hit/swing 40% dj/min 31.5 blk/min 10.8 abiHit 61 supHit 26 | self 1/3 expert 1/1 aerial 1/1 counter 1/1 hunter 6/6 switcher 1/1 sovereign 1/4 easy 1/1 sov fast 2/2 | roll 1.3s upd 5.3s
[brain] it 7340 [league 70%] R/ep 9.69 ent 2.04 kl 0.008 | hit/swing 53% dj/min 32.0 blk/min 9.0 abiHit 67 supHit 31 | hunter 7/10 self 0/3 expert 1/1 sovereign 3/3 sov fast 2/2 hard x3 0/1 idle 1/1 medium 2/2 | roll 1.4s upd 5.8s
[brain] it 7341 [league 70%] R/ep 9.63 ent 2.02 kl 0.007 | hit/swing 46% dj/min 27.0 blk/min 9.4 abiHit 77 supHit 31 | hunter 5/6 sov fast 1/1 sovereign 3/5 easy 2/2 self 1/3 hard 1/1 counter 1/2 idle 1/1 expert x2 0/1 expert 1/1 | roll 1.4s upd 5.8s
[brain] it 7342 [league 71%] R/ep 11.75 ent 1.91 kl 0.009 | hit/swing 56% dj/min 28.7 blk/min 15.1 abiHit 63 supHit 53 | sov fast 2/3 hunter 10/16 summoner 2/2 idle 1/1 sovereign 1/1 hard 3/3 expert 1/1 self 1/1 | roll 1.5s upd 6.5s
[brain] it 7343 [league 71%] R/ep 11.29 ent 1.87 kl 0.007 | hit/swing 53% dj/min 27.6 blk/min 11.9 abiHit 64 supHit 29 | hunter 7/10 counter 1/1 sovereign 1/1 sov fast 2/2 human 0/1 aerial 1/1 turtle 1/1 self 1/3 expert 1/1 | roll 1.6s upd 5.8s
[brain] it 7344 [league 71%] R/ep 15.68 ent 1.91 kl 0.007 | hit/swing 53% dj/min 27.7 blk/min 11.3 abiHit 65 supHit 60 | expert 2/2 summoner 1/1 hunter 13/14 zoner 2/2 sov fast 1/1 hard 1/1 turtle 1/1 hard x3 1/1 self 0/1 sovereign 2/2 idle 1/1 counter 1/1 | roll 1.5s upd 5.7s
[brain] it 7345 [league 71%] R/ep 12.24 ent 1.90 kl 0.007 | hit/swing 52% dj/min 26.8 blk/min 14.9 abiHit 63 supHit 43 | self 3/4 hunter 8/12 sov fast 0/1 rushdown 2/2 sovereign 2/2 expert 1/1 aerial 1/1 easy 1/1 zoner 1/1 medium 1/1 summoner 1/1 | roll 1.4s upd 6.5s
[brain] it 7346 [league 72%] R/ep 12.58 ent 1.79 kl 0.008 | hit/swing 57% dj/min 21.1 blk/min 15.6 abiHit 85 supHit 60 | expert 3/3 hard 1/1 sovereign 6/6 switcher 1/1 idle 2/2 rushdown 0/1 sov fast 1/1 hunter 4/10 easy 4/4 expert x2 1/1 turtle 1/1 self 1/1 human 1/1 | roll 1.5s upd 6.0s
[brain] it 7347 [league 71%] R/ep 10.15 ent 1.94 kl 0.009 | hit/swing 60% dj/min 27.5 blk/min 9.7 abiHit 74 supHit 44 | hard 1/1 hunter 10/13 sovereign 1/3 human 0/1 idle 2/2 hard x3 0/1 sov fast 4/4 summoner 1/1 medium 1/1 | roll 1.4s upd 6.7s
[brain] it 7348 [league 71%] R/ep 13.79 ent 1.89 kl 0.008 | hit/swing 63% dj/min 27.4 blk/min 11.3 abiHit 68 supHit 47 | sovereign 3/4 idle 3/3 self 1/2 medium 2/2 hunter 6/10 expert x2 1/1 hard x3 1/1 turtle 1/1 sov fast 1/1 | roll 1.8s upd 6.1s
[brain] it 7349 [league 70%] R/ep 10.44 ent 2.03 kl 0.008 | hit/swing 40% dj/min 32.1 blk/min 8.5 abiHit 50 supHit 31 | hunter 10/12 sovereign 0/1 turtle 1/1 human 1/1 expert 1/1 idle 1/1 self 0/3 summoner 1/1 | roll 1.6s upd 6.4s
[brain] it 7350 [league 70%] R/ep 9.27 ent 1.98 kl 0.010 | hit/swing 45% dj/min 30.7 blk/min 12.8 abiHit 76 supHit 24 | hunter 3/8 aerial 1/1 rushdown 1/1 summoner 1/1 sov fast 3/3 hard 1/1 self 4/4 | roll 1.7s upd 6.4s
[brain] it 7351 [league 68%] R/ep 13.96 ent 1.99 kl 0.008 | hit/swing 54% dj/min 30.8 blk/min 11.4 abiHit 50 supHit 34 | easy 1/1 hunter 5/6 self 1/2 summoner 1/1 zoner 1/1 hard x3 2/2 sovereign 0/3 | roll 5.5s upd 4.4s
