[brain] server :8120, launching 3 workers
[brain] widened input layer 233 -> 250
[brain] widened input layer 233 -> 250
[brain] resumed at iteration 2373, stage league
[brain] it 2374 [league 63%] R/ep 10.12 ent 2.24 kl 0.007 | hit/swing 60% dj/min 28.3 blk/min 0.3 abiHit 49 supHit 74 | expert 4/5 self 7/12 idle 3/3 sovereign 3/5 counter 2/2 human 2/2 easy 1/1 summoner 1/1 medium 2/2 hard 1/1 zoner 2/2 aerial 1/1 | roll 2.0s upd 23.8s
[brain] it 2375 [league 64%] R/ep 8.76 ent 2.33 kl 0.007 | hit/swing 51% dj/min 32.0 blk/min 0.4 abiHit 54 supHit 75 | rushdown 2/2 sovereign 1/2 self 7/13 hard 1/1 summoner 2/3 idle 2/2 human 3/3 expert x2 2/3 expert 3/3 turtle 1/2 zoner 1/1 hard x3 0/1 | roll 1.9s upd 22.8s
[brain] it 2376 [league 62%] R/ep 8.18 ent 2.39 kl 0.008 | hit/swing 53% dj/min 32.4 blk/min 0.1 abiHit 44 supHit 66 | expert x2 3/3 switcher 3/4 expert 4/4 summoner 1/1 easy 1/1 self 1/8 medium 1/1 turtle 2/2 zoner 2/2 sovereign 2/4 hard 1/1 idle 3/3 rushdown 0/1 | roll 1.9s upd 25.1s
[brain] it 2377 [league 62%] R/ep 10.05 ent 2.38 kl 0.005 | hit/swing 47% dj/min 32.2 blk/min 0.2 abiHit 64 supHit 64 | human 1/1 idle 5/5 self 4/8 expert 6/6 aerial 1/1 sovereign 1/2 expert x2 1/1 easy 2/2 summoner 1/1 switcher 1/1 counter 1/1 hard 1/1 turtle 0/1 rushdown 0/1 | roll 1.7s upd 32.3s
[brain] it 2378 [league 63%] R/ep 10.41 ent 2.28 kl 0.007 | hit/swing 55% dj/min 31.7 blk/min 0.1 abiHit 55 supHit 73 | counter 1/1 switcher 2/2 expert 8/8 aerial 3/3 sovereign 3/5 self 3/10 zoner 3/3 easy 1/1 hard x3 1/2 hard 3/3 turtle 1/1 expert x2 1/1 human 1/1 | roll 2.0s upd 33.6s
[brain] it 2379 [league 64%] R/ep 10.57 ent 2.37 kl 0.007 | hit/swing 40% dj/min 31.4 blk/min 0.1 abiHit 83 supHit 59 | self 2/6 summoner 2/2 zoner 4/4 sovereign 5/5 rushdown 3/3 switcher 1/1 easy 2/2 medium 1/1 idle 1/1 aerial 2/2 expert 2/2 turtle 1/1 counter 0/1 | roll 2.3s upd 24.4s
[brain] it 2380 [league 64%] R/ep 9.35 ent 2.32 kl 0.009 | hit/swing 53% dj/min 31.7 blk/min 0.0 abiHit 66 supHit 67 | turtle 0/1 self 2/8 switcher 3/4 sovereign 4/4 hard 2/2 expert x2 2/2 expert 6/6 medium 1/1 hard x3 1/2 summoner 2/2 easy 1/1 | roll 1.7s upd 17.5s
[brain] it 2381 [league 62%] R/ep 6.91 ent 2.39 kl 0.006 | hit/swing 36% dj/min 34.6 blk/min 0.1 abiHit 82 supHit 67 | aerial 1/1 counter 1/1 expert 2/2 expert x2 1/2 self 3/4 sovereign 5/11 hard 1/1 zoner 1/2 idle 1/1 rushdown 1/2 easy 2/2 human 1/2 turtle 1/1 | roll 1.7s upd 25.9s
[brain] it 2382 [league 60%] R/ep 8.28 ent 2.40 kl 0.009 | hit/swing 47% dj/min 34.5 blk/min 0.0 abiHit 52 supHit 64 | self 6/9 expert 3/3 sovereign 0/4 rushdown 2/3 counter 1/1 human 2/2 easy 2/2 hard 1/1 idle 3/3 zoner 0/1 switcher 1/1 medium 1/1 | roll 1.7s upd 19.4s
[brain] it 2383 [league 59%] R/ep 10.25 ent 2.39 kl 0.007 | hit/swing 51% dj/min 38.3 blk/min 0.3 abiHit 34 supHit 72 | medium 2/2 sovereign 5/7 self 6/8 expert x2 1/1 summoner 3/3 expert 3/3 counter 1/1 zoner 1/1 hard 1/1 aerial 0/1 rushdown 1/1 turtle 2/2 human 0/1 | roll 1.6s upd 61.6s
[brain] it 2384 [league 61%] R/ep 4.66 ent 2.33 kl 0.006 | hit/swing 50% dj/min 33.9 blk/min 0.2 abiHit 29 supHit 81 | human 1/1 self 2/13 summoner 2/2 turtle 2/2 sovereign 5/7 aerial 1/1 rushdown 2/2 expert 3/3 idle 1/1 zoner 0/1 | roll 1.7s upd 47.3s
[brain] it 2385 [league 59%] R/ep 10.54 ent 2.36 kl 0.007 | hit/swing 56% dj/min 33.3 blk/min 0.1 abiHit 33 supHit 70 | switcher 3/3 sovereign 2/4 summoner 1/2 hard 2/2 zoner 2/2 human 1/2 medium 1/1 rushdown 4/5 hard x3 1/1 self 2/6 turtle 1/1 expert x2 2/2 aerial 1/1 expert 3/3 | roll 3.1s upd 30.2s
[brain] it 2386 [league 60%] R/ep 11.75 ent 2.24 kl 0.007 | hit/swing 57% dj/min 31.6 blk/min 0.1 abiHit 63 supHit 78 | self 5/8 hard x3 2/3 human 0/1 sovereign 4/5 expert x2 1/2 zoner 2/2 idle 1/1 hard 2/2 counter 1/1 easy 1/1 summoner 1/1 expert 6/6 aerial 1/1 switcher 1/1 | roll 1.6s upd 19.5s
[brain] it 2387 [league 62%] R/ep 12.57 ent 2.30 kl 0.009 | hit/swing 62% dj/min 33.2 blk/min 0.1 abiHit 28 supHit 90 | medium 1/1 hard 2/2 self 7/9 switcher 2/2 rushdown 2/2 sovereign 4/5 aerial 0/1 zoner 1/1 expert 5/5 hard x3 1/2 turtle 3/4 expert x2 1/1 human 1/1 idle 1/1 counter 2/2 | roll 1.5s upd 18.9s
[brain] it 2388 [league 64%] R/ep 9.22 ent 2.30 kl 0.009 | hit/swing 54% dj/min 31.0 blk/min 0.1 abiHit 49 supHit 79 | expert 5/5 aerial 0/1 sovereign 6/7 self 3/6 counter 2/2 expert x2 0/1 turtle 2/2 easy 1/1 hard 4/4 medium 1/1 switcher 2/2 summoner 1/1 rushdown 1/1 hard x3 0/1 | roll 1.7s upd 24.3s
[brain] it 2389 [league 64%] R/ep 14.02 ent 2.21 kl 0.008 | hit/swing 57% dj/min 28.7 blk/min 0.2 abiHit 87 supHit 91 | sovereign 2/4 self 4/6 expert 7/7 human 2/2 counter 2/2 expert x2 3/4 switcher 1/1 turtle 1/1 zoner 2/2 summoner 2/2 idle 1/1 hard 1/1 hard x3 1/2 medium 2/2 | roll 1.6s upd 23.3s
[brain] it 2390 [league 64%] R/ep 9.83 ent 2.42 kl 0.009 | hit/swing 56% dj/min 33.9 blk/min 0.3 abiHit 37 supHit 64 | self 6/9 sovereign 1/2 expert 7/8 counter 1/1 medium 3/3 easy 1/1 switcher 1/1 human 1/2 hard x3 1/2 hard 1/1 expert x2 1/1 | roll 1.9s upd 21.4s
[brain] it 2391 [league 64%] R/ep 9.75 ent 2.27 kl 0.006 | hit/swing 58% dj/min 32.9 blk/min 0.3 abiHit 26 supHit 68 | medium 2/2 idle 4/4 rushdown 0/1 hard 3/3 expert 3/3 aerial 1/2 self 5/10 easy 2/2 turtle 1/1 sovereign 2/2 switcher 1/1 zoner 1/1 | roll 1.6s upd 18.4s
[brain] it 2392 [league 63%] R/ep 8.95 ent 2.28 kl 0.006 | hit/swing 60% dj/min 32.9 blk/min 0.0 abiHit 33 supHit 96 | self 4/9 medium 3/3 hard x3 1/4 aerial 2/2 hard 3/3 counter 1/1 expert x2 1/1 sovereign 2/7 human 3/3 expert 3/3 turtle 2/2 idle 1/1 easy 1/1 switcher 1/1 | roll 1.8s upd 26.4s
[brain] it 2393 [league 62%] R/ep 9.86 ent 2.31 kl 0.007 | hit/swing 50% dj/min 36.4 blk/min 0.1 abiHit 45 supHit 85 | sovereign 5/8 hard 2/2 zoner 3/3 self 8/14 medium 2/2 human 1/1 expert 2/2 summoner 2/2 easy 1/1 switcher 4/4 rushdown 1/1 turtle 3/3 hard x3 1/1 | roll 2.3s upd 23.1s
[brain] it 2394 [league 63%] R/ep 8.44 ent 2.27 kl 0.008 | hit/swing 50% dj/min 33.2 blk/min 0.1 abiHit 44 supHit 80 | sovereign 4/5 switcher 0/1 turtle 1/1 self 5/11 easy 2/2 rushdown 3/3 expert 1/1 medium 4/4 zoner 1/1 hard 3/3 aerial 1/1 idle 1/1 expert x2 1/1 | roll 2.2s upd 23.6s
[brain] it 2395 [league 63%] R/ep 10.29 ent 2.27 kl 0.007 | hit/swing 52% dj/min 32.9 blk/min 0.1 abiHit 43 supHit 79 | turtle 2/2 rushdown 2/2 hard x3 0/1 hard 2/2 zoner 1/1 medium 3/3 expert 5/6 self 4/11 switcher 1/1 aerial 3/3 human 2/2 expert x2 1/1 sovereign 1/1 easy 2/2 idle 1/1 | roll 1.9s upd 21.5s
[brain] it 2396 [league 65%] R/ep 7.15 ent 2.36 kl 0.007 | hit/swing 54% dj/min 36.2 blk/min 0.1 abiHit 45 supHit 63 | counter 1/1 self 5/13 summoner 2/2 switcher 1/1 sovereign 3/4 hard x3 0/1 rushdown 2/2 expert 3/3 idle 1/1 hard 1/1 easy 1/1 medium 2/2 | roll 1.4s upd 17.7s
[brain] it 2397 [league 66%] R/ep 10.54 ent 2.28 kl 0.005 | hit/swing 47% dj/min 32.5 blk/min 0.2 abiHit 92 supHit 75 | sovereign 5/5 counter 0/1 self 2/8 hard 3/3 hard x3 3/4 easy 2/2 aerial 1/1 rushdown 0/1 summoner 0/1 zoner 1/1 expert 2/2 turtle 1/1 idle 1/1 medium 1/1 expert x2 1/1 | roll 1.5s upd 16.3s
[brain] it 2398 [league 64%] R/ep 7.18 ent 2.33 kl 0.006 | hit/swing 55% dj/min 33.6 blk/min 0.2 abiHit 45 supHit 59 | human 1/2 sovereign 2/6 self 1/6 expert 4/6 turtle 1/1 medium 2/2 aerial 0/1 counter 2/3 summoner 1/1 easy 5/5 hard 1/1 zoner 2/2 hard x3 0/1 | roll 1.4s upd 15.2s
[brain] it 2399 [league 66%] R/ep 9.68 ent 2.37 kl 0.007 | hit/swing 52% dj/min 34.6 blk/min 0.3 abiHit 31 supHit 72 | human 1/2 self 3/8 sovereign 8/8 hard x3 0/1 turtle 1/2 idle 1/1 hard 2/2 easy 1/1 switcher 1/1 expert 2/2 counter 1/1 summoner 1/1 rushdown 2/2 zoner 3/3 expert x2 1/1 | roll 1.7s upd 19.5s
[brain] it 2400 [league 66%] R/ep 9.12 ent 2.34 kl 0.007 | hit/swing 51% dj/min 33.1 blk/min 0.1 abiHit 51 supHit 70 | sovereign 3/6 zoner 2/2 expert 7/7 switcher 1/1 self 5/9 expert x2 1/1 idle 2/2 medium 1/1 hard x3 1/1 hard 2/2 human 0/2 turtle 1/1 | roll 2.0s upd 20.4s
[brain] it 2401 [league 65%] R/ep 7.48 ent 2.58 kl 0.006 | hit/swing 37% dj/min 35.2 blk/min 0.2 abiHit 68 supHit 35 | sovereign 1/3 expert 2/2 zoner 1/1 turtle 1/2 self 0/3 rushdown 1/1 human 0/1 hard x3 1/2 medium 1/1 idle 2/2 summoner 1/1 | roll 5.8s upd 12.7s
[brain] it 2402 [league 66%] R/ep 6.74 ent 2.37 kl 0.007 | hit/swing 56% dj/min 35.6 blk/min 0.1 abiHit 36 supHit 46 | sovereign 1/4 rushdown 2/2 self 1/6 summoner 1/1 turtle 1/1 hard 3/3 idle 1/1 expert 3/3 medium 2/2 expert x2 0/1 switcher 1/1 | roll 5.8s upd 12.3s
[brain] it 2403 [league 65%] R/ep 11.01 ent 2.45 kl 0.006 | hit/swing 37% dj/min 36.5 blk/min 0.2 abiHit 49 supHit 39 | self 3/3 expert 5/5 human 1/1 rushdown 1/2 sovereign 1/2 counter 2/2 expert x2 1/1 turtle 0/1 medium 1/1 switcher 1/1 | roll 5.8s upd 13.7s
[brain] it 2404 [league 66%] R/ep 11.27 ent 2.30 kl 0.009 | hit/swing 60% dj/min 33.1 blk/min 0.2 abiHit 32 supHit 87 | sovereign 7/8 summoner 1/1 hard 2/2 idle 3/3 self 4/7 expert 6/6 counter 1/2 easy 1/1 human 2/2 hard x3 0/1 aerial 1/1 switcher 2/2 zoner 1/1 rushdown 1/1 | roll 1.8s upd 19.9s
[brain] it 2405 [league 66%] R/ep 11.08 ent 2.39 kl 0.006 | hit/swing 42% dj/min 31.9 blk/min 0.1 abiHit 80 supHit 56 | self 2/3 hard 3/3 summoner 1/1 expert 4/4 rushdown 1/1 hard x3 2/2 turtle 1/1 human 1/2 switcher 0/2 aerial 1/1 sovereign 2/5 zoner 2/2 expert x2 0/2 medium 1/1 | roll 1.8s upd 24.0s
[brain] it 2406 [league 67%] R/ep 11.26 ent 2.26 kl 0.007 | hit/swing 57% dj/min 34.4 blk/min 0.7 abiHit 19 supHit 92 | human 1/1 sovereign 3/3 self 9/14 expert 6/6 idle 2/2 zoner 2/2 summoner 3/3 hard x3 2/2 turtle 1/1 hard 2/2 expert x2 0/1 switcher 1/1 medium 1/1 rushdown 1/2 aerial 0/1 | roll 1.6s upd 19.9s
[brain] it 2407 [league 65%] R/ep 8.40 ent 2.33 kl 0.008 | hit/swing 59% dj/min 35.5 blk/min 0.2 abiHit 40 supHit 79 | sovereign 2/5 easy 3/3 self 3/9 rushdown 2/2 aerial 4/4 human 2/2 switcher 3/3 expert 2/2 zoner 1/1 counter 1/2 idle 2/2 medium 2/2 | roll 1.6s upd 19.7s
[brain] it 2408 [league 66%] R/ep 8.86 ent 2.32 kl 0.007 | hit/swing 51% dj/min 31.9 blk/min 0.1 abiHit 67 supHit 68 | self 5/11 expert 4/4 medium 2/2 aerial 0/1 switcher 2/2 idle 1/1 hard 2/2 rushdown 2/2 human 2/2 counter 1/1 sovereign 2/2 summoner 1/1 easy 2/2 expert x2 1/1 | roll 1.7s upd 20.3s
[brain] it 2409 [league 63%] R/ep 5.10 ent 2.44 kl 0.008 | hit/swing 43% dj/min 36.7 blk/min 0.2 abiHit 48 supHit 64 | sovereign 3/6 expert 2/2 counter 1/1 turtle 2/3 hard x3 0/2 self 4/11 summoner 2/2 zoner 1/1 aerial 0/1 switcher 1/1 rushdown 1/1 idle 1/1 human 1/1 | roll 1.8s upd 18.4s
[brain] it 2410 [league 62%] R/ep 9.67 ent 2.46 kl 0.007 | hit/swing 50% dj/min 33.6 blk/min 0.1 abiHit 51 supHit 52 | self 3/7 rushdown 1/2 expert 5/5 summoner 3/4 zoner 3/3 switcher 1/1 medium 1/1 hard 3/3 sovereign 1/3 idle 1/1 aerial 1/1 easy 1/1 | roll 1.6s upd 16.9s
[brain] it 2411 [league 63%] R/ep 9.91 ent 2.30 kl 0.010 | hit/swing 44% dj/min 34.9 blk/min 0.2 abiHit 120 supHit 73 | hard 2/2 easy 1/1 sovereign 2/2 self 3/9 expert 4/4 zoner 2/2 human 2/3 summoner 1/1 hard x3 1/2 medium 1/1 expert x2 0/2 turtle 1/1 switcher 1/1 idle 3/3 | roll 1.5s upd 17.3s
[brain] it 2412 [league 63%] R/ep 14.20 ent 2.36 kl 0.006 | hit/swing 49% dj/min 38.3 blk/min 0.3 abiHit 57 supHit 67 | expert 6/6 human 2/2 easy 2/2 aerial 4/4 medium 2/2 hard x3 1/2 counter 3/3 self 3/4 idle 1/1 zoner 2/2 rushdown 1/1 expert x2 0/1 hard 1/1 | roll 1.5s upd 17.0s
[brain] it 2413 [league 63%] R/ep 10.75 ent 2.28 kl 0.009 | hit/swing 54% dj/min 30.7 blk/min 0.4 abiHit 64 supHit 93 | expert x2 2/2 self 1/10 expert 6/6 counter 1/1 sovereign 1/2 rushdown 3/3 idle 2/2 medium 1/1 easy 2/2 hard x3 2/2 summoner 2/2 turtle 2/2 zoner 1/1 switcher 0/1 hard 1/1 | roll 1.4s upd 16.4s
[brain] it 2414 [league 61%] R/ep 6.10 ent 2.44 kl 0.005 | hit/swing 46% dj/min 35.4 blk/min 0.0 abiHit 58 supHit 74 | human 1/2 medium 3/3 self 5/13 aerial 1/2 sovereign 1/4 rushdown 1/1 easy 1/1 summoner 2/3 idle 2/2 switcher 3/3 hard x3 0/1 expert 3/3 turtle 1/1 counter 1/1 | roll 1.7s upd 17.0s
[brain] it 2415 [league 63%] R/ep 10.55 ent 2.36 kl 0.005 | hit/swing 52% dj/min 35.5 blk/min 0.2 abiHit 49 supHit 75 | easy 3/3 summoner 1/1 hard 2/2 expert 3/3 zoner 3/3 sovereign 5/7 self 2/7 turtle 1/1 hard x3 0/1 human 2/2 expert x2 0/1 aerial 2/3 counter 2/2 medium 1/1 idle 1/1 | roll 1.4s upd 16.7s
[brain] it 2416 [league 62%] R/ep 9.65 ent 2.38 kl 0.008 | hit/swing 51% dj/min 38.7 blk/min 0.1 abiHit 65 supHit 75 | sovereign 3/6 self 4/7 human 1/1 hard x3 1/1 expert 3/3 counter 2/3 hard 2/2 idle 1/1 expert x2 1/2 rushdown 1/2 medium 1/1 aerial 1/1 zoner 1/1 | roll 1.5s upd 16.6s
[brain] it 2417 [league 62%] R/ep 8.88 ent 2.30 kl 0.008 | hit/swing 54% dj/min 28.8 blk/min 0.0 abiHit 78 supHit 69 | hard 6/6 self 1/7 expert 9/9 sovereign 5/8 zoner 1/1 rushdown 1/1 idle 4/4 expert x2 0/1 aerial 1/1 easy 1/1 medium 1/1 | roll 1.5s upd 16.3s
[brain] it 2418 [league 61%] R/ep 7.71 ent 2.35 kl 0.005 | hit/swing 53% dj/min 32.9 blk/min 0.2 abiHit 28 supHit 64 | sovereign 4/6 expert 9/9 self 4/10 switcher 2/2 idle 1/1 summoner 1/1 expert x2 1/1 zoner 1/1 rushdown 3/3 human 0/1 | roll 1.5s upd 18.3s
[brain] it 2419 [league 61%] R/ep 11.82 ent 2.31 kl 0.008 | hit/swing 45% dj/min 33.1 blk/min 0.1 abiHit 56 supHit 59 | self 2/8 expert 6/6 summoner 3/3 rushdown 2/2 aerial 0/1 medium 3/3 zoner 3/3 easy 3/3 hard 2/2 counter 1/1 hard x3 1/1 | roll 1.4s upd 15.2s
[brain] it 2420 [league 60%] R/ep 9.53 ent 2.39 kl 0.009 | hit/swing 45% dj/min 35.2 blk/min 0.1 abiHit 79 supHit 68 | aerial 2/2 self 4/9 expert 3/3 rushdown 0/2 hard 1/1 sovereign 3/4 turtle 1/2 easy 1/1 idle 1/1 hard x3 1/2 zoner 0/2 expert x2 1/1 summoner 1/1 | roll 1.6s upd 15.6s
[brain] it 2421 [league 62%] R/ep 8.18 ent 2.33 kl 0.007 | hit/swing 55% dj/min 34.6 blk/min 0.1 abiHit 38 supHit 79 | summoner 3/3 self 5/14 human 2/2 aerial 1/1 medium 3/3 counter 1/1 expert 3/3 turtle 0/1 hard 2/2 zoner 2/2 sovereign 2/3 rushdown 1/1 switcher 1/1 idle 1/1 | roll 1.5s upd 16.9s
[brain] it 2422 [league 61%] R/ep 9.25 ent 2.39 kl 0.007 | hit/swing 40% dj/min 33.7 blk/min 0.1 abiHit 98 supHit 61 | switcher 2/2 easy 1/1 hard 1/1 rushdown 2/2 expert x2 1/2 self 2/6 medium 2/2 human 2/2 counter 1/2 expert 3/3 summoner 1/1 zoner 2/2 sovereign 0/1 turtle 1/1 | roll 1.4s upd 16.3s
[brain] it 2423 [league 61%] R/ep 7.71 ent 2.40 kl 0.008 | hit/swing 50% dj/min 36.5 blk/min 0.2 abiHit 45 supHit 85 | self 6/14 zoner 2/2 hard x3 1/3 aerial 1/1 expert 3/3 rushdown 1/2 counter 1/2 sovereign 2/3 expert x2 2/2 summoner 1/1 human 0/1 | roll 1.6s upd 16.8s
[brain] it 2424 [league 60%] R/ep 12.29 ent 2.28 kl 0.007 | hit/swing 61% dj/min 31.2 blk/min 0.0 abiHit 42 supHit 88 | expert x2 3/3 sovereign 3/4 aerial 1/1 turtle 2/2 self 6/12 easy 5/5 zoner 1/1 rushdown 1/2 hard 4/4 hard x3 2/2 medium 1/1 switcher 1/1 expert 1/1 human 2/2 | roll 1.5s upd 17.1s
[brain] it 2425 [league 57%] R/ep 9.02 ent 2.29 kl 0.005 | hit/swing 49% dj/min 31.3 blk/min 0.3 abiHit 82 supHit 78 | aerial 1/1 self 6/10 expert 5/5 human 2/3 idle 2/2 hard 2/2 summoner 2/2 counter 2/2 easy 2/2 turtle 1/1 rushdown 1/1 sovereign 1/4 switcher 0/1 expert x2 1/1 | roll 1.5s upd 16.9s
[brain] it 2426 [league 61%] R/ep 9.10 ent 2.46 kl 0.007 | hit/swing 49% dj/min 34.1 blk/min 0.4 abiHit 49 supHit 53 | self 7/10 sovereign 6/7 hard x3 0/1 turtle 2/2 expert 3/3 medium 4/4 zoner 2/2 hard 1/1 human 0/1 switcher 0/1 counter 0/1 easy 1/1 summoner 1/1 idle 1/1 | roll 1.7s upd 16.4s
[brain] it 2427 [league 61%] R/ep 7.48 ent 2.32 kl 0.008 | hit/swing 56% dj/min 34.5 blk/min 0.3 abiHit 22 supHit 72 | counter 2/3 self 4/13 medium 2/2 hard 1/1 zoner 2/2 rushdown 2/2 sovereign 1/3 aerial 3/3 summoner 3/3 expert 3/4 human 1/1 easy 1/1 hard x3 1/1 | roll 1.7s upd 17.2s
[brain] it 2428 [league 63%] R/ep 8.92 ent 2.33 kl 0.008 | hit/swing 57% dj/min 30.7 blk/min 0.2 abiHit 48 supHit 80 | summoner 2/2 self 4/8 sovereign 6/6 expert 3/4 easy 2/2 zoner 1/1 idle 1/1 turtle 1/3 aerial 1/2 medium 1/1 expert x2 0/1 human 2/2 hard x3 1/1 rushdown 1/1 | roll 1.4s upd 16.1s
[brain] it 2429 [league 63%] R/ep 9.46 ent 2.36 kl 0.007 | hit/swing 49% dj/min 34.9 blk/min 0.3 abiHit 52 supHit 55 | hard 2/2 rushdown 0/2 expert x2 1/1 expert 6/6 self 3/7 sovereign 2/3 human 0/1 switcher 3/3 summoner 2/2 counter 1/1 turtle 2/2 zoner 1/1 hard x3 0/1 | roll 1.5s upd 15.8s
[brain] it 2430 [league 63%] R/ep 10.59 ent 2.41 kl 0.008 | hit/swing 55% dj/min 33.5 blk/min 0.2 abiHit 70 supHit 73 | self 6/8 hard x3 1/3 rushdown 1/1 sovereign 4/6 medium 2/2 counter 2/2 expert 2/2 aerial 1/1 idle 2/2 summoner 3/3 zoner 1/1 expert x2 1/1 | roll 1.7s upd 16.4s
[brain] it 2431 [league 62%] R/ep 12.40 ent 2.25 kl 0.007 | hit/swing 61% dj/min 33.2 blk/min 0.4 abiHit 58 supHit 86 | idle 3/3 self 4/7 aerial 2/2 easy 3/3 counter 4/4 hard 3/3 sovereign 2/4 summoner 1/1 human 1/2 switcher 1/1 expert x2 2/2 expert 3/3 hard x3 1/1 | roll 1.6s upd 16.0s
[brain] it 2432 [league 61%] R/ep 4.40 ent 2.48 kl 0.006 | hit/swing 47% dj/min 36.3 blk/min 0.2 abiHit 29 supHit 47 | sovereign 1/5 expert 2/3 hard x3 1/1 human 1/1 self 1/11 expert x2 1/1 turtle 0/1 medium 2/2 rushdown 2/3 switcher 2/2 counter 1/1 summoner 1/1 zoner 1/1 idle 1/1 hard 1/1 | roll 1.7s upd 17.4s
[brain] it 2433 [league 60%] R/ep 9.43 ent 2.41 kl 0.008 | hit/swing 50% dj/min 36.8 blk/min 0.2 abiHit 31 supHit 59 | human 0/2 self 5/10 expert 3/3 switcher 2/2 sovereign 1/2 medium 1/1 easy 3/3 hard 1/1 counter 1/1 zoner 2/2 aerial 2/2 turtle 1/1 hard x3 0/1 summoner 1/1 idle 1/1 | roll 1.5s upd 15.8s
[brain] it 2434 [league 60%] R/ep 12.07 ent 2.33 kl 0.006 | hit/swing 50% dj/min 32.3 blk/min 0.0 abiHit 77 supHit 73 | switcher 2/2 expert 5/5 easy 2/2 self 7/11 hard x3 3/3 counter 1/2 sovereign 1/1 human 1/1 rushdown 1/1 turtle 1/1 idle 1/1 medium 1/1 | roll 1.4s upd 16.8s
[brain] it 2435 [league 58%] R/ep 5.81 ent 2.40 kl 0.007 | hit/swing 50% dj/min 35.1 blk/min 0.2 abiHit 50 supHit 76 | hard 2/2 self 5/12 idle 3/3 sovereign 1/5 human 2/2 easy 2/2 summoner 1/2 rushdown 1/1 counter 1/1 hard x3 0/1 turtle 1/1 expert 2/2 | roll 1.7s upd 16.4s
[brain] it 2436 [league 60%] R/ep 8.97 ent 2.32 kl 0.007 | hit/swing 55% dj/min 35.1 blk/min 0.2 abiHit 56 supHit 72 | expert 5/5 self 6/13 aerial 3/4 hard 3/3 rushdown 2/2 expert x2 1/1 idle 1/1 sovereign 3/4 hard x3 1/1 zoner 1/1 counter 1/1 switcher 1/2 | roll 1.7s upd 14.0s
[brain] it 2437 [league 59%] R/ep 9.05 ent 2.32 kl 0.008 | hit/swing 58% dj/min 33.2 blk/min 0.1 abiHit 39 supHit 76 | self 6/11 rushdown 1/2 switcher 2/2 sovereign 2/4 human 1/1 aerial 2/2 easy 2/2 summoner 1/1 idle 2/2 counter 1/1 turtle 2/2 medium 2/2 expert 5/5 expert x2 1/1 | roll 1.4s upd 14.7s
[brain] it 2438 [league 60%] R/ep 10.25 ent 2.44 kl 0.008 | hit/swing 46% dj/min 29.5 blk/min 0.1 abiHit 95 supHit 50 | self 3/6 easy 3/3 expert 2/2 sovereign 1/2 switcher 2/3 counter 2/3 aerial 1/1 zoner 3/3 medium 1/1 human 1/1 hard x3 0/1 | roll 1.5s upd 14.3s
[brain] it 2439 [league 61%] R/ep 13.94 ent 2.32 kl 0.006 | hit/swing 47% dj/min 32.9 blk/min 0.2 abiHit 53 supHit 64 | zoner 1/1 sovereign 1/1 summoner 3/3 switcher 1/2 hard x3 2/2 counter 1/1 medium 3/3 hard 3/3 rushdown 1/1 turtle 1/1 easy 2/2 self 2/5 idle 1/1 expert 2/2 human 0/1 | roll 1.4s upd 23.5s
[brain] it 2440 [league 59%] R/ep 13.02 ent 2.39 kl 0.008 | hit/swing 50% dj/min 34.5 blk/min 0.0 abiHit 76 supHit 82 | expert 5/5 sovereign 3/7 medium 2/2 turtle 1/1 self 4/5 easy 2/2 rushdown 2/2 expert x2 2/2 hard 1/1 aerial 2/2 counter 3/3 human 1/1 switcher 1/1 zoner 1/1 | roll 1.9s upd 28.0s
[brain] it 2441 [league 60%] R/ep 10.13 ent 2.32 kl 0.006 | hit/swing 52% dj/min 32.4 blk/min 0.2 abiHit 47 supHit 76 | self 8/12 sovereign 2/3 medium 3/3 counter 3/4 expert 6/6 switcher 3/4 idle 2/2 summoner 1/1 turtle 1/1 | roll 2.2s upd 21.9s
[brain] it 2442 [league 60%] R/ep 8.46 ent 2.29 kl 0.006 | hit/swing 58% dj/min 32.4 blk/min 0.2 abiHit 25 supHit 76 | human 1/1 idle 3/3 hard 3/3 self 6/14 switcher 1/1 expert 2/2 hard x3 2/2 rushdown 2/2 sovereign 4/6 easy 1/1 turtle 1/1 medium 1/1 | roll 1.7s upd 13.9s
[brain] it 2443 [league 59%] R/ep 9.98 ent 2.35 kl 0.010 | hit/swing 56% dj/min 31.0 blk/min 0.2 abiHit 64 supHit 75 | self 4/8 idle 3/3 hard 3/3 sovereign 3/6 expert x2 2/2 summoner 2/2 easy 2/2 hard x3 0/2 medium 1/1 counter 0/1 expert 0/1 human 1/1 zoner 1/1 | roll 1.5s upd 15.7s
[brain] it 2444 [league 61%] R/ep 10.17 ent 2.42 kl 0.006 | hit/swing 52% dj/min 34.0 blk/min 0.1 abiHit 63 supHit 67 | expert 7/8 zoner 1/1 rushdown 1/1 self 3/8 human 0/1 idle 1/1 sovereign 4/4 turtle 0/1 switcher 1/1 expert x2 1/1 counter 1/1 aerial 2/2 hard 2/2 easy 1/1 medium 1/1 | roll 1.5s upd 16.1s
[brain] it 2445 [league 62%] R/ep 12.24 ent 2.31 kl 0.007 | hit/swing 54% dj/min 31.7 blk/min 0.2 abiHit 86 supHit 84 | self 3/9 expert 6/6 hard 4/4 switcher 1/1 human 1/1 expert x2 1/1 hard x3 1/1 zoner 1/1 medium 2/2 sovereign 6/6 turtle 1/1 rushdown 1/1 easy 1/1 aerial 2/2 counter 1/1 summoner 1/1 | roll 1.6s upd 17.2s
[brain] it 2446 [league 62%] R/ep 8.09 ent 2.35 kl 0.008 | hit/swing 54% dj/min 33.7 blk/min 0.0 abiHit 42 supHit 91 | hard 3/3 easy 1/1 human 3/3 self 2/10 rushdown 2/3 expert x2 2/2 aerial 1/1 idle 1/1 expert 2/2 sovereign 6/10 medium 1/1 switcher 1/1 hard x3 1/1 turtle 1/1 | roll 1.7s upd 15.2s
[brain] it 2447 [league 65%] R/ep 5.62 ent 2.34 kl 0.007 | hit/swing 50% dj/min 34.7 blk/min 0.1 abiHit 35 supHit 71 | self 3/11 sovereign 6/7 switcher 2/2 expert 4/4 human 1/1 summoner 2/2 rushdown 0/2 expert x2 1/1 aerial 1/1 hard x3 0/1 | roll 1.5s upd 16.4s
[brain] it 2448 [league 63%] R/ep 9.39 ent 2.41 kl 0.007 | hit/swing 51% dj/min 30.8 blk/min 0.1 abiHit 49 supHit 61 | switcher 2/3 sovereign 1/3 expert 3/3 hard 2/2 self 2/6 counter 3/3 rushdown 1/1 medium 1/1 summoner 2/2 hard x3 0/1 human 1/2 turtle 0/1 expert x2 2/2 easy 1/1 idle 1/1 zoner 1/1 | roll 1.3s upd 15.2s
[brain] it 2449 [league 63%] R/ep 8.19 ent 2.25 kl 0.006 | hit/swing 50% dj/min 32.6 blk/min 0.1 abiHit 46 supHit 87 | self 9/15 turtle 1/1 sovereign 3/5 expert 2/2 expert x2 3/3 switcher 1/1 medium 2/2 aerial 2/2 easy 1/1 counter 1/1 summoner 1/1 rushdown 0/1 idle 1/1 | roll 1.7s upd 15.0s
[brain] it 2450 [league 63%] R/ep 11.57 ent 2.33 kl 0.007 | hit/swing 59% dj/min 32.9 blk/min 0.4 abiHit 56 supHit 80 | hard x3 1/3 hard 3/3 easy 3/3 human 1/2 self 5/8 summoner 1/1 expert 7/7 switcher 1/1 medium 1/1 sovereign 4/4 counter 1/1 idle 1/1 expert x2 1/1 rushdown 1/1 | roll 1.4s upd 15.0s
[brain] it 2451 [league 61%] R/ep 5.84 ent 2.50 kl 0.006 | hit/swing 45% dj/min 37.6 blk/min 0.2 abiHit 53 supHit 51 | self 1/8 idle 1/1 expert 6/7 hard 1/1 sovereign 0/2 rushdown 3/3 hard x3 0/1 zoner 2/2 expert x2 1/2 human 1/1 | roll 1.5s upd 15.9s
[brain] it 2452 [league 60%] R/ep 5.24 ent 2.53 kl 0.008 | hit/swing 41% dj/min 37.3 blk/min 0.2 abiHit 88 supHit 41 | expert 4/4 turtle 1/1 self 2/8 idle 3/3 human 1/1 aerial 0/1 counter 1/1 summoner 1/1 hard x3 0/2 medium 1/1 sovereign 0/2 rushdown 0/1 expert x2 1/1 | roll 1.5s upd 15.0s
[brain] it 2453 [league 61%] R/ep 7.59 ent 2.36 kl 0.006 | hit/swing 37% dj/min 33.8 blk/min 0.2 abiHit 88 supHit 56 | switcher 2/2 idle 2/2 sovereign 3/3 expert 3/3 self 4/11 counter 1/2 summoner 1/1 aerial 1/1 hard x3 1/1 rushdown 1/1 | roll 1.6s upd 13.7s
[brain] it 2454 [league 61%] R/ep 8.66 ent 2.37 kl 0.006 | hit/swing 43% dj/min 35.2 blk/min 0.2 abiHit 65 supHit 69 | self 2/8 switcher 2/2 rushdown 2/3 turtle 1/2 sovereign 3/4 idle 1/1 expert 4/4 expert x2 1/1 aerial 2/3 medium 2/2 zoner 2/2 human 1/1 hard 1/1 | roll 1.5s upd 15.2s
[brain] it 2455 [league 64%] R/ep 10.51 ent 2.25 kl 0.006 | hit/swing 60% dj/min 31.3 blk/min 0.2 abiHit 38 supHit 101 | hard 4/4 self 5/11 summoner 1/1 hard x3 1/1 sovereign 5/5 rushdown 2/2 easy 4/4 medium 3/3 turtle 1/2 counter 2/2 switcher 3/3 expert 2/2 | roll 1.5s upd 21.3s
[brain] it 2456 [league 65%] R/ep 8.72 ent 2.40 kl 0.006 | hit/swing 43% dj/min 31.8 blk/min 0.0 abiHit 88 supHit 52 | medium 2/2 hard 3/3 turtle 2/2 self 5/9 sovereign 2/4 human 1/1 expert 2/2 zoner 1/1 rushdown 2/2 expert x2 1/1 counter 1/1 | roll 2.0s upd 16.0s
[brain] it 2457 [league 66%] R/ep 11.19 ent 2.39 kl 0.007 | hit/swing 44% dj/min 33.6 blk/min 0.0 abiHit 63 supHit 59 | rushdown 1/2 expert 6/6 hard 3/3 idle 1/1 sovereign 2/2 self 3/6 hard x3 0/1 human 1/1 switcher 1/1 summoner 1/1 expert x2 2/2 counter 1/1 aerial 1/2 zoner 1/1 | roll 1.7s upd 16.2s
[brain] it 2458 [league 67%] R/ep 10.09 ent 2.31 kl 0.008 | hit/swing 57% dj/min 32.5 blk/min 0.4 abiHit 22 supHit 64 | self 6/9 zoner 1/1 easy 4/4 switcher 2/2 expert 3/3 medium 2/2 expert x2 0/1 sovereign 2/2 summoner 2/2 idle 1/1 hard 2/2 counter 1/2 hard x3 0/1 turtle 2/2 human 1/1 | roll 1.5s upd 16.0s
[brain] it 2459 [league 68%] R/ep 9.16 ent 2.55 kl 0.009 | hit/swing 49% dj/min 39.8 blk/min 0.1 abiHit 42 supHit 50 | counter 2/2 turtle 1/2 expert 3/5 switcher 1/2 idle 2/2 self 2/5 sovereign 2/3 medium 1/1 expert x2 2/2 hard 2/2 hard x3 0/1 | roll 1.5s upd 15.2s
[brain] it 2460 [league 70%] R/ep 11.00 ent 2.31 kl 0.009 | hit/swing 60% dj/min 28.9 blk/min 0.2 abiHit 51 supHit 79 | expert 6/6 sovereign 3/3 idle 4/4 hard 2/2 self 6/11 hard x3 0/1 human 1/1 easy 2/2 medium 4/4 switcher 2/2 rushdown 1/1 counter 1/1 zoner 1/1 | roll 1.5s upd 17.4s
[brain] it 2461 [league 70%] R/ep 11.52 ent 2.27 kl 0.006 | hit/swing 42% dj/min 34.8 blk/min 0.3 abiHit 88 supHit 79 | sovereign 6/9 switcher 1/1 rushdown 2/2 counter 2/3 idle 1/1 expert 3/3 turtle 1/1 zoner 2/2 hard x3 1/2 easy 2/2 expert x2 1/1 self 4/6 aerial 2/2 hard 2/2 summoner 1/1 | roll 1.5s upd 15.4s
[brain] it 2462 [league 71%] R/ep 7.13 ent 2.33 kl 0.008 | hit/swing 46% dj/min 35.3 blk/min 0.1 abiHit 73 supHit 58 | self 3/8 sovereign 5/8 expert 7/7 rushdown 2/2 human 1/1 counter 1/1 idle 2/2 easy 2/2 zoner 1/1 switcher 0/1 summoner 1/1 | roll 1.5s upd 14.9s
[brain] it 2463 [league 70%] R/ep 12.43 ent 2.30 kl 0.007 | hit/swing 58% dj/min 34.8 blk/min 0.3 abiHit 56 supHit 70 | sovereign 3/5 rushdown 2/2 medium 1/1 expert 2/3 summoner 7/7 turtle 2/2 aerial 1/1 self 0/5 human 2/2 zoner 3/3 expert x2 2/2 hard x3 1/1 | roll 1.5s upd 16.0s
[brain] it 2464 [league 70%] R/ep 7.64 ent 2.38 kl 0.008 | hit/swing 49% dj/min 33.5 blk/min 0.2 abiHit 41 supHit 63 | sovereign 4/7 hard x3 0/3 easy 4/4 self 1/8 aerial 2/2 expert x2 1/1 summoner 1/1 switcher 1/1 expert 2/2 counter 0/2 idle 1/1 zoner 3/3 medium 1/1 | roll 1.6s upd 16.8s
[brain] it 2465 [league 71%] R/ep 8.68 ent 2.41 kl 0.008 | hit/swing 47% dj/min 36.8 blk/min 0.0 abiHit 49 supHit 54 | self 2/11 switcher 1/1 aerial 3/3 counter 2/2 summoner 2/2 turtle 1/1 expert x2 3/3 human 0/1 rushdown 0/1 expert 2/2 sovereign 1/1 medium 1/1 | roll 1.5s upd 17.2s
[brain] it 2466 [league 69%] R/ep 7.50 ent 2.33 kl 0.007 | hit/swing 50% dj/min 33.3 blk/min 0.0 abiHit 54 supHit 75 | self 1/10 idle 1/1 sovereign 3/6 expert 6/6 easy 2/2 counter 2/2 expert x2 1/1 hard x3 1/1 rushdown 1/2 hard 2/2 switcher 2/2 aerial 1/1 | roll 1.7s upd 17.2s
[brain] it 2467 [league 68%] R/ep 8.70 ent 2.50 kl 0.007 | hit/swing 48% dj/min 38.1 blk/min 0.2 abiHit 46 supHit 55 | medium 1/1 self 2/7 expert 6/6 hard x3 0/1 expert x2 1/1 sovereign 2/3 switcher 3/3 counter 1/1 summoner 2/2 turtle 1/1 rushdown 1/1 hard 1/1 | roll 1.9s upd 18.6s
[brain] it 2468 [league 67%] R/ep 11.57 ent 2.43 kl 0.006 | hit/swing 50% dj/min 37.8 blk/min 0.2 abiHit 40 supHit 72 | self 4/6 expert 7/7 aerial 1/2 human 1/1 hard 2/2 rushdown 1/1 easy 1/1 switcher 2/2 sovereign 1/3 hard x3 1/2 idle 2/2 counter 1/2 expert x2 1/1 | roll 1.7s upd 17.2s
[brain] it 2469 [league 67%] R/ep 11.81 ent 2.36 kl 0.007 | hit/swing 56% dj/min 34.9 blk/min 0.0 abiHit 24 supHit 60 | counter 4/4 sovereign 3/4 self 4/7 idle 3/3 expert 2/2 hard x3 1/1 expert x2 3/3 rushdown 0/2 easy 1/1 medium 2/2 turtle 2/2 summoner 1/1 | roll 1.5s upd 17.9s
[brain] it 2470 [league 66%] R/ep 10.11 ent 2.34 kl 0.007 | hit/swing 44% dj/min 33.9 blk/min 0.3 abiHit 80 supHit 75 | human 2/2 rushdown 1/1 expert 2/2 self 6/11 hard 3/3 summoner 2/2 switcher 1/1 zoner 1/1 idle 2/2 sovereign 1/3 counter 3/3 easy 2/2 medium 1/1 | roll 1.6s upd 17.5s
[brain] it 2471 [league 66%] R/ep 10.61 ent 2.29 kl 0.008 | hit/swing 53% dj/min 35.0 blk/min 0.1 abiHit 71 supHit 90 | human 3/3 easy 1/1 expert 3/3 expert x2 4/4 self 8/15 hard x3 1/1 hard 1/1 aerial 0/1 zoner 2/2 counter 1/1 sovereign 3/5 summoner 1/1 idle 2/2 | roll 1.7s upd 17.3s
[brain] it 2472 [league 66%] R/ep 9.21 ent 2.51 kl 0.009 | hit/swing 43% dj/min 39.8 blk/min 0.2 abiHit 71 supHit 57 | sovereign 5/7 zoner 1/1 self 0/3 expert 2/2 hard 2/2 hard x3 1/2 turtle 1/2 counter 2/2 human 2/3 aerial 1/1 idle 1/1 medium 1/1 summoner 1/1 | roll 1.6s upd 17.4s
[brain] it 2473 [league 64%] R/ep 7.80 ent 2.47 kl 0.008 | hit/swing 49% dj/min 38.7 blk/min 0.3 abiHit 58 supHit 59 | idle 1/1 expert 3/3 counter 2/2 switcher 1/3 rushdown 1/1 aerial 0/1 self 3/8 hard 4/4 expert x2 1/1 turtle 1/1 zoner 2/2 sovereign 0/2 hard x3 0/1 easy 1/1 | roll 1.6s upd 17.3s
[brain] it 2474 [league 63%] R/ep 8.32 ent 2.33 kl 0.006 | hit/swing 58% dj/min 30.5 blk/min 0.2 abiHit 53 supHit 71 | sovereign 4/7 idle 1/1 counter 1/1 self 2/10 medium 2/2 zoner 3/3 summoner 2/2 aerial 1/1 turtle 2/3 rushdown 2/2 expert 2/3 easy 2/2 hard x3 0/1 hard 2/2 expert x2 1/1 human 1/1 | roll 1.8s upd 20.8s
[brain] it 2475 [league 66%] R/ep 9.93 ent 2.32 kl 0.009 | hit/swing 57% dj/min 35.4 blk/min 0.1 abiHit 54 supHit 78 | self 3/11 summoner 4/5 idle 1/1 zoner 2/2 medium 2/2 rushdown 1/1 hard 2/2 easy 2/2 turtle 1/1 expert 3/3 switcher 2/2 expert x2 1/1 hard x3 1/1 sovereign 3/4 counter 1/1 aerial 0/1 | roll 1.6s upd 16.3s
[brain] it 2476 [league 64%] R/ep 8.64 ent 2.29 kl 0.005 | hit/swing 47% dj/min 30.7 blk/min 0.1 abiHit 82 supHit 68 | sovereign 5/8 self 1/7 zoner 1/1 hard x3 1/1 hard 2/2 counter 2/2 aerial 1/1 rushdown 2/2 idle 3/3 human 2/2 summoner 2/2 switcher 1/1 | roll 1.7s upd 17.8s
[brain] it 2477 [league 62%] R/ep 8.67 ent 2.43 kl 0.008 | hit/swing 44% dj/min 40.4 blk/min 0.2 abiHit 43 supHit 76 | self 2/5 expert 5/5 sovereign 4/8 zoner 2/2 medium 2/2 summoner 1/1 aerial 1/4 switcher 1/1 counter 1/1 easy 2/2 hard x3 1/2 expert x2 1/1 idle 1/1 | roll 1.6s upd 18.4s
[brain] it 2478 [league 61%] R/ep 13.03 ent 2.33 kl 0.007 | hit/swing 48% dj/min 37.9 blk/min 0.1 abiHit 92 supHit 78 | zoner 2/2 self 4/7 turtle 1/1 hard x3 3/3 hard 2/2 easy 1/1 expert 5/5 rushdown 1/1 sovereign 2/3 idle 1/1 aerial 2/2 switcher 0/1 expert x2 1/1 summoner 2/2 | roll 1.7s upd 16.9s
[brain] it 2479 [league 60%] R/ep 9.37 ent 2.28 kl 0.008 | hit/swing 58% dj/min 32.1 blk/min 0.1 abiHit 54 supHit 69 | sovereign 2/3 aerial 2/2 expert 2/2 summoner 2/2 hard 4/4 idle 3/3 turtle 2/2 self 5/12 counter 1/1 human 1/1 easy 3/3 hard x3 0/1 medium 1/1 | roll 1.6s upd 15.6s
[brain] it 2480 [league 60%] R/ep 7.77 ent 2.40 kl 0.009 | hit/swing 52% dj/min 38.8 blk/min 0.2 abiHit 30 supHit 74 | self 4/9 switcher 2/3 aerial 3/3 zoner 1/1 human 2/2 expert 6/6 summoner 4/5 hard x3 0/1 sovereign 1/2 turtle 1/2 easy 1/1 | roll 1.5s upd 17.8s
[brain] it 2481 [league 58%] R/ep 8.73 ent 2.42 kl 0.007 | hit/swing 49% dj/min 35.0 blk/min 0.1 abiHit 89 supHit 52 | self 6/11 idle 2/2 hard x3 0/1 sovereign 3/5 zoner 2/2 expert x2 1/3 medium 2/2 hard 2/2 expert 3/3 human 0/1 turtle 1/1 summoner 1/1 | roll 1.9s upd 22.7s
[brain] it 2482 [league 58%] R/ep 10.84 ent 2.36 kl 0.007 | hit/swing 53% dj/min 34.5 blk/min 0.1 abiHit 52 supHit 62 | self 5/9 expert x2 1/1 idle 3/3 easy 2/2 expert 4/4 human 0/1 rushdown 2/2 sovereign 2/5 turtle 2/2 medium 1/1 zoner 2/2 switcher 1/1 summoner 1/1 | roll 1.9s upd 24.9s
[brain] it 2483 [league 57%] R/ep 8.74 ent 2.49 kl 0.009 | hit/swing 44% dj/min 40.4 blk/min 0.0 abiHit 33 supHit 57 | self 3/6 medium 2/2 expert x2 1/2 idle 1/1 summoner 1/1 hard x3 0/2 counter 2/3 aerial 2/2 sovereign 2/3 hard 1/1 expert 1/1 rushdown 3/4 zoner 1/1 | roll 1.9s upd 21.4s
[brain] it 2484 [league 60%] R/ep 11.06 ent 2.38 kl 0.009 | hit/swing 60% dj/min 34.4 blk/min 0.6 abiHit 46 supHit 73 | hard x3 1/2 medium 1/1 sovereign 7/7 aerial 1/2 human 0/1 self 8/10 expert x2 1/2 easy 1/1 idle 2/2 hard 1/1 zoner 2/2 switcher 1/1 turtle 1/1 expert 1/1 counter 1/1 rushdown 1/1 | roll 1.8s upd 19.3s
[brain] it 2485 [league 60%] R/ep 10.73 ent 2.39 kl 0.008 | hit/swing 51% dj/min 35.5 blk/min 0.2 abiHit 54 supHit 67 | sovereign 2/4 turtle 3/3 expert 4/4 self 5/7 switcher 0/1 medium 1/1 idle 4/4 hard x3 0/1 counter 2/3 aerial 1/1 zoner 1/1 human 1/1 hard 1/1 summoner 1/1 | roll 1.7s upd 19.5s
[brain] it 2486 [league 60%] R/ep 9.11 ent 2.32 kl 0.007 | hit/swing 58% dj/min 32.1 blk/min 0.3 abiHit 70 supHit 75 | hard x3 0/3 idle 5/5 turtle 1/1 self 4/9 expert 3/3 sovereign 3/4 summoner 1/1 rushdown 1/1 switcher 1/1 medium 1/1 hard 1/1 easy 5/5 zoner 0/1 expert x2 0/1 | roll 1.6s upd 20.6s
[brain] it 2487 [league 61%] R/ep 13.96 ent 2.34 kl 0.007 | hit/swing 61% dj/min 38.4 blk/min 0.2 abiHit 36 supHit 95 | expert 6/6 expert x2 2/2 hard x3 2/2 easy 1/1 self 6/10 counter 2/2 turtle 1/1 switcher 1/2 hard 4/4 aerial 1/1 summoner 1/1 human 2/2 idle 1/1 sovereign 1/1 rushdown 1/1 | roll 1.9s upd 19.2s
[brain] it 2488 [league 62%] R/ep 8.01 ent 2.33 kl 0.006 | hit/swing 52% dj/min 38.9 blk/min 0.2 abiHit 49 supHit 65 | self 3/10 rushdown 3/3 summoner 2/2 expert 7/7 aerial 1/1 sovereign 3/5 hard x3 0/1 human 3/3 turtle 0/1 easy 1/1 counter 1/1 medium 1/1 | roll 1.7s upd 18.4s
[brain] it 2489 [league 63%] R/ep 8.83 ent 2.42 kl 0.008 | hit/swing 54% dj/min 38.7 blk/min 0.2 abiHit 43 supHit 73 | sovereign 5/6 switcher 2/2 aerial 2/2 self 8/13 expert 4/4 rushdown 1/1 easy 1/1 hard x3 1/2 counter 1/1 summoner 1/1 zoner 1/1 | roll 2.1s upd 20.5s
[brain] it 2490 [league 65%] R/ep 7.47 ent 2.39 kl 0.010 | hit/swing 52% dj/min 36.6 blk/min 0.1 abiHit 30 supHit 80 | switcher 2/2 self 5/14 rushdown 1/2 sovereign 4/4 expert 5/5 idle 1/1 aerial 1/1 hard x3 1/2 medium 1/1 hard 1/1 expert x2 1/1 | roll 2.2s upd 20.7s
[brain] it 2491 [league 66%] R/ep 13.21 ent 2.38 kl 0.009 | hit/swing 56% dj/min 39.8 blk/min 0.1 abiHit 23 supHit 93 | expert x2 3/3 self 4/10 idle 2/2 sovereign 2/2 expert 4/4 rushdown 1/1 easy 1/1 summoner 5/5 zoner 1/1 aerial 1/1 switcher 2/2 hard x3 1/1 medium 1/1 turtle 1/1 | roll 2.1s upd 24.0s
[brain] it 2492 [league 66%] R/ep 9.65 ent 2.45 kl 0.007 | hit/swing 47% dj/min 34.4 blk/min 0.2 abiHit 69 supHit 61 | zoner 1/1 medium 2/2 human 1/1 self 2/7 hard 3/3 turtle 2/3 expert x2 1/2 expert 4/4 switcher 1/1 counter 1/1 aerial 1/1 hard x3 0/1 | roll 2.1s upd 24.7s
[brain] it 2493 [league 65%] R/ep 10.36 ent 2.41 kl 0.007 | hit/swing 49% dj/min 32.2 blk/min 0.1 abiHit 96 supHit 62 | easy 2/2 zoner 3/3 summoner 2/2 self 3/8 expert 7/7 medium 4/4 aerial 1/1 hard x3 1/3 human 1/1 switcher 0/1 sovereign 0/1 hard 1/1 | roll 1.9s upd 21.6s
[brain] it 2494 [league 67%] R/ep 10.66 ent 2.37 kl 0.008 | hit/swing 52% dj/min 35.4 blk/min 0.4 abiHit 46 supHit 77 | expert 4/4 self 4/9 sovereign 5/6 summoner 1/1 expert x2 1/2 hard x3 1/3 idle 2/2 zoner 2/2 easy 2/2 human 1/1 hard 1/1 switcher 1/1 medium 1/1 rushdown 0/1 | roll 2.0s upd 22.7s
[brain] it 2495 [league 66%] R/ep 10.44 ent 2.31 kl 0.008 | hit/swing 60% dj/min 38.1 blk/min 0.2 abiHit 33 supHit 91 | summoner 3/3 expert 6/6 turtle 0/2 expert x2 2/2 self 4/8 sovereign 3/6 rushdown 2/2 hard 2/2 zoner 1/1 counter 2/2 human 1/1 easy 1/1 idle 1/1 hard x3 1/2 | roll 1.9s upd 20.4s
[brain] it 2496 [league 64%] R/ep 10.14 ent 2.40 kl 0.007 | hit/swing 43% dj/min 39.8 blk/min 0.4 abiHit 73 supHit 70 | human 4/5 idle 2/2 self 3/6 zoner 3/3 hard 2/2 sovereign 0/3 summoner 2/2 turtle 1/2 medium 2/2 aerial 2/3 expert x2 1/1 easy 1/1 hard x3 1/1 | roll 2.2s upd 23.2s
[brain] it 2497 [league 65%] R/ep 10.86 ent 2.27 kl 0.006 | hit/swing 46% dj/min 34.5 blk/min 0.1 abiHit 102 supHit 71 | sovereign 3/6 zoner 2/2 counter 2/2 expert 6/6 idle 4/4 self 5/8 expert x2 1/1 aerial 2/2 turtle 1/1 switcher 1/1 medium 2/2 rushdown 0/1 | roll 2.0s upd 21.2s
[brain] it 2498 [league 65%] R/ep 11.47 ent 2.22 kl 0.008 | hit/swing 62% dj/min 32.5 blk/min 0.1 abiHit 25 supHit 97 | self 7/11 expert x2 3/3 expert 5/5 hard 2/2 medium 2/2 sovereign 3/5 idle 4/4 summoner 2/3 zoner 4/4 aerial 0/1 hard x3 0/1 easy 1/1 rushdown 1/1 human 1/1 | roll 1.9s upd 21.4s
[brain] it 2499 [league 65%] R/ep 7.46 ent 2.40 kl 0.006 | hit/swing 48% dj/min 32.1 blk/min 0.1 abiHit 89 supHit 68 | hard 4/4 self 3/12 counter 2/2 expert 5/5 idle 3/3 medium 1/1 turtle 2/2 easy 2/2 sovereign 4/6 zoner 1/1 rushdown 1/1 human 1/1 expert x2 0/1 | roll 2.3s upd 24.1s
[brain] it 2500 [league 66%] R/ep 10.43 ent 2.40 kl 0.008 | hit/swing 45% dj/min 35.3 blk/min 0.3 abiHit 78 supHit 56 | idle 3/3 easy 1/1 expert 4/4 self 7/11 sovereign 4/4 rushdown 1/1 medium 2/2 aerial 1/2 switcher 1/1 turtle 1/1 counter 1/1 zoner 1/1 hard 1/1 | roll 1.8s upd 22.6s
[brain] it 2501 [league 65%] R/ep 8.48 ent 2.42 kl 0.007 | hit/swing 58% dj/min 38.5 blk/min 0.3 abiHit 31 supHit 70 | counter 1/2 sovereign 4/8 human 1/1 easy 2/2 switcher 1/2 self 4/9 expert 2/2 summoner 2/2 zoner 1/1 expert x2 2/2 hard 1/1 aerial 1/1 | roll 1.7s upd 22.5s
[brain] it 2502 [league 65%] R/ep 13.20 ent 2.39 kl 0.007 | hit/swing 56% dj/min 36.8 blk/min 0.2 abiHit 49 supHit 73 | self 4/10 expert 3/3 switcher 1/1 zoner 2/2 expert x2 3/3 summoner 1/2 turtle 2/2 hard x3 2/2 easy 1/1 aerial 2/2 hard 1/1 sovereign 0/1 idle 2/2 | roll 2.0s upd 22.5s
[brain] it 2503 [league 64%] R/ep 9.76 ent 2.27 kl 0.007 | hit/swing 67% dj/min 34.1 blk/min 0.2 abiHit 15 supHit 91 | expert 7/7 sovereign 1/4 summoner 2/2 zoner 1/1 self 2/7 aerial 2/2 human 2/2 hard x3 2/3 switcher 1/1 medium 1/1 hard 1/1 turtle 2/2 counter 1/2 idle 2/2 easy 1/1 | roll 2.1s upd 22.7s
[brain] it 2504 [league 65%] R/ep 11.60 ent 2.32 kl 0.007 | hit/swing 48% dj/min 36.2 blk/min 0.4 abiHit 65 supHit 73 | turtle 6/6 hard 3/3 expert 3/3 switcher 2/2 aerial 1/1 sovereign 4/6 expert x2 2/2 easy 1/1 self 1/6 summoner 2/2 rushdown 1/1 zoner 2/2 human 1/1 | roll 1.9s upd 22.2s
[brain] it 2505 [league 64%] R/ep 9.03 ent 2.47 kl 0.006 | hit/swing 48% dj/min 40.6 blk/min 0.1 abiHit 48 supHit 68 | aerial 2/2 expert 5/6 sovereign 3/6 idle 1/1 expert x2 0/1 rushdown 2/2 self 5/8 easy 1/1 hard 2/2 hard x3 2/3 switcher 1/1 | roll 2.1s upd 18.8s
[brain] it 2506 [league 64%] R/ep 7.52 ent 2.39 kl 0.008 | hit/swing 51% dj/min 39.8 blk/min 0.2 abiHit 44 supHit 72 | expert 5/5 hard x3 1/1 self 4/12 easy 3/3 turtle 0/1 zoner 1/1 aerial 1/1 sovereign 3/5 human 1/1 summoner 3/3 rushdown 0/1 medium 1/1 counter 1/1 | roll 2.2s upd 27.2s
[brain] it 2507 [league 63%] R/ep 7.40 ent 2.38 kl 0.007 | hit/swing 51% dj/min 33.8 blk/min 0.3 abiHit 81 supHit 62 | counter 1/2 idle 2/2 expert x2 1/1 self 2/8 sovereign 4/5 aerial 2/3 expert 5/5 hard x3 0/2 zoner 1/1 turtle 1/1 rushdown 1/1 easy 1/1 human 0/1 switcher 1/1 | roll 2.2s upd 28.5s
[brain] it 2508 [league 60%] R/ep 12.01 ent 2.34 kl 0.008 | hit/swing 47% dj/min 40.5 blk/min 0.4 abiHit 63 supHit 62 | zoner 3/3 sovereign 1/4 turtle 5/5 easy 1/1 expert 2/2 medium 2/2 rushdown 1/1 self 7/10 counter 3/3 hard 1/1 human 1/1 hard x3 1/1 | roll 2.2s upd 33.6s
[brain] it 2509 [league 62%] R/ep 6.75 ent 2.40 kl 0.006 | hit/swing 47% dj/min 37.0 blk/min 0.1 abiHit 60 supHit 63 | expert x2 1/1 switcher 3/3 sovereign 2/3 self 3/11 human 0/2 hard x3 1/1 expert 3/3 medium 2/2 easy 2/2 zoner 1/1 turtle 0/1 aerial 1/1 hard 2/2 | roll 2.6s upd 41.0s
[brain] it 2510 [league 62%] R/ep 10.10 ent 2.26 kl 0.007 | hit/swing 61% dj/min 33.6 blk/min 0.4 abiHit 34 supHit 87 | aerial 2/3 hard x3 0/3 self 5/12 turtle 2/2 zoner 3/3 expert 5/5 easy 4/4 idle 2/2 counter 1/1 expert x2 0/1 summoner 2/2 rushdown 1/1 hard 1/1 sovereign 1/1 | roll 2.7s upd 36.6s
[brain] it 2511 [league 62%] R/ep 13.00 ent 2.38 kl 0.008 | hit/swing 53% dj/min 32.9 blk/min 0.3 abiHit 81 supHit 76 | expert 4/4 hard 2/2 self 4/6 rushdown 1/2 medium 4/4 expert x2 4/4 summoner 1/1 human 1/1 aerial 2/2 switcher 2/2 sovereign 2/2 zoner 1/1 easy 1/1 | roll 1.9s upd 22.8s
[brain] it 2512 [league 62%] R/ep 13.57 ent 2.36 kl 0.008 | hit/swing 58% dj/min 33.3 blk/min 0.0 abiHit 60 supHit 70 | expert 9/9 self 3/7 sovereign 2/2 aerial 2/2 turtle 1/1 summoner 1/1 expert x2 1/3 zoner 3/3 counter 1/1 idle 1/1 medium 1/1 switcher 2/2 | roll 1.7s upd 28.8s
[brain] it 2513 [league 62%] R/ep 10.10 ent 2.39 kl 0.008 | hit/swing 46% dj/min 34.3 blk/min 0.3 abiHit 74 supHit 67 | zoner 1/1 easy 4/4 self 6/11 expert 3/3 counter 2/2 sovereign 1/2 idle 1/1 rushdown 1/2 human 1/1 summoner 1/1 turtle 1/1 hard x3 1/1 hard 2/2 | roll 1.9s upd 18.0s
[brain] it 2514 [league 61%] R/ep 10.19 ent 2.23 kl 0.006 | hit/swing 64% dj/min 34.1 blk/min 0.3 abiHit 29 supHit 82 | expert 4/4 easy 2/2 counter 2/3 hard 2/2 turtle 3/3 human 1/1 hard x3 1/4 sovereign 2/4 summoner 2/2 switcher 2/2 self 5/8 idle 1/1 medium 1/1 rushdown 1/1 aerial 1/1 | roll 1.8s upd 18.2s
[brain] it 2515 [league 60%] R/ep 9.92 ent 2.34 kl 0.009 | hit/swing 63% dj/min 33.3 blk/min 0.2 abiHit 47 supHit 69 | medium 3/3 rushdown 1/1 self 2/8 expert x2 1/1 turtle 2/2 expert 7/7 hard x3 1/2 sovereign 2/4 idle 2/2 counter 1/1 zoner 1/1 switcher 0/1 | roll 1.8s upd 18.3s
[brain] it 2516 [league 59%] R/ep 8.74 ent 2.37 kl 0.008 | hit/swing 50% dj/min 33.3 blk/min 0.2 abiHit 67 supHit 55 | aerial 3/4 self 3/9 medium 1/1 expert 7/7 rushdown 1/1 sovereign 0/1 expert x2 0/1 counter 2/2 easy 2/2 hard 1/1 idle 1/1 hard x3 0/1 | roll 1.8s upd 20.8s
[brain] it 2517 [league 59%] R/ep 12.85 ent 2.31 kl 0.007 | hit/swing 44% dj/min 30.4 blk/min 0.1 abiHit 129 supHit 64 | self 3/7 expert 5/5 aerial 1/1 idle 2/2 human 1/1 hard 2/2 zoner 1/1 counter 4/4 hard x3 1/1 easy 1/1 rushdown 1/1 sovereign 1/1 turtle 1/2 expert x2 1/1 medium 1/1 | roll 1.6s upd 22.0s
[brain] it 2518 [league 58%] R/ep 8.16 ent 2.50 kl 0.007 | hit/swing 46% dj/min 39.7 blk/min 0.1 abiHit 40 supHit 66 | expert 5/6 turtle 1/1 self 5/12 counter 3/4 summoner 1/1 sovereign 2/3 hard 2/2 medium 1/1 aerial 1/1 zoner 1/1 hard x3 1/1 | roll 1.8s upd 19.2s
[brain] it 2519 [league 57%] R/ep 11.42 ent 2.41 kl 0.007 | hit/swing 53% dj/min 38.2 blk/min 0.1 abiHit 52 supHit 66 | switcher 2/2 rushdown 3/4 idle 1/1 sovereign 4/6 expert 3/4 hard x3 1/2 hard 2/2 summoner 1/1 counter 3/3 zoner 1/1 self 4/5 turtle 1/1 | roll 1.7s upd 18.3s
[brain] it 2520 [league 56%] R/ep 9.68 ent 2.26 kl 0.007 | hit/swing 60% dj/min 34.7 blk/min 0.5 abiHit 26 supHit 78 | sovereign 1/4 hard x3 1/2 zoner 4/4 switcher 3/4 easy 1/1 medium 3/3 human 2/2 self 5/12 expert x2 1/1 aerial 2/2 summoner 2/2 idle 2/2 expert 1/1 rushdown 1/1 | roll 1.7s upd 20.2s
[brain] it 2521 [league 55%] R/ep 6.69 ent 2.46 kl 0.007 | hit/swing 48% dj/min 35.4 blk/min 0.3 abiHit 40 supHit 60 | self 3/8 counter 2/2 sovereign 1/6 rushdown 2/2 human 0/1 switcher 1/1 expert 4/4 hard x3 1/1 easy 1/1 turtle 1/1 idle 1/1 aerial 1/1 summoner 1/1 hard 1/1 expert x2 0/1 | roll 1.6s upd 20.8s
[brain] it 2522 [league 57%] R/ep 7.56 ent 2.45 kl 0.008 | hit/swing 45% dj/min 38.7 blk/min 0.2 abiHit 70 supHit 57 | expert x2 1/1 self 3/9 summoner 2/2 idle 2/2 rushdown 1/3 counter 2/2 easy 1/1 hard x3 0/1 expert 2/2 zoner 2/2 switcher 0/1 sovereign 3/3 medium 1/1 turtle 1/1 | roll 1.7s upd 22.4s
[brain] it 2523 [league 57%] R/ep 11.07 ent 2.26 kl 0.008 | hit/swing 47% dj/min 32.1 blk/min 0.2 abiHit 99 supHit 76 | expert 7/7 medium 2/2 sovereign 2/4 self 2/5 hard 3/3 summoner 3/3 switcher 2/2 human 3/4 hard x3 0/1 turtle 2/2 idle 1/1 expert x2 1/1 | roll 1.6s upd 19.8s
[brain] it 2524 [league 57%] R/ep 9.56 ent 2.31 kl 0.007 | hit/swing 52% dj/min 38.2 blk/min 0.1 abiHit 49 supHit 67 | easy 1/1 rushdown 1/1 hard x3 0/1 expert x2 1/1 self 2/6 hard 2/2 sovereign 2/3 expert 5/5 medium 1/1 aerial 2/2 summoner 2/2 human 2/2 counter 2/2 switcher 0/1 turtle 1/1 | roll 1.8s upd 27.6s
[brain] it 2525 [league 56%] R/ep 7.58 ent 2.32 kl 0.009 | hit/swing 48% dj/min 32.9 blk/min 0.2 abiHit 75 supHit 70 | sovereign 2/6 medium 3/3 expert x2 2/3 self 3/8 idle 1/1 hard x3 0/1 expert 4/4 hard 1/1 turtle 2/2 counter 1/1 zoner 1/1 human 1/1 easy 1/1 summoner 1/1 | roll 1.7s upd 20.1s
[brain] it 2526 [league 55%] R/ep 9.94 ent 2.30 kl 0.008 | hit/swing 61% dj/min 32.9 blk/min 0.4 abiHit 53 supHit 82 | expert 11/11 self 5/11 idle 2/2 hard 2/2 expert x2 2/2 aerial 2/2 sovereign 1/2 easy 4/4 summoner 1/1 turtle 1/1 medium 1/1 human 0/1 hard x3 0/1 | roll 1.7s upd 20.8s
[brain] it 2527 [league 52%] R/ep 7.05 ent 2.40 kl 0.007 | hit/swing 52% dj/min 35.5 blk/min 0.2 abiHit 34 supHit 71 | switcher 4/4 zoner 1/2 easy 3/3 human 1/2 self 3/10 sovereign 2/5 rushdown 1/2 aerial 0/1 hard 2/2 turtle 0/1 hard x3 1/2 counter 1/1 idle 1/1 | roll 1.7s upd 19.6s
[brain] it 2528 [league 51%] R/ep 9.75 ent 2.37 kl 0.008 | hit/swing 56% dj/min 35.5 blk/min 0.0 abiHit 65 supHit 58 | self 4/9 human 2/2 switcher 0/1 hard x3 1/3 turtle 2/2 sovereign 1/3 hard 3/3 medium 2/2 aerial 1/1 expert 1/1 summoner 1/1 idle 1/1 rushdown 1/1 expert x2 1/1 | roll 1.7s upd 18.9s
[brain] it 2529 [league 51%] R/ep 9.64 ent 2.38 kl 0.006 | hit/swing 50% dj/min 35.7 blk/min 0.4 abiHit 41 supHit 57 | expert x2 2/2 sovereign 1/4 medium 1/1 hard 2/2 expert 6/6 self 5/9 idle 2/2 human 1/1 zoner 2/2 summoner 1/1 rushdown 1/1 switcher 0/1 | roll 1.5s upd 19.3s
[brain] it 2530 [league 54%] R/ep 8.76 ent 2.34 kl 0.007 | hit/swing 54% dj/min 31.2 blk/min 0.2 abiHit 62 supHit 68 | sovereign 5/6 expert 3/4 turtle 5/5 switcher 1/2 zoner 2/2 self 2/9 idle 4/4 aerial 1/1 summoner 2/2 expert x2 1/1 hard 1/1 rushdown 1/1 human 0/1 | roll 1.6s upd 18.3s
[brain] it 2531 [league 53%] R/ep 12.49 ent 2.32 kl 0.007 | hit/swing 65% dj/min 36.0 blk/min 0.1 abiHit 29 supHit 84 | sovereign 2/4 self 2/5 hard 2/2 idle 3/3 human 2/3 rushdown 3/3 switcher 3/3 summoner 1/1 medium 2/2 easy 2/2 turtle 1/1 aerial 1/1 hard x3 2/3 counter 1/1 | roll 1.5s upd 17.0s
[brain] it 2532 [league 53%] R/ep 8.45 ent 2.41 kl 0.006 | hit/swing 55% dj/min 32.1 blk/min 0.2 abiHit 38 supHit 57 | self 4/11 easy 1/1 expert x2 1/1 counter 2/2 expert 3/3 rushdown 1/1 hard 3/3 idle 3/3 human 1/1 medium 1/1 switcher 1/2 sovereign 0/1 | roll 1.5s upd 25.0s
[brain] it 2533 [league 53%] R/ep 8.74 ent 2.46 kl 0.007 | hit/swing 33% dj/min 38.0 blk/min 0.0 abiHit 86 supHit 41 | hard 1/1 expert 4/4 self 5/10 aerial 1/2 easy 2/2 turtle 1/1 idle 1/1 sovereign 1/1 summoner 1/1 counter 3/3 | roll 1.9s upd 32.4s
[brain] it 2534 [league 56%] R/ep 10.30 ent 2.28 kl 0.006 | hit/swing 55% dj/min 35.4 blk/min 0.5 abiHit 35 supHit 97 | self 9/16 rushdown 1/2 zoner 2/2 hard x3 1/1 aerial 2/2 counter 1/1 human 2/2 expert x2 1/1 hard 1/1 sovereign 4/4 idle 3/3 medium 2/2 expert 3/3 turtle 0/1 switcher 1/1 summoner 1/1 | roll 2.1s upd 28.5s
[brain] it 2535 [league 56%] R/ep 10.62 ent 2.26 kl 0.005 | hit/swing 55% dj/min 33.2 blk/min 0.0 abiHit 64 supHit 78 | easy 2/2 expert 2/2 summoner 2/2 sovereign 5/7 self 8/11 medium 2/2 aerial 1/1 zoner 1/1 rushdown 3/3 human 1/1 turtle 1/1 switcher 2/2 hard 1/1 counter 1/1 | roll 1.9s upd 22.8s
[brain] it 2536 [league 54%] R/ep 6.15 ent 2.46 kl 0.007 | hit/swing 40% dj/min 37.4 blk/min 0.2 abiHit 51 supHit 60 | sovereign 1/4 summoner 1/1 expert 4/4 medium 3/3 hard 1/1 rushdown 0/3 expert x2 1/1 idle 1/1 zoner 1/1 switcher 0/1 aerial 1/1 self 1/6 counter 2/2 human 1/1 turtle 1/1 | roll 2.0s upd 32.4s
[brain] it 2537 [league 54%] R/ep 6.54 ent 2.48 kl 0.008 | hit/swing 39% dj/min 39.9 blk/min 0.3 abiHit 49 supHit 39 | self 1/7 turtle 2/2 hard x3 2/2 aerial 0/2 rushdown 0/2 expert 4/4 expert x2 0/1 medium 1/1 easy 1/1 counter 1/1 human 0/1 | roll 2.0s upd 30.7s
[brain] it 2538 [league 56%] R/ep 9.55 ent 2.37 kl 0.009 | hit/swing 49% dj/min 34.4 blk/min 0.4 abiHit 97 supHit 54 | summoner 2/4 human 0/1 rushdown 2/3 hard 2/2 self 2/3 expert 5/6 sovereign 3/4 switcher 2/2 hard x3 1/1 counter 1/1 | roll 1.8s upd 36.3s
[brain] it 2539 [league 54%] R/ep 9.29 ent 2.48 kl 0.005 | hit/swing 44% dj/min 39.0 blk/min 0.2 abiHit 71 supHit 52 | sovereign 3/6 idle 1/1 expert 5/5 counter 2/3 hard x3 0/1 self 2/5 expert x2 1/2 aerial 1/1 zoner 3/3 rushdown 1/2 easy 1/1 switcher 1/1 | roll 1.9s upd 30.3s
[brain] it 2540 [league 52%] R/ep 10.54 ent 2.36 kl 0.006 | hit/swing 62% dj/min 32.1 blk/min 0.6 abiHit 53 supHit 76 | expert 10/10 turtle 1/1 human 1/1 hard x3 1/1 expert x2 1/3 sovereign 2/7 hard 3/3 easy 1/1 rushdown 1/1 self 4/8 idle 1/1 zoner 1/1 medium 1/1 | roll 2.1s upd 34.5s
[brain] it 2541 [league 52%] R/ep 9.79 ent 2.40 kl 0.008 | hit/swing 49% dj/min 38.2 blk/min 0.2 abiHit 32 supHit 67 | human 5/6 counter 1/1 hard x3 1/1 sovereign 2/4 expert 4/4 self 4/8 rushdown 1/2 zoner 1/1 hard 1/1 summoner 1/1 turtle 1/1 idle 1/1 easy 1/1 switcher 1/1 | roll 2.0s upd 26.9s
[brain] it 2542 [league 50%] R/ep 11.18 ent 2.50 kl 0.007 | hit/swing 51% dj/min 38.2 blk/min 0.1 abiHit 38 supHit 55 | hard 1/1 hard x3 1/2 turtle 3/3 self 2/2 expert 1/1 counter 1/2 aerial 3/3 expert x2 1/1 rushdown 2/2 sovereign 0/3 summoner 1/1 easy 2/2 medium 1/1 | roll 1.6s upd 23.9s
[brain] it 2543 [league 50%] R/ep 11.86 ent 2.36 kl 0.007 | hit/swing 57% dj/min 31.7 blk/min 0.0 abiHit 61 supHit 67 | self 7/11 easy 3/3 expert 6/6 idle 3/3 hard x3 1/1 counter 1/2 expert x2 1/1 sovereign 1/2 switcher 3/3 summoner 1/1 turtle 1/1 medium 1/1 aerial 0/1 | roll 2.0s upd 29.9s
[brain] it 2544 [league 50%] R/ep 4.93 ent 2.35 kl 0.007 | hit/swing 54% dj/min 36.5 blk/min 0.4 abiHit 31 supHit 71 | self 8/18 expert 2/2 sovereign 5/7 rushdown 0/1 easy 1/1 hard 3/3 human 1/1 expert x2 1/1 medium 1/1 summoner 2/2 aerial 1/1 | roll 2.4s upd 28.8s
[brain] it 2545 [league 51%] R/ep 10.67 ent 2.27 kl 0.006 | hit/swing 63% dj/min 32.9 blk/min 0.5 abiHit 44 supHit 81 | self 9/13 easy 1/1 human 1/1 summoner 3/3 expert x2 0/1 medium 3/3 expert 4/5 switcher 0/1 zoner 2/2 idle 4/4 hard x3 1/1 hard 3/3 sovereign 1/2 turtle 2/2 | roll 2.0s upd 28.3s
[brain] it 2546 [league 50%] R/ep 12.24 ent 2.46 kl 0.009 | hit/swing 46% dj/min 36.5 blk/min 0.3 abiHit 51 supHit 64 | hard x3 2/2 expert 1/1 self 4/7 summoner 1/2 zoner 1/1 sovereign 1/3 switcher 1/2 expert x2 1/1 human 2/2 hard 2/2 idle 1/1 turtle 1/1 aerial 1/2 medium 2/2 | roll 2.2s upd 24.1s
[brain] it 2547 [league 52%] R/ep 9.86 ent 2.27 kl 0.009 | hit/swing 62% dj/min 34.2 blk/min 0.3 abiHit 25 supHit 96 | zoner 2/2 self 6/13 expert 5/5 expert x2 3/3 hard 1/1 turtle 2/2 switcher 0/1 hard x3 0/1 aerial 1/1 summoner 1/1 sovereign 2/4 human 2/2 idle 3/3 counter 1/1 rushdown 0/1 | roll 2.0s upd 25.3s
[brain] it 2548 [league 53%] R/ep 11.08 ent 2.38 kl 0.006 | hit/swing 49% dj/min 35.8 blk/min 0.2 abiHit 54 supHit 71 | human 3/3 hard x3 1/1 self 1/6 turtle 2/2 summoner 3/3 easy 2/2 expert 3/3 medium 4/4 rushdown 0/1 idle 1/1 sovereign 2/2 aerial 1/1 hard 1/1 expert x2 1/1 switcher 1/1 | roll 1.8s upd 24.3s
[brain] it 2549 [league 51%] R/ep 7.87 ent 2.30 kl 0.009 | hit/swing 51% dj/min 33.2 blk/min 0.2 abiHit 63 supHit 77 | easy 2/2 self 3/6 expert 5/5 human 2/2 sovereign 3/8 switcher 1/1 expert x2 1/2 hard 1/1 summoner 5/5 hard x3 0/1 rushdown 1/1 zoner 1/1 | roll 1.9s upd 23.9s
[brain] it 2550 [league 52%] R/ep 10.00 ent 2.31 kl 0.006 | hit/swing 55% dj/min 36.5 blk/min 0.1 abiHit 28 supHit 89 | summoner 3/3 hard x3 2/2 self 3/11 sovereign 4/5 hard 3/3 expert 4/4 rushdown 2/3 expert x2 1/1 zoner 1/1 aerial 1/1 turtle 0/1 switcher 1/1 | roll 1.8s upd 25.3s
[brain] it 2551 [league 53%] R/ep 10.80 ent 2.36 kl 0.007 | hit/swing 48% dj/min 38.9 blk/min 0.4 abiHit 27 supHit 50 | expert 4/4 expert x2 2/2 self 5/8 sovereign 1/3 summoner 1/1 aerial 1/2 turtle 1/1 hard 1/1 human 1/1 zoner 1/1 | roll 6.4s upd 19.9s
[brain] it 2552 [league 52%] R/ep 8.88 ent 2.34 kl 0.007 | hit/swing 51% dj/min 35.2 blk/min 0.3 abiHit 51 supHit 44 | turtle 1/1 self 2/5 expert 3/3 medium 2/2 hard 2/2 hard x3 0/2 sovereign 0/1 easy 1/1 idle 1/1 aerial 1/1 counter 1/1 zoner 1/1 human 0/1 | roll 11.2s upd 31.2s
[brain] it 2553 [league 51%] R/ep 9.33 ent 2.41 kl 0.006 | hit/swing 52% dj/min 38.7 blk/min 0.1 abiHit 28 supHit 54 | expert 3/3 rushdown 4/4 turtle 2/2 hard 1/1 self 5/9 zoner 1/1 sovereign 0/2 human 1/1 hard x3 1/1 | roll 6.8s upd 22.5s
[brain] it 2554 [league 50%] R/ep 12.56 ent 2.35 kl 0.008 | hit/swing 55% dj/min 33.4 blk/min 0.4 abiHit 79 supHit 73 | self 5/9 idle 2/2 hard x3 0/1 hard 1/1 zoner 2/2 turtle 4/4 expert 4/4 easy 1/1 sovereign 0/2 counter 1/3 expert x2 3/3 summoner 1/1 medium 3/3 | roll 1.7s upd 27.5s
[brain] it 2555 [league 51%] R/ep 9.31 ent 2.30 kl 0.008 | hit/swing 49% dj/min 32.3 blk/min 0.4 abiHit 88 supHit 81 | rushdown 3/3 sovereign 2/5 expert 4/4 expert x2 1/1 switcher 1/1 self 6/11 easy 2/2 medium 1/1 idle 4/4 turtle 2/2 zoner 1/1 hard 2/2 summoner 3/3 | roll 2.0s upd 16.1s
[brain] it 2556 [league 52%] R/ep 10.72 ent 2.29 kl 0.008 | hit/swing 47% dj/min 37.3 blk/min 0.1 abiHit 62 supHit 73 | expert 6/6 human 1/3 zoner 1/1 easy 1/1 self 6/9 medium 1/1 hard 2/2 idle 1/1 turtle 1/2 rushdown 4/4 sovereign 1/1 switcher 1/1 aerial 1/1 | roll 1.5s upd 16.2s
[brain] it 2557 [league 51%] R/ep 7.00 ent 2.38 kl 0.007 | hit/swing 46% dj/min 35.5 blk/min 0.1 abiHit 73 supHit 81 | rushdown 2/2 expert x2 3/3 easy 3/3 human 2/3 zoner 1/2 counter 1/2 self 5/12 hard x3 0/1 sovereign 3/6 medium 1/1 summoner 1/1 | roll 1.6s upd 24.5s
[brain] it 2558 [league 52%] R/ep 6.70 ent 2.42 kl 0.007 | hit/swing 46% dj/min 36.5 blk/min 0.3 abiHit 55 supHit 63 | self 4/12 aerial 1/2 switcher 0/1 summoner 1/1 expert 4/4 medium 3/3 sovereign 3/3 rushdown 1/1 expert x2 0/1 turtle 2/2 easy 1/1 idle 1/1 | roll 1.5s upd 17.6s
[brain] it 2559 [league 53%] R/ep 10.37 ent 2.39 kl 0.008 | hit/swing 55% dj/min 37.4 blk/min 0.4 abiHit 33 supHit 75 | self 2/8 easy 4/4 sovereign 3/4 medium 1/1 human 1/3 expert 4/4 switcher 2/2 summoner 3/3 counter 1/1 rushdown 3/3 hard 1/1 zoner 1/1 hard x3 1/1 | roll 1.8s upd 21.0s
[brain] it 2560 [league 51%] R/ep 12.38 ent 2.33 kl 0.007 | hit/swing 56% dj/min 37.4 blk/min 0.3 abiHit 58 supHit 84 | hard x3 2/3 sovereign 2/4 self 9/13 medium 2/2 expert 5/5 summoner 2/2 easy 1/1 counter 2/2 zoner 2/2 human 1/2 aerial 1/1 hard 1/1 expert x2 1/1 | roll 1.7s upd 18.5s
[brain] it 2561 [league 51%] R/ep 9.88 ent 2.34 kl 0.008 | hit/swing 52% dj/min 32.8 blk/min 0.6 abiHit 83 supHit 65 | counter 1/1 hard 3/3 expert x2 2/3 expert 8/8 self 2/9 zoner 2/2 idle 3/3 switcher 1/2 sovereign 2/2 medium 1/1 easy 1/1 turtle 1/1 aerial 1/1 | roll 1.5s upd 16.8s
[brain] it 2562 [league 51%] R/ep 11.60 ent 2.27 kl 0.008 | hit/swing 54% dj/min 34.2 blk/min 0.1 abiHit 49 supHit 81 | hard x3 2/3 easy 1/1 self 2/4 idle 1/1 expert x2 1/2 expert 4/4 sovereign 3/5 turtle 3/3 aerial 2/3 switcher 0/1 rushdown 3/3 human 1/2 medium 1/1 | roll 1.5s upd 16.6s
[brain] it 2563 [league 53%] R/ep 8.19 ent 2.40 kl 0.008 | hit/swing 46% dj/min 36.7 blk/min 0.2 abiHit 60 supHit 52 | aerial 2/3 sovereign 4/5 zoner 1/1 human 1/2 rushdown 2/2 self 4/11 hard x3 0/1 easy 2/2 medium 2/2 hard 1/1 idle 2/2 switcher 2/2 | roll 1.6s upd 17.7s
[brain] it 2564 [league 53%] R/ep 12.02 ent 2.28 kl 0.007 | hit/swing 52% dj/min 31.7 blk/min 0.6 abiHit 93 supHit 69 | self 3/5 sovereign 3/4 human 2/2 zoner 1/1 counter 2/3 expert 7/7 switcher 2/3 easy 2/2 rushdown 3/3 aerial 2/2 hard x3 0/1 | roll 1.4s upd 14.8s
[brain] it 2565 [league 53%] R/ep 9.82 ent 2.39 kl 0.005 | hit/swing 49% dj/min 34.4 blk/min 0.1 abiHit 62 supHit 58 | zoner 2/2 hard 2/2 expert 4/4 self 2/6 sovereign 3/6 aerial 2/2 counter 2/2 switcher 1/1 expert x2 1/1 human 0/1 idle 1/1 turtle 2/2 | roll 1.4s upd 15.2s
[brain] it 2566 [league 55%] R/ep 10.40 ent 2.40 kl 0.006 | hit/swing 45% dj/min 32.2 blk/min 0.4 abiHit 92 supHit 70 | self 2/8 medium 2/2 hard 1/1 counter 1/1 expert x2 1/1 rushdown 1/1 sovereign 4/6 summoner 2/2 easy 2/2 expert 8/8 idle 2/2 hard x3 1/1 | roll 1.5s upd 15.5s
[brain] it 2567 [league 56%] R/ep 9.16 ent 2.29 kl 0.007 | hit/swing 56% dj/min 31.5 blk/min 0.3 abiHit 27 supHit 79 | hard 1/1 hard x3 1/2 expert 4/4 self 3/10 easy 1/1 sovereign 2/3 medium 1/1 counter 0/1 zoner 1/1 summoner 2/2 human 1/2 idle 2/2 rushdown 4/4 turtle 1/1 | roll 1.6s upd 15.6s
[brain] it 2568 [league 54%] R/ep 9.89 ent 2.31 kl 0.007 | hit/swing 58% dj/min 34.3 blk/min 0.1 abiHit 46 supHit 72 | medium 2/2 hard 2/2 turtle 2/2 self 3/5 sovereign 1/8 aerial 2/2 idle 2/2 expert x2 1/1 rushdown 2/3 easy 2/2 zoner 1/1 expert 2/2 human 2/2 hard x3 1/1 switcher 1/2 | roll 1.4s upd 17.1s
[brain] it 2569 [league 54%] R/ep 11.36 ent 2.36 kl 0.006 | hit/swing 50% dj/min 33.5 blk/min 0.4 abiHit 51 supHit 62 | zoner 2/2 hard 3/3 self 6/8 rushdown 2/3 expert x2 0/1 hard x3 1/3 human 1/1 aerial 1/1 expert 3/3 medium 2/2 sovereign 1/2 idle 1/1 summoner 1/1 | roll 1.5s upd 16.3s
[brain] it 2570 [league 54%] R/ep 10.70 ent 2.38 kl 0.006 | hit/swing 52% dj/min 34.0 blk/min 0.1 abiHit 46 supHit 64 | summoner 2/2 expert 7/8 sovereign 3/4 expert x2 1/2 hard 1/1 human 1/2 counter 2/2 self 3/3 aerial 1/1 turtle 1/1 medium 1/1 idle 1/1 | roll 1.5s upd 18.7s
[brain] it 2571 [league 56%] R/ep 11.34 ent 2.19 kl 0.009 | hit/swing 54% dj/min 29.6 blk/min 0.1 abiHit 84 supHit 90 | sovereign 4/5 expert 4/4 summoner 1/1 easy 5/5 rushdown 1/1 idle 3/3 switcher 3/3 self 5/9 hard 1/1 human 1/1 expert x2 1/1 medium 3/3 turtle 0/1 | roll 1.8s upd 19.8s
[brain] it 2572 [league 57%] R/ep 8.48 ent 2.36 kl 0.007 | hit/swing 47% dj/min 36.3 blk/min 0.3 abiHit 37 supHit 65 | counter 1/1 summoner 2/2 self 3/7 medium 1/1 sovereign 6/8 expert x2 0/1 aerial 2/2 expert 2/2 human 3/5 hard 1/1 zoner 1/1 turtle 1/1 | roll 1.8s upd 16.5s
[brain] it 2573 [league 57%] R/ep 7.84 ent 2.39 kl 0.008 | hit/swing 60% dj/min 35.7 blk/min 0.2 abiHit 32 supHit 75 | counter 4/4 self 4/12 expert 8/8 easy 1/1 sovereign 4/8 medium 2/2 rushdown 1/1 switcher 1/2 hard 1/1 zoner 2/2 | roll 1.6s upd 17.8s
[brain] it 2574 [league 57%] R/ep 9.47 ent 2.41 kl 0.005 | hit/swing 50% dj/min 33.4 blk/min 0.1 abiHit 83 supHit 53 | expert 6/6 hard 2/2 rushdown 3/4 self 1/6 medium 2/2 switcher 1/1 turtle 2/2 sovereign 1/2 easy 2/2 counter 2/3 idle 1/1 summoner 1/1 | roll 1.6s upd 21.4s
[brain] it 2575 [league 59%] R/ep 7.70 ent 2.37 kl 0.006 | hit/swing 48% dj/min 35.4 blk/min 0.3 abiHit 67 supHit 65 | sovereign 4/6 self 6/12 hard x3 1/1 summoner 1/1 human 1/1 hard 3/3 easy 4/4 expert 3/3 expert x2 1/2 | roll 1.7s upd 18.4s
[brain] it 2576 [league 62%] R/ep 7.55 ent 2.37 kl 0.008 | hit/swing 56% dj/min 33.6 blk/min 0.1 abiHit 68 supHit 55 | easy 1/1 self 4/8 sovereign 4/7 idle 2/2 expert 3/3 hard 3/3 summoner 1/1 rushdown 0/1 counter 1/1 hard x3 1/1 switcher 1/2 zoner 1/1 turtle 1/1 | roll 1.7s upd 19.4s
[brain] it 2577 [league 62%] R/ep 8.45 ent 2.35 kl 0.007 | hit/swing 30% dj/min 38.2 blk/min 0.2 abiHit 95 supHit 54 | human 0/2 summoner 2/2 expert 2/2 self 3/7 expert x2 3/3 switcher 1/1 aerial 2/2 turtle 2/2 counter 1/1 sovereign 2/3 rushdown 1/1 | roll 1.7s upd 21.6s
[brain] it 2578 [league 61%] R/ep 9.95 ent 2.39 kl 0.007 | hit/swing 45% dj/min 36.9 blk/min 0.4 abiHit 58 supHit 76 | self 6/9 summoner 1/1 human 2/2 sovereign 7/10 counter 1/1 hard 2/2 turtle 1/2 expert 3/3 easy 2/2 rushdown 1/1 medium 2/2 idle 1/1 zoner 1/1 | roll 1.7s upd 19.2s
[brain] it 2579 [league 62%] R/ep 8.84 ent 2.20 kl 0.005 | hit/swing 55% dj/min 28.7 blk/min 0.2 abiHit 58 supHit 78 | easy 3/3 counter 0/1 hard 1/1 expert 2/2 idle 1/1 expert x2 2/2 sovereign 7/9 self 5/9 summoner 3/3 rushdown 1/1 aerial 0/1 turtle 1/1 hard x3 1/1 | roll 1.6s upd 17.0s
[brain] it 2580 [league 62%] R/ep 11.37 ent 2.31 kl 0.007 | hit/swing 46% dj/min 35.9 blk/min 0.2 abiHit 56 supHit 67 | self 3/7 expert 6/6 hard 2/2 turtle 2/2 medium 2/2 easy 1/1 switcher 1/3 aerial 2/3 counter 1/1 summoner 2/2 sovereign 0/1 zoner 1/1 idle 1/1 expert x2 2/2 | roll 1.7s upd 20.6s
[brain] it 2581 [league 62%] R/ep 12.26 ent 2.31 kl 0.007 | hit/swing 55% dj/min 33.2 blk/min 0.1 abiHit 56 supHit 83 | self 4/9 aerial 1/1 turtle 2/2 easy 2/2 expert x2 2/2 counter 5/5 zoner 1/1 summoner 1/1 hard 3/3 expert 1/1 sovereign 4/5 hard x3 1/2 medium 1/1 switcher 1/1 | roll 1.8s upd 17.7s
[brain] it 2582 [league 62%] R/ep 10.98 ent 2.37 kl 0.007 | hit/swing 50% dj/min 36.5 blk/min 0.2 abiHit 58 supHit 66 | medium 2/2 counter 1/1 sovereign 2/4 expert 5/5 self 10/14 easy 2/2 hard x3 2/2 hard 2/2 idle 2/2 zoner 1/1 human 1/1 | roll 1.9s upd 18.0s
[brain] it 2583 [league 62%] R/ep 10.31 ent 2.31 kl 0.007 | hit/swing 56% dj/min 31.0 blk/min 0.3 abiHit 68 supHit 73 | easy 3/3 self 7/11 medium 1/1 sovereign 5/6 human 2/2 expert 5/5 expert x2 1/1 turtle 3/3 idle 1/1 counter 1/1 zoner 1/1 aerial 0/1 | roll 1.6s upd 16.3s
[brain] it 2584 [league 61%] R/ep 9.12 ent 2.26 kl 0.010 | hit/swing 53% dj/min 30.3 blk/min 0.1 abiHit 69 supHit 72 | expert 7/7 rushdown 2/3 summoner 2/2 self 2/5 sovereign 1/4 hard 1/1 hard x3 0/2 medium 2/2 counter 1/1 aerial 1/1 expert x2 3/3 switcher 1/1 | roll 1.6s upd 17.0s
[brain] it 2585 [league 60%] R/ep 7.10 ent 2.21 kl 0.007 | hit/swing 52% dj/min 32.5 blk/min 0.4 abiHit 49 supHit 94 | sovereign 3/7 turtle 2/2 self 11/17 counter 2/2 expert 6/6 switcher 1/1 rushdown 1/2 idle 1/1 aerial 1/1 medium 1/1 hard x3 0/1 | roll 1.9s upd 16.6s
[brain] it 2586 [league 64%] R/ep 9.01 ent 2.26 kl 0.008 | hit/swing 62% dj/min 34.3 blk/min 0.6 abiHit 16 supHit 100 | sovereign 6/9 medium 3/3 self 5/11 hard x3 0/2 switcher 1/1 expert 6/6 zoner 2/2 turtle 2/2 easy 2/2 rushdown 1/3 summoner 2/2 hard 1/1 | roll 1.9s upd 15.6s
[brain] it 2587 [league 63%] R/ep 10.19 ent 2.28 kl 0.006 | hit/swing 51% dj/min 29.6 blk/min 0.1 abiHit 75 supHit 82 | expert 5/5 medium 3/3 aerial 3/3 self 2/7 hard 3/3 sovereign 1/4 easy 4/4 summoner 2/2 counter 1/1 human 0/1 zoner 1/1 turtle 1/2 rushdown 2/2 switcher 1/1 expert x2 1/1 | roll 1.7s upd 14.1s
[brain] it 2588 [league 61%] R/ep 4.31 ent 2.33 kl 0.008 | hit/swing 42% dj/min 32.9 blk/min 0.3 abiHit 61 supHit 71 | sovereign 4/7 idle 1/1 expert 4/4 hard x3 0/1 self 3/11 hard 2/2 expert x2 1/1 summoner 1/2 turtle 0/1 rushdown 1/2 | roll 1.4s upd 13.5s
[brain] it 2589 [league 59%] R/ep 8.98 ent 2.32 kl 0.008 | hit/swing 55% dj/min 33.3 blk/min 0.3 abiHit 60 supHit 67 | summoner 3/3 sovereign 3/5 expert 6/6 rushdown 0/1 self 4/10 hard 1/1 aerial 1/1 hard x3 1/3 expert x2 1/1 medium 2/2 counter 1/1 switcher 1/1 | roll 1.4s upd 13.5s
[brain] it 2590 [league 60%] R/ep 13.30 ent 2.29 kl 0.009 | hit/swing 59% dj/min 34.5 blk/min 0.1 abiHit 53 supHit 92 | self 5/7 idle 5/5 switcher 2/2 zoner 2/2 hard 2/2 hard x3 2/3 turtle 0/1 summoner 2/2 aerial 2/2 human 3/3 rushdown 2/2 sovereign 2/3 expert 1/2 expert x2 1/1 easy 1/1 counter 1/1 | roll 1.5s upd 14.9s
[brain] it 2591 [league 61%] R/ep 11.70 ent 2.21 kl 0.007 | hit/swing 56% dj/min 26.7 blk/min 0.2 abiHit 64 supHit 75 | self 10/12 expert 6/6 zoner 1/1 summoner 2/2 expert x2 2/2 idle 2/2 turtle 1/1 easy 3/3 sovereign 2/2 switcher 2/2 counter 0/1 rushdown 1/1 | roll 1.3s upd 13.9s
[brain] it 2592 [league 62%] R/ep 10.68 ent 2.24 kl 0.007 | hit/swing 58% dj/min 30.5 blk/min 0.3 abiHit 60 supHit 78 | sovereign 3/4 hard x3 0/2 self 3/6 hard 2/2 summoner 3/4 zoner 1/1 easy 2/2 human 1/1 expert x2 1/2 idle 3/3 switcher 2/2 turtle 0/1 expert 3/3 rushdown 1/1 medium 2/2 | roll 1.2s upd 13.6s
[brain] it 2593 [league 62%] R/ep 10.04 ent 2.30 kl 0.007 | hit/swing 55% dj/min 22.6 blk/min 0.2 abiHit 73 supHit 67 | medium 4/4 sovereign 2/3 summoner 2/4 idle 4/4 rushdown 1/1 human 1/1 self 5/8 aerial 3/3 turtle 1/1 expert 4/4 zoner 1/1 hard 1/1 | roll 1.2s upd 13.4s
[brain] it 2594 [league 65%] R/ep 10.54 ent 2.23 kl 0.008 | hit/swing 71% dj/min 30.3 blk/min 0.1 abiHit 29 supHit 79 | self 3/10 hard x3 2/2 expert 2/2 sovereign 5/5 turtle 2/2 easy 1/1 expert x2 2/2 switcher 3/3 counter 3/3 rushdown 1/1 medium 1/1 summoner 0/2 idle 1/1 hard 1/1 zoner 1/1 | roll 1.3s upd 13.6s
[brain] it 2595 [league 62%] R/ep 9.55 ent 2.21 kl 0.007 | hit/swing 67% dj/min 28.5 blk/min 0.1 abiHit 50 supHit 92 | self 3/12 easy 3/3 idle 5/5 expert 5/5 sovereign 1/4 medium 2/2 aerial 3/3 human 1/1 turtle 1/1 expert x2 2/3 hard x3 2/2 hard 1/1 summoner 1/1 | roll 1.3s upd 13.5s
[brain] it 2596 [league 65%] R/ep 10.93 ent 2.28 kl 0.007 | hit/swing 52% dj/min 32.6 blk/min 0.0 abiHit 74 supHit 71 | self 3/7 medium 2/2 switcher 1/2 easy 2/2 zoner 2/2 sovereign 5/5 idle 2/2 expert 5/5 hard 3/3 summoner 4/4 human 1/1 aerial 2/3 counter 1/1 | roll 1.1s upd 12.6s
[brain] it 2597 [league 64%] R/ep 9.82 ent 2.43 kl 0.007 | hit/swing 43% dj/min 35.0 blk/min 0.1 abiHit 45 supHit 60 | medium 1/1 self 2/5 aerial 3/3 easy 1/1 summoner 3/4 zoner 4/4 sovereign 1/3 expert 3/3 rushdown 2/2 switcher 1/1 human 0/1 expert x2 0/1 turtle 1/1 idle 1/1 | roll 1.4s upd 14.3s
[brain] it 2598 [league 63%] R/ep 8.63 ent 2.33 kl 0.007 | hit/swing 54% dj/min 30.4 blk/min 0.3 abiHit 68 supHit 64 | expert 4/4 self 6/12 expert x2 1/2 rushdown 2/2 human 1/1 summoner 1/2 idle 2/2 hard x3 0/1 hard 2/2 zoner 1/1 sovereign 0/1 switcher 3/3 easy 1/1 aerial 1/1 turtle 1/1 | roll 1.3s upd 13.6s
[brain] it 2599 [league 62%] R/ep 9.46 ent 2.40 kl 0.008 | hit/swing 46% dj/min 37.3 blk/min 0.1 abiHit 45 supHit 65 | turtle 2/3 easy 4/4 expert 4/4 zoner 1/1 medium 2/2 human 2/3 self 6/8 summoner 1/2 expert x2 2/2 sovereign 1/2 rushdown 0/1 idle 1/1 | roll 1.3s upd 13.4s
[brain] it 2600 [league 65%] R/ep 8.53 ent 2.24 kl 0.006 | hit/swing 50% dj/min 30.1 blk/min 0.1 abiHit 53 supHit 68 | self 6/13 sovereign 8/9 expert 3/3 counter 1/1 summoner 2/2 medium 1/1 expert x2 3/3 zoner 1/1 hard 1/1 turtle 0/2 idle 1/1 switcher 1/1 easy 2/2 | roll 1.2s upd 12.2s
[brain] it 2601 [league 63%] R/ep 12.63 ent 2.20 kl 0.007 | hit/swing 59% dj/min 26.8 blk/min 0.4 abiHit 49 supHit 95 | self 3/7 hard x3 2/2 rushdown 2/2 expert x2 2/2 easy 1/1 expert 6/6 idle 3/3 medium 3/3 hard 1/1 summoner 1/1 switcher 1/2 counter 2/2 sovereign 2/4 turtle 1/1 | roll 1.3s upd 13.7s
[brain] it 2602 [league 66%] R/ep 11.85 ent 2.27 kl 0.006 | hit/swing 59% dj/min 32.2 blk/min 0.2 abiHit 54 supHit 82 | expert 3/3 counter 1/1 hard x3 2/2 hard 5/5 aerial 1/1 turtle 3/3 sovereign 7/7 self 4/7 expert x2 1/1 human 1/2 idle 1/1 easy 2/2 | roll 1.3s upd 13.4s
[brain] it 2603 [league 64%] R/ep 10.18 ent 2.30 kl 0.007 | hit/swing 42% dj/min 31.6 blk/min 0.2 abiHit 119 supHit 76 | self 6/11 sovereign 2/4 aerial 1/1 medium 2/2 zoner 2/2 expert x2 2/2 hard 2/2 idle 2/2 rushdown 0/1 easy 1/1 counter 1/1 expert 2/2 human 1/2 turtle 3/3 summoner 1/1 | roll 1.3s upd 13.5s
[brain] it 2604 [league 65%] R/ep 11.42 ent 2.31 kl 0.008 | hit/swing 49% dj/min 34.6 blk/min 0.2 abiHit 60 supHit 76 | aerial 2/2 zoner 5/5 human 1/2 self 3/9 sovereign 2/3 hard 2/2 expert 5/5 switcher 4/4 easy 3/3 medium 1/1 expert x2 1/2 rushdown 1/1 counter 1/1 summoner 0/1 | roll 1.4s upd 13.6s
[brain] it 2605 [league 64%] R/ep 9.95 ent 2.20 kl 0.009 | hit/swing 55% dj/min 36.5 blk/min 0.4 abiHit 67 supHit 89 | human 5/5 expert 3/4 expert x2 1/1 hard 3/3 medium 2/2 self 6/12 sovereign 3/6 rushdown 1/1 turtle 1/1 hard x3 1/2 zoner 2/2 switcher 1/1 counter 1/1 summoner 1/1 idle 1/1 | roll 1.4s upd 13.7s
[brain] it 2606 [league 65%] R/ep 7.16 ent 2.33 kl 0.008 | hit/swing 60% dj/min 34.8 blk/min 0.1 abiHit 48 supHit 75 | easy 4/4 expert 6/7 turtle 2/2 hard 2/2 self 3/11 sovereign 2/4 rushdown 2/2 idle 1/1 switcher 1/1 expert x2 1/1 aerial 1/1 hard x3 0/2 | roll 1.2s upd 13.5s
[brain] it 2607 [league 66%] R/ep 11.84 ent 2.19 kl 0.006 | hit/swing 68% dj/min 27.9 blk/min 0.1 abiHit 55 supHit 91 | easy 3/3 sovereign 3/5 hard 1/1 expert x2 3/3 aerial 1/1 medium 3/3 switcher 1/1 hard x3 1/2 self 4/8 turtle 2/2 expert 5/5 zoner 1/1 human 2/2 summoner 2/3 idle 2/2 | roll 1.2s upd 13.8s
[brain] it 2608 [league 64%] R/ep 8.19 ent 2.32 kl 0.006 | hit/swing 43% dj/min 27.6 blk/min 0.2 abiHit 81 supHit 61 | medium 2/2 self 5/7 switcher 1/1 human 3/4 sovereign 1/3 counter 0/2 expert x2 1/1 expert 4/4 easy 2/2 idle 1/1 zoner 1/1 hard x3 0/1 aerial 0/1 | roll 1.2s upd 13.7s
[brain] it 2609 [league 63%] R/ep 12.21 ent 2.28 kl 0.006 | hit/swing 51% dj/min 27.9 blk/min 0.4 abiHit 95 supHit 71 | self 5/8 zoner 4/4 aerial 1/1 summoner 1/1 sovereign 3/5 expert 7/7 hard x3 1/2 switcher 2/2 medium 1/1 idle 4/4 rushdown 1/1 hard 2/2 human 1/1 | roll 1.4s upd 14.1s
[brain] it 2610 [league 64%] R/ep 9.75 ent 2.31 kl 0.007 | hit/swing 56% dj/min 34.3 blk/min 0.1 abiHit 25 supHit 77 | self 3/8 turtle 2/2 summoner 2/2 counter 2/2 hard x3 1/1 easy 2/2 human 1/1 expert 6/6 idle 1/1 medium 1/1 switcher 1/1 sovereign 2/4 aerial 1/2 expert x2 0/1 zoner 1/1 hard 1/1 | roll 1.2s upd 15.4s
[brain] it 2611 [league 65%] R/ep 8.73 ent 2.42 kl 0.007 | hit/swing 43% dj/min 34.1 blk/min 0.3 abiHit 61 supHit 57 | expert x2 1/2 self 3/8 expert 4/4 human 1/1 sovereign 3/5 idle 2/2 hard 2/2 switcher 1/1 zoner 1/1 counter 3/3 summoner 1/1 easy 2/2 medium 1/1 aerial 1/1 | roll 1.5s upd 13.8s
[brain] it 2612 [league 66%] R/ep 10.58 ent 2.13 kl 0.007 | hit/swing 60% dj/min 26.4 blk/min 0.4 abiHit 30 supHit 99 | sovereign 3/5 zoner 1/1 self 6/12 expert 7/7 easy 8/8 summoner 2/2 hard 2/2 turtle 3/3 counter 0/1 hard x3 1/1 aerial 1/1 rushdown 1/1 | roll 1.3s upd 13.5s
[brain] it 2613 [league 66%] R/ep 12.37 ent 2.32 kl 0.006 | hit/swing 54% dj/min 31.7 blk/min 0.1 abiHit 49 supHit 62 | medium 2/2 counter 5/5 hard x3 0/1 expert x2 0/1 expert 7/7 rushdown 0/1 idle 2/2 turtle 1/1 sovereign 1/1 self 3/5 easy 3/3 summoner 2/2 aerial 2/2 switcher 1/1 zoner 1/1 | roll 1.3s upd 14.7s
[brain] it 2614 [league 64%] R/ep 11.29 ent 2.27 kl 0.007 | hit/swing 50% dj/min 30.4 blk/min 0.1 abiHit 61 supHit 80 | self 6/8 sovereign 1/5 expert 4/4 summoner 2/3 rushdown 1/1 idle 4/4 easy 2/2 expert x2 2/2 aerial 1/1 switcher 1/1 medium 2/2 zoner 2/2 hard 1/1 human 0/1 counter 1/1 | roll 1.3s upd 13.8s
[brain] it 2615 [league 64%] R/ep 13.31 ent 2.24 kl 0.008 | hit/swing 52% dj/min 31.8 blk/min 0.1 abiHit 70 supHit 97 | self 4/6 zoner 2/2 idle 4/4 expert x2 3/3 rushdown 0/1 expert 4/4 medium 2/2 summoner 3/3 counter 1/1 sovereign 5/5 easy 2/2 aerial 1/1 switcher 3/3 hard x3 0/1 turtle 2/2 human 1/2 | roll 1.4s upd 15.9s
[brain] it 2616 [league 64%] R/ep 10.18 ent 2.27 kl 0.006 | hit/swing 46% dj/min 26.6 blk/min 0.3 abiHit 82 supHit 73 | summoner 1/3 turtle 2/2 sovereign 6/8 medium 1/1 self 4/5 hard 2/2 expert 7/7 counter 2/2 aerial 1/1 rushdown 1/1 expert x2 1/1 | roll 1.3s upd 13.5s
[brain] it 2617 [league 62%] R/ep 10.94 ent 2.30 kl 0.007 | hit/swing 50% dj/min 32.2 blk/min 0.1 abiHit 63 supHit 92 | aerial 2/2 summoner 1/2 self 3/7 counter 1/2 human 3/3 rushdown 3/3 switcher 1/1 sovereign 0/3 hard x3 2/2 expert 3/3 expert x2 1/2 medium 1/1 | roll 1.3s upd 13.8s
[brain] it 2618 [league 60%] R/ep 7.63 ent 2.35 kl 0.006 | hit/swing 50% dj/min 32.1 blk/min 0.0 abiHit 46 supHit 62 | summoner 1/1 hard 2/2 sovereign 4/8 self 3/8 expert 2/3 easy 1/1 idle 1/1 human 2/2 medium 1/1 aerial 1/1 switcher 1/1 hard x3 1/1 expert x2 1/1 turtle 2/2 | roll 1.3s upd 13.5s
[brain] it 2619 [league 61%] R/ep 6.73 ent 2.31 kl 0.008 | hit/swing 45% dj/min 32.0 blk/min 0.2 abiHit 58 supHit 86 | rushdown 2/3 expert 3/3 self 6/12 expert x2 0/2 sovereign 2/4 human 1/1 switcher 2/2 summoner 2/3 zoner 1/1 hard x3 0/2 idle 2/2 aerial 0/1 medium 2/2 | roll 1.4s upd 14.7s
[brain] it 2620 [league 61%] R/ep 12.10 ent 2.38 kl 0.005 | hit/swing 47% dj/min 37.8 blk/min 0.2 abiHit 34 supHit 70 | sovereign 2/3 rushdown 3/3 hard 1/1 aerial 0/1 zoner 2/2 expert 2/2 self 6/10 human 2/2 hard x3 2/3 medium 1/1 idle 1/1 counter 1/1 summoner 1/1 expert x2 1/1 | roll 1.4s upd 13.3s
[brain] it 2621 [league 59%] R/ep 10.11 ent 2.30 kl 0.007 | hit/swing 57% dj/min 34.6 blk/min 0.1 abiHit 28 supHit 77 | sovereign 4/6 self 7/11 zoner 2/2 expert 7/7 medium 1/1 switcher 2/2 human 1/1 easy 1/1 hard x3 0/1 idle 1/1 rushdown 2/2 expert x2 1/1 turtle 1/1 | roll 1.3s upd 12.7s
[brain] it 2622 [league 59%] R/ep 8.03 ent 2.41 kl 0.010 | hit/swing 45% dj/min 31.2 blk/min 0.1 abiHit 87 supHit 57 | self 3/9 idle 4/4 sovereign 2/5 switcher 3/3 expert 4/4 summoner 0/1 rushdown 2/2 expert x2 1/1 aerial 1/2 easy 1/1 medium 1/1 zoner 1/1 hard 1/1 | roll 1.5s upd 13.7s
[brain] it 2623 [league 59%] R/ep 8.93 ent 2.26 kl 0.008 | hit/swing 51% dj/min 28.7 blk/min 0.2 abiHit 58 supHit 76 | expert 7/7 sovereign 1/1 self 5/13 human 2/2 switcher 2/2 summoner 3/4 idle 2/2 easy 1/1 turtle 2/2 medium 2/2 counter 1/1 | roll 1.4s upd 13.8s
[brain] it 2624 [league 57%] R/ep 8.13 ent 2.29 kl 0.006 | hit/swing 50% dj/min 31.6 blk/min 0.1 abiHit 52 supHit 61 | self 5/12 idle 2/2 expert 5/5 sovereign 2/4 aerial 1/1 hard 2/2 hard x3 1/1 counter 1/1 turtle 2/2 summoner 1/1 easy 1/1 rushdown 0/1 zoner 1/1 | roll 1.3s upd 12.6s
[brain] it 2625 [league 56%] R/ep 12.03 ent 2.29 kl 0.008 | hit/swing 54% dj/min 28.6 blk/min 0.2 abiHit 87 supHit 61 | hard 1/1 medium 2/2 zoner 1/1 self 4/7 easy 1/1 summoner 1/1 aerial 1/2 expert 2/2 human 1/1 counter 4/4 idle 3/3 switcher 2/2 turtle 3/3 sovereign 2/3 | roll 1.2s upd 12.3s
[brain] it 2626 [league 56%] R/ep 9.92 ent 2.22 kl 0.007 | hit/swing 59% dj/min 30.1 blk/min 0.3 abiHit 57 supHit 81 | expert 1/1 summoner 2/2 counter 2/3 self 6/9 switcher 1/1 aerial 2/2 expert x2 1/1 sovereign 3/6 human 1/2 zoner 1/1 rushdown 1/1 hard 2/2 medium 2/2 hard x3 2/3 | roll 1.4s upd 13.7s
[brain] it 2627 [league 57%] R/ep 12.92 ent 2.30 kl 0.008 | hit/swing 51% dj/min 33.1 blk/min 0.4 abiHit 59 supHit 82 | easy 2/2 expert x2 2/4 idle 1/1 self 5/9 switcher 2/2 sovereign 2/2 zoner 1/1 hard 2/2 aerial 1/1 summoner 2/2 expert 4/4 human 1/1 counter 2/2 medium 2/2 rushdown 1/1 | roll 1.2s upd 13.7s
[brain] it 2628 [league 57%] R/ep 8.76 ent 2.19 kl 0.007 | hit/swing 52% dj/min 32.3 blk/min 0.3 abiHit 69 supHit 81 | turtle 1/1 expert 5/5 idle 2/2 self 7/14 human 1/1 counter 2/3 summoner 1/1 sovereign 2/3 hard x3 0/1 switcher 2/2 medium 1/1 rushdown 1/1 hard 2/2 | roll 1.3s upd 13.7s
[brain] it 2629 [league 58%] R/ep 11.85 ent 2.14 kl 0.006 | hit/swing 67% dj/min 27.8 blk/min 0.0 abiHit 52 supHit 97 | hard 4/4 sovereign 2/4 easy 2/2 self 4/7 turtle 3/3 rushdown 5/5 hard x3 2/2 medium 3/3 expert 4/4 switcher 0/1 expert x2 1/1 aerial 1/1 | roll 1.2s upd 12.4s
[brain] it 2630 [league 57%] R/ep 10.20 ent 2.36 kl 0.009 | hit/swing 61% dj/min 30.9 blk/min 0.3 abiHit 52 supHit 64 | medium 4/4 self 3/6 expert 6/6 hard 2/2 sovereign 3/5 rushdown 2/3 hard x3 0/1 expert x2 1/2 turtle 2/2 zoner 1/1 aerial 1/1 easy 2/2 | roll 1.2s upd 18.1s
[brain] it 2631 [league 58%] R/ep 6.15 ent 2.25 kl 0.009 | hit/swing 60% dj/min 28.8 blk/min 0.4 abiHit 38 supHit 68 | self 5/12 sovereign 4/7 summoner 1/1 hard 1/1 switcher 3/3 expert 5/5 idle 1/1 expert x2 1/1 counter 0/2 aerial 2/2 turtle 1/1 | roll 1.5s upd 16.2s
[brain] it 2632 [league 57%] R/ep 12.78 ent 2.16 kl 0.007 | hit/swing 58% dj/min 28.3 blk/min 0.6 abiHit 51 supHit 81 | self 6/9 counter 2/2 expert 6/6 medium 1/1 zoner 4/4 idle 5/5 hard 3/3 summoner 1/1 switcher 2/3 sovereign 1/3 human 2/2 turtle 1/2 easy 1/1 hard x3 1/1 | roll 1.4s upd 16.5s
[brain] it 2633 [league 58%] R/ep 8.77 ent 2.27 kl 0.007 | hit/swing 50% dj/min 30.4 blk/min 0.4 abiHit 86 supHit 89 | self 2/10 aerial 3/3 turtle 4/4 hard 2/2 sovereign 2/2 idle 1/1 easy 2/2 summoner 2/2 rushdown 0/1 hard x3 0/1 human 3/3 medium 1/1 counter 1/1 zoner 1/1 expert 1/1 expert x2 1/2 | roll 1.4s upd 16.2s
[brain] it 2634 [league 59%] R/ep 10.37 ent 2.28 kl 0.008 | hit/swing 55% dj/min 31.3 blk/min 0.1 abiHit 65 supHit 78 | sovereign 2/2 rushdown 1/1 switcher 3/4 summoner 3/4 expert 3/3 medium 2/2 self 4/8 easy 1/1 hard x3 0/1 zoner 1/1 expert x2 1/2 hard 3/3 counter 1/1 aerial 1/1 turtle 2/2 | roll 1.4s upd 17.0s
[brain] it 2635 [league 59%] R/ep 13.21 ent 2.33 kl 0.008 | hit/swing 55% dj/min 30.9 blk/min 0.0 abiHit 78 supHit 77 | self 4/6 human 1/1 expert 3/3 summoner 2/2 hard 4/4 hard x3 3/3 aerial 3/3 medium 1/1 sovereign 3/4 switcher 1/1 idle 1/1 | roll 1.4s upd 17.5s
[brain] it 2636 [league 59%] R/ep 7.82 ent 2.40 kl 0.006 | hit/swing 44% dj/min 36.7 blk/min 0.1 abiHit 35 supHit 62 | self 8/12 idle 2/2 counter 2/2 hard 1/1 switcher 1/1 human 1/2 expert 2/3 rushdown 2/2 zoner 1/1 aerial 0/1 summoner 1/2 easy 2/2 | roll 1.5s upd 16.4s
[brain] it 2637 [league 61%] R/ep 8.20 ent 2.27 kl 0.007 | hit/swing 50% dj/min 32.3 blk/min 0.3 abiHit 57 supHit 66 | zoner 1/1 expert 6/7 self 6/14 turtle 1/1 sovereign 2/3 switcher 1/1 expert x2 1/1 medium 1/1 hard x3 2/2 human 1/1 counter 0/1 easy 1/1 hard 1/1 idle 1/1 | roll 1.7s upd 18.9s
[brain] it 2638 [league 60%] R/ep 6.26 ent 2.26 kl 0.007 | hit/swing 37% dj/min 31.5 blk/min 0.2 abiHit 88 supHit 52 | sovereign 2/3 expert 4/4 self 4/11 aerial 0/1 turtle 3/4 easy 1/1 rushdown 0/2 counter 1/2 idle 1/1 expert x2 1/1 | roll 1.3s upd 14.1s
[brain] it 2639 [league 62%] R/ep 11.03 ent 2.24 kl 0.007 | hit/swing 60% dj/min 30.5 blk/min 0.3 abiHit 39 supHit 76 | sovereign 5/7 turtle 3/3 summoner 3/3 hard 3/3 hard x3 1/2 aerial 1/1 self 6/10 switcher 0/1 easy 1/1 expert 2/2 idle 1/1 zoner 2/2 human 1/1 expert x2 1/1 | roll 1.3s upd 13.7s
[brain] it 2640 [league 59%] R/ep 12.26 ent 2.28 kl 0.007 | hit/swing 50% dj/min 31.5 blk/min 0.1 abiHit 29 supHit 66 | self 4/8 sovereign 1/4 expert 4/4 hard 3/3 counter 2/2 switcher 2/2 summoner 3/3 zoner 4/4 hard x3 2/2 idle 2/2 turtle 0/1 human 1/1 | roll 1.3s upd 15.1s
[brain] it 2641 [league 60%] R/ep 13.16 ent 2.18 kl 0.008 | hit/swing 61% dj/min 28.6 blk/min 0.3 abiHit 41 supHit 95 | hard x3 2/2 self 9/13 medium 2/2 expert 8/8 easy 3/3 idle 2/2 switcher 1/1 counter 2/2 summoner 3/3 hard 2/2 expert x2 1/1 sovereign 2/2 rushdown 1/1 zoner 1/1 | roll 1.4s upd 16.1s
[brain] it 2642 [league 59%] R/ep 11.39 ent 2.26 kl 0.006 | hit/swing 57% dj/min 27.7 blk/min 0.2 abiHit 81 supHit 75 | counter 1/2 hard 4/4 idle 4/4 turtle 3/3 human 1/1 expert 3/3 self 5/7 easy 2/2 hard x3 0/2 sovereign 2/3 rushdown 1/1 switcher 0/2 aerial 1/1 expert x2 1/1 zoner 1/1 | roll 1.4s upd 17.7s
[brain] it 2643 [league 58%] R/ep 5.67 ent 2.33 kl 0.006 | hit/swing 43% dj/min 34.0 blk/min 0.4 abiHit 39 supHit 50 | rushdown 1/4 self 3/12 counter 1/1 expert 3/3 aerial 2/2 idle 1/1 medium 2/2 expert x2 0/1 sovereign 1/2 summoner 1/1 hard x3 1/1 zoner 1/1 human 1/1 | roll 1.4s upd 15.0s
[brain] it 2644 [league 59%] R/ep 11.81 ent 2.31 kl 0.007 | hit/swing 52% dj/min 36.6 blk/min 0.0 abiHit 39 supHit 83 | aerial 2/3 expert x2 3/3 self 2/7 hard 2/2 rushdown 3/3 medium 3/3 switcher 3/3 easy 1/1 expert 2/2 human 1/1 turtle 2/2 idle 1/1 sovereign 1/1 | roll 1.4s upd 14.5s
[brain] it 2645 [league 60%] R/ep 9.71 ent 2.18 kl 0.008 | hit/swing 58% dj/min 30.8 blk/min 0.1 abiHit 54 supHit 96 | expert 5/5 sovereign 1/2 aerial 2/2 counter 0/1 medium 2/2 rushdown 4/4 easy 2/2 self 6/10 hard 2/2 summoner 5/5 hard x3 1/3 expert x2 0/1 turtle 1/1 | roll 1.3s upd 18.1s
[brain] it 2646 [league 61%] R/ep 13.71 ent 2.22 kl 0.007 | hit/swing 52% dj/min 31.5 blk/min 0.4 abiHit 36 supHit 95 | expert 6/6 self 5/9 rushdown 8/8 hard 1/1 zoner 3/3 idle 2/2 switcher 1/1 aerial 1/1 hard x3 1/2 sovereign 1/2 human 2/3 summoner 1/1 counter 1/1 | roll 1.4s upd 16.1s
[brain] it 2647 [league 61%] R/ep 10.46 ent 2.29 kl 0.005 | hit/swing 51% dj/min 30.0 blk/min 0.2 abiHit 68 supHit 58 | medium 5/5 hard 5/5 self 0/7 expert 3/3 summoner 1/1 zoner 2/2 easy 2/2 idle 2/2 sovereign 1/2 switcher 2/2 hard x3 1/1 turtle 2/2 aerial 0/1 human 1/2 | roll 1.2s upd 16.2s
[brain] it 2648 [league 63%] R/ep 11.35 ent 2.18 kl 0.007 | hit/swing 56% dj/min 31.9 blk/min 0.3 abiHit 25 supHit 84 | expert 4/4 self 8/16 turtle 1/1 easy 4/4 zoner 3/3 rushdown 1/1 hard 2/2 hard x3 1/2 sovereign 3/3 counter 2/2 human 1/1 switcher 1/1 medium 2/2 | roll 1.4s upd 13.2s
[brain] it 2649 [league 62%] R/ep 10.98 ent 2.17 kl 0.008 | hit/swing 62% dj/min 24.8 blk/min 0.2 abiHit 61 supHit 69 | easy 2/2 rushdown 0/1 medium 3/3 summoner 2/3 turtle 1/1 self 4/7 sovereign 2/4 expert 4/4 zoner 1/1 human 2/2 hard x3 1/2 counter 3/3 expert x2 0/1 hard 4/4 aerial 2/3 idle 1/1 | roll 1.2s upd 13.8s
[brain] it 2650 [league 60%] R/ep 8.51 ent 2.30 kl 0.007 | hit/swing 47% dj/min 32.1 blk/min 0.3 abiHit 45 supHit 66 | counter 2/2 human 2/2 self 7/10 switcher 1/1 medium 1/1 sovereign 3/9 hard 2/2 hard x3 1/2 easy 1/1 expert 3/3 aerial 1/1 | roll 1.3s upd 13.7s
[brain] it 2651 [league 60%] R/ep 11.19 ent 2.40 kl 0.009 | hit/swing 49% dj/min 31.2 blk/min 0.1 abiHit 54 supHit 53 | medium 3/3 switcher 1/2 self 1/5 expert x2 2/2 easy 1/1 turtle 2/2 hard 1/1 aerial 1/1 zoner 2/2 expert 3/4 sovereign 2/3 hard x3 1/2 rushdown 1/1 | roll 1.1s upd 14.7s
[brain] it 2652 [league 59%] R/ep 7.30 ent 2.36 kl 0.009 | hit/swing 49% dj/min 32.3 blk/min 0.1 abiHit 27 supHit 67 | sovereign 6/11 switcher 2/2 self 1/7 idle 2/2 rushdown 2/2 hard 1/1 expert 4/4 zoner 1/1 aerial 2/2 turtle 2/2 expert x2 1/1 hard x3 0/1 | roll 1.3s upd 15.3s
[brain] it 2653 [league 60%] R/ep 12.27 ent 2.26 kl 0.007 | hit/swing 53% dj/min 33.4 blk/min 0.4 abiHit 32 supHit 72 | self 2/4 expert 6/7 turtle 3/3 idle 4/4 zoner 1/1 counter 2/2 medium 2/2 human 1/1 aerial 2/2 sovereign 2/2 switcher 1/2 hard 2/2 summoner 1/1 rushdown 0/1 | roll 1.3s upd 17.3s
[brain] it 2654 [league 60%] R/ep 6.32 ent 2.28 kl 0.008 | hit/swing 51% dj/min 27.9 blk/min 0.2 abiHit 57 supHit 55 | easy 1/1 self 1/10 rushdown 1/2 sovereign 3/6 zoner 3/3 switcher 2/2 expert 2/3 summoner 1/1 counter 2/2 hard x3 1/1 medium 1/1 expert x2 1/1 | roll 1.3s upd 16.5s
[brain] it 2655 [league 59%] R/ep 14.65 ent 2.14 kl 0.007 | hit/swing 67% dj/min 26.2 blk/min 0.4 abiHit 44 supHit 86 | turtle 2/2 expert 6/6 switcher 1/1 hard x3 3/3 medium 4/4 self 6/9 human 1/1 aerial 2/2 expert x2 1/1 easy 1/1 counter 1/1 summoner 1/1 sovereign 0/1 rushdown 1/1 idle 1/1 | roll 1.3s upd 17.9s
[brain] it 2656 [league 58%] R/ep 11.49 ent 2.34 kl 0.007 | hit/swing 52% dj/min 31.6 blk/min 0.2 abiHit 73 supHit 65 | easy 1/1 hard 1/1 counter 3/4 summoner 1/1 self 3/8 zoner 1/1 hard x3 2/3 expert x2 1/2 expert 3/3 aerial 3/3 human 1/1 turtle 1/1 medium 1/1 sovereign 0/1 | roll 1.4s upd 14.2s
[brain] it 2657 [league 57%] R/ep 6.62 ent 2.37 kl 0.006 | hit/swing 40% dj/min 35.7 blk/min 0.2 abiHit 56 supHit 61 | rushdown 0/1 self 3/10 switcher 2/2 sovereign 1/3 human 2/4 expert 3/3 hard 2/2 hard x3 1/1 expert x2 1/1 medium 1/1 summoner 1/1 | roll 1.3s upd 14.4s
[brain] it 2658 [league 58%] R/ep 6.58 ent 2.30 kl 0.007 | hit/swing 39% dj/min 31.1 blk/min 0.0 abiHit 69 supHit 57 | rushdown 2/2 self 3/8 sovereign 3/6 expert 3/5 expert x2 1/1 zoner 2/2 medium 1/1 summoner 0/1 turtle 1/2 human 1/1 switcher 1/2 counter 1/1 easy 1/1 | roll 1.4s upd 13.3s
[brain] it 2659 [league 59%] R/ep 12.37 ent 2.28 kl 0.009 | hit/swing 59% dj/min 34.4 blk/min 0.2 abiHit 33 supHit 90 | sovereign 4/5 idle 3/3 self 4/6 rushdown 3/3 hard 4/4 expert x2 2/2 aerial 1/2 zoner 1/1 human 2/2 easy 1/1 expert 2/2 counter 1/1 medium 2/2 turtle 1/1 switcher 0/1 | roll 1.3s upd 13.8s
[brain] it 2660 [league 58%] R/ep 10.23 ent 2.26 kl 0.007 | hit/swing 57% dj/min 29.2 blk/min 0.2 abiHit 25 supHit 75 | easy 2/2 zoner 3/3 expert 5/5 rushdown 1/1 sovereign 3/6 self 3/10 idle 2/2 aerial 0/1 expert x2 3/3 human 2/2 switcher 1/1 medium 1/1 hard 1/1 summoner 2/2 | roll 1.2s upd 14.3s
[brain] it 2661 [league 59%] R/ep 12.97 ent 2.32 kl 0.006 | hit/swing 46% dj/min 28.6 blk/min 0.0 abiHit 76 supHit 62 | expert 5/5 zoner 2/2 idle 1/1 self 9/12 medium 4/4 rushdown 1/1 expert x2 1/1 counter 1/1 aerial 0/1 turtle 1/1 easy 4/4 hard 1/1 sovereign 1/1 | roll 1.2s upd 18.3s
[brain] it 2662 [league 58%] R/ep 11.06 ent 2.16 kl 0.009 | hit/swing 61% dj/min 35.0 blk/min 0.4 abiHit 28 supHit 85 | turtle 2/2 self 12/14 expert 2/2 aerial 3/4 hard x3 0/2 sovereign 1/2 easy 1/1 rushdown 1/1 counter 2/2 medium 1/1 summoner 2/2 zoner 1/1 idle 2/2 human 1/1 switcher 1/1 | roll 1.3s upd 20.0s
[brain] it 2663 [league 56%] R/ep 9.08 ent 2.25 kl 0.006 | hit/swing 60% dj/min 33.2 blk/min 0.1 abiHit 33 supHit 82 | expert 2/2 idle 3/3 easy 2/2 self 6/15 medium 3/3 sovereign 1/4 expert x2 2/2 human 0/1 aerial 1/1 hard x3 1/2 rushdown 1/1 zoner 1/1 hard 1/1 turtle 1/1 | roll 1.5s upd 16.6s
[brain] it 2664 [league 56%] R/ep 8.72 ent 2.31 kl 0.009 | hit/swing 52% dj/min 28.8 blk/min 0.0 abiHit 74 supHit 65 | turtle 1/1 hard 3/3 self 1/6 expert x2 1/1 summoner 3/3 medium 1/1 sovereign 3/4 human 1/1 rushdown 1/1 idle 3/3 easy 3/3 switcher 1/2 expert 5/5 aerial 1/2 | roll 1.2s upd 14.0s
[brain] it 2665 [league 55%] R/ep 9.03 ent 2.28 kl 0.008 | hit/swing 57% dj/min 30.2 blk/min 0.2 abiHit 44 supHit 77 | counter 1/2 self 5/12 switcher 2/2 idle 3/3 hard 1/1 zoner 1/1 sovereign 1/2 expert 6/6 easy 1/1 human 1/1 aerial 2/2 expert x2 1/2 medium 1/1 turtle 2/3 | roll 1.3s upd 13.5s
[brain] it 2666 [league 56%] R/ep 8.61 ent 2.38 kl 0.007 | hit/swing 52% dj/min 33.7 blk/min 0.1 abiHit 59 supHit 59 | expert 9/9 self 4/9 sovereign 2/4 expert x2 1/1 hard 4/4 idle 1/1 turtle 1/1 human 2/2 hard x3 0/1 switcher 1/1 medium 1/1 counter 1/1 | roll 1.3s upd 13.6s
[brain] it 2667 [league 54%] R/ep 11.18 ent 2.28 kl 0.008 | hit/swing 55% dj/min 31.4 blk/min 0.1 abiHit 53 supHit 84 | expert 3/3 aerial 1/2 self 3/6 summoner 2/2 sovereign 3/5 human 3/3 rushdown 1/2 idle 1/1 turtle 2/2 easy 2/2 medium 3/3 expert x2 2/2 counter 1/1 hard x3 1/2 hard 1/1 | roll 1.2s upd 14.5s
[brain] it 2668 [league 54%] R/ep 12.37 ent 2.29 kl 0.007 | hit/swing 58% dj/min 30.6 blk/min 0.1 abiHit 66 supHit 83 | easy 3/3 rushdown 2/2 expert x2 4/4 self 4/8 turtle 2/2 medium 3/3 sovereign 1/2 summoner 2/2 human 3/3 expert 2/2 idle 2/2 switcher 1/1 counter 0/1 | roll 1.1s upd 12.9s
[brain] it 2669 [league 55%] R/ep 13.28 ent 2.21 kl 0.008 | hit/swing 62% dj/min 31.7 blk/min 0.3 abiHit 46 supHit 98 | aerial 2/2 medium 3/3 counter 1/1 self 3/8 expert 5/5 expert x2 4/4 turtle 0/1 rushdown 3/3 idle 2/2 hard 2/2 sovereign 1/1 summoner 1/1 hard x3 1/1 easy 2/2 human 1/1 switcher 0/1 | roll 1.2s upd 13.6s
[brain] it 2670 [league 57%] R/ep 7.25 ent 2.39 kl 0.008 | hit/swing 49% dj/min 34.4 blk/min 0.2 abiHit 41 supHit 64 | hard 2/2 sovereign 6/6 expert 4/5 self 1/8 aerial 2/2 easy 1/1 human 2/2 rushdown 1/1 idle 1/1 summoner 1/1 medium 1/1 counter 1/1 expert x2 1/1 | roll 1.2s upd 13.7s
[brain] it 2671 [league 58%] R/ep 10.91 ent 2.37 kl 0.007 | hit/swing 49% dj/min 36.5 blk/min 0.2 abiHit 52 supHit 54 | expert 4/4 sovereign 5/7 rushdown 1/2 medium 1/1 idle 1/1 expert x2 1/1 self 4/5 hard x3 0/1 zoner 3/3 hard 2/2 easy 1/1 turtle 1/1 aerial 1/2 | roll 1.4s upd 13.3s
[brain] it 2672 [league 58%] R/ep 10.26 ent 2.31 kl 0.007 | hit/swing 44% dj/min 31.3 blk/min 0.3 abiHit 94 supHit 69 | self 4/7 turtle 1/1 human 2/2 summoner 2/2 sovereign 3/4 idle 1/1 zoner 1/1 hard 2/2 expert x2 1/1 expert 5/5 rushdown 0/1 counter 2/3 hard x3 1/2 aerial 1/1 medium 1/1 | roll 1.3s upd 13.5s
[brain] it 2673 [league 59%] R/ep 7.47 ent 2.47 kl 0.008 | hit/swing 36% dj/min 36.8 blk/min 0.3 abiHit 60 supHit 57 | sovereign 4/5 counter 3/3 expert 3/3 rushdown 1/3 self 5/11 summoner 1/1 idle 1/1 zoner 2/2 human 1/1 | roll 1.4s upd 14.5s
[brain] it 2674 [league 60%] R/ep 9.80 ent 2.18 kl 0.009 | hit/swing 62% dj/min 30.4 blk/min 0.2 abiHit 45 supHit 92 | self 7/12 counter 4/4 expert 8/8 human 2/2 sovereign 1/3 medium 4/4 rushdown 3/3 hard 1/1 easy 1/1 idle 2/2 switcher 0/1 expert x2 0/2 hard x3 0/1 summoner 1/1 | roll 1.2s upd 13.3s
[brain] it 2675 [league 60%] R/ep 9.80 ent 2.33 kl 0.006 | hit/swing 51% dj/min 35.1 blk/min 0.2 abiHit 66 supHit 66 | human 1/2 self 2/7 hard 2/2 summoner 1/1 turtle 1/1 idle 1/1 sovereign 1/2 expert x2 0/1 hard x3 2/3 expert 4/4 counter 1/1 aerial 2/3 easy 1/1 medium 1/1 zoner 1/1 | roll 1.3s upd 13.6s
[brain] it 2676 [league 60%] R/ep 6.67 ent 2.25 kl 0.006 | hit/swing 56% dj/min 28.9 blk/min 0.0 abiHit 30 supHit 61 | expert 8/8 self 2/9 aerial 1/2 idle 3/3 sovereign 1/3 hard 2/2 medium 1/1 switcher 1/1 expert x2 1/2 turtle 2/2 summoner 1/1 | roll 1.3s upd 12.4s
[brain] it 2677 [league 60%] R/ep 9.31 ent 2.24 kl 0.006 | hit/swing 60% dj/min 26.3 blk/min 0.2 abiHit 76 supHit 79 | human 4/4 summoner 3/3 sovereign 3/5 self 0/6 expert 7/7 hard x3 0/1 idle 1/1 easy 4/4 switcher 1/1 hard 1/1 aerial 0/1 medium 3/3 | roll 1.2s upd 13.4s
[brain] it 2678 [league 60%] R/ep 12.49 ent 2.36 kl 0.007 | hit/swing 66% dj/min 33.1 blk/min 0.0 abiHit 26 supHit 59 | medium 2/2 self 4/5 sovereign 1/3 expert x2 2/3 aerial 4/4 expert 5/5 easy 2/2 turtle 2/2 human 2/2 counter 1/1 hard 2/2 | roll 1.1s upd 12.3s
[brain] it 2679 [league 57%] R/ep 10.01 ent 2.31 kl 0.007 | hit/swing 49% dj/min 33.1 blk/min 0.1 abiHit 57 supHit 76 | summoner 3/3 counter 3/3 human 3/3 expert 2/2 turtle 1/1 rushdown 1/1 sovereign 4/9 switcher 4/4 hard 4/4 self 2/5 zoner 1/1 medium 1/1 idle 1/1 | roll 1.2s upd 14.0s
[brain] it 2680 [league 58%] R/ep 11.69 ent 2.35 kl 0.007 | hit/swing 57% dj/min 32.7 blk/min 0.1 abiHit 49 supHit 59 | sovereign 2/2 zoner 1/1 turtle 2/2 counter 2/2 summoner 2/2 expert 5/6 easy 3/3 self 2/6 rushdown 2/2 idle 3/3 medium 3/3 switcher 1/1 expert x2 1/1 | roll 1.1s upd 12.8s
[brain] it 2681 [league 57%] R/ep 8.65 ent 2.34 kl 0.007 | hit/swing 53% dj/min 31.6 blk/min 0.2 abiHit 51 supHit 71 | turtle 2/2 switcher 0/1 expert 6/6 sovereign 0/2 self 1/8 counter 2/2 hard x3 0/1 idle 4/4 summoner 4/4 rushdown 3/3 human 2/2 hard 1/1 zoner 1/1 | roll 1.3s upd 13.9s
[brain] it 2682 [league 59%] R/ep 10.12 ent 2.44 kl 0.010 | hit/swing 43% dj/min 38.6 blk/min 0.0 abiHit 56 supHit 48 | easy 2/2 zoner 2/2 hard x3 2/3 medium 2/2 self 3/7 sovereign 3/3 switcher 1/1 idle 2/2 expert 1/2 aerial 1/1 human 0/1 counter 0/1 turtle 0/1 rushdown 1/1 | roll 1.2s upd 13.7s
[brain] it 2683 [league 59%] R/ep 9.70 ent 2.36 kl 0.007 | hit/swing 56% dj/min 34.9 blk/min 0.2 abiHit 31 supHit 75 | medium 2/2 human 2/2 self 8/12 expert 4/4 hard 1/1 sovereign 2/5 idle 2/2 counter 2/2 turtle 1/1 zoner 1/1 aerial 0/1 rushdown 1/1 hard x3 1/1 summoner 1/1 expert x2 0/1 | roll 1.4s upd 14.2s
[brain] it 2684 [league 61%] R/ep 9.32 ent 2.37 kl 0.006 | hit/swing 53% dj/min 37.5 blk/min 0.3 abiHit 26 supHit 76 | self 5/12 rushdown 2/3 aerial 1/2 expert x2 2/2 human 3/3 sovereign 3/3 hard x3 0/1 zoner 1/1 easy 2/2 hard 1/1 expert 2/2 switcher 2/2 idle 1/1 | roll 1.3s upd 14.5s
[brain] it 2685 [league 62%] R/ep 11.18 ent 2.18 kl 0.008 | hit/swing 59% dj/min 29.0 blk/min 0.1 abiHit 41 supHit 96 | easy 3/3 self 4/8 summoner 2/2 sovereign 6/7 expert x2 1/1 expert 8/8 medium 3/3 switcher 2/2 human 1/1 rushdown 1/1 aerial 2/2 idle 2/2 hard 1/1 | roll 1.2s upd 19.1s
[brain] it 2686 [league 61%] R/ep 7.87 ent 2.24 kl 0.008 | hit/swing 50% dj/min 30.9 blk/min 0.2 abiHit 66 supHit 81 | hard 1/1 easy 2/2 self 3/11 hard x3 0/1 expert 2/2 medium 3/3 sovereign 4/9 summoner 1/2 counter 2/2 human 1/1 aerial 1/1 zoner 4/4 switcher 1/1 turtle 1/1 | roll 1.4s upd 13.9s
[brain] it 2687 [league 63%] R/ep 9.55 ent 2.36 kl 0.008 | hit/swing 47% dj/min 35.9 blk/min 0.4 abiHit 60 supHit 66 | counter 2/2 easy 2/2 expert x2 1/1 aerial 2/2 expert 5/5 human 3/4 zoner 2/2 turtle 1/1 idle 1/1 self 3/10 sovereign 3/4 medium 1/1 hard 1/1 summoner 2/2 | roll 1.3s upd 14.8s
[brain] it 2688 [league 64%] R/ep 8.38 ent 2.29 kl 0.007 | hit/swing 43% dj/min 33.2 blk/min 0.4 abiHit 109 supHit 55 | summoner 1/3 self 5/11 switcher 2/2 human 2/2 hard 1/1 idle 1/1 zoner 1/1 aerial 0/1 sovereign 2/2 turtle 1/1 easy 2/2 expert 3/3 counter 3/3 | roll 1.4s upd 15.0s
[brain] it 2689 [league 62%] R/ep 8.30 ent 2.36 kl 0.008 | hit/swing 50% dj/min 35.8 blk/min 0.0 abiHit 40 supHit 51 | human 3/3 turtle 1/1 rushdown 1/1 sovereign 3/6 aerial 1/1 self 2/6 easy 3/3 expert x2 0/1 switcher 2/2 hard 1/1 | roll 1.3s upd 13.7s
[brain] it 2690 [league 62%] R/ep 7.19 ent 2.38 kl 0.006 | hit/swing 47% dj/min 33.3 blk/min 0.1 abiHit 65 supHit 62 | sovereign 3/7 self 7/12 easy 3/3 expert 3/3 turtle 1/1 zoner 1/1 medium 1/1 summoner 2/2 rushdown 0/1 aerial 0/1 human 1/1 expert x2 1/1 idle 1/1 counter 1/1 | roll 1.4s upd 13.8s
[brain] it 2691 [league 62%] R/ep 7.94 ent 2.38 kl 0.009 | hit/swing 43% dj/min 33.6 blk/min 0.2 abiHit 92 supHit 58 | self 6/15 easy 3/3 medium 2/2 switcher 1/2 hard 1/1 expert 3/3 zoner 3/3 rushdown 1/2 sovereign 2/3 human 1/2 expert x2 1/1 turtle 0/1 | roll 1.5s upd 16.0s
[brain] it 2692 [league 61%] R/ep 9.93 ent 2.41 kl 0.007 | hit/swing 51% dj/min 32.8 blk/min 0.0 abiHit 61 supHit 59 | sovereign 3/4 turtle 2/2 hard 4/4 self 0/3 switcher 4/4 aerial 1/2 expert 2/2 medium 2/2 summoner 1/1 counter 1/2 expert x2 0/1 human 0/2 idle 1/1 rushdown 0/1 zoner 1/1 hard x3 0/1 | roll 1.2s upd 15.0s
[brain] it 2693 [league 60%] R/ep 11.93 ent 2.30 kl 0.008 | hit/swing 54% dj/min 34.1 blk/min 0.1 abiHit 59 supHit 66 | medium 3/3 hard x3 2/3 expert 3/3 sovereign 4/7 self 4/6 zoner 1/1 turtle 4/4 idle 2/2 counter 2/2 rushdown 0/1 expert x2 1/1 easy 1/1 | roll 1.3s upd 14.3s
[brain] it 2694 [league 60%] R/ep 11.39 ent 2.25 kl 0.007 | hit/swing 49% dj/min 31.4 blk/min 0.1 abiHit 82 supHit 79 | self 7/11 counter 3/4 expert 7/8 sovereign 1/1 rushdown 3/3 hard 1/1 medium 3/3 zoner 2/2 easy 1/1 switcher 2/2 expert x2 1/2 human 1/1 summoner 1/1 idle 1/1 aerial 0/1 | roll 1.3s upd 16.0s
[brain] it 2695 [league 56%] R/ep 5.70 ent 2.38 kl 0.006 | hit/swing 58% dj/min 33.6 blk/min 0.4 abiHit 31 supHit 57 | expert 3/3 sovereign 4/9 human 1/1 hard 2/2 easy 2/2 self 3/7 turtle 1/2 counter 2/2 switcher 2/3 medium 3/3 summoner 1/1 expert x2 0/1 aerial 1/1 | roll 1.4s upd 16.1s
[brain] it 2696 [league 58%] R/ep 10.89 ent 2.25 kl 0.005 | hit/swing 60% dj/min 30.0 blk/min 0.1 abiHit 35 supHit 85 | rushdown 3/3 turtle 5/5 sovereign 4/7 expert 6/6 summoner 1/1 human 0/1 idle 2/2 easy 2/2 medium 3/3 self 3/6 switcher 1/1 hard 1/1 hard x3 1/1 | roll 1.5s upd 15.7s
[brain] it 2697 [league 59%] R/ep 7.82 ent 2.44 kl 0.010 | hit/swing 48% dj/min 38.3 blk/min 0.1 abiHit 46 supHit 51 | self 3/6 sovereign 3/5 expert 4/4 hard 1/1 human 0/1 switcher 0/1 easy 2/2 aerial 2/2 idle 1/1 zoner 1/1 rushdown 0/1 expert x2 1/1 turtle 3/3 medium 1/1 | roll 1.4s upd 13.6s
[brain] it 2698 [league 59%] R/ep 8.59 ent 2.38 kl 0.008 | hit/swing 52% dj/min 30.8 blk/min 0.0 abiHit 61 supHit 67 | counter 1/1 sovereign 4/6 self 4/9 expert x2 1/1 rushdown 1/1 idle 2/2 expert 6/6 turtle 2/2 summoner 1/1 hard 2/2 medium 1/1 aerial 1/3 | roll 1.3s upd 13.8s
[brain] it 2699 [league 61%] R/ep 12.08 ent 2.20 kl 0.008 | hit/swing 51% dj/min 26.5 blk/min 0.2 abiHit 76 supHit 71 | self 6/10 rushdown 1/1 summoner 2/2 easy 2/2 counter 1/1 zoner 1/1 human 3/3 hard x3 0/1 hard 4/4 expert 3/3 aerial 2/2 sovereign 2/2 expert x2 2/3 idle 1/1 turtle 1/1 | roll 1.3s upd 15.2s
[brain] it 2700 [league 62%] R/ep 9.63 ent 2.20 kl 0.007 | hit/swing 54% dj/min 29.0 blk/min 0.1 abiHit 54 supHit 79 | summoner 1/1 aerial 1/1 self 12/14 expert 6/8 expert x2 2/4 easy 2/2 sovereign 3/5 rushdown 1/1 medium 1/1 counter 2/2 idle 1/1 hard 1/1 zoner 1/1 | roll 1.3s upd 13.7s
[brain] it 2701 [league 60%] R/ep 13.00 ent 2.21 kl 0.008 | hit/swing 55% dj/min 32.2 blk/min 0.1 abiHit 42 supHit 58 | expert 6/6 rushdown 1/1 sovereign 1/3 zoner 2/2 human 3/3 medium 2/2 hard x3 0/1 expert x2 1/1 easy 1/1 self 2/2 switcher 1/1 idle 1/1 hard 1/1 | roll 5.4s upd 10.8s
[brain] it 2702 [league 61%] R/ep 6.95 ent 2.41 kl 0.007 | hit/swing 48% dj/min 36.8 blk/min 0.1 abiHit 26 supHit 33 | self 2/8 medium 2/2 hard x3 1/1 idle 1/1 summoner 1/1 sovereign 2/3 expert 3/3 expert x2 0/1 zoner 1/1 human 0/1 | roll 5.4s upd 12.9s
[brain] it 2703 [league 61%] R/ep 10.51 ent 2.31 kl 0.007 | hit/swing 59% dj/min 31.2 blk/min 0.1 abiHit 17 supHit 42 | self 4/7 expert x2 1/1 expert 4/4 zoner 2/2 turtle 1/1 summoner 1/1 hard x3 1/1 sovereign 3/4 | roll 5.4s upd 10.8s
[brain] it 2704 [league 62%] R/ep 14.44 ent 2.28 kl 0.006 | hit/swing 59% dj/min 30.4 blk/min 0.1 abiHit 55 supHit 80 | zoner 5/5 switcher 2/2 self 4/7 hard x3 2/4 human 1/1 sovereign 2/3 expert 3/3 idle 1/1 counter 2/2 hard 3/3 expert x2 1/2 easy 3/3 rushdown 1/2 medium 1/1 turtle 1/1 | roll 1.3s upd 15.4s
[brain] it 2705 [league 62%] R/ep 11.90 ent 2.28 kl 0.008 | hit/swing 58% dj/min 33.1 blk/min 0.1 abiHit 52 supHit 79 | self 1/7 sovereign 2/2 medium 2/2 idle 3/3 aerial 2/2 expert x2 1/1 hard x3 2/5 human 4/4 summoner 3/3 turtle 1/1 counter 1/1 | roll 1.4s upd 15.7s
[brain] it 2706 [league 62%] R/ep 12.30 ent 2.35 kl 0.007 | hit/swing 55% dj/min 33.5 blk/min 0.2 abiHit 41 supHit 67 | easy 2/2 self 2/3 counter 1/1 expert 4/5 sovereign 3/4 human 1/1 idle 1/1 switcher 3/3 zoner 1/1 turtle 1/2 hard 3/3 aerial 0/2 medium 3/3 hard x3 2/2 | roll 1.3s upd 14.2s
[brain] it 2707 [league 61%] R/ep 10.00 ent 2.36 kl 0.006 | hit/swing 54% dj/min 35.7 blk/min 0.1 abiHit 42 supHit 77 | idle 1/1 self 3/10 turtle 1/1 switcher 4/4 rushdown 1/1 zoner 1/1 aerial 1/1 expert 8/8 sovereign 4/5 hard 1/1 human 2/2 expert x2 1/1 | roll 1.4s upd 13.1s
[brain] it 2708 [league 64%] R/ep 11.86 ent 2.17 kl 0.007 | hit/swing 59% dj/min 30.2 blk/min 0.0 abiHit 44 supHit 84 | sovereign 5/6 self 8/11 idle 4/4 summoner 1/1 zoner 3/3 expert 6/6 hard 3/3 hard x3 0/1 aerial 1/1 turtle 3/3 human 1/1 medium 2/2 easy 1/1 | roll 1.4s upd 14.4s
[brain] it 2709 [league 64%] R/ep 13.88 ent 2.38 kl 0.007 | hit/swing 52% dj/min 36.2 blk/min 0.1 abiHit 31 supHit 95 | expert 9/9 self 4/11 turtle 1/1 switcher 2/3 hard x3 3/3 expert x2 2/2 zoner 1/1 sovereign 1/1 easy 1/1 rushdown 1/1 human 2/2 idle 1/1 | roll 1.5s upd 16.9s
[brain] it 2710 [league 66%] R/ep 11.69 ent 2.35 kl 0.008 | hit/swing 51% dj/min 35.6 blk/min 0.1 abiHit 61 supHit 86 | expert 7/7 zoner 2/2 self 8/13 turtle 1/1 sovereign 4/4 expert x2 1/1 rushdown 2/2 summoner 1/1 aerial 1/1 human 1/1 medium 1/1 switcher 1/1 counter 0/1 hard 1/1 hard x3 1/1 | roll 1.5s upd 16.8s
[brain] it 2711 [league 64%] R/ep 10.23 ent 2.29 kl 0.008 | hit/swing 46% dj/min 29.1 blk/min 0.2 abiHit 83 supHit 64 | self 2/6 hard 3/3 sovereign 2/4 medium 1/1 expert 4/4 aerial 4/4 zoner 2/2 idle 3/3 turtle 2/2 rushdown 0/1 counter 2/2 hard x3 0/1 | roll 1.6s upd 15.4s
[brain] it 2712 [league 63%] R/ep 7.96 ent 2.33 kl 0.007 | hit/swing 52% dj/min 32.0 blk/min 0.2 abiHit 46 supHit 77 | aerial 2/2 switcher 3/5 self 4/9 easy 2/2 expert 1/1 sovereign 2/6 counter 2/2 turtle 1/1 expert x2 2/2 hard x3 0/1 zoner 1/1 rushdown 1/1 idle 2/2 summoner 1/1 medium 1/1 | roll 1.5s upd 16.5s
[brain] it 2713 [league 63%] R/ep 8.91 ent 2.43 kl 0.008 | hit/swing 48% dj/min 36.3 blk/min 0.2 abiHit 55 supHit 56 | expert 5/5 aerial 3/3 self 5/11 sovereign 0/1 expert x2 2/3 switcher 1/1 hard 2/2 zoner 2/2 medium 2/2 turtle 1/1 easy 1/1 | roll 1.5s upd 14.8s
[brain] it 2714 [league 63%] R/ep 9.32 ent 2.38 kl 0.007 | hit/swing 49% dj/min 36.0 blk/min 0.1 abiHit 44 supHit 66 | switcher 1/1 aerial 2/2 rushdown 1/1 self 6/13 sovereign 2/4 counter 2/2 human 2/2 expert 4/4 expert x2 2/2 medium 1/1 zoner 2/2 summoner 2/2 | roll 1.3s upd 14.6s
[brain] it 2715 [league 61%] R/ep 10.55 ent 2.20 kl 0.009 | hit/swing 57% dj/min 33.2 blk/min 0.3 abiHit 52 supHit 99 | self 8/10 expert x2 2/2 expert 5/5 easy 2/2 sovereign 5/10 zoner 2/2 hard x3 1/3 turtle 1/1 rushdown 0/1 summoner 2/2 medium 1/1 switcher 1/1 idle 1/1 aerial 1/1 | roll 1.4s upd 14.9s
[brain] it 2716 [league 62%] R/ep 13.28 ent 2.26 kl 0.008 | hit/swing 52% dj/min 32.7 blk/min 0.2 abiHit 64 supHit 90 | sovereign 3/4 self 5/7 expert 4/4 counter 2/2 human 3/3 easy 3/3 expert x2 2/2 rushdown 1/2 summoner 1/1 zoner 1/1 hard 3/3 switcher 3/3 idle 1/1 turtle 1/1 | roll 1.4s upd 16.1s
[brain] it 2717 [league 62%] R/ep 11.38 ent 2.39 kl 0.008 | hit/swing 44% dj/min 35.2 blk/min 0.3 abiHit 73 supHit 70 | hard x3 1/5 counter 2/2 medium 1/1 zoner 2/2 rushdown 2/2 self 4/6 expert x2 1/1 switcher 2/2 aerial 0/1 expert 2/2 summoner 0/1 sovereign 1/2 human 2/2 | roll 1.6s upd 17.4s
[brain] it 2718 [league 62%] R/ep 10.34 ent 2.29 kl 0.007 | hit/swing 52% dj/min 37.0 blk/min 0.1 abiHit 27 supHit 71 | aerial 3/4 self 6/13 expert 4/4 zoner 1/1 medium 1/1 hard 2/2 turtle 1/1 rushdown 1/1 hard x3 1/2 easy 1/1 | roll 1.5s upd 14.7s
[brain] it 2719 [league 62%] R/ep 11.89 ent 2.34 kl 0.008 | hit/swing 55% dj/min 34.4 blk/min 0.0 abiHit 44 supHit 71 | hard x3 0/2 self 8/10 expert 4/5 medium 2/2 counter 2/2 sovereign 1/1 hard 1/1 human 3/3 easy 2/2 summoner 2/2 idle 2/2 turtle 1/1 switcher 0/1 | roll 1.3s upd 15.0s
[brain] it 2720 [league 64%] R/ep 9.88 ent 2.24 kl 0.007 | hit/swing 53% dj/min 32.0 blk/min 0.2 abiHit 35 supHit 91 | zoner 2/2 idle 3/3 aerial 2/2 self 8/14 summoner 1/1 sovereign 4/6 expert x2 1/1 human 2/2 hard 2/2 medium 1/1 expert 4/4 turtle 1/1 switcher 2/2 easy 1/1 counter 1/1 rushdown 0/1 | roll 1.4s upd 15.2s
[brain] it 2721 [league 62%] R/ep 10.13 ent 2.28 kl 0.008 | hit/swing 54% dj/min 30.3 blk/min 0.3 abiHit 59 supHit 72 | aerial 4/4 self 4/9 switcher 1/1 expert x2 2/3 zoner 2/2 expert 3/3 hard 2/2 sovereign 0/4 turtle 1/1 medium 3/3 idle 2/2 counter 1/1 easy 2/2 rushdown 1/1 | roll 1.3s upd 16.4s
[brain] it 2722 [league 61%] R/ep 11.13 ent 2.40 kl 0.008 | hit/swing 42% dj/min 34.0 blk/min 0.1 abiHit 89 supHit 62 | self 5/9 switcher 1/1 sovereign 3/6 zoner 3/3 hard x3 1/1 turtle 1/1 expert x2 1/1 expert 3/3 medium 2/2 summoner 1/1 easy 1/1 idle 1/1 human 1/1 hard 1/1 | roll 1.5s upd 16.3s
[brain] it 2723 [league 61%] R/ep 8.77 ent 2.21 kl 0.006 | hit/swing 60% dj/min 30.2 blk/min 0.2 abiHit 40 supHit 89 | idle 2/2 self 6/12 rushdown 1/1 summoner 5/5 expert 4/4 human 0/1 medium 1/1 sovereign 4/6 hard 1/1 easy 1/1 expert x2 1/1 zoner 1/1 counter 1/1 turtle 1/1 hard x3 0/2 | roll 1.7s upd 17.0s
[brain] it 2724 [league 61%] R/ep 7.30 ent 2.30 kl 0.006 | hit/swing 57% dj/min 28.0 blk/min 0.3 abiHit 51 supHit 54 | expert 8/8 self 3/12 sovereign 1/2 summoner 1/1 idle 6/6 counter 2/2 human 1/1 turtle 0/1 hard 1/1 hard x3 0/2 | roll 1.7s upd 17.1s
[brain] it 2725 [league 61%] R/ep 11.14 ent 2.25 kl 0.007 | hit/swing 50% dj/min 30.1 blk/min 0.1 abiHit 70 supHit 79 | hard 1/1 idle 3/3 summoner 1/1 hard x3 1/2 self 6/11 easy 4/4 switcher 2/2 expert 2/2 aerial 3/3 sovereign 1/2 medium 1/1 counter 1/1 zoner 1/1 human 1/1 | roll 1.6s upd 13.9s
[brain] it 2726 [league 60%] R/ep 11.78 ent 2.37 kl 0.006 | hit/swing 41% dj/min 34.8 blk/min 0.0 abiHit 92 supHit 59 | sovereign 1/3 switcher 0/1 zoner 3/3 expert 6/6 self 5/8 rushdown 2/3 counter 2/2 expert x2 1/1 human 1/1 easy 1/1 hard 1/1 hard x3 0/1 medium 1/1 | roll 1.3s upd 14.6s
[brain] it 2727 [league 59%] R/ep 7.66 ent 2.45 kl 0.006 | hit/swing 39% dj/min 35.7 blk/min 0.1 abiHit 60 supHit 61 | medium 2/2 counter 1/2 self 6/11 expert x2 1/1 easy 1/1 idle 1/1 expert 3/3 switcher 0/1 summoner 1/1 zoner 2/2 hard x3 1/2 sovereign 2/3 aerial 0/1 rushdown 1/1 | roll 1.4s upd 14.3s
[brain] it 2728 [league 61%] R/ep 9.62 ent 2.45 kl 0.008 | hit/swing 52% dj/min 38.9 blk/min 0.0 abiHit 46 supHit 59 | human 3/5 turtle 1/1 hard 4/4 expert 4/4 self 1/5 sovereign 3/4 switcher 3/3 counter 1/1 hard x3 0/1 easy 1/1 zoner 1/1 expert x2 0/1 | roll 1.7s upd 15.0s
[brain] it 2729 [league 62%] R/ep 7.67 ent 2.33 kl 0.008 | hit/swing 47% dj/min 35.4 blk/min 0.0 abiHit 76 supHit 62 | aerial 5/5 sovereign 2/2 human 0/3 summoner 3/3 switcher 1/1 self 1/8 hard 1/1 expert 1/1 medium 1/1 hard x3 1/2 easy 3/3 counter 1/1 zoner 1/1 | roll 1.5s upd 18.5s
[brain] it 2730 [league 63%] R/ep 12.42 ent 2.33 kl 0.005 | hit/swing 54% dj/min 33.0 blk/min 0.2 abiHit 56 supHit 70 | hard x3 2/3 summoner 2/2 hard 2/2 self 3/7 human 2/2 sovereign 3/3 expert 5/5 idle 1/1 aerial 1/1 rushdown 1/1 counter 1/1 switcher 2/2 expert x2 1/1 | roll 1.6s upd 19.7s
[brain] SIGINT: finishing this iteration then saving
[brain] it 2731 [league 63%] R/ep 10.00 ent 2.28 kl 0.009 | hit/swing 50% dj/min 32.2 blk/min 0.1 abiHit 46 supHit 73 | human 1/1 self 4/14 hard 2/2 turtle 1/1 sovereign 2/2 zoner 3/3 expert 6/6 aerial 2/2 easy 2/2 medium 2/2 rushdown 1/1 idle 2/2 expert x2 1/1 | roll 1.5s upd 13.8s
[brain] stopped at iteration 2731; saved to data/brain/
[brain] server :8120, launching 3 workers
[brain] resumed at iteration 2731, stage league
[brain] it 2732 [league 62%] R/ep 7.76 ent 2.42 kl 0.008 | hit/swing 41% dj/min 38.2 blk/min 0.1 abiHit 65 supHit 52 | self 3/9 expert 6/6 medium 1/1 easy 1/1 counter 1/2 aerial 2/4 sovereign 3/5 summoner 1/1 hard x3 1/1 switcher 1/1 idle 1/1 | roll 1.5s upd 14.6s
[brain] it 2733 [league 62%] R/ep 10.30 ent 2.29 kl 0.006 | hit/swing 49% dj/min 32.7 blk/min 0.1 abiHit 73 supHit 62 | expert 4/4 idle 5/5 self 5/11 sovereign 2/3 hard 0/1 counter 4/4 turtle 2/2 human 2/2 expert x2 1/1 aerial 2/2 easy 1/1 summoner 1/1 | roll 1.4s upd 17.3s
[brain] it 2734 [league 62%] R/ep 10.65 ent 2.28 kl 0.008 | hit/swing 51% dj/min 34.7 blk/min 0.1 abiHit 66 supHit 85 | easy 2/2 sovereign 5/6 expert 3/3 zoner 1/1 counter 1/1 turtle 4/4 medium 2/2 hard x3 1/2 rushdown 2/4 self 1/7 summoner 2/2 aerial 2/2 | roll 1.6s upd 14.7s
[brain] it 2735 [league 60%] R/ep 7.94 ent 2.46 kl 0.007 | hit/swing 47% dj/min 39.9 blk/min 0.3 abiHit 20 supHit 52 | expert 5/5 medium 1/1 rushdown 1/2 self 3/8 zoner 2/2 turtle 2/4 aerial 1/1 easy 1/1 counter 0/1 sovereign 0/3 human 1/1 | roll 1.5s upd 14.7s
[brain] it 2736 [league 59%] R/ep 11.25 ent 2.40 kl 0.007 | hit/swing 46% dj/min 36.2 blk/min 0.1 abiHit 60 supHit 83 | aerial 3/3 sovereign 8/9 expert 4/4 expert x2 2/2 self 2/7 medium 2/2 turtle 1/1 counter 2/2 summoner 1/1 zoner 1/1 hard x3 0/1 idle 2/2 | roll 1.6s upd 13.6s
[brain] it 2737 [league 59%] R/ep 9.64 ent 2.38 kl 0.009 | hit/swing 50% dj/min 34.2 blk/min 0.1 abiHit 41 supHit 60 | expert 5/5 easy 1/1 expert x2 1/1 self 6/11 counter 2/2 idle 3/3 sovereign 1/3 switcher 1/1 turtle 1/1 summoner 1/1 rushdown 1/1 hard x3 0/1 zoner 1/1 aerial 1/1 | roll 1.3s upd 14.1s
[brain] it 2738 [league 61%] R/ep 11.08 ent 2.25 kl 0.007 | hit/swing 57% dj/min 32.9 blk/min 0.3 abiHit 35 supHit 83 | sovereign 6/9 easy 3/3 self 4/11 expert 3/3 summoner 2/2 hard x3 1/1 expert x2 1/1 counter 1/1 zoner 6/6 aerial 3/3 hard 2/2 idle 1/1 rushdown 1/1 | roll 1.6s upd 13.6s
[brain] it 2739 [league 63%] R/ep 10.00 ent 2.34 kl 0.006 | hit/swing 50% dj/min 33.1 blk/min 0.1 abiHit 44 supHit 71 | rushdown 2/3 zoner 2/2 summoner 2/2 expert 4/4 self 2/7 counter 2/3 aerial 2/2 idle 4/4 easy 2/2 expert x2 0/1 sovereign 4/5 switcher 1/2 | roll 1.5s upd 14.7s
[brain] it 2740 [league 63%] R/ep 6.50 ent 2.45 kl 0.008 | hit/swing 37% dj/min 36.4 blk/min 0.1 abiHit 49 supHit 39 | self 3/6 hard x3 0/1 human 1/3 zoner 2/2 turtle 2/2 hard 1/1 switcher 1/1 rushdown 1/1 expert 1/1 aerial 0/1 summoner 1/1 expert x2 0/1 sovereign 1/2 | roll 1.5s upd 13.9s
[brain] it 2741 [league 62%] R/ep 6.50 ent 2.57 kl 0.006 | hit/swing 43% dj/min 40.6 blk/min 0.2 abiHit 36 supHit 51 | counter 2/2 sovereign 5/10 expert 3/3 summoner 2/2 medium 3/3 rushdown 2/2 self 2/5 human 0/1 turtle 1/1 zoner 1/1 switcher 1/1 idle 1/1 | roll 1.6s upd 16.1s
[brain] it 2742 [league 62%] R/ep 8.05 ent 2.48 kl 0.008 | hit/swing 42% dj/min 40.8 blk/min 0.2 abiHit 57 supHit 48 | medium 3/3 hard 3/3 self 4/9 expert 2/2 human 2/3 easy 1/1 turtle 1/1 counter 0/1 summoner 1/1 sovereign 1/3 expert x2 1/1 switcher 1/1 rushdown 1/1 | roll 1.3s upd 13.9s
[brain] it 2743 [league 61%] R/ep 1.82 ent 2.56 kl 0.008 | hit/swing 41% dj/min 42.1 blk/min 0.1 abiHit 46 supHit 36 | rushdown 0/1 medium 1/1 sovereign 3/7 self 3/6 human 1/1 switcher 2/2 expert x2 1/2 aerial 0/2 expert 1/1 turtle 0/1 zoner 1/1 hard x3 0/1 counter 0/1 | roll 1.7s upd 15.8s
[brain] it 2744 [league 66%] R/ep 9.29 ent 2.28 kl 0.006 | hit/swing 66% dj/min 31.9 blk/min 0.4 abiHit 47 supHit 86 | self 6/14 idle 3/3 hard 2/2 sovereign 8/8 expert 5/5 rushdown 1/1 turtle 2/2 aerial 1/1 easy 1/1 medium 1/1 human 1/1 zoner 2/2 summoner 1/1 expert x2 1/1 counter 1/1 | roll 1.6s upd 15.0s
[brain] it 2745 [league 65%] R/ep 14.92 ent 2.31 kl 0.007 | hit/swing 53% dj/min 34.1 blk/min 0.2 abiHit 60 supHit 76 | aerial 2/5 self 1/5 switcher 2/2 idle 2/2 expert x2 3/3 hard 2/2 zoner 6/6 easy 2/2 rushdown 2/2 sovereign 2/3 summoner 2/2 expert 2/2 hard x3 1/1 counter 2/2 | roll 1.4s upd 16.1s
[brain] it 2746 [league 66%] R/ep 11.12 ent 2.30 kl 0.008 | hit/swing 51% dj/min 32.0 blk/min 0.1 abiHit 66 supHit 63 | idle 1/1 expert x2 1/1 expert 8/8 summoner 1/1 self 5/7 hard x3 1/1 sovereign 2/2 easy 3/3 turtle 1/2 aerial 0/1 rushdown 0/1 switcher 1/1 medium 1/1 | roll 1.4s upd 15.1s
[brain] it 2747 [league 67%] R/ep 10.37 ent 2.32 kl 0.008 | hit/swing 48% dj/min 30.8 blk/min 0.4 abiHit 60 supHit 77 | rushdown 3/3 sovereign 3/4 self 7/11 expert 6/6 summoner 1/2 idle 2/2 hard x3 1/1 human 2/2 aerial 1/1 expert x2 0/1 turtle 1/1 easy 1/1 | roll 1.5s upd 16.7s
[brain] it 2748 [league 67%] R/ep 9.20 ent 2.43 kl 0.005 | hit/swing 44% dj/min 33.8 blk/min 0.1 abiHit 82 supHit 47 | switcher 2/2 self 0/6 sovereign 1/3 idle 2/2 hard x3 1/1 turtle 1/1 expert 8/9 medium 2/2 summoner 1/1 aerial 1/1 counter 1/1 hard 1/1 expert x2 1/1 human 0/1 | roll 1.5s upd 15.2s
[brain] it 2749 [league 68%] R/ep 11.28 ent 2.49 kl 0.007 | hit/swing 57% dj/min 35.2 blk/min 0.0 abiHit 64 supHit 58 | expert x2 1/1 zoner 4/4 expert 7/7 summoner 5/5 self 3/7 idle 3/3 turtle 1/1 sovereign 3/4 easy 1/1 human 1/1 hard 1/1 | roll 1.4s upd 14.9s
[brain] it 2750 [league 65%] R/ep 10.03 ent 2.18 kl 0.007 | hit/swing 68% dj/min 32.3 blk/min 0.2 abiHit 23 supHit 98 | easy 2/2 hard 2/2 human 1/1 summoner 2/2 sovereign 3/7 hard x3 1/2 self 5/10 switcher 1/1 counter 1/1 expert 5/5 idle 2/2 rushdown 2/2 aerial 2/2 medium 2/2 | roll 1.6s upd 15.5s
[brain] it 2751 [league 64%] R/ep 11.10 ent 2.24 kl 0.008 | hit/swing 65% dj/min 29.2 blk/min 0.2 abiHit 46 supHit 79 | medium 1/1 easy 5/5 sovereign 4/5 self 4/9 switcher 2/2 turtle 1/1 expert 3/3 aerial 1/1 counter 2/2 summoner 1/1 hard 1/1 expert x2 1/1 hard x3 1/3 | roll 1.9s upd 15.5s
[brain] it 2752 [league 64%] R/ep 9.95 ent 2.35 kl 0.008 | hit/swing 53% dj/min 35.9 blk/min 0.2 abiHit 27 supHit 65 | rushdown 1/2 sovereign 2/3 self 6/9 easy 2/2 aerial 1/1 expert 3/3 hard x3 0/2 turtle 3/5 switcher 2/2 medium 1/1 zoner 2/2 idle 1/1 summoner 1/1 hard 1/1 | roll 1.8s upd 18.1s
[brain] it 2753 [league 64%] R/ep 12.47 ent 2.31 kl 0.009 | hit/swing 53% dj/min 33.4 blk/min 0.1 abiHit 44 supHit 80 | expert x2 2/3 sovereign 1/3 medium 3/3 zoner 2/2 expert 4/4 self 3/5 counter 2/2 hard 1/1 rushdown 2/4 summoner 2/3 hard x3 1/1 turtle 1/1 idle 2/2 | roll 1.4s upd 15.8s
[brain] it 2754 [league 63%] R/ep 10.74 ent 2.28 kl 0.006 | hit/swing 56% dj/min 30.7 blk/min 0.3 abiHit 31 supHit 63 | self 3/10 expert 7/7 sovereign 2/4 human 2/3 expert x2 1/1 medium 2/2 turtle 2/2 rushdown 1/1 zoner 3/3 easy 2/2 counter 3/3 idle 1/1 | roll 1.6s upd 16.1s
[brain] it 2755 [league 62%] R/ep 11.38 ent 2.30 kl 0.006 | hit/swing 48% dj/min 32.6 blk/min 0.2 abiHit 61 supHit 85 | self 5/9 expert 6/6 hard x3 1/1 counter 1/1 medium 3/3 easy 2/2 hard 2/2 zoner 2/2 aerial 1/1 switcher 2/2 sovereign 2/5 turtle 2/2 idle 1/1 human 2/2 | roll 1.5s upd 16.2s
[brain] it 2756 [league 62%] R/ep 7.54 ent 2.33 kl 0.007 | hit/swing 46% dj/min 28.6 blk/min 0.1 abiHit 70 supHit 55 | switcher 1/2 self 6/12 rushdown 0/1 summoner 1/2 expert 5/5 counter 2/2 idle 2/2 hard 3/3 hard x3 1/1 easy 1/1 | roll 1.6s upd 16.3s
[brain] it 2757 [league 63%] R/ep 12.54 ent 2.35 kl 0.007 | hit/swing 46% dj/min 29.5 blk/min 0.1 abiHit 103 supHit 64 | expert 8/8 self 2/5 hard 3/3 idle 1/1 rushdown 1/2 sovereign 3/3 aerial 1/1 medium 2/2 easy 3/3 expert x2 1/1 counter 1/1 human 2/2 turtle 1/1 | roll 1.8s upd 17.5s
[brain] it 2758 [league 59%] R/ep 10.15 ent 2.30 kl 0.008 | hit/swing 55% dj/min 34.8 blk/min 0.3 abiHit 30 supHit 95 | self 4/9 rushdown 1/1 idle 3/3 easy 3/3 counter 1/1 sovereign 2/7 expert x2 1/1 turtle 1/1 human 3/3 hard x3 1/3 zoner 3/3 hard 2/2 expert 2/2 switcher 1/1 | roll 1.6s upd 16.8s
[brain] it 2759 [league 60%] R/ep 7.54 ent 2.38 kl 0.007 | hit/swing 47% dj/min 35.2 blk/min 0.3 abiHit 34 supHit 60 | self 3/10 rushdown 1/2 medium 2/2 aerial 4/4 easy 1/1 expert 4/4 expert x2 1/1 sovereign 2/4 idle 1/1 zoner 1/1 hard x3 0/2 | roll 2.0s upd 18.6s
[brain] it 2760 [league 59%] R/ep 9.11 ent 2.31 kl 0.007 | hit/swing 53% dj/min 35.5 blk/min 0.2 abiHit 16 supHit 78 | self 5/8 idle 3/3 human 2/2 rushdown 0/2 expert 4/4 hard x3 0/2 hard 2/2 sovereign 1/3 aerial 1/2 summoner 1/1 expert x2 2/2 medium 1/1 easy 2/2 | roll 1.8s upd 20.5s
[brain] it 2761 [league 59%] R/ep 11.10 ent 2.27 kl 0.008 | hit/swing 47% dj/min 29.0 blk/min 0.2 abiHit 77 supHit 74 | self 7/9 turtle 3/3 expert x2 2/2 counter 1/1 expert 4/5 medium 2/2 easy 2/2 hard x3 0/2 sovereign 2/3 hard 1/1 summoner 1/1 idle 1/1 switcher 0/1 rushdown 1/1 | roll 1.7s upd 17.0s
[brain] it 2762 [league 59%] R/ep 10.93 ent 2.36 kl 0.007 | hit/swing 49% dj/min 31.4 blk/min 0.2 abiHit 82 supHit 58 | easy 3/3 expert 7/7 sovereign 3/4 switcher 3/4 idle 2/2 summoner 2/2 self 2/5 expert x2 1/1 zoner 2/2 turtle 1/1 aerial 1/1 human 1/1 medium 1/1 | roll 1.5s upd 16.3s
[brain] it 2763 [league 59%] R/ep 8.85 ent 2.32 kl 0.008 | hit/swing 56% dj/min 36.4 blk/min 0.3 abiHit 19 supHit 72 | zoner 1/1 expert 4/4 sovereign 5/7 self 7/9 idle 2/2 hard x3 0/1 counter 2/2 medium 1/1 switcher 1/2 summoner 2/2 human 1/1 rushdown 1/1 hard 1/1 aerial 1/1 | roll 1.7s upd 16.8s
[brain] it 2764 [league 60%] R/ep 8.10 ent 2.27 kl 0.007 | hit/swing 52% dj/min 30.2 blk/min 0.2 abiHit 30 supHit 80 | self 3/11 summoner 3/3 rushdown 0/1 hard x3 1/4 switcher 1/1 medium 1/1 aerial 1/1 counter 2/2 hard 3/3 easy 1/1 expert x2 1/1 expert 1/1 sovereign 2/2 idle 1/1 human 1/1 | roll 1.6s upd 16.3s
[brain] it 2765 [league 61%] R/ep 9.72 ent 2.32 kl 0.007 | hit/swing 53% dj/min 29.8 blk/min 0.3 abiHit 60 supHit 68 | switcher 0/2 expert x2 2/3 summoner 1/1 expert 7/8 hard 3/3 self 4/9 zoner 1/1 turtle 1/1 aerial 2/2 counter 1/1 sovereign 1/1 medium 2/2 | roll 1.5s upd 17.7s
[brain] it 2766 [league 63%] R/ep 9.33 ent 2.30 kl 0.007 | hit/swing 51% dj/min 32.4 blk/min 0.1 abiHit 46 supHit 81 | sovereign 5/6 hard x3 1/2 zoner 2/2 self 4/11 medium 2/2 switcher 2/3 turtle 1/2 idle 2/2 expert 4/4 summoner 1/1 expert x2 0/1 easy 1/1 | roll 1.7s upd 16.4s
[brain] it 2767 [league 62%] R/ep 7.84 ent 2.34 kl 0.008 | hit/swing 54% dj/min 33.6 blk/min 0.2 abiHit 58 supHit 74 | self 7/15 human 2/2 counter 1/1 idle 1/1 hard x3 0/2 expert 4/4 hard 2/2 sovereign 2/4 turtle 1/1 rushdown 1/1 medium 2/2 summoner 2/2 expert x2 1/1 easy 2/2 | roll 1.6s upd 17.8s
[brain] it 2768 [league 63%] R/ep 11.42 ent 2.33 kl 0.010 | hit/swing 60% dj/min 26.1 blk/min 0.4 abiHit 50 supHit 64 | turtle 1/1 rushdown 2/2 expert 9/9 idle 2/2 self 1/5 hard 4/4 sovereign 1/1 summoner 1/1 zoner 1/1 hard x3 0/1 aerial 1/1 human 1/1 switcher 1/2 | roll 1.3s upd 16.8s
[brain] it 2769 [league 65%] R/ep 8.94 ent 2.24 kl 0.008 | hit/swing 55% dj/min 31.8 blk/min 0.5 abiHit 30 supHit 74 | self 4/7 sovereign 6/7 human 2/2 summoner 2/2 expert 4/4 rushdown 0/3 idle 2/2 medium 2/2 expert x2 2/3 easy 1/1 aerial 2/2 hard 1/1 switcher 1/1 counter 1/1 hard x3 0/1 | roll 1.6s upd 16.1s
[brain] it 2770 [league 64%] R/ep 6.10 ent 2.33 kl 0.007 | hit/swing 47% dj/min 29.6 blk/min 0.3 abiHit 52 supHit 60 | self 6/13 human 0/1 switcher 1/1 turtle 0/2 hard 1/1 expert 6/6 counter 0/1 easy 1/1 hard x3 0/1 sovereign 2/3 zoner 1/1 expert x2 0/1 | roll 1.5s upd 16.4s
[brain] it 2771 [league 63%] R/ep 9.95 ent 2.27 kl 0.007 | hit/swing 42% dj/min 27.1 blk/min 0.3 abiHit 106 supHit 73 | self 2/7 switcher 2/2 expert x2 3/3 aerial 1/1 sovereign 4/6 medium 2/2 summoner 2/3 easy 1/1 hard 3/3 rushdown 1/1 counter 1/1 hard x3 0/1 idle 1/1 zoner 1/1 expert 2/2 | roll 1.5s upd 17.2s
[brain] it 2772 [league 62%] R/ep 12.95 ent 2.31 kl 0.008 | hit/swing 57% dj/min 30.2 blk/min 0.0 abiHit 61 supHit 69 | sovereign 1/2 easy 2/2 hard x3 2/3 expert 4/4 self 4/8 idle 3/3 human 1/2 expert x2 1/1 counter 1/1 hard 4/4 aerial 1/1 summoner 1/1 switcher 2/2 | roll 1.7s upd 21.3s
[brain] it 2773 [league 63%] R/ep 9.57 ent 2.15 kl 0.007 | hit/swing 63% dj/min 28.9 blk/min 0.3 abiHit 29 supHit 106 | easy 5/5 hard 1/1 self 5/12 expert 2/2 expert x2 3/4 sovereign 5/8 switcher 1/1 idle 2/2 counter 2/2 human 2/2 medium 2/2 summoner 1/1 turtle 1/1 | roll 1.9s upd 18.5s
[brain] it 2774 [league 61%] R/ep 8.74 ent 2.34 kl 0.008 | hit/swing 52% dj/min 31.4 blk/min 0.3 abiHit 40 supHit 74 | summoner 2/2 self 4/11 medium 3/3 expert 3/3 hard 4/4 rushdown 2/2 sovereign 0/2 idle 1/1 turtle 2/2 hard x3 1/2 easy 1/1 counter 1/1 switcher 1/1 | roll 1.9s upd 20.4s
[brain] it 2775 [league 61%] R/ep 9.95 ent 2.23 kl 0.006 | hit/swing 55% dj/min 33.5 blk/min 0.1 abiHit 29 supHit 81 | self 11/18 sovereign 3/5 counter 3/3 turtle 3/3 idle 2/2 easy 2/2 expert 1/1 hard x3 2/3 zoner 1/1 summoner 1/1 hard 1/1 switcher 1/1 | roll 2.5s upd 20.5s
[brain] it 2776 [league 61%] R/ep 11.26 ent 2.21 kl 0.007 | hit/swing 62% dj/min 29.8 blk/min 0.1 abiHit 39 supHit 84 | aerial 2/2 idle 2/2 rushdown 1/1 expert x2 0/1 human 3/3 sovereign 1/3 medium 3/3 expert 3/3 self 2/7 summoner 3/3 easy 3/3 hard 2/2 switcher 4/4 hard x3 1/1 turtle 1/1 | roll 1.6s upd 19.7s
[brain] it 2777 [league 63%] R/ep 8.73 ent 2.32 kl 0.007 | hit/swing 56% dj/min 32.7 blk/min 0.3 abiHit 28 supHit 68 | easy 2/2 expert 6/6 sovereign 7/9 self 5/10 turtle 2/2 rushdown 1/1 idle 1/1 switcher 0/1 zoner 1/1 summoner 1/1 aerial 0/1 counter 3/3 hard 1/1 | roll 1.6s upd 20.8s
[brain] it 2778 [league 62%] R/ep 11.23 ent 2.27 kl 0.007 | hit/swing 52% dj/min 32.6 blk/min 0.2 abiHit 16 supHit 85 | medium 1/1 self 6/11 summoner 3/3 counter 2/2 expert x2 3/3 expert 4/4 rushdown 1/1 turtle 1/1 hard 4/4 hard x3 1/1 sovereign 1/2 human 1/1 | roll 1.8s upd 21.7s
[brain] it 2779 [league 63%] R/ep 12.22 ent 2.29 kl 0.006 | hit/swing 56% dj/min 30.1 blk/min 0.1 abiHit 46 supHit 72 | sovereign 2/5 expert 4/4 turtle 1/2 self 3/5 expert x2 2/2 medium 3/3 aerial 1/1 rushdown 2/2 idle 1/1 easy 1/1 summoner 2/2 hard 3/3 switcher 1/1 counter 1/1 | roll 1.6s upd 18.3s
[brain] it 2780 [league 63%] R/ep 10.98 ent 2.39 kl 0.008 | hit/swing 45% dj/min 33.4 blk/min 0.1 abiHit 47 supHit 59 | self 8/11 sovereign 1/1 expert 8/8 human 1/1 hard x3 1/2 turtle 1/1 easy 1/1 aerial 1/1 counter 0/1 zoner 2/2 summoner 2/2 expert x2 1/1 switcher 0/1 rushdown 1/1 | roll 1.6s upd 15.9s
[brain] it 2781 [league 62%] R/ep 5.32 ent 2.50 kl 0.008 | hit/swing 42% dj/min 35.5 blk/min 0.1 abiHit 49 supHit 49 | self 3/14 turtle 3/3 zoner 1/1 hard x3 2/2 expert 4/4 hard 2/2 sovereign 1/3 aerial 1/1 | roll 1.6s upd 16.8s
[brain] it 2782 [league 62%] R/ep 9.71 ent 2.23 kl 0.006 | hit/swing 57% dj/min 30.9 blk/min 0.2 abiHit 37 supHit 83 | sovereign 3/4 hard 3/3 self 7/15 idle 2/2 hard x3 1/1 easy 1/1 expert x2 2/2 rushdown 0/1 expert 2/2 counter 3/3 aerial 2/2 switcher 1/1 zoner 2/2 summoner 1/1 medium 1/1 | roll 1.5s upd 16.3s
[brain] it 2783 [league 66%] R/ep 10.76 ent 2.25 kl 0.005 | hit/swing 49% dj/min 30.1 blk/min 0.0 abiHit 46 supHit 68 | counter 2/3 expert 6/7 self 5/7 zoner 1/1 idle 3/3 rushdown 1/2 hard 2/2 aerial 1/1 summoner 1/1 human 1/1 sovereign 5/5 switcher 0/1 easy 1/1 | roll 1.5s upd 16.8s
[brain] it 2784 [league 69%] R/ep 11.58 ent 2.44 kl 0.006 | hit/swing 45% dj/min 36.8 blk/min 0.1 abiHit 32 supHit 66 | self 3/5 summoner 3/3 hard x3 1/1 sovereign 6/7 switcher 1/2 rushdown 1/2 expert x2 2/2 counter 2/3 human 1/1 zoner 2/2 hard 2/2 expert 1/1 | roll 1.4s upd 15.2s
[brain] it 2785 [league 71%] R/ep 11.15 ent 2.14 kl 0.007 | hit/swing 67% dj/min 27.9 blk/min 0.1 abiHit 27 supHit 91 | idle 6/6 expert 9/10 sovereign 5/5 counter 3/3 self 1/6 summoner 1/1 turtle 2/2 zoner 1/1 hard x3 1/1 human 2/2 hard 2/2 switcher 0/1 expert x2 1/1 medium 1/1 | roll 1.3s upd 15.8s
[brain] it 2786 [league 70%] R/ep 10.12 ent 2.37 kl 0.008 | hit/swing 49% dj/min 35.0 blk/min 0.3 abiHit 51 supHit 70 | self 5/12 expert 3/3 turtle 2/2 sovereign 5/6 expert x2 2/2 human 1/1 counter 3/4 zoner 1/1 idle 1/1 summoner 1/1 switcher 1/2 aerial 0/1 easy 1/1 hard x3 1/1 medium 2/2 | roll 1.7s upd 15.1s
[brain] it 2787 [league 72%] R/ep 7.89 ent 2.28 kl 0.008 | hit/swing 49% dj/min 31.1 blk/min 0.2 abiHit 63 supHit 66 | self 6/13 expert x2 1/1 counter 2/2 hard 1/1 human 0/1 expert 2/2 aerial 1/1 summoner 2/5 hard x3 1/3 idle 1/1 sovereign 3/3 zoner 1/1 | roll 1.5s upd 13.9s
[brain] it 2788 [league 68%] R/ep 7.83 ent 2.26 kl 0.008 | hit/swing 58% dj/min 35.2 blk/min 0.2 abiHit 30 supHit 85 | expert 6/6 rushdown 1/1 turtle 1/1 summoner 1/1 easy 1/1 sovereign 3/7 zoner 2/2 self 10/15 expert x2 1/1 hard x3 0/2 human 1/1 idle 1/1 | roll 1.7s upd 13.9s
[brain] it 2789 [league 67%] R/ep 11.69 ent 2.26 kl 0.005 | hit/swing 58% dj/min 30.3 blk/min 0.1 abiHit 35 supHit 73 | idle 3/3 expert x2 1/2 self 7/11 summoner 2/2 sovereign 0/2 switcher 1/1 turtle 2/2 human 1/1 hard 3/3 zoner 3/3 expert 3/3 counter 3/3 easy 1/1 medium 1/1 rushdown 1/1 | roll 1.4s upd 13.7s
[brain] it 2790 [league 69%] R/ep 11.75 ent 2.27 kl 0.009 | hit/swing 58% dj/min 33.2 blk/min 0.3 abiHit 43 supHit 80 | sovereign 8/8 self 6/9 easy 1/1 human 1/2 switcher 2/2 expert 5/5 hard x3 1/1 aerial 3/3 zoner 1/1 rushdown 2/2 medium 2/2 hard 2/2 | roll 1.3s upd 14.2s
[brain] it 2791 [league 68%] R/ep 11.51 ent 2.27 kl 0.007 | hit/swing 53% dj/min 33.0 blk/min 0.1 abiHit 43 supHit 80 | hard x3 2/2 self 4/8 zoner 2/2 sovereign 2/4 idle 4/4 medium 2/2 expert x2 1/1 easy 1/1 expert 2/2 switcher 2/3 human 1/1 summoner 1/1 | roll 1.3s upd 12.6s
[brain] it 2792 [league 68%] R/ep 9.39 ent 2.17 kl 0.006 | hit/swing 50% dj/min 28.2 blk/min 0.2 abiHit 75 supHit 79 | self 9/14 aerial 2/2 sovereign 2/4 summoner 2/2 medium 4/4 turtle 1/2 expert 4/4 hard x3 1/2 idle 3/3 zoner 1/1 hard 1/1 | roll 1.4s upd 13.8s
[brain] it 2793 [league 69%] R/ep 9.96 ent 2.34 kl 0.006 | hit/swing 46% dj/min 34.3 blk/min 0.1 abiHit 69 supHit 88 | aerial 4/5 expert 5/6 sovereign 6/8 self 6/10 counter 0/1 switcher 1/1 easy 1/1 hard 3/3 zoner 3/3 summoner 1/1 expert x2 1/1 rushdown 1/1 turtle 1/1 | roll 1.4s upd 14.5s
[brain] it 2794 [league 67%] R/ep 10.66 ent 2.26 kl 0.008 | hit/swing 57% dj/min 34.0 blk/min 0.3 abiHit 39 supHit 89 | sovereign 0/2 idle 1/1 self 10/14 rushdown 0/1 hard x3 3/3 summoner 1/2 expert x2 3/4 turtle 2/2 expert 3/3 switcher 2/2 aerial 0/1 | roll 1.6s upd 18.3s
[brain] it 2795 [league 67%] R/ep 8.39 ent 2.25 kl 0.007 | hit/swing 58% dj/min 29.1 blk/min 0.3 abiHit 60 supHit 84 | medium 4/4 self 5/12 expert 5/5 sovereign 3/6 idle 1/1 aerial 1/1 summoner 1/1 turtle 4/4 counter 1/1 easy 3/3 hard x3 0/2 zoner 1/1 | roll 1.6s upd 19.6s
[brain] it 2796 [league 66%] R/ep 11.19 ent 2.36 kl 0.007 | hit/swing 50% dj/min 34.0 blk/min 0.4 abiHit 36 supHit 67 | self 7/16 zoner 5/5 switcher 3/3 rushdown 2/2 hard 1/1 human 2/2 expert 3/3 medium 2/2 aerial 1/1 idle 2/2 sovereign 0/2 hard x3 1/1 summoner 1/1 | roll 1.7s upd 14.6s
[brain] it 2797 [league 67%] R/ep 11.89 ent 2.24 kl 0.008 | hit/swing 50% dj/min 31.5 blk/min 0.3 abiHit 60 supHit 89 | hard x3 1/1 expert 4/4 rushdown 0/1 self 9/12 zoner 1/1 human 2/3 easy 2/2 sovereign 1/2 medium 2/2 turtle 1/1 summoner 1/2 hard 1/1 expert x2 1/1 counter 1/1 | roll 1.5s upd 18.4s
[brain] it 2798 [league 66%] R/ep 11.27 ent 2.29 kl 0.007 | hit/swing 58% dj/min 28.4 blk/min 0.2 abiHit 42 supHit 66 | expert 5/5 hard 1/1 hard x3 2/2 expert x2 2/2 self 0/6 sovereign 1/3 switcher 2/2 counter 1/1 zoner 1/1 aerial 2/2 easy 1/1 human 3/3 idle 1/1 | roll 1.4s upd 14.2s
[brain] it 2799 [league 63%] R/ep 6.95 ent 2.41 kl 0.008 | hit/swing 46% dj/min 34.0 blk/min 0.1 abiHit 57 supHit 49 | switcher 1/2 self 6/7 turtle 1/1 counter 3/3 sovereign 1/5 easy 1/1 human 0/1 expert 1/1 hard 3/3 idle 1/1 medium 1/1 hard x3 0/1 expert x2 0/2 | roll 1.5s upd 18.4s
[brain] it 2800 [league 63%] R/ep 12.87 ent 2.23 kl 0.007 | hit/swing 55% dj/min 30.6 blk/min 0.1 abiHit 35 supHit 86 | zoner 2/2 expert x2 4/4 self 6/10 switcher 1/2 idle 3/3 easy 1/1 hard 1/1 rushdown 0/1 expert 3/3 turtle 5/5 summoner 1/1 hard x3 0/1 counter 1/1 aerial 1/1 medium 1/1 | roll 1.4s upd 18.1s
[brain] it 2801 [league 62%] R/ep 11.85 ent 2.26 kl 0.006 | hit/swing 59% dj/min 29.8 blk/min 0.0 abiHit 46 supHit 93 | rushdown 2/2 expert 5/5 self 4/8 idle 1/1 human 2/2 medium 1/1 sovereign 1/3 hard 2/2 counter 3/3 easy 4/4 switcher 3/3 aerial 1/1 hard x3 1/1 zoner 1/1 expert x2 1/1 | roll 1.5s upd 14.2s
[brain] it 2802 [league 64%] R/ep 14.69 ent 2.17 kl 0.007 | hit/swing 62% dj/min 30.2 blk/min 0.4 abiHit 45 supHit 113 | rushdown 3/3 expert x2 6/6 self 7/11 easy 3/3 hard x3 1/2 expert 3/3 sovereign 4/4 turtle 1/1 counter 1/1 summoner 1/1 switcher 2/2 zoner 1/1 idle 1/1 hard 1/1 | roll 1.4s upd 12.9s
[brain] it 2803 [league 64%] R/ep 8.37 ent 2.38 kl 0.008 | hit/swing 48% dj/min 34.5 blk/min 0.3 abiHit 45 supHit 69 | human 1/2 self 3/9 expert x2 1/2 turtle 3/4 sovereign 2/3 easy 1/1 hard x3 1/1 expert 4/4 medium 2/2 summoner 3/3 | roll 1.3s upd 14.5s
[brain] it 2804 [league 64%] R/ep 14.36 ent 2.28 kl 0.007 | hit/swing 53% dj/min 29.8 blk/min 0.4 abiHit 69 supHit 75 | turtle 5/5 sovereign 2/4 medium 2/2 summoner 1/2 hard 1/1 zoner 3/3 self 3/4 idle 1/1 hard x3 2/3 rushdown 1/1 easy 4/4 human 1/1 expert x2 0/1 aerial 1/1 switcher 1/1 | roll 1.4s upd 23.1s
[brain] it 2805 [league 64%] R/ep 11.79 ent 2.19 kl 0.006 | hit/swing 51% dj/min 27.3 blk/min 0.1 abiHit 78 supHit 90 | expert 8/8 hard 2/2 expert x2 2/3 medium 3/3 hard x3 0/1 zoner 2/2 summoner 1/1 sovereign 3/5 self 4/7 turtle 2/2 switcher 1/1 easy 1/1 aerial 1/1 human 2/2 idle 1/1 | roll 1.7s upd 16.7s
[brain] it 2806 [league 63%] R/ep 13.19 ent 2.24 kl 0.007 | hit/swing 63% dj/min 29.1 blk/min 0.2 abiHit 38 supHit 89 | hard x3 2/2 expert 3/3 easy 3/3 rushdown 3/3 sovereign 2/4 self 6/10 expert x2 2/2 summoner 2/2 human 1/1 aerial 2/2 counter 2/2 idle 1/1 medium 1/1 turtle 1/1 | roll 1.5s upd 18.0s
[brain] it 2807 [league 63%] R/ep 11.96 ent 2.35 kl 0.004 | hit/swing 48% dj/min 29.3 blk/min 0.0 abiHit 59 supHit 56 | aerial 1/1 self 2/6 expert 9/9 easy 3/3 human 1/1 summoner 1/1 expert x2 0/1 zoner 3/3 turtle 2/3 hard 3/3 medium 1/1 sovereign 1/1 idle 3/3 | roll 1.9s upd 20.1s
[brain] it 2808 [league 61%] R/ep 6.16 ent 2.39 kl 0.006 | hit/swing 35% dj/min 30.2 blk/min 0.2 abiHit 93 supHit 43 | self 4/11 medium 2/2 expert 3/3 summoner 1/1 sovereign 2/4 hard 1/1 rushdown 0/2 zoner 1/1 switcher 1/1 easy 1/1 idle 1/1 turtle 1/1 | roll 1.6s upd 17.4s
[brain] it 2809 [league 61%] R/ep 12.19 ent 2.27 kl 0.008 | hit/swing 51% dj/min 29.3 blk/min 0.1 abiHit 53 supHit 64 | idle 2/2 human 1/2 self 2/3 expert 5/5 hard 2/2 aerial 1/1 sovereign 1/2 rushdown 3/4 zoner 3/3 easy 3/3 hard x3 0/1 expert x2 1/2 turtle 1/1 summoner 1/1 | roll 1.4s upd 17.5s
[brain] it 2810 [league 59%] R/ep 9.23 ent 2.35 kl 0.008 | hit/swing 55% dj/min 32.1 blk/min 0.1 abiHit 53 supHit 60 | hard 1/1 sovereign 1/3 zoner 1/1 medium 3/3 self 0/6 expert 5/5 easy 2/2 summoner 2/2 expert x2 0/1 human 1/2 hard x3 0/1 aerial 1/1 counter 1/1 turtle 2/2 switcher 2/2 | roll 1.4s upd 16.5s
[brain] it 2811 [league 59%] R/ep 12.15 ent 2.24 kl 0.008 | hit/swing 55% dj/min 31.3 blk/min 0.1 abiHit 55 supHit 76 | rushdown 1/1 self 8/13 counter 0/1 medium 2/2 turtle 1/1 idle 3/3 expert 4/4 easy 3/3 human 2/2 expert x2 1/1 hard 2/2 hard x3 1/1 summoner 1/1 switcher 2/2 aerial 1/1 | roll 1.6s upd 16.6s
[brain] it 2812 [league 57%] R/ep 9.73 ent 2.39 kl 0.008 | hit/swing 49% dj/min 33.3 blk/min 0.1 abiHit 25 supHit 54 | self 4/8 switcher 2/3 zoner 4/4 expert x2 1/1 summoner 2/2 expert 2/3 turtle 1/1 idle 1/1 hard 3/3 sovereign 0/2 easy 2/2 counter 1/1 medium 2/2 | roll 1.5s upd 13.5s
[brain] it 2813 [league 53%] R/ep 10.56 ent 2.21 kl 0.006 | hit/swing 52% dj/min 32.1 blk/min 0.1 abiHit 34 supHit 83 | expert x2 3/3 medium 3/3 rushdown 2/2 summoner 3/3 self 6/11 human 1/1 sovereign 4/9 hard 1/1 switcher 2/2 turtle 2/2 expert 2/2 zoner 4/4 | roll 1.4s upd 16.6s
[brain] it 2814 [league 53%] R/ep 7.35 ent 2.20 kl 0.006 | hit/swing 47% dj/min 25.5 blk/min 0.2 abiHit 74 supHit 73 | sovereign 4/7 self 7/15 zoner 2/2 easy 2/2 expert 3/3 switcher 1/1 summoner 1/1 idle 4/4 medium 2/2 hard 1/1 rushdown 1/1 expert x2 1/2 | roll 1.6s upd 17.0s
[brain] it 2815 [league 52%] R/ep 9.98 ent 2.37 kl 0.008 | hit/swing 45% dj/min 34.0 blk/min 0.0 abiHit 90 supHit 58 | human 1/1 easy 3/3 hard 4/4 self 5/8 aerial 2/3 rushdown 0/1 expert 5/5 zoner 1/1 turtle 0/1 idle 2/2 sovereign 1/2 summoner 1/1 | roll 1.4s upd 16.6s
[brain] it 2816 [league 54%] R/ep 8.94 ent 2.27 kl 0.007 | hit/swing 60% dj/min 26.9 blk/min 0.1 abiHit 67 supHit 70 | hard 2/2 expert 4/5 human 3/3 rushdown 1/2 medium 1/1 self 5/9 sovereign 5/6 summoner 0/1 easy 1/1 zoner 1/1 expert x2 1/1 switcher 1/1 idle 1/1 turtle 3/3 | roll 1.4s upd 19.2s
[brain] it 2817 [league 52%] R/ep 10.17 ent 2.36 kl 0.006 | hit/swing 50% dj/min 33.8 blk/min 0.6 abiHit 46 supHit 67 | human 2/2 expert x2 3/4 aerial 1/1 summoner 1/1 sovereign 2/4 self 3/8 expert 2/2 turtle 2/2 zoner 1/1 medium 1/1 hard 1/1 counter 1/1 switcher 2/2 rushdown 1/1 easy 1/1 hard x3 0/1 | roll 1.4s upd 16.2s
[brain] it 2818 [league 51%] R/ep 8.53 ent 2.32 kl 0.007 | hit/swing 49% dj/min 36.3 blk/min 0.1 abiHit 28 supHit 83 | expert 2/2 switcher 1/2 zoner 2/2 human 2/2 idle 3/3 self 3/8 counter 1/1 easy 1/1 rushdown 1/1 sovereign 3/7 hard x3 0/2 medium 1/1 aerial 1/1 turtle 2/2 summoner 1/1 expert x2 0/1 hard 1/1 | roll 1.6s upd 17.7s
[brain] it 2819 [league 51%] R/ep 7.95 ent 2.30 kl 0.009 | hit/swing 47% dj/min 32.6 blk/min 0.1 abiHit 42 supHit 64 | self 6/11 rushdown 0/1 medium 3/3 sovereign 4/7 idle 1/1 aerial 1/1 expert 4/4 expert x2 1/1 easy 1/1 human 1/1 zoner 2/2 | roll 1.5s upd 19.6s
[brain] it 2820 [league 52%] R/ep 12.57 ent 2.37 kl 0.008 | hit/swing 47% dj/min 30.6 blk/min 0.2 abiHit 70 supHit 64 | zoner 2/2 human 1/3 summoner 1/1 expert 4/4 self 0/1 hard 5/5 expert x2 1/1 sovereign 4/5 rushdown 1/2 easy 1/1 medium 1/1 aerial 1/2 counter 1/1 turtle 2/2 switcher 1/1 | roll 1.3s upd 18.8s
[brain] it 2821 [league 51%] R/ep 9.57 ent 2.28 kl 0.008 | hit/swing 50% dj/min 30.3 blk/min 0.1 abiHit 48 supHit 76 | counter 3/3 easy 4/4 self 5/7 sovereign 2/6 expert x2 1/3 aerial 1/1 rushdown 1/2 medium 3/3 zoner 2/2 expert 3/3 hard 1/1 | roll 1.3s upd 16.5s
[brain] it 2822 [league 52%] R/ep 11.10 ent 2.23 kl 0.006 | hit/swing 61% dj/min 30.9 blk/min 0.3 abiHit 22 supHit 94 | expert 5/5 self 8/11 sovereign 2/4 idle 4/4 rushdown 2/2 switcher 1/1 aerial 2/2 summoner 2/2 expert x2 0/1 hard 3/3 easy 1/1 turtle 1/1 medium 3/3 zoner 1/1 | roll 1.6s upd 17.6s
[brain] it 2823 [league 55%] R/ep 10.22 ent 2.33 kl 0.008 | hit/swing 50% dj/min 31.2 blk/min 0.0 abiHit 68 supHit 70 | hard 4/4 summoner 2/2 zoner 1/1 self 3/8 sovereign 5/6 counter 1/1 aerial 1/1 rushdown 3/4 expert 3/3 idle 3/3 easy 1/1 turtle 2/2 | roll 1.6s upd 14.5s
[brain] it 2824 [league 58%] R/ep 11.73 ent 2.25 kl 0.007 | hit/swing 54% dj/min 28.8 blk/min 0.2 abiHit 52 supHit 67 | idle 3/3 rushdown 2/2 sovereign 4/5 summoner 3/3 expert x2 0/1 medium 1/1 hard x3 1/1 hard 3/3 switcher 2/3 expert 3/3 counter 1/1 self 3/5 easy 2/2 human 0/1 turtle 1/1 | roll 1.4s upd 18.9s
[brain] it 2825 [league 57%] R/ep 9.84 ent 2.29 kl 0.007 | hit/swing 54% dj/min 30.1 blk/min 0.2 abiHit 26 supHit 58 | self 6/11 zoner 2/2 sovereign 4/5 expert 4/4 idle 1/1 human 1/1 hard x3 0/1 medium 2/2 summoner 4/4 hard 2/2 easy 2/2 counter 2/3 | roll 1.5s upd 15.9s
[brain] it 2826 [league 58%] R/ep 10.85 ent 2.26 kl 0.007 | hit/swing 51% dj/min 25.9 blk/min 0.4 abiHit 97 supHit 68 | rushdown 0/2 self 0/7 hard x3 2/2 hard 4/4 switcher 4/4 easy 3/3 summoner 3/3 sovereign 2/3 expert 5/5 idle 2/2 medium 3/3 zoner 1/1 | roll 1.4s upd 15.7s
[brain] it 2827 [league 59%] R/ep 11.74 ent 2.37 kl 0.006 | hit/swing 47% dj/min 33.4 blk/min 0.3 abiHit 74 supHit 58 | self 2/6 rushdown 0/1 medium 3/3 hard 2/2 switcher 1/1 summoner 2/2 human 2/3 zoner 2/2 aerial 1/1 sovereign 3/3 expert 3/3 hard x3 1/1 turtle 2/2 | roll 1.4s upd 16.9s
[brain] it 2828 [league 58%] R/ep 11.13 ent 2.34 kl 0.005 | hit/swing 52% dj/min 32.0 blk/min 0.4 abiHit 48 supHit 63 | self 8/12 turtle 1/1 expert 6/6 sovereign 1/3 zoner 2/2 medium 2/2 aerial 1/1 rushdown 2/2 counter 1/2 expert x2 2/2 easy 1/1 idle 1/1 switcher 1/1 | roll 1.5s upd 15.8s
[brain] it 2829 [league 58%] R/ep 9.22 ent 2.28 kl 0.007 | hit/swing 42% dj/min 32.7 blk/min 0.2 abiHit 77 supHit 65 | self 3/10 medium 2/2 counter 1/1 sovereign 4/7 rushdown 2/2 summoner 1/1 hard x3 1/2 easy 2/2 expert 2/2 zoner 3/3 switcher 2/2 hard 1/1 aerial 1/1 | roll 1.5s upd 16.1s
[brain] it 2830 [league 59%] R/ep 12.21 ent 2.23 kl 0.008 | hit/swing 57% dj/min 26.4 blk/min 0.3 abiHit 52 supHit 69 | self 4/5 sovereign 4/6 expert 3/3 hard x3 1/3 idle 4/4 switcher 2/2 medium 1/1 summoner 2/2 easy 2/2 rushdown 0/1 zoner 1/1 aerial 1/1 hard 1/1 expert x2 1/1 | roll 1.5s upd 15.1s
[brain] it 2831 [league 61%] R/ep 10.74 ent 2.26 kl 0.007 | hit/swing 48% dj/min 27.8 blk/min 0.1 abiHit 68 supHit 82 | summoner 2/2 easy 3/3 zoner 3/3 expert 5/5 sovereign 3/4 hard 2/2 self 7/11 idle 2/2 expert x2 0/1 switcher 1/1 human 0/1 aerial 2/2 medium 1/1 counter 1/1 | roll 1.8s upd 19.8s
[brain] it 2832 [league 63%] R/ep 10.02 ent 2.20 kl 0.007 | hit/swing 59% dj/min 30.1 blk/min 0.3 abiHit 42 supHit 78 | idle 2/2 self 7/17 hard x3 1/2 expert 7/7 switcher 2/2 human 1/1 zoner 2/2 expert x2 2/2 sovereign 2/2 turtle 1/1 easy 1/1 | roll 1.7s upd 15.5s
[brain] it 2833 [league 64%] R/ep 11.01 ent 2.26 kl 0.009 | hit/swing 51% dj/min 30.5 blk/min 0.4 abiHit 48 supHit 77 | aerial 4/5 expert 6/6 summoner 1/1 zoner 3/3 sovereign 2/3 self 7/12 medium 1/1 human 1/1 switcher 1/1 idle 1/1 hard 1/1 turtle 1/1 counter 1/1 easy 1/1 | roll 1.4s upd 16.2s
[brain] it 2834 [league 62%] R/ep 6.23 ent 2.35 kl 0.008 | hit/swing 45% dj/min 32.2 blk/min 0.1 abiHit 44 supHit 56 | self 4/9 idle 3/3 sovereign 1/4 expert 2/2 hard 1/1 counter 2/2 expert x2 1/1 easy 1/1 medium 2/2 rushdown 0/1 turtle 0/1 switcher 1/1 human 1/3 summoner 1/1 zoner 1/1 | roll 1.3s upd 14.9s
[brain] it 2835 [league 61%] R/ep 7.11 ent 2.46 kl 0.008 | hit/swing 41% dj/min 34.4 blk/min 0.6 abiHit 52 supHit 54 | summoner 2/3 sovereign 2/5 self 6/9 rushdown 1/2 medium 2/2 expert 4/4 human 1/1 easy 1/1 switcher 3/3 | roll 1.4s upd 15.0s
[brain] it 2836 [league 61%] R/ep 11.17 ent 2.16 kl 0.007 | hit/swing 55% dj/min 26.4 blk/min 0.3 abiHit 62 supHit 75 | self 6/7 summoner 6/6 hard 1/1 counter 1/1 human 1/1 aerial 1/1 easy 1/1 expert 5/5 sovereign 1/4 idle 1/1 turtle 2/2 medium 2/2 hard x3 1/1 | roll 1.4s upd 15.1s
[brain] it 2837 [league 60%] R/ep 8.90 ent 2.28 kl 0.007 | hit/swing 51% dj/min 28.1 blk/min 0.2 abiHit 47 supHit 52 | self 7/12 sovereign 2/4 human 1/1 easy 2/2 turtle 1/2 expert 3/4 rushdown 1/1 idle 2/2 hard 1/1 zoner 2/2 medium 3/3 counter 1/1 summoner 1/1 | roll 1.4s upd 24.5s
[brain] it 2838 [league 60%] R/ep 10.35 ent 2.26 kl 0.008 | hit/swing 54% dj/min 30.9 blk/min 0.3 abiHit 76 supHit 83 | self 6/12 sovereign 4/4 expert 4/4 rushdown 1/1 switcher 3/3 easy 1/1 human 2/2 hard 2/2 expert x2 1/1 medium 2/2 idle 1/1 hard x3 1/1 summoner 0/1 counter 1/1 | roll 2.0s upd 23.5s
[brain] it 2839 [league 62%] R/ep 8.76 ent 2.39 kl 0.006 | hit/swing 40% dj/min 32.8 blk/min 0.0 abiHit 59 supHit 71 | idle 3/3 sovereign 5/8 aerial 1/1 self 4/9 hard 1/1 switcher 3/3 medium 1/1 easy 1/1 zoner 1/1 rushdown 1/1 expert x2 1/1 counter 1/1 summoner 1/1 expert 2/2 human 1/1 | roll 1.6s upd 21.1s
[brain] it 2840 [league 63%] R/ep 7.85 ent 2.28 kl 0.007 | hit/swing 54% dj/min 27.2 blk/min 0.2 abiHit 66 supHit 71 | expert 5/5 hard x3 0/2 sovereign 6/10 zoner 2/2 self 2/7 summoner 1/2 easy 1/1 rushdown 1/1 counter 3/3 medium 1/1 aerial 2/2 idle 2/2 | roll 1.5s upd 15.3s
[brain] it 2841 [league 63%] R/ep 10.07 ent 2.24 kl 0.009 | hit/swing 55% dj/min 29.7 blk/min 0.0 abiHit 65 supHit 98 | self 5/10 expert 6/6 sovereign 4/6 idle 3/3 easy 2/2 hard x3 0/1 aerial 3/3 switcher 2/3 summoner 2/2 hard 2/2 rushdown 2/2 expert x2 1/1 medium 1/1 turtle 0/1 | roll 1.3s upd 15.0s
[brain] it 2842 [league 64%] R/ep 6.51 ent 2.29 kl 0.007 | hit/swing 49% dj/min 30.4 blk/min 0.3 abiHit 71 supHit 79 | medium 2/2 self 4/11 summoner 4/5 hard x3 1/1 counter 5/5 sovereign 5/8 easy 1/1 expert 0/1 hard 1/1 switcher 0/1 zoner 1/1 | roll 1.5s upd 17.0s
[brain] it 2843 [league 64%] R/ep 10.17 ent 2.33 kl 0.007 | hit/swing 48% dj/min 30.7 blk/min 0.3 abiHit 27 supHit 66 | sovereign 2/2 expert 4/4 zoner 1/1 idle 2/2 medium 2/2 easy 2/2 counter 1/1 human 1/1 self 3/8 rushdown 1/2 expert x2 1/1 aerial 0/1 summoner 0/1 hard x3 1/1 turtle 0/1 | roll 1.3s upd 15.5s
[brain] it 2844 [league 63%] R/ep 9.46 ent 2.40 kl 0.007 | hit/swing 42% dj/min 32.0 blk/min 0.0 abiHit 56 supHit 62 | expert 2/2 hard 2/2 self 3/7 sovereign 1/3 turtle 2/2 human 2/2 counter 2/3 rushdown 1/2 medium 3/3 summoner 2/2 expert x2 1/1 | roll 1.3s upd 14.7s
[brain] it 2845 [league 62%] R/ep 13.22 ent 2.21 kl 0.007 | hit/swing 57% dj/min 29.7 blk/min 0.2 abiHit 61 supHit 81 | expert 5/5 idle 3/3 expert x2 1/1 hard x3 1/1 medium 2/2 summoner 1/1 sovereign 2/3 self 7/11 turtle 2/2 zoner 4/4 rushdown 2/2 easy 1/1 human 1/1 switcher 1/2 hard 1/1 | roll 1.4s upd 15.8s
[brain] it 2846 [league 63%] R/ep 9.80 ent 2.22 kl 0.006 | hit/swing 62% dj/min 29.6 blk/min 0.4 abiHit 23 supHit 62 | turtle 2/2 self 2/8 switcher 2/3 medium 1/1 sovereign 3/3 expert 4/4 human 1/1 hard 3/3 idle 2/2 expert x2 2/3 rushdown 1/1 summoner 2/2 zoner 1/1 aerial 1/1 | roll 1.2s upd 15.1s
[brain] it 2847 [league 62%] R/ep 11.01 ent 2.31 kl 0.008 | hit/swing 51% dj/min 32.1 blk/min 0.2 abiHit 66 supHit 73 | sovereign 6/9 hard 1/1 zoner 3/3 expert 5/5 self 5/9 rushdown 2/2 turtle 3/3 hard x3 1/1 easy 2/2 idle 1/1 medium 1/1 switcher 1/1 | roll 1.4s upd 14.9s
[brain] it 2848 [league 64%] R/ep 9.95 ent 2.23 kl 0.006 | hit/swing 53% dj/min 32.2 blk/min 0.2 abiHit 33 supHit 96 | sovereign 5/5 expert 6/6 idle 4/4 easy 1/1 self 6/12 turtle 3/3 switcher 2/3 summoner 3/4 human 0/1 hard 2/2 counter 1/1 zoner 1/1 hard x3 1/1 | roll 1.4s upd 14.9s
[brain] it 2849 [league 64%] R/ep 12.40 ent 2.23 kl 0.005 | hit/swing 45% dj/min 27.5 blk/min 0.2 abiHit 86 supHit 88 | zoner 2/2 expert 8/8 hard 2/2 turtle 1/1 sovereign 1/3 human 1/1 expert x2 2/2 self 6/8 summoner 3/4 counter 1/1 switcher 2/2 easy 2/2 medium 2/2 rushdown 1/1 idle 1/1 | roll 1.4s upd 16.4s
[brain] it 2850 [league 60%] R/ep 9.50 ent 2.22 kl 0.007 | hit/swing 57% dj/min 31.1 blk/min 0.1 abiHit 20 supHit 93 | switcher 3/3 zoner 1/1 summoner 1/1 expert 5/5 self 7/12 medium 2/2 easy 1/1 sovereign 1/7 hard 3/3 expert x2 1/2 aerial 1/1 rushdown 1/1 hard x3 1/1 idle 1/1 | roll 1.6s upd 15.4s
[brain] it 2851 [league 60%] R/ep 9.54 ent 2.21 kl 0.008 | hit/swing 56% dj/min 28.4 blk/min 0.1 abiHit 34 supHit 61 | rushdown 1/1 sovereign 5/7 self 4/6 expert 2/2 hard 1/1 switcher 2/2 human 3/3 counter 2/2 hard x3 0/2 medium 1/1 | roll 5.5s upd 10.3s
[brain] it 2852 [league 61%] R/ep 11.07 ent 2.31 kl 0.008 | hit/swing 51% dj/min 36.4 blk/min 0.0 abiHit 36 supHit 55 | self 2/5 sovereign 5/5 idle 1/1 counter 1/1 medium 3/3 turtle 2/2 expert 2/2 human 1/1 zoner 1/1 hard x3 0/1 easy 1/1 aerial 1/1 | roll 5.1s upd 11.2s
[brain] it 2853 [league 62%] R/ep 9.84 ent 2.43 kl 0.006 | hit/swing 39% dj/min 38.0 blk/min 0.3 abiHit 43 supHit 48 | expert 2/2 rushdown 1/2 switcher 3/4 self 1/3 hard 4/4 sovereign 2/4 aerial 1/1 medium 1/1 zoner 1/1 human 1/1 | roll 5.2s upd 10.2s
[brain] it 2854 [league 63%] R/ep 8.15 ent 2.27 kl 0.007 | hit/swing 45% dj/min 32.8 blk/min 0.0 abiHit 64 supHit 74 | rushdown 0/1 sovereign 3/6 self 3/10 easy 6/6 hard 2/2 idle 3/3 expert 3/3 expert x2 1/1 zoner 1/1 turtle 1/1 hard x3 0/1 aerial 1/1 | roll 1.5s upd 14.6s
[brain] it 2855 [league 65%] R/ep 9.67 ent 2.22 kl 0.008 | hit/swing 51% dj/min 27.6 blk/min 0.1 abiHit 93 supHit 71 | self 6/13 zoner 2/2 expert 5/5 medium 2/2 sovereign 4/5 summoner 2/2 counter 2/2 idle 3/3 easy 1/1 aerial 2/2 hard 2/2 | roll 1.6s upd 15.7s
[brain] it 2856 [league 65%] R/ep 8.46 ent 2.27 kl 0.008 | hit/swing 56% dj/min 30.8 blk/min 0.3 abiHit 54 supHit 82 | turtle 1/1 sovereign 5/6 easy 2/2 self 1/9 switcher 1/2 hard 1/1 zoner 1/1 aerial 2/3 expert 3/3 summoner 2/3 medium 1/1 hard x3 1/2 rushdown 2/2 human 1/1 | roll 1.4s upd 17.5s
[brain] it 2857 [league 65%] R/ep 10.52 ent 2.26 kl 0.009 | hit/swing 43% dj/min 29.4 blk/min 0.3 abiHit 68 supHit 59 | hard x3 0/1 self 7/9 human 2/2 switcher 0/1 expert 3/3 idle 4/4 summoner 2/2 zoner 1/1 rushdown 2/3 turtle 1/1 sovereign 1/1 | roll 1.5s upd 17.0s
[brain] it 2858 [league 66%] R/ep 13.33 ent 2.18 kl 0.006 | hit/swing 57% dj/min 32.7 blk/min 0.4 abiHit 46 supHit 89 | rushdown 0/1 expert x2 3/3 hard x3 2/2 hard 1/1 expert 10/11 medium 1/1 self 8/10 easy 1/1 zoner 3/3 switcher 1/1 summoner 2/2 sovereign 2/3 | roll 1.5s upd 15.6s
[brain] it 2859 [league 63%] R/ep 8.98 ent 2.24 kl 0.009 | hit/swing 52% dj/min 32.2 blk/min 0.2 abiHit 50 supHit 73 | sovereign 3/7 hard 3/3 self 2/8 human 1/1 rushdown 1/2 zoner 1/1 easy 2/2 summoner 1/2 medium 2/2 expert 2/2 hard x3 1/1 aerial 1/1 expert x2 0/1 idle 1/1 counter 1/1 | roll 1.5s upd 16.4s
[brain] it 2860 [league 64%] R/ep 11.44 ent 2.27 kl 0.007 | hit/swing 63% dj/min 31.2 blk/min 0.0 abiHit 36 supHit 83 | expert 4/4 self 3/5 idle 1/1 aerial 1/1 hard x3 1/2 turtle 2/2 sovereign 4/7 rushdown 2/2 counter 3/3 expert x2 1/3 medium 1/1 easy 1/1 human 1/1 zoner 1/1 | roll 1.4s upd 16.3s
[brain] it 2861 [league 65%] R/ep 10.32 ent 2.36 kl 0.007 | hit/swing 58% dj/min 34.9 blk/min 0.4 abiHit 30 supHit 64 | self 6/10 aerial 1/1 expert 3/3 rushdown 1/3 counter 2/2 expert x2 2/2 summoner 1/1 hard x3 1/1 medium 1/1 idle 1/1 sovereign 2/2 hard 1/1 switcher 2/2 human 1/1 easy 1/1 | roll 1.5s upd 15.8s
[brain] it 2862 [league 64%] R/ep 9.96 ent 2.30 kl 0.007 | hit/swing 51% dj/min 33.7 blk/min 0.3 abiHit 65 supHit 61 | self 5/11 summoner 4/4 easy 2/2 zoner 3/3 aerial 2/2 expert 3/3 sovereign 1/3 medium 2/2 rushdown 1/2 idle 1/1 hard 1/1 expert x2 1/1 | roll 1.5s upd 16.7s
[brain] it 2863 [league 63%] R/ep 7.65 ent 2.30 kl 0.006 | hit/swing 51% dj/min 35.7 blk/min 0.2 abiHit 29 supHit 88 | self 2/10 expert x2 2/2 counter 4/4 turtle 2/2 idle 3/3 summoner 1/1 expert 3/4 sovereign 3/5 rushdown 1/1 human 2/3 easy 1/1 hard 1/1 switcher 1/1 | roll 1.6s upd 17.4s
[brain] it 2864 [league 64%] R/ep 14.11 ent 2.38 kl 0.005 | hit/swing 44% dj/min 32.8 blk/min 0.1 abiHit 71 supHit 44 | human 2/3 switcher 2/3 zoner 4/4 idle 2/2 sovereign 3/3 self 3/4 expert 4/4 counter 1/1 summoner 1/2 rushdown 0/2 hard x3 1/1 expert x2 0/1 | roll 1.4s upd 16.6s
[brain] it 2865 [league 65%] R/ep 7.90 ent 2.24 kl 0.006 | hit/swing 56% dj/min 33.1 blk/min 0.1 abiHit 21 supHit 86 | expert 7/7 self 9/16 turtle 2/2 summoner 1/1 hard 1/1 medium 1/1 sovereign 3/4 counter 2/2 idle 1/1 rushdown 1/1 | roll 1.5s upd 16.9s
[brain] it 2866 [league 65%] R/ep 13.24 ent 2.27 kl 0.007 | hit/swing 56% dj/min 33.0 blk/min 0.4 abiHit 47 supHit 80 | aerial 1/1 expert 5/5 medium 5/5 hard 3/3 sovereign 6/8 easy 2/2 rushdown 1/2 turtle 2/2 hard x3 2/2 counter 2/2 switcher 1/2 self 2/4 human 1/1 idle 1/1 zoner 1/1 | roll 1.3s upd 16.5s
[brain] it 2867 [league 64%] R/ep 8.08 ent 2.27 kl 0.008 | hit/swing 51% dj/min 35.4 blk/min 0.3 abiHit 43 supHit 87 | idle 2/2 self 7/15 expert x2 3/3 hard 1/1 zoner 1/1 rushdown 1/1 sovereign 1/4 human 2/3 summoner 2/2 expert 2/2 aerial 1/1 easy 2/2 turtle 2/2 hard x3 0/1 | roll 1.6s upd 19.1s
[brain] it 2868 [league 64%] R/ep 10.70 ent 2.29 kl 0.007 | hit/swing 53% dj/min 34.9 blk/min 0.1 abiHit 24 supHit 86 | expert 10/10 self 4/11 medium 5/5 hard x3 2/2 sovereign 1/2 easy 1/1 switcher 2/2 idle 2/2 aerial 1/2 hard 1/1 counter 1/1 | roll 1.4s upd 14.5s
[brain] it 2869 [league 62%] R/ep 10.94 ent 2.23 kl 0.009 | hit/swing 53% dj/min 34.3 blk/min 0.1 abiHit 46 supHit 81 | rushdown 2/2 summoner 2/2 human 1/1 expert x2 3/3 hard x3 0/1 expert 2/2 sovereign 4/6 medium 2/2 self 4/8 easy 2/2 hard 1/1 turtle 2/2 zoner 2/2 idle 1/1 aerial 1/1 | roll 1.4s upd 13.8s
[brain] it 2870 [league 62%] R/ep 10.10 ent 2.23 kl 0.007 | hit/swing 53% dj/min 31.4 blk/min 0.3 abiHit 65 supHit 80 | self 5/8 sovereign 3/5 easy 3/3 hard 3/3 turtle 2/2 rushdown 2/2 switcher 1/2 zoner 1/1 idle 2/2 hard x3 1/1 summoner 2/3 expert 2/2 aerial 1/1 counter 1/1 | roll 1.5s upd 14.8s
[brain] it 2871 [league 61%] R/ep 10.35 ent 2.31 kl 0.007 | hit/swing 45% dj/min 34.1 blk/min 0.1 abiHit 70 supHit 57 | easy 2/2 expert 3/3 self 4/8 aerial 0/1 hard x3 1/2 medium 1/1 human 3/3 summoner 0/1 expert x2 2/2 turtle 1/1 sovereign 0/1 hard 1/1 zoner 1/1 | roll 1.3s upd 13.6s
[brain] it 2872 [league 64%] R/ep 11.31 ent 2.29 kl 0.008 | hit/swing 55% dj/min 31.2 blk/min 0.2 abiHit 63 supHit 73 | expert 6/6 self 3/6 sovereign 3/5 summoner 4/4 hard x3 0/1 turtle 2/2 easy 2/2 counter 1/1 rushdown 2/2 hard 2/2 switcher 1/1 human 1/1 | roll 1.4s upd 12.2s
[brain] it 2873 [league 65%] R/ep 11.53 ent 2.22 kl 0.008 | hit/swing 57% dj/min 29.5 blk/min 0.1 abiHit 71 supHit 76 | self 6/11 switcher 0/1 easy 3/3 expert 6/6 turtle 2/2 summoner 1/1 sovereign 1/2 hard x3 1/1 aerial 1/1 hard 4/4 human 1/1 zoner 1/1 expert x2 1/1 idle 1/1 rushdown 1/1 | roll 1.3s upd 14.0s
[brain] it 2874 [league 63%] R/ep 9.69 ent 2.27 kl 0.007 | hit/swing 45% dj/min 34.3 blk/min 0.3 abiHit 70 supHit 69 | self 3/8 sovereign 5/8 expert 4/4 easy 2/2 counter 2/2 turtle 1/2 human 2/2 rushdown 0/2 expert x2 1/1 zoner 1/1 hard x3 1/1 medium 2/2 idle 1/1 hard 1/1 | roll 1.3s upd 13.5s
[brain] it 2875 [league 62%] R/ep 10.50 ent 2.36 kl 0.008 | hit/swing 44% dj/min 33.1 blk/min 0.1 abiHit 97 supHit 59 | zoner 1/1 self 4/9 summoner 1/1 hard 2/2 expert x2 1/2 medium 1/1 easy 2/2 human 1/1 counter 3/3 expert 3/3 idle 3/3 aerial 2/2 sovereign 1/2 rushdown 1/1 | roll 1.6s upd 14.7s
[brain] it 2876 [league 65%] R/ep 12.49 ent 2.23 kl 0.007 | hit/swing 48% dj/min 31.3 blk/min 0.1 abiHit 73 supHit 74 | self 3/5 hard 4/4 sovereign 8/8 expert 4/4 easy 3/3 aerial 1/2 turtle 1/1 rushdown 1/2 counter 2/2 idle 2/2 human 1/1 summoner 2/2 zoner 1/1 | roll 1.3s upd 13.5s
[brain] it 2877 [league 66%] R/ep 13.56 ent 2.25 kl 0.007 | hit/swing 59% dj/min 27.5 blk/min 0.1 abiHit 52 supHit 78 | expert 6/7 aerial 4/4 summoner 3/3 hard 2/2 zoner 2/2 self 1/2 expert x2 2/3 counter 2/2 idle 2/2 easy 1/1 turtle 1/1 sovereign 3/4 human 1/1 | roll 1.3s upd 13.8s
[brain] it 2878 [league 65%] R/ep 10.03 ent 2.29 kl 0.008 | hit/swing 51% dj/min 33.0 blk/min 0.2 abiHit 52 supHit 76 | self 6/13 human 2/3 sovereign 2/3 hard 3/3 idle 4/4 expert 2/2 aerial 2/2 counter 3/3 zoner 1/1 easy 2/2 medium 1/1 rushdown 1/1 summoner 1/1 turtle 1/1 | roll 1.5s upd 13.6s
[brain] it 2879 [league 66%] R/ep 9.03 ent 2.35 kl 0.007 | hit/swing 42% dj/min 35.7 blk/min 0.2 abiHit 52 supHit 64 | aerial 1/1 hard x3 2/3 rushdown 0/2 hard 2/2 expert 5/5 zoner 2/2 self 4/13 switcher 2/2 summoner 2/2 medium 1/1 sovereign 1/1 counter 1/1 | roll 1.5s upd 14.8s
[brain] it 2880 [league 64%] R/ep 9.88 ent 2.37 kl 0.010 | hit/swing 50% dj/min 36.9 blk/min 0.3 abiHit 38 supHit 63 | human 1/1 hard x3 1/2 summoner 1/1 self 1/7 idle 2/2 expert x2 1/2 sovereign 2/5 expert 5/5 aerial 2/2 medium 3/3 switcher 1/1 zoner 2/2 counter 1/1 | roll 1.5s upd 12.8s
[brain] it 2881 [league 63%] R/ep 10.99 ent 2.35 kl 0.007 | hit/swing 41% dj/min 28.7 blk/min 0.1 abiHit 73 supHit 37 | switcher 3/3 turtle 4/4 self 5/8 easy 2/2 zoner 2/2 expert 2/2 expert x2 0/1 counter 1/1 summoner 1/1 sovereign 1/2 human 1/1 | roll 1.6s upd 13.7s
[brain] it 2882 [league 63%] R/ep 9.28 ent 2.32 kl 0.007 | hit/swing 44% dj/min 31.7 blk/min 0.1 abiHit 87 supHit 68 | hard x3 0/3 expert x2 1/1 self 4/9 expert 3/3 easy 2/2 switcher 1/1 sovereign 2/3 idle 2/2 summoner 1/1 hard 2/2 turtle 1/1 zoner 2/2 medium 3/3 counter 1/1 | roll 1.4s upd 13.3s
[brain] it 2883 [league 64%] R/ep 8.67 ent 2.40 kl 0.007 | hit/swing 41% dj/min 32.8 blk/min 0.2 abiHit 68 supHit 51 | hard x3 0/1 self 3/8 aerial 4/5 zoner 2/2 sovereign 2/3 medium 3/3 summoner 2/2 human 1/1 expert 2/2 hard 1/1 easy 1/1 | roll 1.4s upd 13.5s
[brain] it 2884 [league 65%] R/ep 11.70 ent 2.32 kl 0.007 | hit/swing 53% dj/min 31.7 blk/min 0.3 abiHit 42 supHit 58 | idle 5/5 rushdown 1/1 medium 2/2 summoner 2/2 self 2/5 sovereign 2/3 hard 3/3 human 1/1 turtle 2/2 aerial 2/2 counter 1/2 expert 2/2 expert x2 1/1 easy 1/1 hard x3 0/1 | roll 1.5s upd 13.5s
[brain] it 2885 [league 64%] R/ep 12.24 ent 2.20 kl 0.007 | hit/swing 56% dj/min 28.8 blk/min 0.3 abiHit 42 supHit 94 | human 2/2 easy 4/4 hard 4/4 self 5/9 hard x3 2/3 sovereign 2/4 aerial 2/2 medium 4/4 summoner 1/1 expert 4/4 zoner 2/2 rushdown 1/1 switcher 1/1 turtle 1/1 | roll 1.4s upd 18.5s
[brain] it 2886 [league 66%] R/ep 10.01 ent 2.22 kl 0.007 | hit/swing 64% dj/min 29.0 blk/min 0.1 abiHit 34 supHit 80 | self 4/9 sovereign 6/6 expert 6/6 hard 1/1 hard x3 2/3 counter 1/1 rushdown 1/2 zoner 1/1 expert x2 1/1 aerial 1/1 summoner 1/1 switcher 0/1 medium 1/1 | roll 1.9s upd 22.5s
[brain] it 2887 [league 68%] R/ep 9.09 ent 2.29 kl 0.007 | hit/swing 51% dj/min 30.7 blk/min 0.2 abiHit 44 supHit 79 | hard x3 0/2 self 7/12 sovereign 3/5 hard 1/1 idle 1/1 expert 5/5 counter 2/2 expert x2 2/3 aerial 1/1 human 2/2 summoner 1/1 rushdown 0/1 medium 1/1 switcher 1/1 | roll 2.1s upd 23.6s
[brain] it 2888 [league 64%] R/ep 7.23 ent 2.39 kl 0.010 | hit/swing 39% dj/min 30.3 blk/min 0.2 abiHit 100 supHit 62 | self 4/11 expert x2 4/4 summoner 1/2 expert 2/2 sovereign 0/4 turtle 1/1 easy 1/1 idle 1/1 zoner 1/1 hard 1/1 switcher 1/1 medium 1/1 | roll 2.0s upd 17.0s
[brain] it 2889 [league 63%] R/ep 9.20 ent 2.33 kl 0.008 | hit/swing 49% dj/min 32.3 blk/min 0.3 abiHit 55 supHit 61 | self 7/10 idle 2/2 expert 3/3 human 1/1 easy 2/2 aerial 3/3 summoner 2/2 sovereign 1/2 turtle 0/1 switcher 1/2 zoner 1/1 medium 1/1 hard 1/1 hard x3 0/1 | roll 1.7s upd 17.1s
[brain] it 2890 [league 64%] R/ep 12.46 ent 2.27 kl 0.007 | hit/swing 47% dj/min 29.2 blk/min 0.1 abiHit 110 supHit 64 | medium 2/2 counter 1/1 idle 3/3 hard x3 0/2 self 3/6 hard 2/2 aerial 3/3 sovereign 2/2 switcher 2/2 expert 6/6 rushdown 2/2 expert x2 0/1 zoner 1/1 | roll 1.6s upd 19.8s
[brain] it 2891 [league 63%] R/ep 8.81 ent 2.27 kl 0.006 | hit/swing 52% dj/min 31.5 blk/min 0.2 abiHit 39 supHit 82 | hard 5/5 easy 1/1 idle 4/4 sovereign 5/7 self 4/11 expert x2 1/2 human 0/1 hard x3 1/1 turtle 0/1 expert 3/3 switcher 1/1 aerial 1/2 rushdown 1/1 medium 1/1 | roll 1.7s upd 18.9s
[brain] it 2892 [league 63%] R/ep 9.00 ent 2.29 kl 0.007 | hit/swing 54% dj/min 35.3 blk/min 0.0 abiHit 39 supHit 80 | expert 2/2 expert x2 2/2 easy 4/4 human 2/2 self 6/13 switcher 1/1 idle 2/2 sovereign 2/4 hard x3 1/1 rushdown 0/1 zoner 1/1 turtle 0/1 hard 1/1 aerial 1/1 counter 1/1 | roll 1.9s upd 17.7s
[brain] it 2893 [league 65%] R/ep 11.17 ent 2.21 kl 0.008 | hit/swing 54% dj/min 31.0 blk/min 0.2 abiHit 44 supHit 80 | self 5/9 sovereign 5/6 easy 2/2 idle 1/1 summoner 3/3 hard 3/3 switcher 3/4 human 2/2 aerial 2/2 expert x2 2/2 counter 1/1 rushdown 1/1 medium 1/1 zoner 1/1 | roll 1.8s upd 19.2s
[brain] it 2894 [league 64%] R/ep 9.28 ent 2.41 kl 0.007 | hit/swing 35% dj/min 36.6 blk/min 0.3 abiHit 55 supHit 64 | sovereign 2/3 self 6/11 expert 4/4 hard x3 1/1 summoner 1/1 idle 1/1 turtle 1/1 aerial 2/2 rushdown 0/1 human 1/2 counter 1/1 zoner 1/1 switcher 1/1 | roll 1.6s upd 17.1s
[brain] it 2895 [league 64%] R/ep 10.43 ent 2.33 kl 0.005 | hit/swing 42% dj/min 33.8 blk/min 0.4 abiHit 37 supHit 66 | idle 2/2 self 6/9 zoner 5/5 aerial 1/1 hard x3 0/1 easy 2/2 summoner 2/2 sovereign 1/4 switcher 2/3 rushdown 1/1 expert 4/4 human 1/1 medium 1/1 | roll 1.7s upd 17.4s
[brain] it 2896 [league 64%] R/ep 8.79 ent 2.18 kl 0.009 | hit/swing 55% dj/min 29.6 blk/min 0.1 abiHit 60 supHit 93 | sovereign 4/6 easy 4/4 expert 4/4 self 5/12 hard x3 0/3 aerial 1/1 human 1/1 rushdown 1/1 hard 1/1 zoner 1/1 switcher 2/2 turtle 2/2 expert x2 1/1 summoner 1/1 | roll 1.6s upd 16.3s
[brain] it 2897 [league 63%] R/ep 9.67 ent 2.31 kl 0.008 | hit/swing 46% dj/min 32.0 blk/min 0.0 abiHit 59 supHit 65 | expert 5/6 hard 3/3 self 8/15 easy 4/4 zoner 2/2 sovereign 0/1 rushdown 1/1 counter 2/2 switcher 1/1 expert x2 1/1 hard x3 1/1 idle 1/1 | roll 1.7s upd 15.9s
[brain] it 2898 [league 65%] R/ep 10.70 ent 2.33 kl 0.008 | hit/swing 46% dj/min 32.7 blk/min 0.0 abiHit 68 supHit 77 | counter 2/2 self 3/7 rushdown 2/2 easy 3/3 hard 1/1 aerial 1/1 summoner 1/1 medium 3/3 idle 3/3 expert 3/3 human 1/2 sovereign 3/4 expert x2 1/2 | roll 1.6s upd 18.3s
[brain] it 2899 [league 64%] R/ep 9.72 ent 2.41 kl 0.006 | hit/swing 52% dj/min 35.8 blk/min 0.1 abiHit 32 supHit 61 | sovereign 3/5 self 1/5 aerial 1/3 hard 2/2 expert x2 1/1 turtle 1/1 switcher 1/1 expert 3/3 medium 1/1 rushdown 2/3 human 1/1 summoner 2/2 counter 1/1 idle 1/1 zoner 1/1 | roll 1.5s upd 19.7s
[brain] it 2900 [league 64%] R/ep 9.95 ent 2.25 kl 0.007 | hit/swing 42% dj/min 29.7 blk/min 0.1 abiHit 66 supHit 76 | expert 8/8 sovereign 5/8 self 2/7 easy 2/2 idle 3/3 switcher 2/2 turtle 1/1 counter 2/2 hard 1/1 aerial 2/2 zoner 1/1 hard x3 1/1 | roll 1.7s upd 17.7s
[brain] it 2901 [league 60%] R/ep 6.90 ent 2.37 kl 0.009 | hit/swing 43% dj/min 30.4 blk/min 0.2 abiHit 65 supHit 49 | switcher 1/1 self 3/6 hard 4/4 aerial 2/2 expert 4/4 counter 1/1 summoner 2/2 sovereign 0/4 turtle 1/2 rushdown 1/1 medium 1/1 | roll 1.3s upd 14.6s
[brain] it 2902 [league 59%] R/ep 9.64 ent 2.25 kl 0.010 | hit/swing 55% dj/min 30.2 blk/min 0.3 abiHit 62 supHit 73 | hard x3 1/4 self 5/10 summoner 3/3 idle 1/1 turtle 2/2 rushdown 2/2 expert 4/5 sovereign 0/1 human 1/1 medium 1/1 zoner 1/1 easy 1/1 counter 1/1 expert x2 1/1 | roll 1.5s upd 13.5s
[brain] it 2903 [league 59%] R/ep 11.14 ent 2.21 kl 0.005 | hit/swing 57% dj/min 27.1 blk/min 0.3 abiHit 49 supHit 72 | sovereign 3/4 human 1/1 expert 8/9 idle 3/3 medium 3/3 switcher 3/3 easy 2/2 self 9/13 turtle 1/1 aerial 1/1 hard 1/1 zoner 1/1 | roll 1.6s upd 15.3s
[brain] it 2904 [league 59%] R/ep 9.80 ent 2.35 kl 0.008 | hit/swing 47% dj/min 34.3 blk/min 0.1 abiHit 57 supHit 63 | aerial 2/2 self 3/9 hard x3 2/3 rushdown 0/1 summoner 0/2 zoner 1/1 hard 2/2 expert 3/3 sovereign 3/4 human 0/1 easy 1/1 turtle 1/1 expert x2 1/1 medium 1/1 | roll 1.7s upd 22.8s
[brain] it 2905 [league 59%] R/ep 7.83 ent 2.29 kl 0.008 | hit/swing 53% dj/min 35.8 blk/min 0.3 abiHit 21 supHit 81 | counter 1/1 expert x2 0/1 sovereign 1/4 self 6/12 hard 3/3 expert 4/4 aerial 1/1 rushdown 2/2 hard x3 1/1 idle 1/1 human 2/2 switcher 1/1 medium 2/2 summoner 1/1 | roll 1.6s upd 19.3s
[brain] it 2906 [league 58%] R/ep 9.99 ent 2.23 kl 0.008 | hit/swing 58% dj/min 31.0 blk/min 0.2 abiHit 37 supHit 75 | sovereign 3/5 zoner 1/1 self 5/12 expert 6/6 counter 1/1 easy 2/2 turtle 1/1 rushdown 2/2 idle 1/1 human 1/1 expert x2 1/1 hard 1/1 hard x3 1/1 switcher 1/1 aerial 1/1 | roll 1.7s upd 17.7s
[brain] it 2907 [league 59%] R/ep 12.65 ent 2.15 kl 0.007 | hit/swing 64% dj/min 30.4 blk/min 0.1 abiHit 32 supHit 82 | sovereign 3/4 counter 2/2 self 7/10 aerial 2/2 expert 6/6 hard x3 2/2 expert x2 3/3 rushdown 2/3 turtle 2/2 hard 1/1 | roll 1.8s upd 14.7s
[brain] it 2908 [league 59%] R/ep 16.95 ent 2.17 kl 0.008 | hit/swing 69% dj/min 24.3 blk/min 0.0 abiHit 55 supHit 81 | easy 2/2 rushdown 4/4 medium 3/3 expert 4/5 expert x2 3/3 hard x3 2/3 idle 2/2 self 1/2 sovereign 1/1 summoner 1/1 human 1/1 aerial 0/1 | roll 1.2s upd 14.9s
[brain] it 2909 [league 59%] R/ep 8.60 ent 2.30 kl 0.006 | hit/swing 44% dj/min 30.3 blk/min 0.1 abiHit 64 supHit 64 | sovereign 1/3 expert 3/4 expert x2 2/2 self 3/6 counter 1/1 human 0/2 summoner 2/2 rushdown 2/2 hard 3/3 aerial 1/1 medium 1/1 easy 1/1 | roll 1.6s upd 24.4s
[brain] it 2910 [league 58%] R/ep 7.96 ent 2.25 kl 0.007 | hit/swing 49% dj/min 30.9 blk/min 0.1 abiHit 49 supHit 83 | sovereign 5/7 self 3/11 summoner 2/2 turtle 1/2 easy 1/1 hard x3 1/2 expert x2 2/2 rushdown 1/2 switcher 1/1 counter 1/1 expert 1/1 | roll 1.6s upd 13.6s
[brain] it 2911 [league 55%] R/ep 9.64 ent 2.27 kl 0.008 | hit/swing 54% dj/min 32.8 blk/min 0.5 abiHit 31 supHit 69 | hard 2/2 expert x2 1/1 switcher 3/3 easy 2/2 self 6/11 expert 3/3 sovereign 1/4 zoner 3/3 human 2/3 rushdown 1/1 medium 1/1 counter 1/1 hard x3 0/1 aerial 1/1 | roll 1.5s upd 14.1s
[brain] it 2912 [league 58%] R/ep 10.61 ent 2.27 kl 0.008 | hit/swing 45% dj/min 30.5 blk/min 0.7 abiHit 48 supHit 65 | sovereign 4/4 hard 2/2 easy 2/2 summoner 3/4 expert 6/6 human 1/2 self 5/8 hard x3 0/1 switcher 2/3 counter 1/1 idle 2/2 turtle 1/1 rushdown 1/1 | roll 1.3s upd 19.9s
[brain] it 2913 [league 61%] R/ep 13.16 ent 2.19 kl 0.005 | hit/swing 56% dj/min 30.6 blk/min 0.1 abiHit 47 supHit 92 | self 3/6 counter 2/2 easy 2/2 turtle 2/2 expert 8/8 sovereign 5/6 medium 1/1 hard x3 2/2 summoner 2/2 expert x2 1/1 switcher 2/2 aerial 1/1 | roll 1.5s upd 23.1s
[brain] it 2914 [league 61%] R/ep 5.31 ent 2.38 kl 0.006 | hit/swing 34% dj/min 31.0 blk/min 0.3 abiHit 85 supHit 49 | self 3/7 sovereign 5/7 expert 4/4 expert x2 0/1 summoner 3/3 hard x3 0/1 counter 0/1 easy 1/1 medium 2/2 human 2/3 rushdown 0/1 | roll 2.0s upd 30.4s
[brain] it 2915 [league 61%] R/ep 9.19 ent 2.13 kl 0.007 | hit/swing 63% dj/min 29.6 blk/min 0.4 abiHit 47 supHit 98 | expert 6/6 aerial 2/2 hard x3 0/2 idle 2/2 self 3/13 easy 2/2 sovereign 1/2 medium 2/2 turtle 2/2 expert x2 2/3 counter 1/1 rushdown 1/1 summoner 3/3 human 1/1 zoner 2/2 | roll 2.0s upd 23.2s
[brain] it 2916 [league 61%] R/ep 9.38 ent 2.15 kl 0.009 | hit/swing 59% dj/min 29.3 blk/min 0.5 abiHit 51 supHit 86 | self 7/15 expert 7/8 switcher 1/1 medium 1/1 summoner 3/3 easy 1/1 expert x2 1/2 counter 4/4 zoner 1/1 idle 1/1 sovereign 3/4 aerial 1/1 hard x3 1/1 human 2/2 | roll 1.9s upd 25.0s
[brain] it 2917 [league 60%] R/ep 9.04 ent 2.29 kl 0.007 | hit/swing 54% dj/min 28.5 blk/min 0.3 abiHit 45 supHit 48 | hard x3 1/2 rushdown 1/1 summoner 2/2 human 1/1 zoner 2/2 self 5/10 expert 5/5 expert x2 1/1 turtle 1/1 idle 1/1 counter 1/1 aerial 1/1 sovereign 0/2 | roll 2.0s upd 23.1s
[brain] it 2918 [league 59%] R/ep 10.42 ent 2.28 kl 0.006 | hit/swing 52% dj/min 31.6 blk/min 0.1 abiHit 8 supHit 74 | expert 4/4 self 4/9 expert x2 2/2 sovereign 1/2 switcher 1/1 counter 0/1 idle 2/2 aerial 1/1 summoner 3/3 turtle 1/1 hard x3 1/1 hard 1/1 human 0/1 | roll 1.7s upd 23.1s
[brain] it 2919 [league 59%] R/ep 7.18 ent 2.28 kl 0.008 | hit/swing 32% dj/min 28.2 blk/min 0.2 abiHit 87 supHit 62 | hard 1/1 self 5/12 switcher 2/4 expert 4/4 rushdown 0/1 idle 2/2 easy 1/1 counter 2/2 turtle 1/1 expert x2 1/1 sovereign 2/2 hard x3 0/1 zoner 1/1 | roll 2.1s upd 25.6s
[brain] it 2920 [league 60%] R/ep 11.75 ent 2.19 kl 0.008 | hit/swing 52% dj/min 25.4 blk/min 0.2 abiHit 68 supHit 76 | self 5/9 expert 3/3 expert x2 1/2 rushdown 2/2 easy 2/2 zoner 2/2 hard x3 1/1 sovereign 2/3 summoner 4/4 idle 1/1 hard 2/2 turtle 2/2 counter 1/2 medium 2/2 | roll 2.0s upd 22.5s
[brain] it 2921 [league 60%] R/ep 9.00 ent 2.38 kl 0.007 | hit/swing 31% dj/min 32.1 blk/min 0.0 abiHit 80 supHit 58 | human 3/4 self 3/7 expert x2 1/1 zoner 1/1 rushdown 2/2 idle 1/1 sovereign 1/4 turtle 2/2 hard 1/1 expert 1/1 aerial 1/1 summoner 1/1 | roll 1.9s upd 25.4s
[brain] it 2922 [league 58%] R/ep 10.92 ent 2.14 kl 0.007 | hit/swing 53% dj/min 29.1 blk/min 0.4 abiHit 42 supHit 89 | sovereign 2/5 zoner 4/4 self 8/11 expert x2 2/2 expert 5/5 medium 3/3 hard x3 0/2 human 2/2 summoner 2/2 turtle 0/1 rushdown 1/1 switcher 2/2 counter 1/1 easy 1/1 | roll 1.8s upd 23.0s
[brain] it 2923 [league 58%] R/ep 11.90 ent 2.14 kl 0.007 | hit/swing 56% dj/min 26.3 blk/min 0.5 abiHit 31 supHit 78 | self 9/12 expert 4/4 expert x2 2/2 idle 4/4 rushdown 3/3 zoner 1/1 hard 1/1 summoner 1/2 aerial 1/2 sovereign 2/3 turtle 1/1 | roll 1.7s upd 26.8s
[brain] it 2924 [league 60%] R/ep 11.03 ent 2.17 kl 0.006 | hit/swing 56% dj/min 28.8 blk/min 0.4 abiHit 40 supHit 110 | expert 3/3 expert x2 1/1 self 9/18 sovereign 3/4 idle 3/3 hard x3 3/4 human 1/1 aerial 3/3 turtle 1/1 counter 3/3 switcher 1/1 medium 1/1 rushdown 1/1 zoner 1/1 | roll 2.3s upd 24.8s
[brain] it 2925 [league 57%] R/ep 12.68 ent 2.17 kl 0.005 | hit/swing 55% dj/min 31.9 blk/min 0.5 abiHit 48 supHit 86 | human 2/2 sovereign 3/6 switcher 4/4 hard 1/1 expert 3/3 self 5/6 easy 1/1 idle 4/4 rushdown 2/2 zoner 1/1 counter 1/1 expert x2 0/1 hard x3 0/1 medium 1/1 turtle 1/1 | roll 1.8s upd 26.2s
[brain] it 2926 [league 59%] R/ep 9.85 ent 2.29 kl 0.007 | hit/swing 41% dj/min 29.9 blk/min 0.2 abiHit 55 supHit 55 | self 4/7 sovereign 3/4 zoner 2/2 human 0/3 switcher 2/2 summoner 1/1 turtle 2/2 counter 1/1 hard 2/2 idle 1/1 hard x3 0/1 expert 2/2 medium 2/2 | roll 1.9s upd 23.3s
[brain] it 2927 [league 62%] R/ep 7.90 ent 2.17 kl 0.006 | hit/swing 53% dj/min 28.1 blk/min 0.3 abiHit 64 supHit 81 | expert 3/3 idle 2/2 aerial 2/3 medium 3/3 sovereign 5/8 zoner 1/1 self 7/11 easy 1/1 hard x3 1/1 summoner 2/2 expert x2 0/2 turtle 0/1 | roll 1.9s upd 26.4s
[brain] it 2928 [league 61%] R/ep 7.85 ent 2.25 kl 0.008 | hit/swing 51% dj/min 31.6 blk/min 0.3 abiHit 35 supHit 73 | expert 2/2 self 6/14 sovereign 3/5 expert x2 0/1 summoner 2/2 idle 1/1 aerial 1/1 counter 1/1 human 1/1 zoner 2/2 easy 1/1 rushdown 1/1 hard 2/2 hard x3 1/1 switcher 1/1 | roll 2.0s upd 25.5s
[brain] it 2929 [league 60%] R/ep 9.28 ent 2.37 kl 0.008 | hit/swing 40% dj/min 35.4 blk/min 0.3 abiHit 48 supHit 50 | expert 4/4 zoner 3/3 sovereign 1/3 self 6/11 expert x2 1/2 summoner 1/1 human 1/1 hard x3 1/2 aerial 1/1 turtle 1/1 rushdown 1/1 | roll 2.1s upd 27.8s
[brain] it 2930 [league 58%] R/ep 10.64 ent 2.27 kl 0.007 | hit/swing 41% dj/min 32.0 blk/min 0.1 abiHit 59 supHit 81 | medium 1/1 counter 2/2 self 5/6 sovereign 1/5 hard x3 1/1 rushdown 3/5 easy 3/3 human 3/3 expert 2/2 expert x2 0/1 zoner 1/1 aerial 2/3 | roll 1.6s upd 24.0s
[brain] it 2931 [league 57%] R/ep 13.08 ent 2.25 kl 0.007 | hit/swing 56% dj/min 30.0 blk/min 0.3 abiHit 79 supHit 69 | self 1/2 hard 2/2 sovereign 1/5 switcher 1/1 expert x2 3/3 expert 4/4 aerial 1/1 idle 3/3 human 1/1 zoner 2/2 hard x3 0/3 medium 3/3 easy 1/1 counter 0/1 summoner 1/1 | roll 1.6s upd 23.0s
[brain] it 2932 [league 55%] R/ep 8.12 ent 2.31 kl 0.008 | hit/swing 42% dj/min 34.5 blk/min 0.3 abiHit 56 supHit 81 | self 6/12 aerial 1/1 expert 3/3 switcher 1/2 hard 2/2 sovereign 1/4 summoner 2/2 expert x2 2/3 hard x3 1/2 counter 1/1 zoner 1/1 turtle 1/1 rushdown 1/1 medium 1/1 | roll 2.0s upd 23.0s
[brain] it 2933 [league 56%] R/ep 10.77 ent 2.17 kl 0.008 | hit/swing 56% dj/min 28.3 blk/min 0.6 abiHit 52 supHit 77 | sovereign 6/7 medium 3/3 aerial 1/1 turtle 4/4 counter 1/1 expert 4/4 summoner 3/5 self 4/7 expert x2 1/1 easy 2/2 switcher 1/2 hard 1/1 | roll 1.7s upd 20.9s
[brain] it 2934 [league 56%] R/ep 9.98 ent 2.24 kl 0.006 | hit/swing 52% dj/min 31.1 blk/min 0.2 abiHit 42 supHit 64 | expert 7/7 turtle 0/1 sovereign 1/3 aerial 2/2 self 5/9 idle 3/3 counter 1/1 summoner 1/1 switcher 2/2 zoner 1/1 human 0/1 rushdown 1/1 easy 1/1 hard 1/1 medium 2/2 | roll 1.6s upd 23.0s
[brain] it 2935 [league 58%] R/ep 8.96 ent 2.26 kl 0.006 | hit/swing 43% dj/min 32.0 blk/min 0.2 abiHit 50 supHit 65 | sovereign 6/6 self 6/12 hard x3 1/1 expert 5/6 counter 1/1 rushdown 1/1 summoner 1/1 switcher 1/2 idle 1/1 medium 1/1 expert x2 1/1 | roll 1.7s upd 23.2s
[brain] it 2936 [league 58%] R/ep 9.83 ent 2.30 kl 0.007 | hit/swing 42% dj/min 29.2 blk/min 0.2 abiHit 72 supHit 48 | turtle 1/1 self 2/9 expert 7/7 switcher 2/2 hard 5/5 zoner 4/4 rushdown 0/1 medium 1/1 counter 1/1 human 1/1 summoner 1/1 | roll 1.8s upd 23.0s
[brain] it 2937 [league 58%] R/ep 10.40 ent 2.23 kl 0.006 | hit/swing 48% dj/min 26.7 blk/min 0.1 abiHit 78 supHit 65 | sovereign 3/4 expert 5/7 zoner 2/2 self 2/8 turtle 5/5 rushdown 2/2 idle 1/1 medium 3/3 easy 3/3 hard 1/1 human 1/1 | roll 1.7s upd 18.5s
[brain] it 2938 [league 59%] R/ep 10.05 ent 2.15 kl 0.007 | hit/swing 58% dj/min 31.9 blk/min 0.2 abiHit 42 supHit 94 | zoner 2/2 easy 2/2 idle 4/4 sovereign 4/5 rushdown 0/1 hard x3 0/1 switcher 1/1 self 8/15 expert x2 2/2 medium 1/1 expert 9/9 counter 2/2 aerial 1/1 summoner 1/1 | roll 1.5s upd 14.2s
[brain] it 2939 [league 58%] R/ep 10.37 ent 2.21 kl 0.007 | hit/swing 49% dj/min 26.2 blk/min 0.2 abiHit 80 supHit 70 | hard 3/3 human 1/1 zoner 1/1 idle 3/3 expert 4/4 easy 2/2 sovereign 3/4 self 5/9 medium 3/3 turtle 2/3 aerial 1/2 counter 1/1 expert x2 1/1 | roll 1.6s upd 15.2s
[brain] it 2940 [league 58%] R/ep 10.81 ent 2.29 kl 0.008 | hit/swing 48% dj/min 36.2 blk/min 0.2 abiHit 82 supHit 74 | switcher 3/5 expert 6/6 summoner 1/1 self 5/8 sovereign 3/5 aerial 0/1 zoner 1/1 easy 3/3 idle 1/1 medium 1/1 rushdown 0/1 hard x3 2/2 hard 1/1 | roll 1.5s upd 15.1s
[brain] it 2941 [league 58%] R/ep 11.88 ent 2.25 kl 0.007 | hit/swing 51% dj/min 26.8 blk/min 0.4 abiHit 79 supHit 82 | expert 7/7 summoner 2/2 medium 2/2 turtle 1/1 self 6/8 zoner 4/4 sovereign 2/4 rushdown 2/4 expert x2 1/2 easy 2/2 hard 2/2 idle 1/1 | roll 1.4s upd 15.0s
[brain] it 2942 [league 59%] R/ep 7.08 ent 2.34 kl 0.007 | hit/swing 41% dj/min 27.7 blk/min 0.2 abiHit 86 supHit 48 | self 6/10 easy 2/2 turtle 0/1 summoner 3/3 sovereign 2/2 medium 2/2 idle 1/1 expert 4/4 counter 1/4 aerial 1/1 | roll 1.4s upd 13.5s
[brain] it 2943 [league 59%] R/ep 13.98 ent 2.17 kl 0.008 | hit/swing 59% dj/min 27.7 blk/min 0.2 abiHit 60 supHit 89 | zoner 1/1 idle 2/2 hard 2/2 self 2/8 sovereign 1/1 expert x2 1/2 expert 4/4 easy 5/5 switcher 1/1 turtle 4/4 medium 3/3 human 1/1 hard x3 2/2 counter 1/1 | roll 1.3s upd 13.7s
[brain] it 2944 [league 61%] R/ep 11.87 ent 2.21 kl 0.007 | hit/swing 52% dj/min 31.8 blk/min 0.2 abiHit 60 supHit 77 | sovereign 5/6 hard x3 1/1 easy 2/2 expert 7/7 human 2/2 switcher 2/2 idle 1/1 rushdown 1/1 aerial 1/2 turtle 1/1 summoner 1/2 self 1/5 counter 3/3 hard 2/2 zoner 2/2 | roll 1.5s upd 13.3s
[brain] it 2945 [league 63%] R/ep 11.43 ent 2.24 kl 0.009 | hit/swing 50% dj/min 29.5 blk/min 0.2 abiHit 57 supHit 74 | expert 3/3 self 7/10 sovereign 3/4 switcher 3/3 turtle 2/2 hard 2/2 hard x3 1/1 expert x2 0/1 aerial 2/3 medium 2/2 counter 2/2 zoner 1/1 | roll 1.5s upd 13.8s
[brain] it 2946 [league 63%] R/ep 10.69 ent 2.28 kl 0.006 | hit/swing 47% dj/min 30.9 blk/min 0.5 abiHit 84 supHit 71 | self 6/10 expert 6/6 hard 1/1 medium 1/1 zoner 1/1 counter 3/3 sovereign 3/4 hard x3 2/3 idle 1/1 switcher 1/1 | roll 1.5s upd 13.9s
[brain] it 2947 [league 62%] R/ep 9.06 ent 2.40 kl 0.007 | hit/swing 46% dj/min 35.9 blk/min 0.1 abiHit 28 supHit 53 | expert 2/3 self 4/6 zoner 2/2 sovereign 2/5 switcher 2/3 hard 1/1 aerial 2/2 idle 1/1 counter 2/2 hard x3 1/1 rushdown 0/2 | roll 1.5s upd 14.1s
[brain] it 2948 [league 62%] R/ep 11.46 ent 2.26 kl 0.005 | hit/swing 47% dj/min 27.6 blk/min 0.1 abiHit 86 supHit 67 | hard 2/2 expert 6/6 switcher 3/3 self 4/7 sovereign 2/3 medium 2/2 easy 1/1 counter 1/1 aerial 3/3 expert x2 2/2 turtle 1/1 | roll 1.5s upd 15.5s
[brain] it 2949 [league 62%] R/ep 8.89 ent 2.27 kl 0.007 | hit/swing 52% dj/min 35.2 blk/min 0.3 abiHit 22 supHit 75 | expert 4/4 turtle 4/4 sovereign 3/5 self 6/11 hard x3 0/1 aerial 2/2 rushdown 0/1 summoner 3/3 expert x2 1/2 zoner 3/3 medium 3/3 human 1/1 | roll 1.4s upd 15.1s
[brain] it 2950 [league 61%] R/ep 13.07 ent 2.21 kl 0.008 | hit/swing 52% dj/min 29.3 blk/min 0.2 abiHit 48 supHit 91 | self 6/8 sovereign 3/5 medium 2/2 switcher 1/1 expert 2/2 easy 2/2 turtle 3/3 summoner 2/2 counter 1/1 hard 2/2 rushdown 2/2 aerial 0/1 expert x2 2/2 zoner 2/2 human 2/2 | roll 1.6s upd 13.8s
[brain] it 2951 [league 62%] R/ep 9.01 ent 2.32 kl 0.010 | hit/swing 48% dj/min 32.8 blk/min 0.1 abiHit 52 supHit 60 | expert 6/6 sovereign 1/2 rushdown 1/2 human 1/2 switcher 1/3 summoner 4/4 hard x3 0/1 idle 1/1 expert x2 1/1 aerial 2/2 easy 2/2 self 3/5 hard 1/1 turtle 0/1 medium 1/1 | roll 1.6s upd 15.5s
[brain] it 2952 [league 62%] R/ep 7.26 ent 2.29 kl 0.008 | hit/swing 48% dj/min 29.7 blk/min 0.2 abiHit 59 supHit 69 | hard 2/2 self 4/11 hard x3 1/3 medium 1/1 easy 2/2 counter 0/3 turtle 2/2 sovereign 3/4 rushdown 1/1 idle 1/1 zoner 1/1 aerial 0/1 expert 1/1 expert x2 1/1 human 2/2 | roll 1.6s upd 16.6s
[brain] it 2953 [league 64%] R/ep 12.54 ent 2.10 kl 0.008 | hit/swing 63% dj/min 29.5 blk/min 0.3 abiHit 45 supHit 102 | expert 4/4 self 7/11 hard x3 2/2 turtle 2/4 expert x2 3/3 zoner 4/4 summoner 1/1 medium 1/1 counter 0/1 hard 2/2 sovereign 4/5 aerial 1/1 rushdown 1/1 idle 1/1 easy 1/1 | roll 1.4s upd 14.2s
[brain] it 2954 [league 65%] R/ep 14.20 ent 2.23 kl 0.007 | hit/swing 44% dj/min 31.9 blk/min 0.4 abiHit 95 supHit 70 | expert 7/7 idle 1/1 rushdown 1/2 sovereign 3/4 hard x3 0/2 hard 2/2 easy 2/2 expert x2 3/3 human 1/1 switcher 1/2 aerial 2/2 self 1/1 medium 2/2 zoner 1/1 turtle 1/1 | roll 1.3s upd 13.8s
[brain] it 2955 [league 69%] R/ep 7.86 ent 2.29 kl 0.007 | hit/swing 51% dj/min 32.6 blk/min 0.1 abiHit 35 supHit 78 | summoner 2/2 hard x3 0/2 expert 5/5 sovereign 5/7 human 2/2 self 5/8 idle 2/2 easy 1/1 counter 1/1 medium 1/1 rushdown 0/1 hard 1/1 switcher 0/1 | roll 1.7s upd 14.9s
[brain] it 2956 [league 70%] R/ep 11.52 ent 2.23 kl 0.007 | hit/swing 53% dj/min 26.0 blk/min 0.0 abiHit 78 supHit 68 | easy 2/2 expert 5/6 self 3/6 hard 1/1 expert x2 1/2 hard x3 1/4 summoner 3/3 zoner 1/1 switcher 1/1 aerial 1/1 rushdown 1/1 human 1/1 sovereign 1/2 | roll 1.4s upd 14.0s
[brain] it 2957 [league 72%] R/ep 7.99 ent 2.37 kl 0.006 | hit/swing 43% dj/min 33.8 blk/min 0.3 abiHit 49 supHit 51 | aerial 1/2 idle 2/2 expert 2/2 switcher 1/2 sovereign 4/4 summoner 1/1 self 6/12 hard x3 1/1 zoner 2/2 hard 2/2 medium 1/1 counter 0/1 | roll 1.7s upd 14.7s
[brain] it 2958 [league 72%] R/ep 9.84 ent 2.28 kl 0.006 | hit/swing 43% dj/min 29.6 blk/min 0.4 abiHit 41 supHit 62 | self 2/7 turtle 2/3 sovereign 4/5 rushdown 1/1 medium 1/1 hard x3 1/1 hard 2/2 summoner 1/1 aerial 1/2 counter 1/1 expert 3/3 human 1/1 zoner 2/2 easy 1/1 | roll 1.2s upd 12.5s
[brain] it 2959 [league 72%] R/ep 13.29 ent 2.27 kl 0.007 | hit/swing 51% dj/min 26.8 blk/min 0.0 abiHit 89 supHit 70 | medium 3/3 self 5/8 expert x2 1/2 expert 2/2 counter 2/2 easy 2/2 summoner 1/1 turtle 1/1 idle 3/3 hard x3 1/2 sovereign 1/1 hard 1/1 human 0/1 rushdown 1/1 zoner 2/2 | roll 1.3s upd 13.7s
[brain] it 2960 [league 72%] R/ep 8.94 ent 2.22 kl 0.007 | hit/swing 45% dj/min 27.5 blk/min 0.2 abiHit 77 supHit 73 | turtle 2/2 self 5/11 sovereign 3/5 rushdown 1/1 expert 4/4 hard 4/4 summoner 2/2 switcher 1/1 idle 1/1 medium 3/3 human 0/2 easy 1/1 | roll 1.5s upd 14.5s
[brain] it 2961 [league 71%] R/ep 13.74 ent 2.20 kl 0.006 | hit/swing 49% dj/min 29.7 blk/min 0.1 abiHit 82 supHit 81 | expert x2 3/4 sovereign 4/5 zoner 2/2 medium 4/4 summoner 4/4 hard 1/1 expert 2/2 switcher 2/2 hard x3 0/1 self 1/3 human 2/2 counter 3/3 turtle 1/1 aerial 1/1 | roll 1.3s upd 13.6s
[brain] it 2962 [league 72%] R/ep 11.87 ent 2.23 kl 0.007 | hit/swing 48% dj/min 31.6 blk/min 0.2 abiHit 40 supHit 73 | self 5/10 expert x2 3/3 rushdown 0/1 hard 5/5 easy 1/1 sovereign 3/3 turtle 2/2 zoner 3/3 human 2/3 counter 3/3 expert 1/1 aerial 1/1 | roll 1.3s upd 13.5s
[brain] it 2963 [league 71%] R/ep 8.51 ent 2.19 kl 0.008 | hit/swing 52% dj/min 30.7 blk/min 0.3 abiHit 45 supHit 79 | self 8/12 hard x3 0/2 expert 4/4 zoner 1/1 human 1/1 sovereign 3/6 idle 2/2 turtle 2/3 medium 2/2 easy 3/3 hard 1/1 summoner 1/1 counter 1/1 aerial 1/1 | roll 1.5s upd 13.4s
[brain] it 2964 [league 73%] R/ep 10.44 ent 2.25 kl 0.005 | hit/swing 54% dj/min 33.5 blk/min 0.1 abiHit 43 supHit 89 | self 4/11 expert 1/1 hard 2/2 hard x3 1/2 switcher 0/1 idle 2/2 counter 2/2 medium 2/2 aerial 1/1 zoner 1/1 turtle 2/2 human 2/2 sovereign 5/5 easy 1/1 summoner 3/3 expert x2 1/1 | roll 1.6s upd 14.8s
[brain] it 2965 [league 71%] R/ep 10.36 ent 2.26 kl 0.005 | hit/swing 47% dj/min 26.0 blk/min 0.3 abiHit 97 supHit 63 | expert x2 1/2 hard 4/4 easy 1/1 expert 6/6 self 3/7 sovereign 1/3 summoner 3/3 aerial 1/2 rushdown 3/4 zoner 3/3 turtle 1/1 | roll 1.4s upd 14.2s
[brain] it 2966 [league 72%] R/ep 7.57 ent 2.36 kl 0.008 | hit/swing 41% dj/min 37.2 blk/min 0.1 abiHit 37 supHit 64 | self 9/14 summoner 2/2 aerial 1/1 rushdown 1/2 switcher 1/1 medium 3/3 sovereign 3/4 expert 2/2 zoner 2/2 human 1/2 hard x3 0/1 | roll 1.6s upd 13.6s
[brain] it 2967 [league 73%] R/ep 10.05 ent 2.25 kl 0.009 | hit/swing 52% dj/min 31.8 blk/min 0.3 abiHit 46 supHit 84 | sovereign 5/5 self 6/13 switcher 0/2 expert 4/4 expert x2 1/1 aerial 1/1 counter 1/1 medium 2/2 rushdown 2/2 human 2/2 easy 2/2 hard x3 1/2 summoner 2/2 hard 1/1 | roll 1.6s upd 13.5s
[brain] it 2968 [league 70%] R/ep 9.80 ent 2.20 kl 0.006 | hit/swing 56% dj/min 29.5 blk/min 0.2 abiHit 48 supHit 72 | hard 2/2 turtle 0/1 self 2/8 human 5/5 switcher 1/1 expert 4/4 sovereign 3/6 hard x3 2/2 zoner 3/3 idle 2/2 rushdown 1/1 easy 2/2 summoner 1/1 | roll 1.6s upd 13.6s
[brain] it 2969 [league 70%] R/ep 11.13 ent 2.36 kl 0.007 | hit/swing 41% dj/min 33.7 blk/min 0.2 abiHit 77 supHit 67 | summoner 3/3 zoner 1/1 self 4/9 switcher 1/1 hard 3/3 aerial 1/2 expert 3/3 medium 2/2 counter 1/1 idle 4/4 expert x2 2/2 sovereign 1/1 | roll 1.8s upd 14.9s
[brain] it 2970 [league 69%] R/ep 9.60 ent 2.24 kl 0.007 | hit/swing 54% dj/min 29.6 blk/min 0.3 abiHit 61 supHit 79 | sovereign 2/5 hard x3 2/3 self 7/10 switcher 3/3 human 1/1 expert 3/3 zoner 2/2 medium 2/2 easy 3/3 expert x2 0/1 counter 2/2 rushdown 1/1 summoner 1/2 hard 1/1 | roll 1.5s upd 13.6s
[brain] it 2971 [league 69%] R/ep 10.65 ent 2.29 kl 0.007 | hit/swing 56% dj/min 30.1 blk/min 0.2 abiHit 46 supHit 64 | expert 3/3 self 5/12 hard 2/2 expert x2 0/1 medium 4/4 idle 2/2 summoner 3/3 easy 2/2 zoner 3/3 counter 1/1 hard x3 1/1 turtle 1/1 sovereign 1/1 human 1/1 rushdown 0/1 | roll 1.5s upd 13.7s
[brain] it 2972 [league 72%] R/ep 13.60 ent 2.11 kl 0.006 | hit/swing 62% dj/min 28.2 blk/min 0.3 abiHit 60 supHit 107 | self 9/12 easy 5/5 rushdown 3/3 summoner 3/3 sovereign 4/5 zoner 3/3 expert 5/5 medium 2/2 idle 4/4 expert x2 1/1 turtle 1/1 aerial 2/2 counter 1/1 | roll 1.4s upd 14.1s
[brain] it 2973 [league 72%] R/ep 12.42 ent 2.23 kl 0.008 | hit/swing 49% dj/min 29.0 blk/min 0.2 abiHit 42 supHit 63 | self 5/7 expert x2 1/2 rushdown 1/1 summoner 1/1 human 5/5 sovereign 2/3 turtle 4/4 medium 1/1 expert 2/2 zoner 1/1 idle 2/2 counter 1/1 | roll 1.3s upd 14.3s
[brain] it 2974 [league 73%] R/ep 14.34 ent 2.18 kl 0.007 | hit/swing 58% dj/min 30.6 blk/min 0.1 abiHit 34 supHit 79 | expert 4/4 easy 4/4 aerial 5/5 switcher 1/1 self 7/9 hard x3 2/2 turtle 2/2 sovereign 4/4 summoner 1/1 counter 1/1 idle 1/1 | roll 1.5s upd 14.2s
[brain] it 2975 [league 75%] R/ep 9.76 ent 2.32 kl 0.007 | hit/swing 46% dj/min 34.5 blk/min 0.0 abiHit 31 supHit 79 | expert 4/4 human 0/1 self 5/12 switcher 1/1 turtle 2/2 sovereign 3/3 zoner 2/2 summoner 3/3 expert x2 1/1 hard 1/1 counter 2/2 aerial 1/2 rushdown 1/1 easy 1/1 | roll 1.4s upd 13.9s
[brain] it 2976 [league 75%] R/ep 6.92 ent 2.30 kl 0.008 | hit/swing 46% dj/min 30.4 blk/min 0.1 abiHit 63 supHit 59 | switcher 1/1 hard 1/1 self 9/16 expert 4/4 idle 2/2 sovereign 4/6 aerial 0/1 counter 5/5 easy 1/1 medium 1/1 | roll 1.6s upd 15.0s
[brain] it 2977 [league 74%] R/ep 10.58 ent 2.19 kl 0.008 | hit/swing 57% dj/min 29.5 blk/min 0.4 abiHit 28 supHit 72 | self 7/11 switcher 4/4 sovereign 3/5 hard 3/3 medium 1/1 expert 2/2 summoner 1/1 hard x3 1/1 turtle 2/2 easy 2/2 idle 3/3 zoner 2/2 | roll 1.4s upd 13.8s
[brain] it 2978 [league 74%] R/ep 10.66 ent 2.29 kl 0.007 | hit/swing 42% dj/min 31.7 blk/min 0.5 abiHit 42 supHit 64 | self 6/10 sovereign 4/5 expert 3/3 medium 2/2 rushdown 3/3 zoner 1/1 switcher 2/2 hard x3 1/1 turtle 1/1 aerial 1/2 human 3/3 | roll 1.5s upd 13.8s
[brain] it 2979 [league 74%] R/ep 10.32 ent 2.20 kl 0.007 | hit/swing 57% dj/min 29.3 blk/min 0.2 abiHit 41 supHit 74 | expert x2 1/1 self 8/13 expert 6/6 idle 4/4 sovereign 4/5 turtle 1/1 rushdown 1/1 medium 3/3 human 1/1 zoner 2/2 | roll 1.5s upd 13.7s
[brain] it 2980 [league 74%] R/ep 10.87 ent 2.26 kl 0.008 | hit/swing 53% dj/min 32.8 blk/min 0.2 abiHit 42 supHit 66 | self 4/10 expert 4/4 hard x3 2/2 expert x2 0/1 sovereign 1/2 turtle 3/3 counter 1/1 switcher 3/3 zoner 1/1 hard 3/3 summoner 2/2 medium 1/1 idle 1/1 | roll 1.5s upd 13.7s
[brain] it 2981 [league 72%] R/ep 9.65 ent 2.23 kl 0.007 | hit/swing 50% dj/min 27.3 blk/min 0.2 abiHit 58 supHit 83 | human 1/1 hard 4/4 self 4/8 expert 3/3 summoner 2/2 sovereign 4/7 switcher 1/1 idle 2/2 easy 3/3 expert x2 1/1 medium 2/2 turtle 0/1 zoner 1/1 rushdown 2/2 aerial 1/1 | roll 1.6s upd 15.0s
[brain] it 2982 [league 71%] R/ep 7.84 ent 2.23 kl 0.007 | hit/swing 48% dj/min 32.0 blk/min 0.2 abiHit 99 supHit 74 | rushdown 2/4 self 4/14 expert 3/3 zoner 2/2 summoner 1/1 idle 3/3 human 1/1 medium 3/3 sovereign 2/4 turtle 2/2 switcher 1/1 counter 1/1 expert x2 1/1 hard 1/1 | roll 1.4s upd 13.7s
[brain] it 2983 [league 71%] R/ep 8.04 ent 2.17 kl 0.005 | hit/swing 61% dj/min 28.5 blk/min 0.1 abiHit 54 supHit 77 | idle 2/2 self 4/13 rushdown 2/2 expert 7/7 sovereign 3/5 medium 4/4 counter 3/3 summoner 1/1 hard 1/1 aerial 1/1 switcher 1/1 | roll 1.5s upd 13.7s
[brain] it 2984 [league 69%] R/ep 13.30 ent 2.12 kl 0.006 | hit/swing 55% dj/min 24.9 blk/min 0.1 abiHit 94 supHit 93 | turtle 2/2 sovereign 4/7 medium 4/4 rushdown 2/2 expert 7/7 self 4/7 expert x2 3/3 switcher 1/1 summoner 1/1 human 1/1 zoner 1/1 easy 1/1 hard x3 1/1 hard 2/2 | roll 1.4s upd 14.4s
[brain] it 2985 [league 68%] R/ep 9.40 ent 2.25 kl 0.007 | hit/swing 53% dj/min 30.9 blk/min 0.4 abiHit 33 supHit 73 | zoner 2/2 self 2/10 hard x3 0/1 aerial 1/1 sovereign 3/5 medium 3/3 expert 6/6 expert x2 2/2 easy 1/1 turtle 1/1 switcher 1/1 summoner 1/1 human 2/3 hard 1/1 | roll 1.5s upd 13.5s
[brain] it 2986 [league 67%] R/ep 10.68 ent 2.27 kl 0.009 | hit/swing 57% dj/min 33.8 blk/min 0.2 abiHit 33 supHit 82 | self 4/11 expert 4/4 counter 3/3 turtle 1/1 summoner 3/4 human 1/2 zoner 1/1 sovereign 2/5 easy 1/1 hard x3 2/2 hard 1/1 expert x2 1/1 idle 1/1 | roll 1.6s upd 14.9s
[brain] it 2987 [league 66%] R/ep 10.38 ent 2.18 kl 0.003 | hit/swing 47% dj/min 31.2 blk/min 0.2 abiHit 59 supHit 65 | self 5/8 rushdown 1/2 sovereign 4/5 idle 1/1 expert 5/5 aerial 4/4 hard 2/2 human 1/1 summoner 1/1 turtle 1/1 medium 2/2 switcher 1/1 | roll 1.4s upd 13.7s
[brain] it 2988 [league 68%] R/ep 9.81 ent 2.27 kl 0.006 | hit/swing 49% dj/min 34.9 blk/min 0.1 abiHit 58 supHit 86 | self 3/10 aerial 3/4 sovereign 5/6 human 3/3 easy 3/3 expert 4/4 expert x2 1/1 rushdown 2/2 counter 1/1 switcher 2/2 medium 2/2 turtle 1/1 hard 3/3 | roll 1.4s upd 14.0s
[brain] it 2989 [league 65%] R/ep 13.14 ent 2.32 kl 0.007 | hit/swing 41% dj/min 32.6 blk/min 0.3 abiHit 77 supHit 62 | sovereign 1/4 turtle 1/1 switcher 3/3 expert 3/3 idle 3/3 counter 2/2 easy 1/1 medium 3/3 zoner 2/2 self 1/3 human 2/2 hard x3 1/3 rushdown 1/1 | roll 1.6s upd 13.4s
[brain] it 2990 [league 65%] R/ep 9.32 ent 2.43 kl 0.008 | hit/swing 43% dj/min 35.9 blk/min 0.2 abiHit 43 supHit 55 | sovereign 2/3 human 2/2 self 4/8 medium 2/2 expert x2 1/1 zoner 1/1 hard x3 0/1 hard 1/1 turtle 3/3 idle 1/1 counter 2/2 switcher 2/2 summoner 1/1 easy 1/1 | roll 1.3s upd 13.7s
[brain] it 2991 [league 64%] R/ep 12.42 ent 2.26 kl 0.009 | hit/swing 59% dj/min 29.0 blk/min 0.1 abiHit 43 supHit 66 | self 6/8 expert 5/5 turtle 3/3 hard 2/2 counter 2/2 human 2/2 summoner 2/2 aerial 1/1 rushdown 1/1 sovereign 1/3 idle 2/2 medium 1/1 zoner 1/1 expert x2 1/1 | roll 1.4s upd 13.7s
[brain] it 2992 [league 63%] R/ep 8.15 ent 2.16 kl 0.007 | hit/swing 43% dj/min 28.7 blk/min 0.5 abiHit 93 supHit 79 | self 4/14 counter 2/2 expert 6/6 rushdown 0/1 idle 2/2 zoner 2/2 hard 1/1 human 3/4 sovereign 1/4 expert x2 1/1 turtle 1/1 hard x3 1/1 | roll 1.5s upd 13.6s
[brain] it 2993 [league 66%] R/ep 11.16 ent 2.12 kl 0.008 | hit/swing 64% dj/min 29.5 blk/min 0.5 abiHit 51 supHit 90 | expert x2 1/2 hard x3 2/2 idle 3/3 self 3/10 expert 5/5 summoner 3/3 sovereign 7/7 turtle 2/2 hard 1/1 medium 2/2 easy 1/1 human 1/1 | roll 1.5s upd 12.6s
[brain] it 2994 [league 66%] R/ep 10.29 ent 2.28 kl 0.007 | hit/swing 37% dj/min 32.3 blk/min 0.0 abiHit 85 supHit 67 | summoner 4/4 idle 2/2 self 3/6 zoner 1/1 medium 2/2 expert 5/5 sovereign 1/1 human 1/1 turtle 3/4 expert x2 1/1 aerial 1/2 rushdown 1/3 | roll 1.4s upd 13.7s
[brain] it 2995 [league 62%] R/ep 7.22 ent 2.38 kl 0.007 | hit/swing 50% dj/min 33.6 blk/min 0.4 abiHit 53 supHit 51 | sovereign 3/8 self 4/10 zoner 4/4 expert 4/4 easy 1/1 human 2/3 expert x2 0/1 summoner 2/2 counter 1/1 aerial 1/1 idle 1/1 hard 1/1 | roll 1.4s upd 13.6s
[brain] it 2996 [league 61%] R/ep 9.81 ent 2.23 kl 0.007 | hit/swing 46% dj/min 28.4 blk/min 0.3 abiHit 85 supHit 69 | summoner 1/1 self 8/12 easy 1/1 expert 6/6 sovereign 2/3 medium 2/2 aerial 1/1 idle 1/1 rushdown 0/2 turtle 1/1 hard 1/1 hard x3 1/2 zoner 1/1 | roll 1.6s upd 14.8s
[brain] it 2997 [league 62%] R/ep 10.21 ent 2.25 kl 0.006 | hit/swing 37% dj/min 31.6 blk/min 0.0 abiHit 82 supHit 69 | sovereign 1/2 switcher 1/2 self 7/9 turtle 3/4 idle 1/1 rushdown 3/3 expert 3/3 aerial 1/1 hard 1/1 easy 1/1 medium 1/1 expert x2 2/2 | roll 1.4s upd 13.9s
[brain] it 2998 [league 59%] R/ep 9.03 ent 2.30 kl 0.006 | hit/swing 46% dj/min 32.8 blk/min 0.4 abiHit 43 supHit 59 | switcher 3/3 sovereign 1/4 expert x2 1/1 expert 3/3 aerial 0/1 rushdown 3/4 turtle 3/3 self 1/4 medium 1/1 counter 3/3 zoner 1/1 easy 1/1 human 1/2 summoner 1/1 | roll 1.4s upd 13.8s
[brain] it 2999 [league 59%] R/ep 9.83 ent 2.30 kl 0.007 | hit/swing 48% dj/min 32.9 blk/min 0.3 abiHit 68 supHit 79 | self 4/7 hard 2/2 medium 1/1 rushdown 1/1 sovereign 7/11 human 2/2 expert 2/2 turtle 1/1 switcher 3/3 hard x3 0/1 easy 3/3 expert x2 2/2 aerial 1/1 counter 1/1 | roll 1.6s upd 15.2s
[brain] it 3000 [league 59%] R/ep 13.25 ent 2.20 kl 0.009 | hit/swing 57% dj/min 27.6 blk/min 0.2 abiHit 45 supHit 69 | self 1/6 hard 2/2 easy 3/3 idle 5/5 expert 8/8 zoner 4/4 human 1/1 expert x2 1/1 turtle 2/2 sovereign 2/2 medium 2/2 counter 1/1 switcher 1/2 | roll 1.5s upd 14.0s
[brain] it 3001 [league 59%] R/ep 11.73 ent 2.09 kl 0.007 | hit/swing 67% dj/min 30.1 blk/min 0.1 abiHit 11 supHit 63 | medium 3/3 zoner 3/3 expert 3/3 self 5/10 human 1/1 turtle 1/1 hard x3 1/1 easy 2/2 aerial 1/1 sovereign 2/2 summoner 1/1 | roll 5.7s upd 8.2s
[brain] it 3002 [league 62%] R/ep 11.71 ent 2.20 kl 0.007 | hit/swing 46% dj/min 27.9 blk/min 0.1 abiHit 71 supHit 52 | human 1/2 counter 3/3 sovereign 6/7 easy 2/2 summoner 4/4 hard 1/1 self 3/4 expert 1/1 idle 2/2 zoner 2/2 medium 1/1 | roll 4.7s upd 9.5s
[brain] it 3003 [league 61%] R/ep 13.00 ent 2.17 kl 0.006 | hit/swing 51% dj/min 22.2 blk/min 0.1 abiHit 74 supHit 46 | self 3/5 sovereign 1/2 idle 1/1 easy 2/2 counter 1/1 summoner 1/1 expert x2 2/2 expert 4/4 zoner 1/1 human 1/1 medium 1/1 | roll 4.9s upd 9.6s
[brain] it 3004 [league 61%] R/ep 10.97 ent 2.23 kl 0.008 | hit/swing 56% dj/min 26.3 blk/min 0.1 abiHit 61 supHit 80 | idle 2/2 easy 2/2 switcher 1/1 self 6/8 sovereign 1/2 zoner 2/2 human 2/3 hard 1/1 turtle 2/2 expert 5/5 summoner 2/2 hard x3 0/3 counter 1/1 medium 1/1 rushdown 1/1 expert x2 1/1 | roll 1.6s upd 15.7s
[brain] it 3005 [league 64%] R/ep 11.94 ent 2.12 kl 0.007 | hit/swing 69% dj/min 26.8 blk/min 0.5 abiHit 41 supHit 89 | self 4/11 hard x3 2/2 turtle 1/1 aerial 4/4 expert x2 1/1 sovereign 6/6 human 1/1 summoner 2/2 expert 5/5 idle 5/5 zoner 1/1 easy 1/1 switcher 1/1 hard 1/1 | roll 1.6s upd 17.3s
[brain] it 3006 [league 64%] R/ep 9.43 ent 2.25 kl 0.008 | hit/swing 45% dj/min 32.8 blk/min 0.2 abiHit 79 supHit 60 | expert 4/4 self 7/13 easy 1/1 hard 1/1 turtle 1/1 rushdown 1/1 human 1/1 switcher 1/3 expert x2 2/2 counter 1/1 aerial 1/2 idle 2/2 sovereign 1/1 zoner 1/1 | roll 1.8s upd 20.1s
[brain] it 3007 [league 64%] R/ep 10.12 ent 2.31 kl 0.007 | hit/swing 43% dj/min 27.0 blk/min 0.1 abiHit 123 supHit 66 | zoner 1/1 self 2/6 sovereign 2/4 idle 3/3 expert x2 2/2 counter 3/3 switcher 1/1 expert 3/3 human 2/2 rushdown 1/2 easy 1/1 summoner 1/1 medium 1/1 | roll 1.8s upd 18.2s
[brain] it 3008 [league 64%] R/ep 9.41 ent 2.21 kl 0.006 | hit/swing 62% dj/min 27.0 blk/min 0.1 abiHit 73 supHit 72 | counter 2/2 sovereign 4/7 expert 5/5 medium 1/1 turtle 1/1 self 5/10 idle 2/2 hard x3 1/2 hard 4/4 easy 1/1 zoner 1/1 human 2/2 expert x2 0/1 | roll 1.6s upd 16.5s
[brain] it 3009 [league 64%] R/ep 11.04 ent 2.27 kl 0.008 | hit/swing 53% dj/min 36.7 blk/min 0.1 abiHit 31 supHit 77 | hard x3 1/2 self 4/11 zoner 2/2 rushdown 2/2 hard 2/2 aerial 3/3 expert 2/2 idle 1/1 summoner 2/2 expert x2 1/1 switcher 2/2 human 1/1 sovereign 2/2 counter 2/2 turtle 1/1 | roll 1.5s upd 13.6s
[brain] it 3010 [league 66%] R/ep 7.89 ent 2.28 kl 0.007 | hit/swing 43% dj/min 34.2 blk/min 0.3 abiHit 56 supHit 63 | human 2/3 self 5/12 hard 1/1 expert 3/3 aerial 1/2 zoner 2/2 sovereign 4/5 summoner 1/1 turtle 1/1 idle 1/1 rushdown 1/1 | roll 1.5s upd 14.3s
[brain] it 3011 [league 67%] R/ep 10.35 ent 2.23 kl 0.008 | hit/swing 53% dj/min 27.8 blk/min 0.0 abiHit 53 supHit 74 | rushdown 0/1 switcher 1/1 sovereign 4/4 self 10/13 idle 5/5 expert x2 3/4 human 0/1 expert 5/5 turtle 1/1 zoner 1/1 easy 1/1 counter 1/1 summoner 1/1 | roll 1.6s upd 14.3s
[brain] it 3012 [league 66%] R/ep 8.62 ent 2.28 kl 0.010 | hit/swing 53% dj/min 33.1 blk/min 0.2 abiHit 35 supHit 78 | aerial 2/2 sovereign 4/6 self 6/12 turtle 1/1 expert 3/3 rushdown 1/1 zoner 2/2 medium 4/4 human 1/2 easy 1/1 hard 1/1 counter 1/2 switcher 1/1 | roll 1.6s upd 14.1s
[brain] it 3013 [league 68%] R/ep 12.06 ent 2.21 kl 0.007 | hit/swing 57% dj/min 29.5 blk/min 0.2 abiHit 66 supHit 79 | summoner 2/2 self 6/12 easy 2/2 hard 2/2 human 1/1 sovereign 3/5 counter 2/2 expert 5/5 medium 2/2 zoner 1/1 hard x3 1/1 expert x2 3/3 idle 2/2 | roll 1.6s upd 12.8s
[brain] it 3014 [league 67%] R/ep 12.19 ent 2.41 kl 0.008 | hit/swing 57% dj/min 34.1 blk/min 0.3 abiHit 57 supHit 57 | self 3/6 expert 6/6 zoner 3/3 human 1/1 counter 2/3 sovereign 1/2 expert x2 3/3 rushdown 0/1 idle 1/1 hard 1/1 medium 1/1 hard x3 1/1 switcher 1/1 | roll 1.5s upd 14.0s
[brain] it 3015 [league 68%] R/ep 10.54 ent 2.26 kl 0.010 | hit/swing 48% dj/min 30.8 blk/min 0.0 abiHit 79 supHit 72 | summoner 1/1 human 1/1 expert 3/3 sovereign 2/5 easy 3/3 self 4/9 rushdown 1/3 expert x2 3/3 medium 1/1 hard x3 1/2 idle 2/2 hard 1/1 counter 1/1 zoner 2/2 | roll 1.7s upd 14.9s
[brain] it 3016 [league 68%] R/ep 8.60 ent 2.23 kl 0.007 | hit/swing 61% dj/min 28.9 blk/min 0.2 abiHit 34 supHit 75 | easy 2/2 summoner 3/4 self 1/9 hard x3 2/2 turtle 2/2 sovereign 1/2 medium 1/1 idle 2/2 hard 5/5 expert 4/4 rushdown 0/1 aerial 0/1 switcher 1/1 | roll 1.5s upd 13.9s
[brain] it 3017 [league 65%] R/ep 8.66 ent 2.20 kl 0.007 | hit/swing 59% dj/min 30.4 blk/min 0.3 abiHit 39 supHit 83 | switcher 1/1 hard x3 0/1 summoner 2/2 hard 4/4 medium 1/1 expert 3/5 sovereign 3/6 idle 2/2 aerial 1/1 expert x2 1/1 counter 1/1 rushdown 1/1 self 6/10 easy 2/2 zoner 1/1 turtle 1/1 | roll 1.6s upd 14.0s
[brain] it 3018 [league 68%] R/ep 10.59 ent 2.28 kl 0.006 | hit/swing 46% dj/min 30.3 blk/min 0.1 abiHit 62 supHit 64 | self 8/12 hard 1/1 turtle 1/1 expert x2 1/1 sovereign 6/6 aerial 1/1 zoner 1/1 idle 1/1 human 1/2 switcher 1/1 expert 1/1 summoner 2/2 medium 1/1 easy 2/2 counter 1/1 | roll 1.5s upd 13.9s
[brain] it 3019 [league 69%] R/ep 8.19 ent 2.28 kl 0.008 | hit/swing 43% dj/min 34.8 blk/min 0.1 abiHit 85 supHit 78 | easy 2/2 expert 4/4 self 5/15 turtle 3/3 zoner 1/1 medium 1/1 sovereign 4/5 rushdown 1/2 human 1/1 hard 2/2 expert x2 0/1 idle 1/1 aerial 1/1 | roll 1.7s upd 15.6s
[brain] it 3020 [league 68%] R/ep 7.98 ent 2.17 kl 0.006 | hit/swing 57% dj/min 28.6 blk/min 0.0 abiHit 33 supHit 90 | counter 3/3 turtle 3/3 sovereign 4/11 switcher 2/2 expert 5/5 self 6/9 idle 1/1 human 1/1 rushdown 1/1 summoner 1/1 hard 2/2 easy 1/1 | roll 1.6s upd 12.6s
[brain] it 3021 [league 67%] R/ep 11.84 ent 2.25 kl 0.007 | hit/swing 48% dj/min 31.9 blk/min 0.2 abiHit 44 supHit 69 | aerial 2/3 rushdown 2/3 self 0/3 hard x3 1/1 turtle 2/3 expert 3/3 idle 1/1 human 2/2 zoner 1/1 sovereign 1/3 easy 3/3 medium 2/2 summoner 2/2 expert x2 1/1 | roll 1.3s upd 12.8s
[brain] it 3022 [league 66%] R/ep 11.31 ent 2.15 kl 0.007 | hit/swing 57% dj/min 28.4 blk/min 0.3 abiHit 83 supHit 78 | expert 4/4 counter 2/2 human 1/1 medium 2/2 turtle 2/2 easy 3/3 summoner 3/3 aerial 3/3 idle 2/2 sovereign 1/4 self 4/8 hard 2/2 hard x3 1/1 switcher 1/1 | roll 1.5s upd 14.1s
[brain] it 3023 [league 65%] R/ep 10.75 ent 2.30 kl 0.007 | hit/swing 47% dj/min 31.3 blk/min 0.1 abiHit 70 supHit 63 | sovereign 4/5 aerial 2/2 switcher 1/1 rushdown 3/3 expert 7/7 hard x3 2/2 easy 1/1 self 2/6 hard 1/1 human 0/1 idle 1/1 counter 1/1 | roll 1.4s upd 14.3s
[brain] it 3024 [league 64%] R/ep 13.11 ent 2.19 kl 0.008 | hit/swing 59% dj/min 30.1 blk/min 0.0 abiHit 29 supHit 68 | aerial 2/2 counter 3/3 medium 2/2 self 2/7 expert 4/4 expert x2 1/2 switcher 3/3 idle 2/2 sovereign 2/3 zoner 3/3 hard x3 1/1 human 1/2 turtle 1/1 easy 1/1 summoner 1/1 hard 1/1 rushdown 1/1 | roll 1.3s upd 13.8s
[brain] it 3025 [league 63%] R/ep 8.98 ent 2.24 kl 0.007 | hit/swing 60% dj/min 32.2 blk/min 0.1 abiHit 19 supHit 77 | self 5/14 human 3/3 easy 1/1 aerial 3/3 medium 2/2 summoner 2/2 sovereign 1/2 expert 5/5 turtle 2/2 counter 1/1 rushdown 1/1 expert x2 1/1 hard 1/1 | roll 1.4s upd 13.9s
[brain] it 3026 [league 63%] R/ep 10.20 ent 2.32 kl 0.008 | hit/swing 52% dj/min 33.2 blk/min 0.1 abiHit 42 supHit 59 | sovereign 5/8 switcher 1/2 expert 3/3 turtle 1/1 hard x3 1/1 self 2/5 summoner 4/4 human 1/1 hard 1/1 medium 3/3 rushdown 1/2 idle 1/1 | roll 1.4s upd 15.2s
[brain] it 3027 [league 63%] R/ep 10.92 ent 2.20 kl 0.007 | hit/swing 53% dj/min 31.7 blk/min 0.4 abiHit 76 supHit 75 | hard x3 0/3 expert x2 2/3 medium 3/3 self 4/9 expert 1/1 summoner 2/2 rushdown 2/2 idle 1/1 sovereign 2/2 turtle 3/3 easy 1/1 aerial 1/1 human 1/1 | roll 1.4s upd 16.6s
[brain] it 3028 [league 61%] R/ep 8.98 ent 2.21 kl 0.007 | hit/swing 64% dj/min 34.1 blk/min 0.3 abiHit 48 supHit 75 | summoner 1/1 expert 7/7 rushdown 1/1 easy 1/1 hard x3 0/1 self 6/11 switcher 1/1 zoner 1/1 sovereign 4/8 human 1/1 idle 1/1 hard 1/1 medium 1/1 aerial 1/1 expert x2 1/1 | roll 1.8s upd 14.3s
[brain] it 3029 [league 61%] R/ep 12.43 ent 2.22 kl 0.006 | hit/swing 58% dj/min 31.8 blk/min 0.1 abiHit 26 supHit 80 | aerial 3/3 medium 2/2 easy 3/3 human 1/2 zoner 1/1 rushdown 1/1 sovereign 1/2 self 2/5 summoner 2/2 turtle 4/4 idle 2/2 hard 2/2 switcher 1/1 hard x3 1/1 expert x2 0/1 counter 1/1 expert 2/2 | roll 1.5s upd 17.5s
[brain] it 3030 [league 61%] R/ep 11.70 ent 2.14 kl 0.006 | hit/swing 44% dj/min 28.6 blk/min 0.4 abiHit 87 supHit 90 | medium 1/1 counter 3/3 sovereign 2/4 self 5/11 expert 4/4 expert x2 2/2 rushdown 1/1 aerial 2/2 human 1/1 hard 2/2 zoner 3/3 idle 2/2 switcher 1/1 summoner 1/1 turtle 1/1 | roll 1.6s upd 16.6s
[brain] it 3031 [league 60%] R/ep 12.68 ent 2.27 kl 0.008 | hit/swing 51% dj/min 28.0 blk/min 0.0 abiHit 91 supHit 56 | summoner 0/1 idle 6/6 expert 4/4 aerial 1/1 self 2/4 sovereign 1/2 turtle 4/4 hard 2/2 counter 2/2 human 1/1 zoner 1/1 switcher 1/1 medium 1/1 easy 1/1 | roll 1.4s upd 14.2s
[brain] it 3032 [league 61%] R/ep 8.25 ent 2.33 kl 0.008 | hit/swing 60% dj/min 33.6 blk/min 0.1 abiHit 31 supHit 68 | turtle 1/1 expert 1/1 self 5/11 human 1/1 idle 1/1 sovereign 3/3 easy 3/3 hard x3 1/1 medium 2/2 rushdown 1/1 aerial 1/2 counter 1/2 switcher 1/1 | roll 1.5s upd 14.0s
[brain] it 3033 [league 59%] R/ep 12.57 ent 2.24 kl 0.008 | hit/swing 55% dj/min 28.7 blk/min 0.1 abiHit 82 supHit 85 | self 5/8 hard x3 1/1 medium 3/3 hard 2/2 sovereign 4/6 idle 1/1 summoner 1/1 expert 5/5 aerial 1/1 human 1/1 turtle 2/2 counter 2/2 easy 2/2 expert x2 1/1 | roll 1.4s upd 14.1s
[brain] it 3034 [league 59%] R/ep 10.36 ent 2.25 kl 0.006 | hit/swing 44% dj/min 31.9 blk/min 0.1 abiHit 68 supHit 67 | self 6/9 hard x3 1/1 turtle 2/2 expert 4/4 summoner 3/3 sovereign 3/4 rushdown 0/1 easy 2/2 aerial 0/1 counter 2/4 expert x2 1/1 zoner 1/1 medium 1/1 idle 1/1 | roll 1.3s upd 13.9s
[brain] it 3035 [league 60%] R/ep 7.05 ent 2.39 kl 0.006 | hit/swing 41% dj/min 34.2 blk/min 0.3 abiHit 47 supHit 49 | hard 3/3 self 4/10 sovereign 2/3 medium 1/1 counter 1/2 aerial 1/1 rushdown 1/1 expert x2 1/1 human 1/2 idle 1/1 switcher 1/2 zoner 1/1 | roll 1.5s upd 13.8s
[brain] it 3036 [league 59%] R/ep 9.93 ent 2.34 kl 0.008 | hit/swing 43% dj/min 30.6 blk/min 0.1 abiHit 72 supHit 79 | expert x2 1/1 medium 1/1 rushdown 1/2 zoner 1/1 expert 7/7 self 1/7 hard 2/2 human 1/1 switcher 2/2 sovereign 1/3 easy 2/2 counter 1/3 idle 1/1 hard x3 1/2 | roll 1.5s upd 16.7s
[brain] it 3037 [league 61%] R/ep 14.78 ent 2.14 kl 0.006 | hit/swing 61% dj/min 26.5 blk/min 0.2 abiHit 52 supHit 96 | expert 4/4 aerial 4/4 sovereign 4/4 hard 2/2 expert x2 1/1 self 6/9 idle 2/2 hard x3 3/3 turtle 2/2 medium 1/1 easy 1/1 summoner 0/1 counter 1/1 | roll 1.4s upd 13.9s
[brain] it 3038 [league 61%] R/ep 6.89 ent 2.31 kl 0.005 | hit/swing 39% dj/min 29.0 blk/min 0.2 abiHit 107 supHit 53 | self 2/9 switcher 2/2 hard 2/2 expert 3/3 zoner 1/1 summoner 1/2 easy 1/1 sovereign 3/5 human 1/1 counter 1/1 aerial 1/1 medium 1/1 | roll 1.5s upd 13.6s
[brain] it 3039 [league 64%] R/ep 10.77 ent 2.26 kl 0.007 | hit/swing 49% dj/min 34.2 blk/min 0.1 abiHit 37 supHit 94 | aerial 1/1 expert x2 1/1 self 8/17 counter 2/2 switcher 1/1 expert 3/3 medium 3/3 sovereign 5/6 hard x3 1/2 zoner 3/3 idle 1/1 easy 1/1 | roll 1.5s upd 13.7s
[brain] it 3040 [league 63%] R/ep 11.77 ent 2.18 kl 0.006 | hit/swing 52% dj/min 30.3 blk/min 0.3 abiHit 47 supHit 78 | summoner 1/1 human 2/2 zoner 3/3 idle 2/2 sovereign 5/6 expert 5/5 rushdown 2/3 self 4/9 easy 4/4 medium 1/1 turtle 1/1 expert x2 1/1 hard x3 1/1 hard 2/2 | roll 1.3s upd 13.7s
[brain] it 3041 [league 61%] R/ep 7.65 ent 2.29 kl 0.008 | hit/swing 53% dj/min 30.2 blk/min 0.2 abiHit 52 supHit 73 | sovereign 1/3 expert x2 2/3 self 5/13 aerial 2/2 expert 4/4 summoner 2/2 hard x3 1/1 counter 1/1 human 0/1 medium 2/2 rushdown 1/1 | roll 1.6s upd 13.9s
[brain] it 3042 [league 61%] R/ep 8.67 ent 2.22 kl 0.008 | hit/swing 54% dj/min 28.5 blk/min 0.1 abiHit 48 supHit 74 | zoner 1/1 expert 4/4 self 8/15 aerial 1/1 sovereign 1/2 summoner 2/2 medium 3/3 hard x3 1/2 hard 2/2 easy 1/1 idle 3/3 switcher 2/2 rushdown 0/1 | roll 1.4s upd 13.0s
[brain] it 3043 [league 62%] R/ep 10.41 ent 2.26 kl 0.009 | hit/swing 50% dj/min 30.8 blk/min 0.0 abiHit 101 supHit 77 | counter 4/4 summoner 1/1 hard x3 0/3 idle 2/2 self 4/9 switcher 1/1 sovereign 3/3 expert 3/3 turtle 2/2 medium 2/2 zoner 2/2 expert x2 1/1 easy 1/1 rushdown 2/2 | roll 1.4s upd 13.8s
[brain] it 3044 [league 60%] R/ep 10.46 ent 2.23 kl 0.008 | hit/swing 53% dj/min 29.2 blk/min 0.7 abiHit 48 supHit 77 | switcher 2/2 easy 2/2 sovereign 0/6 aerial 1/1 expert 7/7 zoner 4/4 summoner 0/1 self 6/8 expert x2 1/1 hard x3 0/1 rushdown 1/1 hard 2/2 idle 1/1 | roll 1.4s upd 13.9s
[brain] it 3045 [league 61%] R/ep 13.52 ent 2.17 kl 0.006 | hit/swing 55% dj/min 25.6 blk/min 0.1 abiHit 69 supHit 80 | rushdown 1/2 sovereign 3/4 idle 3/3 easy 2/2 self 4/6 switcher 1/2 expert 3/3 turtle 1/2 hard x3 2/2 zoner 1/1 aerial 1/1 human 1/1 hard 1/1 expert x2 1/2 | roll 1.4s upd 13.8s
[brain] it 3046 [league 63%] R/ep 10.89 ent 2.12 kl 0.006 | hit/swing 60% dj/min 26.3 blk/min 0.0 abiHit 59 supHit 82 | self 6/10 turtle 5/5 aerial 1/1 hard 1/1 rushdown 2/2 sovereign 2/4 human 1/1 expert x2 1/2 medium 2/2 idle 1/1 switcher 3/3 easy 2/2 counter 1/1 hard x3 1/1 | roll 1.4s upd 14.1s
[brain] it 3047 [league 61%] R/ep 7.18 ent 2.20 kl 0.007 | hit/swing 54% dj/min 29.0 blk/min 0.0 abiHit 41 supHit 81 | idle 4/4 aerial 1/2 counter 1/1 expert 6/6 self 5/9 sovereign 5/10 switcher 0/1 turtle 1/1 summoner 1/1 zoner 1/1 hard 2/2 easy 1/1 rushdown 1/2 human 1/1 | roll 1.5s upd 12.6s
[brain] it 3048 [league 60%] R/ep 12.33 ent 2.17 kl 0.006 | hit/swing 61% dj/min 27.6 blk/min 0.3 abiHit 70 supHit 87 | expert 5/5 self 8/9 easy 1/1 summoner 2/2 zoner 1/1 turtle 1/1 sovereign 4/7 medium 2/2 aerial 1/1 counter 1/1 hard x3 1/1 idle 3/3 rushdown 1/2 expert x2 2/2 hard 1/1 | roll 1.4s upd 14.2s
[brain] it 3049 [league 64%] R/ep 11.83 ent 2.17 kl 0.007 | hit/swing 52% dj/min 28.3 blk/min 0.5 abiHit 49 supHit 94 | expert x2 1/2 expert 4/4 sovereign 9/9 counter 3/3 hard x3 1/1 idle 2/2 summoner 4/4 self 2/8 human 1/1 turtle 2/2 aerial 1/2 zoner 2/2 easy 2/2 switcher 1/1 | roll 1.4s upd 14.0s
[brain] it 3050 [league 64%] R/ep 9.17 ent 2.22 kl 0.007 | hit/swing 47% dj/min 32.9 blk/min 0.2 abiHit 44 supHit 76 | switcher 2/3 human 1/1 self 8/14 zoner 3/3 easy 2/2 hard x3 1/1 rushdown 1/1 sovereign 2/4 expert 3/3 hard 2/2 expert x2 0/1 summoner 2/2 medium 1/1 | roll 1.5s upd 13.6s
[brain] it 3051 [league 63%] R/ep 11.08 ent 2.20 kl 0.008 | hit/swing 56% dj/min 28.8 blk/min 0.2 abiHit 58 supHit 68 | aerial 1/1 rushdown 2/2 sovereign 2/4 self 1/6 medium 3/3 human 3/4 expert x2 3/3 easy 1/1 turtle 3/3 expert 4/4 | roll 1.3s upd 13.9s
[brain] it 3052 [league 65%] R/ep 7.80 ent 2.27 kl 0.007 | hit/swing 54% dj/min 28.8 blk/min 0.4 abiHit 79 supHit 76 | self 2/14 hard 4/4 counter 2/2 expert 5/5 expert x2 2/3 human 1/1 switcher 1/1 aerial 1/1 zoner 2/2 medium 2/2 idle 1/1 easy 2/2 sovereign 2/2 turtle 1/1 hard x3 0/1 | roll 1.5s upd 15.7s
[brain] it 3053 [league 66%] R/ep 13.04 ent 2.10 kl 0.006 | hit/swing 49% dj/min 28.7 blk/min 0.4 abiHit 72 supHit 100 | self 7/10 human 1/1 turtle 1/2 counter 4/5 medium 2/2 zoner 2/2 expert x2 4/4 sovereign 4/4 idle 2/2 aerial 2/2 expert 3/3 easy 1/1 hard 1/1 | roll 1.5s upd 15.3s
[brain] it 3054 [league 65%] R/ep 10.67 ent 2.31 kl 0.007 | hit/swing 50% dj/min 35.4 blk/min 0.2 abiHit 13 supHit 63 | expert 5/5 switcher 1/2 self 6/9 human 1/2 medium 2/2 counter 1/1 hard 2/2 sovereign 1/2 zoner 1/1 hard x3 1/1 turtle 2/2 rushdown 1/1 | roll 1.5s upd 14.6s
[brain] it 3055 [league 65%] R/ep 9.93 ent 2.33 kl 0.007 | hit/swing 56% dj/min 31.2 blk/min 0.4 abiHit 63 supHit 71 | self 3/8 aerial 0/1 summoner 4/4 expert x2 2/4 expert 3/3 rushdown 2/2 turtle 2/2 sovereign 2/3 counter 2/2 hard 2/2 easy 1/1 hard x3 1/1 idle 1/1 | roll 1.5s upd 15.0s
[brain] it 3056 [league 64%] R/ep 10.81 ent 2.26 kl 0.008 | hit/swing 48% dj/min 33.8 blk/min 0.5 abiHit 41 supHit 74 | switcher 1/2 turtle 2/2 expert x2 1/1 easy 3/3 idle 2/2 zoner 4/4 expert 4/4 medium 1/1 hard 2/2 self 5/9 rushdown 0/1 hard x3 1/2 human 1/1 sovereign 1/3 | roll 1.4s upd 13.9s
[brain] it 3057 [league 64%] R/ep 11.56 ent 2.26 kl 0.008 | hit/swing 60% dj/min 34.6 blk/min 0.3 abiHit 21 supHit 76 | expert 5/5 aerial 2/2 expert x2 4/4 hard 2/2 medium 2/2 easy 2/2 sovereign 4/7 hard x3 1/1 self 4/8 rushdown 1/1 switcher 2/2 summoner 1/1 | roll 1.6s upd 13.9s
[brain] it 3058 [league 65%] R/ep 10.64 ent 2.18 kl 0.007 | hit/swing 59% dj/min 32.6 blk/min 0.2 abiHit 33 supHit 93 | rushdown 3/3 sovereign 6/8 expert 6/6 summoner 1/1 easy 1/1 medium 2/2 idle 1/1 aerial 1/2 self 3/7 hard 3/3 hard x3 2/2 switcher 2/3 human 1/1 | roll 1.4s upd 13.8s
[brain] it 3059 [league 63%] R/ep 11.56 ent 2.21 kl 0.008 | hit/swing 52% dj/min 29.8 blk/min 0.3 abiHit 68 supHit 78 | medium 5/5 sovereign 4/6 hard 3/3 summoner 4/4 self 4/8 expert 4/4 counter 0/1 human 3/3 zoner 3/3 hard x3 1/1 switcher 1/1 easy 1/1 idle 1/1 aerial 1/1 | roll 1.5s upd 15.0s
[brain] it 3060 [league 60%] R/ep 11.37 ent 2.20 kl 0.008 | hit/swing 65% dj/min 29.9 blk/min 0.3 abiHit 38 supHit 81 | self 4/7 switcher 2/2 expert 5/5 aerial 2/2 rushdown 1/1 expert x2 1/3 sovereign 3/7 turtle 1/1 counter 2/2 easy 1/1 summoner 1/1 idle 3/3 medium 2/2 human 1/1 zoner 1/1 hard x3 1/1 | roll 1.4s upd 14.0s
[brain] it 3061 [league 61%] R/ep 11.32 ent 2.24 kl 0.008 | hit/swing 47% dj/min 33.6 blk/min 0.2 abiHit 77 supHit 67 | self 4/5 zoner 1/1 sovereign 2/3 expert x2 1/1 hard x3 0/1 expert 3/3 switcher 3/3 human 2/3 easy 3/3 hard 1/1 idle 2/2 rushdown 2/2 turtle 1/1 summoner 1/1 | roll 1.5s upd 13.8s
[brain] it 3062 [league 64%] R/ep 12.35 ent 2.24 kl 0.008 | hit/swing 56% dj/min 31.7 blk/min 0.1 abiHit 66 supHit 89 | hard x3 0/1 hard 3/3 turtle 1/1 sovereign 8/12 counter 3/3 summoner 3/3 idle 2/2 self 5/6 switcher 1/1 human 1/1 rushdown 1/1 expert 3/3 zoner 3/3 expert x2 1/1 aerial 1/1 | roll 1.5s upd 13.9s
[brain] it 3063 [league 64%] R/ep 7.70 ent 2.24 kl 0.008 | hit/swing 45% dj/min 32.6 blk/min 0.3 abiHit 64 supHit 60 | self 5/14 zoner 3/3 counter 0/2 expert 4/4 summoner 3/3 rushdown 2/2 sovereign 2/3 idle 3/3 turtle 2/2 easy 1/1 hard 1/1 human 1/1 | roll 1.7s upd 13.7s
[brain] it 3064 [league 65%] R/ep 10.38 ent 2.23 kl 0.009 | hit/swing 60% dj/min 32.0 blk/min 0.1 abiHit 33 supHit 84 | expert 4/4 idle 4/4 easy 4/4 rushdown 2/2 switcher 2/3 hard x3 1/3 sovereign 4/6 self 3/6 medium 1/1 counter 1/1 human 2/3 turtle 0/1 zoner 1/1 | roll 1.4s upd 13.8s
[brain] it 3065 [league 66%] R/ep 12.24 ent 2.20 kl 0.007 | hit/swing 61% dj/min 30.7 blk/min 0.1 abiHit 39 supHit 96 | summoner 1/1 idle 4/4 sovereign 5/7 expert 3/3 self 7/10 rushdown 2/2 hard x3 1/1 switcher 1/2 turtle 1/1 hard 1/1 counter 2/2 human 4/4 expert x2 1/1 zoner 1/1 | roll 1.4s upd 13.7s
[brain] it 3066 [league 67%] R/ep 9.42 ent 2.39 kl 0.008 | hit/swing 47% dj/min 35.7 blk/min 0.1 abiHit 42 supHit 55 | summoner 2/2 self 6/9 expert 3/3 idle 1/1 easy 2/2 counter 2/2 expert x2 0/2 zoner 2/2 aerial 1/1 rushdown 0/1 sovereign 3/4 human 1/1 turtle 2/2 switcher 1/1 medium 1/1 | roll 1.5s upd 15.2s
[brain] it 3067 [league 67%] R/ep 9.07 ent 2.24 kl 0.009 | hit/swing 62% dj/min 32.8 blk/min 0.4 abiHit 60 supHit 82 | counter 3/3 hard x3 0/2 zoner 3/3 aerial 2/3 easy 4/4 medium 2/2 idle 3/3 self 1/8 sovereign 3/4 expert 4/4 rushdown 3/3 turtle 1/1 switcher 0/1 hard 1/1 expert x2 1/1 | roll 1.3s upd 13.7s
[brain] it 3068 [league 69%] R/ep 12.04 ent 2.20 kl 0.007 | hit/swing 57% dj/min 33.3 blk/min 0.2 abiHit 50 supHit 95 | sovereign 4/4 turtle 3/3 hard x3 2/2 expert 3/4 switcher 1/1 aerial 2/2 hard 2/2 idle 1/1 self 7/13 expert x2 1/2 medium 2/2 human 1/1 rushdown 1/1 | roll 1.5s upd 13.7s
[brain] it 3069 [league 68%] R/ep 8.44 ent 2.25 kl 0.007 | hit/swing 47% dj/min 32.6 blk/min 0.3 abiHit 53 supHit 62 | self 6/15 turtle 1/1 zoner 1/1 counter 1/2 expert 4/4 expert x2 1/1 sovereign 3/4 hard x3 1/2 idle 1/1 switcher 1/1 easy 1/1 rushdown 1/1 human 0/1 | roll 1.4s upd 13.9s
[brain] it 3070 [league 66%] R/ep 14.63 ent 2.28 kl 0.007 | hit/swing 60% dj/min 29.0 blk/min 0.5 abiHit 59 supHit 61 | self 5/6 expert x2 2/2 hard x3 2/2 idle 3/3 zoner 1/1 medium 3/3 counter 2/2 aerial 1/1 expert 2/2 human 2/2 rushdown 1/2 sovereign 1/3 turtle 1/1 | roll 1.3s upd 13.7s
[brain] it 3071 [league 66%] R/ep 12.45 ent 2.25 kl 0.008 | hit/swing 53% dj/min 30.6 blk/min 0.2 abiHit 84 supHit 75 | rushdown 1/3 medium 5/5 self 4/7 sovereign 2/4 human 1/1 hard 2/2 switcher 2/2 expert 4/4 idle 1/1 hard x3 1/1 summoner 1/1 expert x2 2/2 zoner 1/1 counter 1/1 | roll 1.3s upd 13.7s
[brain] it 3072 [league 64%] R/ep 8.46 ent 2.24 kl 0.009 | hit/swing 55% dj/min 31.1 blk/min 0.0 abiHit 45 supHit 85 | self 4/11 switcher 1/2 summoner 3/3 turtle 2/2 easy 5/5 aerial 2/2 expert 6/6 zoner 1/1 medium 2/2 human 1/1 sovereign 2/6 hard x3 1/1 idle 1/1 expert x2 0/1 | roll 1.4s upd 14.1s
[brain] it 3073 [league 63%] R/ep 9.45 ent 2.27 kl 0.008 | hit/swing 50% dj/min 32.0 blk/min 0.1 abiHit 57 supHit 67 | self 9/15 expert 3/3 turtle 1/1 sovereign 3/4 easy 1/1 human 2/2 summoner 2/3 hard 1/1 zoner 1/1 hard x3 1/1 switcher 1/1 counter 1/1 | roll 1.5s upd 13.8s
[brain] it 3074 [league 63%] R/ep 7.69 ent 2.25 kl 0.007 | hit/swing 57% dj/min 32.7 blk/min 0.3 abiHit 29 supHit 65 | expert 5/5 turtle 1/2 counter 1/1 summoner 2/2 rushdown 1/1 hard 3/3 hard x3 0/3 self 6/9 switcher 1/1 easy 1/1 sovereign 1/2 expert x2 1/2 | roll 1.4s upd 13.5s
[brain] it 3075 [league 63%] R/ep 7.67 ent 2.30 kl 0.008 | hit/swing 49% dj/min 31.4 blk/min 0.3 abiHit 65 supHit 66 | expert 7/7 hard 4/4 sovereign 3/6 self 4/9 switcher 1/2 easy 3/3 human 1/2 idle 1/1 rushdown 1/2 summoner 1/1 medium 1/1 | roll 1.4s upd 13.6s
[brain] it 3076 [league 64%] R/ep 7.05 ent 2.30 kl 0.008 | hit/swing 49% dj/min 29.0 blk/min 0.2 abiHit 67 supHit 63 | easy 1/1 medium 1/1 self 5/11 expert 6/6 aerial 3/3 sovereign 3/4 rushdown 1/2 zoner 1/1 expert x2 0/1 idle 1/1 counter 0/1 | roll 1.4s upd 14.0s
[brain] it 3077 [league 64%] R/ep 9.87 ent 2.21 kl 0.008 | hit/swing 51% dj/min 30.9 blk/min 0.2 abiHit 62 supHit 87 | self 4/9 expert 2/3 sovereign 2/2 idle 3/3 summoner 1/2 hard x3 1/2 easy 1/1 medium 3/3 human 1/2 switcher 2/2 rushdown 1/1 aerial 2/2 hard 2/2 | roll 1.4s upd 14.0s
[brain] it 3078 [league 62%] R/ep 8.80 ent 2.39 kl 0.007 | hit/swing 46% dj/min 36.6 blk/min 0.1 abiHit 41 supHit 74 | self 6/11 sovereign 3/7 switcher 1/1 expert 6/6 medium 3/3 summoner 0/1 turtle 2/2 rushdown 4/4 zoner 1/1 counter 1/1 human 1/1 | roll 1.5s upd 14.0s
[brain] it 3079 [league 63%] R/ep 10.82 ent 2.28 kl 0.010 | hit/swing 52% dj/min 32.4 blk/min 0.2 abiHit 100 supHit 74 | expert 6/6 turtle 2/2 sovereign 5/7 hard 2/2 idle 1/1 expert x2 0/1 hard x3 0/2 self 7/10 summoner 2/2 medium 2/2 easy 1/1 zoner 2/2 switcher 1/1 rushdown 1/1 | roll 1.6s upd 15.0s
[brain] it 3080 [league 63%] R/ep 11.68 ent 2.27 kl 0.007 | hit/swing 52% dj/min 25.8 blk/min 0.4 abiHit 78 supHit 68 | summoner 3/3 self 4/7 zoner 1/1 idle 3/3 expert 7/7 counter 2/2 hard 3/3 turtle 1/1 sovereign 2/3 hard x3 0/1 rushdown 1/1 medium 1/1 human 1/1 | roll 1.3s upd 13.9s
[brain] it 3081 [league 64%] R/ep 7.27 ent 2.36 kl 0.008 | hit/swing 46% dj/min 35.5 blk/min 0.3 abiHit 28 supHit 54 | hard 3/3 self 7/10 sovereign 2/3 zoner 1/1 rushdown 0/2 medium 2/2 easy 2/2 expert 2/2 summoner 2/4 human 1/1 | roll 1.5s upd 13.4s
[brain] it 3082 [league 64%] R/ep 9.04 ent 2.27 kl 0.009 | hit/swing 45% dj/min 31.6 blk/min 0.3 abiHit 85 supHit 64 | easy 6/6 self 7/14 switcher 2/2 summoner 2/2 idle 1/1 expert 3/3 aerial 0/1 medium 3/3 rushdown 1/1 counter 1/1 sovereign 0/1 turtle 1/1 | roll 1.6s upd 14.9s
[brain] it 3083 [league 61%] R/ep 6.00 ent 2.37 kl 0.007 | hit/swing 53% dj/min 32.6 blk/min 0.1 abiHit 44 supHit 64 | self 2/10 idle 2/2 sovereign 2/7 summoner 1/1 aerial 2/2 hard x3 1/2 turtle 2/2 hard 3/3 expert 5/5 | roll 1.4s upd 14.0s
[brain] it 3084 [league 61%] R/ep 9.52 ent 2.25 kl 0.009 | hit/swing 62% dj/min 31.0 blk/min 0.2 abiHit 39 supHit 83 | self 3/7 easy 1/1 zoner 1/1 expert 4/4 expert x2 2/4 sovereign 4/6 switcher 1/1 hard x3 2/3 counter 1/2 rushdown 1/2 turtle 2/2 aerial 1/1 | roll 1.4s upd 13.8s
[brain] it 3085 [league 60%] R/ep 9.07 ent 2.32 kl 0.008 | hit/swing 55% dj/min 31.6 blk/min 0.3 abiHit 25 supHit 65 | sovereign 3/6 self 3/9 rushdown 2/2 summoner 2/2 medium 3/3 expert x2 1/1 zoner 2/2 turtle 2/2 easy 2/2 hard x3 0/1 counter 1/1 human 1/1 expert 1/1 hard 2/2 idle 1/1 aerial 0/1 | roll 1.5s upd 13.7s
[brain] it 3086 [league 60%] R/ep 11.89 ent 2.28 kl 0.007 | hit/swing 50% dj/min 33.3 blk/min 0.6 abiHit 50 supHit 77 | counter 4/4 rushdown 1/1 zoner 3/3 self 5/9 expert 4/4 sovereign 4/6 turtle 2/2 hard 2/2 medium 1/1 switcher 1/1 expert x2 1/2 easy 1/1 summoner 1/1 aerial 1/1 | roll 1.4s upd 13.8s
[brain] it 3087 [league 60%] R/ep 9.88 ent 2.36 kl 0.008 | hit/swing 43% dj/min 32.9 blk/min 0.2 abiHit 55 supHit 53 | rushdown 2/4 medium 3/3 self 2/6 zoner 4/4 easy 1/1 summoner 1/2 switcher 1/1 sovereign 2/3 human 1/3 turtle 3/3 expert 1/1 aerial 1/1 | roll 1.5s upd 14.9s
[brain] it 3088 [league 59%] R/ep 12.28 ent 2.25 kl 0.006 | hit/swing 60% dj/min 28.9 blk/min 0.2 abiHit 57 supHit 83 | hard 3/3 medium 3/3 self 3/7 summoner 1/1 expert 3/4 human 4/4 expert x2 2/2 sovereign 2/4 easy 3/3 counter 2/2 idle 1/1 switcher 1/1 hard x3 1/1 | roll 1.4s upd 13.9s
[brain] it 3089 [league 58%] R/ep 8.12 ent 2.35 kl 0.009 | hit/swing 52% dj/min 33.0 blk/min 0.2 abiHit 23 supHit 64 | self 6/13 counter 5/5 hard x3 1/1 rushdown 1/1 human 0/1 sovereign 1/3 idle 5/5 expert 3/3 summoner 1/1 switcher 1/2 turtle 0/1 medium 1/1 | roll 1.5s upd 13.8s
[brain] it 3090 [league 58%] R/ep 9.41 ent 2.24 kl 0.009 | hit/swing 46% dj/min 31.8 blk/min 0.2 abiHit 84 supHit 63 | rushdown 1/1 self 2/8 aerial 1/3 switcher 0/1 zoner 1/1 summoner 1/1 medium 1/1 expert x2 3/3 human 1/1 expert 5/5 idle 1/1 turtle 2/3 hard x3 0/1 sovereign 1/1 | roll 1.3s upd 13.7s
[brain] it 3091 [league 58%] R/ep 11.68 ent 2.27 kl 0.007 | hit/swing 44% dj/min 30.0 blk/min 0.3 abiHit 59 supHit 66 | self 1/5 hard x3 1/2 rushdown 1/1 summoner 1/1 turtle 2/2 idle 4/4 sovereign 3/4 expert 3/3 easy 1/1 expert x2 1/1 medium 2/2 switcher 3/3 counter 1/1 hard 1/1 aerial 1/1 zoner 1/1 | roll 1.3s upd 13.9s
[brain] it 3092 [league 57%] R/ep 11.82 ent 2.30 kl 0.008 | hit/swing 54% dj/min 30.7 blk/min 0.2 abiHit 48 supHit 69 | human 2/2 expert x2 3/3 self 3/9 zoner 3/3 sovereign 0/1 idle 3/3 expert 5/5 switcher 2/2 aerial 1/2 counter 2/2 hard 1/1 summoner 1/1 | roll 1.5s upd 13.7s
[brain] it 3093 [league 57%] R/ep 10.27 ent 2.30 kl 0.008 | hit/swing 51% dj/min 33.0 blk/min 0.1 abiHit 36 supHit 65 | turtle 4/4 sovereign 2/2 hard 1/1 self 5/10 counter 2/2 medium 2/2 switcher 1/2 easy 2/2 expert 1/1 rushdown 2/2 zoner 1/1 idle 1/1 human 1/1 summoner 1/1 aerial 1/1 | roll 1.3s upd 13.8s
[brain] it 3094 [league 56%] R/ep 13.21 ent 2.27 kl 0.008 | hit/swing 48% dj/min 30.3 blk/min 0.0 abiHit 60 supHit 80 | expert x2 2/2 hard x3 2/3 idle 1/1 self 3/6 counter 2/2 easy 2/2 summoner 1/2 zoner 1/1 rushdown 1/1 sovereign 1/3 turtle 1/1 medium 2/2 expert 2/2 aerial 1/1 hard 1/1 | roll 1.4s upd 14.3s
[brain] it 3095 [league 55%] R/ep 10.42 ent 2.27 kl 0.007 | hit/swing 42% dj/min 30.2 blk/min 0.2 abiHit 72 supHit 74 | aerial 3/3 turtle 2/2 expert 4/5 sovereign 2/5 self 5/10 zoner 3/3 hard x3 2/2 expert x2 1/1 idle 1/1 summoner 1/1 medium 1/1 | roll 1.5s upd 14.0s
[brain] it 3096 [league 55%] R/ep 12.81 ent 2.23 kl 0.008 | hit/swing 43% dj/min 31.1 blk/min 0.1 abiHit 90 supHit 66 | zoner 2/2 self 6/7 switcher 1/2 summoner 2/2 hard 1/1 hard x3 2/2 idle 2/2 expert 4/4 human 1/1 counter 1/1 expert x2 2/2 medium 1/1 sovereign 2/3 rushdown 0/1 aerial 1/1 | roll 1.4s upd 13.8s
[brain] it 3097 [league 58%] R/ep 10.24 ent 2.28 kl 0.008 | hit/swing 47% dj/min 33.1 blk/min 0.2 abiHit 39 supHit 75 | hard 1/1 rushdown 3/3 sovereign 4/5 self 7/12 expert 3/3 aerial 1/2 easy 3/3 turtle 2/2 zoner 2/2 summoner 1/1 expert x2 1/1 counter 2/2 idle 1/1 hard x3 0/1 | roll 1.4s upd 14.0s
[brain] it 3098 [league 59%] R/ep 12.03 ent 2.25 kl 0.006 | hit/swing 47% dj/min 32.3 blk/min 0.3 abiHit 59 supHit 79 | zoner 1/1 expert 10/10 sovereign 5/6 hard x3 1/1 summoner 3/4 self 0/2 rushdown 0/2 switcher 1/1 easy 2/2 aerial 2/2 expert x2 0/1 counter 1/1 idle 1/1 turtle 1/1 | roll 1.3s upd 14.4s
[brain] it 3099 [league 61%] R/ep 13.72 ent 2.17 kl 0.008 | hit/swing 61% dj/min 28.5 blk/min 0.1 abiHit 69 supHit 95 | self 2/7 counter 3/3 rushdown 4/4 idle 3/3 expert 2/2 expert x2 3/3 summoner 2/2 hard 1/1 hard x3 1/2 easy 4/4 switcher 1/1 zoner 2/2 sovereign 4/4 human 1/1 medium 1/1 turtle 0/1 | roll 1.5s upd 14.0s
[brain] it 3100 [league 60%] R/ep 9.64 ent 2.25 kl 0.007 | hit/swing 47% dj/min 32.1 blk/min 0.3 abiHit 49 supHit 88 | self 9/15 hard 2/2 expert 8/8 medium 2/2 rushdown 2/2 zoner 3/3 turtle 0/1 human 1/1 sovereign 3/6 counter 1/1 idle 2/2 switcher 1/1 | roll 1.6s upd 14.8s
[brain] it 3101 [league 60%] R/ep 10.32 ent 2.24 kl 0.007 | hit/swing 49% dj/min 28.5 blk/min 0.2 abiHit 58 supHit 72 | hard 2/2 self 8/11 medium 4/4 sovereign 2/3 rushdown 2/3 human 1/1 aerial 1/2 idle 1/1 easy 1/1 counter 2/2 summoner 1/1 turtle 1/1 | roll 1.3s upd 13.1s
[brain] it 3102 [league 59%] R/ep 11.14 ent 2.25 kl 0.008 | hit/swing 63% dj/min 28.3 blk/min 0.2 abiHit 53 supHit 75 | counter 4/5 self 4/12 expert 5/5 summoner 1/2 medium 3/3 human 1/1 hard x3 2/3 sovereign 1/2 idle 1/1 turtle 3/3 zoner 2/2 hard 3/3 switcher 1/1 | roll 1.4s upd 16.2s
[brain] it 3103 [league 59%] R/ep 9.32 ent 2.23 kl 0.007 | hit/swing 50% dj/min 26.4 blk/min 0.2 abiHit 71 supHit 73 | medium 2/2 human 2/2 sovereign 1/3 aerial 1/1 idle 2/2 expert 7/7 expert x2 1/2 rushdown 1/1 self 5/10 hard 1/1 hard x3 0/1 turtle 2/2 summoner 1/1 counter 1/1 | roll 1.5s upd 15.0s
[brain] it 3104 [league 60%] R/ep 7.49 ent 2.30 kl 0.009 | hit/swing 45% dj/min 33.2 blk/min 0.5 abiHit 37 supHit 61 | counter 1/1 self 5/13 rushdown 0/2 turtle 1/1 sovereign 3/5 hard x3 2/3 zoner 3/3 switcher 1/1 idle 1/1 easy 1/1 expert 2/2 summoner 1/1 | roll 1.5s upd 13.7s
[brain] it 3105 [league 61%] R/ep 11.32 ent 2.30 kl 0.007 | hit/swing 53% dj/min 28.5 blk/min 0.2 abiHit 79 supHit 70 | turtle 2/2 expert x2 1/1 self 3/7 hard x3 1/1 human 1/1 easy 6/6 zoner 1/1 aerial 1/1 sovereign 3/3 idle 2/2 summoner 1/1 counter 1/2 expert 2/2 switcher 2/2 | roll 1.3s upd 13.8s
[brain] it 3106 [league 62%] R/ep 12.59 ent 2.18 kl 0.009 | hit/swing 55% dj/min 29.2 blk/min 0.4 abiHit 55 supHit 69 | aerial 1/1 hard 4/4 self 7/10 hard x3 0/1 idle 3/3 easy 1/1 rushdown 1/1 sovereign 3/3 expert 4/4 zoner 2/2 human 2/2 turtle 1/1 expert x2 1/1 counter 0/1 summoner 1/1 | roll 1.4s upd 13.3s
[brain] it 3107 [league 60%] R/ep 8.36 ent 2.24 kl 0.006 | hit/swing 51% dj/min 31.2 blk/min 0.0 abiHit 66 supHit 81 | sovereign 2/4 aerial 1/1 turtle 1/1 self 4/12 medium 1/1 expert 2/2 expert x2 1/1 switcher 2/2 rushdown 2/3 hard 2/2 idle 2/2 hard x3 1/1 | roll 1.5s upd 13.6s
[brain] it 3108 [league 61%] R/ep 7.65 ent 2.39 kl 0.009 | hit/swing 43% dj/min 34.5 blk/min 0.2 abiHit 32 supHit 58 | expert x2 2/2 summoner 1/1 sovereign 1/5 expert 3/3 zoner 1/1 human 1/2 self 4/8 turtle 1/1 aerial 0/1 medium 2/2 counter 1/1 easy 2/2 switcher 1/1 rushdown 0/1 hard x3 0/1 | roll 1.4s upd 13.8s
[brain] it 3109 [league 61%] R/ep 12.00 ent 2.27 kl 0.008 | hit/swing 56% dj/min 27.0 blk/min 0.0 abiHit 104 supHit 60 | self 2/6 rushdown 1/1 medium 2/2 sovereign 2/4 easy 2/2 summoner 1/1 hard 1/1 expert 5/5 switcher 2/2 idle 3/3 expert x2 2/3 hard x3 0/1 | roll 1.4s upd 14.6s
[brain] it 3110 [league 61%] R/ep 9.79 ent 2.28 kl 0.007 | hit/swing 45% dj/min 32.6 blk/min 0.2 abiHit 72 supHit 68 | hard 1/1 summoner 3/3 human 2/3 hard x3 1/1 zoner 3/3 sovereign 3/4 self 3/11 easy 1/1 medium 2/2 expert 3/3 counter 1/1 idle 1/1 aerial 1/1 turtle 1/1 | roll 1.6s upd 14.7s
[brain] it 3111 [league 63%] R/ep 10.32 ent 2.19 kl 0.007 | hit/swing 58% dj/min 34.2 blk/min 0.1 abiHit 23 supHit 110 | sovereign 4/4 self 7/15 easy 4/4 hard 2/2 expert 5/5 expert x2 1/1 rushdown 0/2 switcher 2/2 counter 2/2 turtle 1/1 aerial 2/2 hard x3 1/2 idle 1/1 medium 1/1 | roll 1.6s upd 13.8s
[brain] it 3112 [league 64%] R/ep 12.76 ent 2.29 kl 0.007 | hit/swing 57% dj/min 29.9 blk/min 0.1 abiHit 46 supHit 73 | expert 10/10 summoner 1/1 hard 4/4 expert x2 3/3 human 1/2 zoner 2/2 sovereign 2/3 turtle 2/2 switcher 1/1 medium 1/1 self 0/3 aerial 1/1 | roll 1.3s upd 13.7s
[brain] it 3113 [league 63%] R/ep 3.87 ent 2.31 kl 0.007 | hit/swing 49% dj/min 33.7 blk/min 0.1 abiHit 36 supHit 75 | summoner 2/2 sovereign 5/8 self 5/16 easy 1/1 aerial 2/2 turtle 1/1 hard x3 0/1 switcher 1/1 expert 1/1 counter 2/3 medium 1/1 human 0/1 | roll 1.5s upd 13.8s
[brain] it 3114 [league 61%] R/ep 10.19 ent 2.20 kl 0.006 | hit/swing 64% dj/min 30.8 blk/min 0.2 abiHit 49 supHit 92 | expert 8/9 zoner 2/2 switcher 2/2 idle 2/2 self 8/13 counter 2/2 rushdown 1/1 expert x2 0/1 sovereign 1/5 human 1/1 aerial 2/2 hard x3 1/1 turtle 2/2 | roll 1.5s upd 14.0s
[brain] it 3115 [league 63%] R/ep 8.70 ent 2.23 kl 0.009 | hit/swing 47% dj/min 31.8 blk/min 0.1 abiHit 58 supHit 78 | sovereign 6/8 medium 3/3 self 6/11 zoner 1/1 turtle 1/1 counter 2/2 switcher 1/1 easy 2/2 expert 3/3 expert x2 1/1 hard x3 0/2 summoner 1/1 | roll 1.5s upd 13.7s
[brain] it 3116 [league 63%] R/ep 12.07 ent 2.22 kl 0.007 | hit/swing 48% dj/min 24.8 blk/min 0.1 abiHit 88 supHit 78 | sovereign 3/4 self 5/9 expert x2 2/2 zoner 2/2 expert 4/4 counter 3/3 rushdown 3/3 hard x3 1/1 summoner 3/3 hard 1/1 easy 1/1 medium 1/1 | roll 1.5s upd 13.8s
[brain] it 3117 [league 63%] R/ep 6.95 ent 2.41 kl 0.008 | hit/swing 46% dj/min 37.0 blk/min 0.1 abiHit 59 supHit 65 | self 3/8 summoner 1/1 expert 1/1 sovereign 5/10 hard x3 0/1 hard 1/1 idle 3/3 zoner 1/1 counter 2/3 human 2/2 switcher 1/1 aerial 0/1 turtle 1/1 medium 1/1 | roll 1.5s upd 13.7s
[brain] it 3118 [league 61%] R/ep 12.04 ent 2.35 kl 0.008 | hit/swing 56% dj/min 31.4 blk/min 0.2 abiHit 48 supHit 74 | easy 3/3 summoner 2/2 switcher 1/1 expert 5/5 aerial 0/1 sovereign 3/7 hard x3 1/2 self 2/4 turtle 1/1 medium 1/1 counter 1/1 rushdown 2/2 idle 1/1 human 2/2 hard 2/2 zoner 1/1 | roll 1.5s upd 13.8s
[brain] it 3119 [league 60%] R/ep 9.62 ent 2.30 kl 0.008 | hit/swing 53% dj/min 33.8 blk/min 0.2 abiHit 30 supHit 72 | expert 6/7 self 4/9 summoner 4/4 switcher 0/1 easy 1/1 turtle 2/2 sovereign 3/5 aerial 2/2 zoner 2/2 idle 1/1 counter 2/2 medium 1/1 hard x3 0/1 expert x2 1/1 human 0/1 | roll 1.3s upd 13.8s
[brain] it 3120 [league 59%] R/ep 12.52 ent 2.25 kl 0.006 | hit/swing 48% dj/min 31.0 blk/min 0.2 abiHit 94 supHit 74 | self 4/5 sovereign 3/4 expert x2 1/2 expert 3/3 idle 1/1 summoner 2/2 aerial 1/1 hard 2/2 rushdown 2/3 human 1/1 switcher 1/2 medium 1/1 counter 1/1 hard x3 2/2 easy 1/1 | roll 1.4s upd 13.8s
[brain] it 3121 [league 59%] R/ep 10.01 ent 2.36 kl 0.008 | hit/swing 53% dj/min 33.5 blk/min 0.2 abiHit 55 supHit 71 | easy 2/2 self 3/7 sovereign 4/7 hard x3 1/2 switcher 2/2 hard 3/3 expert 4/4 turtle 2/2 summoner 2/2 medium 1/1 expert x2 0/1 aerial 1/1 rushdown 1/1 | roll 1.4s upd 12.9s
[brain] it 3122 [league 61%] R/ep 11.17 ent 2.23 kl 0.007 | hit/swing 64% dj/min 31.3 blk/min 0.2 abiHit 45 supHit 83 | self 3/12 medium 2/2 sovereign 3/3 counter 1/1 hard 4/4 expert x2 1/1 hard x3 1/1 easy 2/2 zoner 1/1 idle 3/3 turtle 1/1 human 2/3 expert 5/5 switcher 1/1 aerial 1/1 | roll 1.4s upd 13.9s
[brain] it 3123 [league 62%] R/ep 6.78 ent 2.25 kl 0.007 | hit/swing 54% dj/min 33.8 blk/min 0.3 abiHit 28 supHit 82 | self 5/16 expert 4/4 aerial 3/3 sovereign 3/4 counter 1/1 easy 1/1 hard x3 0/1 turtle 1/1 rushdown 2/4 hard 2/2 medium 1/1 switcher 1/1 zoner 1/1 | roll 1.5s upd 13.7s
[brain] it 3124 [league 62%] R/ep 10.26 ent 2.31 kl 0.008 | hit/swing 52% dj/min 29.7 blk/min 0.1 abiHit 57 supHit 59 | expert 6/6 self 2/7 easy 4/4 human 1/2 summoner 2/2 sovereign 3/4 zoner 3/3 aerial 2/2 counter 2/2 rushdown 1/2 turtle 1/1 | roll 1.6s upd 13.7s
[brain] it 3125 [league 62%] R/ep 10.70 ent 2.28 kl 0.008 | hit/swing 53% dj/min 35.1 blk/min 0.1 abiHit 39 supHit 99 | sovereign 3/4 medium 1/1 hard 2/2 expert 5/5 counter 2/2 self 9/15 idle 1/1 human 2/2 easy 1/1 aerial 2/3 hard x3 1/2 turtle 1/1 rushdown 1/1 switcher 1/1 zoner 1/1 | roll 1.6s upd 14.9s
[brain] it 3126 [league 61%] R/ep 10.85 ent 2.25 kl 0.006 | hit/swing 56% dj/min 29.4 blk/min 0.2 abiHit 55 supHit 81 | self 5/8 human 2/2 medium 2/2 sovereign 2/5 counter 4/4 zoner 2/2 switcher 2/2 expert 3/3 aerial 2/2 easy 1/1 hard 2/2 summoner 2/2 rushdown 2/3 | roll 1.3s upd 13.9s
[brain] it 3127 [league 62%] R/ep 13.26 ent 2.36 kl 0.006 | hit/swing 44% dj/min 33.6 blk/min 0.1 abiHit 53 supHit 65 | self 6/8 medium 2/2 easy 2/2 aerial 1/2 expert x2 2/2 summoner 2/2 hard x3 1/2 expert 1/1 zoner 3/3 sovereign 3/3 rushdown 1/2 hard 1/1 human 1/2 switcher 0/1 | roll 1.4s upd 13.9s
[brain] it 3128 [league 63%] R/ep 10.36 ent 2.37 kl 0.007 | hit/swing 51% dj/min 31.9 blk/min 0.1 abiHit 76 supHit 67 | medium 3/3 expert 5/5 self 2/5 turtle 2/2 rushdown 1/1 hard 2/2 switcher 2/2 summoner 1/1 hard x3 0/1 sovereign 2/3 aerial 1/1 expert x2 1/2 zoner 1/1 | roll 1.3s upd 13.9s
[brain] it 3129 [league 63%] R/ep 7.52 ent 2.27 kl 0.007 | hit/swing 61% dj/min 31.9 blk/min 0.3 abiHit 58 supHit 82 | counter 1/1 expert 7/8 aerial 2/2 summoner 4/4 self 3/12 hard x3 0/1 easy 3/3 hard 1/1 sovereign 1/4 expert x2 1/1 medium 1/1 rushdown 1/1 human 1/1 turtle 1/1 | roll 1.5s upd 13.7s
[brain] it 3130 [league 63%] R/ep 11.83 ent 2.23 kl 0.009 | hit/swing 57% dj/min 28.0 blk/min 0.2 abiHit 79 supHit 71 | expert 8/10 medium 5/5 zoner 4/4 easy 1/1 self 3/6 sovereign 2/3 expert x2 3/3 idle 2/2 summoner 2/2 aerial 1/1 rushdown 1/1 | roll 1.4s upd 14.8s
[brain] it 3131 [league 60%] R/ep 6.79 ent 2.25 kl 0.006 | hit/swing 62% dj/min 33.3 blk/min 0.2 abiHit 23 supHit 76 | self 2/15 hard 2/2 turtle 2/2 expert 5/5 aerial 4/5 easy 1/1 idle 1/1 summoner 1/1 human 1/1 zoner 3/3 sovereign 2/5 switcher 3/3 medium 1/1 expert x2 0/1 | roll 1.3s upd 12.8s
[brain] it 3132 [league 60%] R/ep 10.14 ent 2.37 kl 0.008 | hit/swing 50% dj/min 34.1 blk/min 0.3 abiHit 44 supHit 65 | aerial 4/4 counter 1/2 self 6/12 rushdown 2/2 turtle 2/2 human 0/1 zoner 3/3 expert 3/3 sovereign 1/1 easy 2/2 summoner 1/1 medium 2/2 idle 1/1 | roll 1.4s upd 13.7s
[brain] it 3133 [league 63%] R/ep 12.32 ent 2.23 kl 0.008 | hit/swing 58% dj/min 32.4 blk/min 0.2 abiHit 49 supHit 99 | self 7/12 switcher 1/1 human 1/1 sovereign 7/8 hard 1/1 summoner 2/2 expert 3/3 idle 2/2 hard x3 2/3 counter 2/2 zoner 1/1 easy 1/1 rushdown 2/2 medium 2/2 aerial 0/1 expert x2 1/1 | roll 1.4s upd 13.5s
[brain] it 3134 [league 64%] R/ep 11.22 ent 2.14 kl 0.008 | hit/swing 67% dj/min 28.4 blk/min 0.4 abiHit 42 supHit 89 | self 6/13 sovereign 5/6 idle 5/5 human 2/2 turtle 1/1 easy 2/2 summoner 3/3 medium 2/2 expert 6/6 zoner 2/2 expert x2 1/1 aerial 1/1 switcher 3/3 | roll 1.4s upd 13.7s
[brain] it 3135 [league 65%] R/ep 12.51 ent 2.31 kl 0.006 | hit/swing 51% dj/min 35.9 blk/min 0.1 abiHit 34 supHit 74 | switcher 3/4 sovereign 4/5 zoner 4/4 self 3/6 expert 5/5 medium 1/1 human 2/2 summoner 1/1 aerial 2/2 counter 1/2 easy 2/2 expert x2 1/1 hard x3 1/1 hard 1/1 rushdown 0/1 | roll 1.4s upd 15.1s
[brain] it 3136 [league 64%] R/ep 13.00 ent 2.37 kl 0.008 | hit/swing 58% dj/min 33.5 blk/min 0.1 abiHit 24 supHit 50 | expert 5/5 switcher 1/1 turtle 3/3 counter 1/1 self 0/1 idle 2/2 sovereign 1/3 easy 2/2 expert x2 2/2 rushdown 1/2 summoner 1/1 hard x3 0/1 hard 1/1 human 0/1 zoner 3/3 aerial 1/1 medium 1/1 | roll 1.3s upd 12.6s
[brain] it 3137 [league 65%] R/ep 9.91 ent 2.37 kl 0.008 | hit/swing 48% dj/min 31.8 blk/min 0.0 abiHit 82 supHit 64 | aerial 1/2 self 3/8 summoner 2/2 turtle 1/1 expert 3/3 hard 2/3 rushdown 1/1 hard x3 1/1 easy 2/2 sovereign 4/4 counter 1/1 medium 2/2 zoner 1/1 human 1/1 | roll 1.2s upd 13.4s
[brain] it 3138 [league 67%] R/ep 13.40 ent 2.20 kl 0.009 | hit/swing 61% dj/min 31.3 blk/min 0.2 abiHit 66 supHit 92 | hard x3 0/1 zoner 2/2 summoner 2/2 expert 11/11 sovereign 6/7 aerial 2/2 switcher 1/1 medium 2/2 human 2/2 self 3/4 hard 2/2 idle 1/1 turtle 1/2 easy 1/1 expert x2 1/1 | roll 1.3s upd 13.7s
[brain] it 3139 [league 67%] R/ep 13.31 ent 2.22 kl 0.007 | hit/swing 60% dj/min 30.3 blk/min 0.0 abiHit 46 supHit 90 | expert 9/9 expert x2 2/2 self 4/7 medium 3/3 idle 1/1 sovereign 1/2 counter 2/2 rushdown 3/4 aerial 1/1 hard 2/2 hard x3 2/2 human 2/2 | roll 1.3s upd 13.7s
[brain] it 3140 [league 70%] R/ep 7.34 ent 2.15 kl 0.007 | hit/swing 59% dj/min 28.8 blk/min 0.3 abiHit 43 supHit 98 | aerial 3/3 expert 7/7 human 3/4 self 9/18 easy 2/2 sovereign 4/4 rushdown 1/1 hard 2/2 medium 2/2 hard x3 0/1 | roll 1.5s upd 13.5s
[brain] it 3141 [league 73%] R/ep 12.63 ent 2.22 kl 0.006 | hit/swing 59% dj/min 34.2 blk/min 0.1 abiHit 61 supHit 100 | idle 3/3 self 2/5 sovereign 6/6 expert x2 3/3 easy 2/2 expert 6/6 rushdown 1/2 turtle 3/3 summoner 2/2 aerial 1/1 medium 1/1 counter 1/1 human 3/3 switcher 2/2 | roll 1.3s upd 13.7s
[brain] it 3142 [league 72%] R/ep 9.56 ent 2.26 kl 0.006 | hit/swing 53% dj/min 30.6 blk/min 0.0 abiHit 82 supHit 78 | hard 3/3 sovereign 6/10 expert 4/4 rushdown 1/1 zoner 3/3 counter 1/2 aerial 1/2 medium 1/1 self 2/6 expert x2 1/1 switcher 1/1 human 1/1 turtle 1/1 | roll 1.4s upd 13.8s
[brain] it 3143 [league 72%] R/ep 10.26 ent 2.32 kl 0.007 | hit/swing 61% dj/min 32.0 blk/min 0.2 abiHit 59 supHit 70 | self 3/10 turtle 2/2 idle 4/4 sovereign 1/3 zoner 1/1 rushdown 0/1 expert 4/4 hard x3 1/2 expert x2 2/2 switcher 1/1 easy 2/2 hard 2/2 aerial 1/1 medium 1/1 | roll 1.4s upd 13.6s
[brain] it 3144 [league 71%] R/ep 11.96 ent 2.38 kl 0.007 | hit/swing 40% dj/min 34.7 blk/min 0.1 abiHit 69 supHit 65 | sovereign 1/3 hard 3/3 easy 2/2 medium 1/1 turtle 2/2 human 1/2 self 1/4 zoner 3/3 switcher 1/1 rushdown 1/3 hard x3 0/1 expert 2/2 idle 3/3 counter 1/2 summoner 1/1 | roll 1.4s upd 14.8s
[brain] it 3145 [league 69%] R/ep 13.83 ent 2.17 kl 0.007 | hit/swing 55% dj/min 29.7 blk/min 0.1 abiHit 81 supHit 79 | sovereign 1/3 switcher 2/2 expert x2 3/3 counter 1/1 turtle 2/2 idle 2/2 self 5/7 aerial 1/1 medium 2/2 expert 4/5 hard 2/2 zoner 2/2 summoner 2/2 easy 1/1 rushdown 1/1 hard x3 0/1 | roll 1.4s upd 13.6s
[brain] it 3146 [league 67%] R/ep 12.29 ent 2.32 kl 0.007 | hit/swing 48% dj/min 34.2 blk/min 0.2 abiHit 60 supHit 74 | self 5/7 sovereign 3/6 easy 4/4 expert 5/6 zoner 4/4 idle 1/1 turtle 2/2 expert x2 2/3 aerial 2/2 human 2/2 counter 1/1 rushdown 0/1 | roll 1.7s upd 14.7s
[brain] it 3147 [league 67%] R/ep 9.79 ent 2.24 kl 0.007 | hit/swing 62% dj/min 28.5 blk/min 0.1 abiHit 66 supHit 78 | hard 1/1 turtle 4/4 medium 1/1 self 6/13 expert 3/3 easy 5/5 switcher 2/2 counter 1/1 sovereign 1/2 summoner 1/1 expert x2 1/2 idle 1/1 | roll 1.5s upd 14.0s
[brain] it 3148 [league 67%] R/ep 12.03 ent 2.25 kl 0.007 | hit/swing 57% dj/min 30.6 blk/min 0.3 abiHit 102 supHit 74 | switcher 2/3 counter 2/2 zoner 4/4 self 3/7 human 1/2 expert 4/4 idle 2/2 rushdown 1/1 hard 3/3 expert x2 3/3 hard x3 0/1 sovereign 3/4 summoner 1/1 | roll 1.3s upd 12.5s
[brain] it 3149 [league 66%] R/ep 9.96 ent 2.38 kl 0.010 | hit/swing 51% dj/min 39.4 blk/min 0.0 abiHit 30 supHit 67 | sovereign 2/6 counter 3/3 self 4/5 rushdown 2/3 switcher 1/1 human 1/1 medium 1/1 expert 5/5 turtle 2/2 hard x3 0/1 aerial 1/1 | roll 1.6s upd 13.9s
[brain] it 3150 [league 66%] R/ep 10.73 ent 2.29 kl 0.007 | hit/swing 52% dj/min 35.7 blk/min 0.3 abiHit 44 supHit 84 | medium 2/2 self 7/11 sovereign 4/5 summoner 1/2 expert x2 4/4 hard 1/1 rushdown 1/1 idle 1/1 switcher 2/3 expert 4/4 | roll 1.6s upd 13.7s
[brain] it 3151 [league 68%] R/ep 14.64 ent 2.28 kl 0.010 | hit/swing 45% dj/min 33.4 blk/min 0.1 abiHit 53 supHit 62 | hard x3 1/3 sovereign 3/4 self 5/7 hard 1/1 summoner 1/1 expert 1/1 counter 1/1 expert x2 1/1 zoner 2/2 aerial 2/2 switcher 0/1 | roll 5.3s upd 11.0s
[brain] it 3152 [league 69%] R/ep 10.21 ent 2.32 kl 0.006 | hit/swing 43% dj/min 30.7 blk/min 0.2 abiHit 71 supHit 47 | aerial 0/1 self 1/4 turtle 1/1 human 0/1 summoner 1/1 expert x2 1/1 idle 4/4 expert 4/4 counter 1/1 sovereign 2/2 hard 1/1 | roll 4.9s upd 8.2s
[brain] it 3153 [league 68%] R/ep 10.52 ent 2.37 kl 0.007 | hit/swing 51% dj/min 33.7 blk/min 0.4 abiHit 25 supHit 40 | rushdown 1/2 medium 1/1 human 3/3 idle 1/1 sovereign 1/2 self 0/1 easy 1/1 expert 2/2 turtle 2/2 counter 1/1 aerial 1/2 hard 1/1 | roll 4.9s upd 9.2s
[brain] it 3154 [league 71%] R/ep 5.65 ent 2.43 kl 0.009 | hit/swing 44% dj/min 32.3 blk/min 0.2 abiHit 95 supHit 42 | self 2/8 rushdown 2/2 hard x3 0/1 expert 4/4 sovereign 3/3 aerial 1/3 expert x2 0/1 medium 1/1 easy 2/2 hard 1/1 counter 1/1 turtle 1/1 | roll 1.6s upd 15.3s
[brain] it 3155 [league 70%] R/ep 10.21 ent 2.32 kl 0.006 | hit/swing 40% dj/min 33.8 blk/min 0.5 abiHit 106 supHit 75 | self 5/11 expert x2 1/1 switcher 2/2 expert 3/4 counter 4/4 sovereign 3/4 zoner 1/1 human 0/1 hard x3 1/2 summoner 1/1 medium 1/1 turtle 2/2 hard 1/1 | roll 1.7s upd 14.4s
[brain] it 3156 [league 69%] R/ep 11.93 ent 2.25 kl 0.007 | hit/swing 50% dj/min 31.6 blk/min 0.1 abiHit 71 supHit 83 | hard 4/4 sovereign 3/5 zoner 1/1 self 2/8 switcher 3/3 turtle 2/2 counter 3/3 expert x2 2/2 hard x3 2/2 aerial 3/3 expert 1/1 medium 1/1 easy 1/1 | roll 1.5s upd 14.3s
[brain] it 3157 [league 69%] R/ep 14.27 ent 2.28 kl 0.008 | hit/swing 57% dj/min 37.3 blk/min 0.1 abiHit 33 supHit 77 | hard 3/3 hard x3 1/2 expert 4/4 self 6/8 idle 2/2 easy 2/2 aerial 3/4 rushdown 2/2 switcher 1/1 zoner 1/1 human 1/2 sovereign 2/2 | roll 1.5s upd 13.9s
[brain] it 3158 [league 68%] R/ep 7.69 ent 2.27 kl 0.008 | hit/swing 51% dj/min 31.0 blk/min 0.0 abiHit 85 supHit 76 | easy 4/4 expert 3/3 idle 3/3 self 5/13 human 0/2 sovereign 2/4 hard 1/1 expert x2 3/3 hard x3 1/2 | roll 1.6s upd 14.2s
[brain] it 3159 [league 67%] R/ep 11.83 ent 2.39 kl 0.007 | hit/swing 52% dj/min 32.6 blk/min 0.0 abiHit 89 supHit 59 | aerial 1/1 medium 4/4 self 0/4 sovereign 2/4 switcher 1/1 counter 1/1 idle 1/1 hard x3 1/2 rushdown 1/1 expert x2 3/3 expert 1/2 turtle 1/1 hard 1/1 | roll 1.6s upd 13.8s
[brain] it 3160 [league 66%] R/ep 9.37 ent 2.29 kl 0.007 | hit/swing 50% dj/min 26.2 blk/min 0.0 abiHit 44 supHit 63 | sovereign 2/4 self 7/10 easy 2/2 medium 1/1 counter 1/2 expert x2 2/3 aerial 1/1 expert 1/1 hard x3 1/1 summoner 1/1 turtle 1/1 idle 1/1 rushdown 0/1 hard 1/1 | roll 1.6s upd 13.8s
[brain] it 3161 [league 64%] R/ep 10.20 ent 2.25 kl 0.008 | hit/swing 60% dj/min 27.8 blk/min 0.2 abiHit 61 supHit 66 | switcher 1/2 easy 3/3 human 1/1 medium 2/2 summoner 3/3 hard 3/3 zoner 5/5 sovereign 4/7 self 5/7 turtle 2/2 expert 3/3 idle 2/2 hard x3 0/1 | roll 1.5s upd 13.9s
[brain] it 3162 [league 62%] R/ep 9.32 ent 2.29 kl 0.007 | hit/swing 49% dj/min 34.3 blk/min 0.3 abiHit 52 supHit 73 | self 6/10 counter 2/2 hard 1/1 aerial 1/1 hard x3 0/1 sovereign 3/6 turtle 2/2 rushdown 4/4 human 2/2 expert 1/1 zoner 2/2 easy 2/2 expert x2 1/1 medium 2/2 idle 1/1 switcher 1/1 | roll 1.5s upd 13.9s
[brain] it 3163 [league 61%] R/ep 12.36 ent 2.25 kl 0.007 | hit/swing 53% dj/min 32.2 blk/min 0.3 abiHit 82 supHit 80 | medium 5/5 human 0/1 self 4/6 expert 7/7 sovereign 2/4 switcher 0/1 hard x3 3/3 counter 1/1 turtle 0/1 expert x2 2/2 easy 1/1 summoner 1/1 hard 1/1 | roll 1.3s upd 13.4s
[brain] it 3164 [league 60%] R/ep 13.10 ent 2.19 kl 0.008 | hit/swing 65% dj/min 23.9 blk/min 0.1 abiHit 60 supHit 88 | sovereign 2/3 easy 4/4 expert 9/9 expert x2 2/2 self 5/9 zoner 1/1 hard x3 1/1 hard 3/3 summoner 0/1 turtle 2/2 idle 1/1 rushdown 1/1 aerial 1/1 | roll 1.3s upd 13.8s
[brain] it 3165 [league 58%] R/ep 12.33 ent 2.13 kl 0.006 | hit/swing 67% dj/min 27.5 blk/min 0.1 abiHit 39 supHit 100 | idle 2/2 expert x2 2/2 self 5/9 sovereign 1/3 medium 6/6 zoner 1/1 summoner 2/2 counter 2/2 hard 2/2 expert 8/8 turtle 1/1 aerial 1/1 human 1/1 rushdown 1/1 easy 1/1 | roll 1.4s upd 13.6s
[brain] it 3166 [league 58%] R/ep 7.43 ent 2.39 kl 0.009 | hit/swing 34% dj/min 36.0 blk/min 0.3 abiHit 102 supHit 56 | idle 2/2 switcher 1/1 self 6/9 sovereign 2/4 human 0/1 easy 3/3 summoner 1/2 expert 4/4 counter 1/1 expert x2 0/1 | roll 1.6s upd 13.5s
[brain] it 3167 [league 58%] R/ep 8.68 ent 2.37 kl 0.006 | hit/swing 41% dj/min 31.8 blk/min 0.3 abiHit 61 supHit 46 | self 6/11 expert 3/3 aerial 2/2 counter 3/3 sovereign 1/2 summoner 2/2 rushdown 0/1 zoner 2/2 idle 1/1 medium 1/1 turtle 1/1 | roll 1.5s upd 13.7s
[brain] it 3168 [league 56%] R/ep 11.37 ent 2.23 kl 0.007 | hit/swing 65% dj/min 32.9 blk/min 0.2 abiHit 27 supHit 90 | self 4/10 easy 2/2 expert 8/8 human 1/1 counter 2/2 rushdown 2/2 hard 2/2 hard x3 1/2 sovereign 0/3 aerial 1/1 switcher 1/1 medium 2/2 summoner 1/1 zoner 2/2 expert x2 1/1 idle 1/1 | roll 1.3s upd 12.6s
[brain] it 3169 [league 56%] R/ep 11.72 ent 2.23 kl 0.008 | hit/swing 47% dj/min 30.8 blk/min 0.2 abiHit 59 supHit 57 | sovereign 2/3 switcher 2/2 turtle 2/2 self 6/10 idle 7/7 expert 3/3 counter 3/4 zoner 2/2 hard 1/1 | roll 1.6s upd 16.1s
[brain] it 3170 [league 60%] R/ep 12.15 ent 2.26 kl 0.007 | hit/swing 60% dj/min 33.4 blk/min 0.1 abiHit 52 supHit 88 | medium 3/3 zoner 1/1 sovereign 7/7 aerial 3/3 expert 4/4 self 3/10 switcher 2/2 easy 2/2 rushdown 1/1 counter 1/1 hard 1/1 hard x3 2/2 expert x2 2/2 turtle 1/1 | roll 1.4s upd 13.8s
[brain] it 3171 [league 62%] R/ep 10.37 ent 2.19 kl 0.008 | hit/swing 45% dj/min 28.2 blk/min 0.1 abiHit 75 supHit 78 | sovereign 4/4 self 3/9 expert 4/4 hard 1/1 summoner 3/3 idle 2/2 turtle 1/1 human 3/4 zoner 2/2 rushdown 1/1 hard x3 0/1 switcher 2/2 | roll 1.4s upd 13.9s
[brain] it 3172 [league 65%] R/ep 10.80 ent 2.34 kl 0.007 | hit/swing 49% dj/min 34.4 blk/min 0.4 abiHit 61 supHit 65 | counter 1/3 sovereign 4/4 self 8/10 switcher 1/1 idle 2/2 zoner 1/1 expert 4/4 easy 1/1 hard x3 1/1 hard 2/2 expert x2 0/1 turtle 1/1 aerial 2/2 medium 1/1 | roll 1.7s upd 15.0s
[brain] it 3173 [league 65%] R/ep 11.09 ent 2.20 kl 0.007 | hit/swing 51% dj/min 33.4 blk/min 0.4 abiHit 41 supHit 89 | self 9/12 switcher 2/3 zoner 3/3 summoner 1/1 expert 5/5 counter 2/2 hard x3 0/2 sovereign 3/4 hard 3/3 idle 1/1 expert x2 1/1 rushdown 2/3 medium 1/1 | roll 1.6s upd 13.7s
[brain] it 3174 [league 65%] R/ep 10.91 ent 2.16 kl 0.008 | hit/swing 63% dj/min 30.3 blk/min 0.3 abiHit 35 supHit 93 | summoner 2/2 self 8/13 hard 3/3 idle 1/1 sovereign 3/5 expert 12/12 counter 2/2 zoner 3/3 expert x2 1/2 rushdown 2/2 easy 1/1 switcher 1/1 aerial 2/2 medium 1/1 | roll 1.4s upd 14.0s
[brain] it 3175 [league 66%] R/ep 11.19 ent 2.21 kl 0.010 | hit/swing 69% dj/min 30.9 blk/min 0.0 abiHit 42 supHit 88 | human 2/2 self 5/11 hard 1/1 rushdown 3/3 expert 6/6 idle 2/2 expert x2 3/4 sovereign 2/4 switcher 0/1 aerial 1/1 medium 1/1 summoner 1/1 counter 1/1 zoner 1/1 turtle 1/1 easy 1/1 hard x3 0/1 | roll 1.4s upd 13.9s
[brain] it 3176 [league 64%] R/ep 7.90 ent 2.41 kl 0.008 | hit/swing 51% dj/min 33.4 blk/min 0.1 abiHit 44 supHit 55 | medium 2/2 self 4/10 sovereign 1/4 counter 2/2 expert 3/3 easy 1/1 human 1/1 hard x3 1/2 idle 1/1 hard 1/1 summoner 1/1 expert x2 0/1 turtle 1/1 | roll 1.5s upd 13.5s
[brain] it 3177 [league 63%] R/ep 9.98 ent 2.24 kl 0.007 | hit/swing 49% dj/min 32.4 blk/min 0.4 abiHit 74 supHit 66 | self 3/8 sovereign 3/4 easy 3/3 hard x3 1/3 expert 5/5 zoner 2/2 turtle 1/2 rushdown 1/3 human 1/1 aerial 1/1 idle 3/3 expert x2 1/1 | roll 1.4s upd 13.6s
[brain] it 3178 [league 62%] R/ep 8.54 ent 2.34 kl 0.008 | hit/swing 47% dj/min 33.9 blk/min 0.3 abiHit 59 supHit 69 | expert 9/9 rushdown 3/3 self 3/9 turtle 2/2 hard x3 0/1 counter 0/1 switcher 1/1 sovereign 1/2 medium 1/1 easy 1/1 hard 1/1 summoner 1/1 | roll 1.3s upd 12.7s
[brain] it 3179 [league 62%] R/ep 7.14 ent 2.35 kl 0.009 | hit/swing 46% dj/min 34.4 blk/min 0.1 abiHit 45 supHit 71 | self 4/13 human 2/2 expert 3/3 sovereign 3/5 switcher 1/1 summoner 2/2 rushdown 1/1 medium 3/3 idle 1/1 hard 1/1 hard x3 0/1 zoner 2/2 aerial 1/1 turtle 1/1 easy 1/1 | roll 1.5s upd 13.8s
[brain] it 3180 [league 62%] R/ep 16.76 ent 2.15 kl 0.008 | hit/swing 69% dj/min 26.6 blk/min 0.2 abiHit 61 supHit 97 | self 3/6 hard 2/2 switcher 2/2 expert 9/9 easy 5/5 counter 1/1 aerial 1/1 turtle 1/1 expert x2 2/2 sovereign 2/2 hard x3 2/3 zoner 3/3 summoner 1/1 medium 1/1 human 1/1 | roll 1.4s upd 14.1s
[brain] it 3181 [league 62%] R/ep 7.61 ent 2.34 kl 0.008 | hit/swing 44% dj/min 32.7 blk/min 0.2 abiHit 87 supHit 66 | aerial 0/1 self 8/14 sovereign 3/5 summoner 1/1 easy 3/3 idle 1/1 expert 5/5 medium 2/2 turtle 1/1 rushdown 1/1 hard 2/2 | roll 1.7s upd 15.5s
[brain] it 3182 [league 60%] R/ep 9.32 ent 2.26 kl 0.009 | hit/swing 41% dj/min 33.7 blk/min 0.1 abiHit 110 supHit 70 | counter 2/2 hard x3 0/1 self 9/10 sovereign 2/5 summoner 1/1 medium 1/1 easy 3/3 expert x2 1/1 expert 2/2 idle 1/1 human 2/2 rushdown 0/1 zoner 1/1 switcher 1/1 hard 1/1 turtle 1/1 | roll 1.6s upd 15.0s
[brain] it 3183 [league 61%] R/ep 10.43 ent 2.25 kl 0.006 | hit/swing 50% dj/min 32.9 blk/min 0.3 abiHit 71 supHit 86 | self 5/11 sovereign 4/5 expert 8/8 rushdown 2/2 summoner 1/1 switcher 3/3 aerial 1/1 expert x2 1/1 counter 1/1 idle 1/1 medium 1/1 human 1/1 | roll 1.5s upd 14.0s
[brain] it 3184 [league 63%] R/ep 16.31 ent 2.30 kl 0.007 | hit/swing 49% dj/min 32.4 blk/min 0.2 abiHit 77 supHit 75 | counter 2/2 aerial 2/3 self 2/4 medium 1/1 idle 1/1 sovereign 4/5 expert 4/4 turtle 1/1 hard x3 2/2 summoner 2/2 expert x2 3/3 zoner 1/1 human 1/1 switcher 1/1 | roll 1.4s upd 15.6s
[brain] it 3185 [league 64%] R/ep 13.11 ent 2.36 kl 0.007 | hit/swing 48% dj/min 29.7 blk/min 0.1 abiHit 78 supHit 46 | sovereign 4/5 rushdown 2/3 human 1/2 easy 1/1 turtle 1/2 hard x3 2/3 zoner 2/2 aerial 1/1 switcher 0/1 hard 1/1 expert 1/1 expert x2 1/1 self 2/2 idle 1/1 | roll 1.6s upd 18.7s
[brain] it 3186 [league 64%] R/ep 6.89 ent 2.35 kl 0.007 | hit/swing 53% dj/min 31.7 blk/min 0.0 abiHit 45 supHit 72 | self 3/8 sovereign 4/8 idle 3/3 medium 1/1 counter 2/2 human 1/2 easy 1/1 turtle 2/2 expert x2 1/2 summoner 1/1 switcher 2/2 hard x3 0/1 | roll 1.5s upd 18.5s
[brain] it 3187 [league 64%] R/ep 10.44 ent 2.38 kl 0.009 | hit/swing 50% dj/min 33.9 blk/min 0.1 abiHit 65 supHit 50 | self 4/9 expert 4/4 counter 3/3 easy 3/3 human 2/2 sovereign 1/3 idle 1/1 medium 3/3 expert x2 1/1 hard 1/1 aerial 1/2 zoner 2/2 summoner 1/1 | roll 1.4s upd 14.3s
[brain] it 3188 [league 64%] R/ep 10.56 ent 2.34 kl 0.006 | hit/swing 50% dj/min 36.0 blk/min 0.2 abiHit 29 supHit 74 | sovereign 3/3 idle 3/3 self 5/11 expert 6/7 medium 2/2 aerial 1/1 hard x3 1/1 counter 1/1 rushdown 1/2 human 1/2 zoner 2/2 turtle 1/1 switcher 1/1 | roll 1.5s upd 14.0s
[brain] it 3189 [league 66%] R/ep 12.51 ent 2.30 kl 0.010 | hit/swing 53% dj/min 30.0 blk/min 0.1 abiHit 72 supHit 74 | self 6/11 summoner 2/3 expert 3/3 rushdown 3/3 medium 1/1 hard 1/1 human 1/1 expert x2 1/1 sovereign 2/3 idle 2/2 hard x3 1/1 switcher 1/1 easy 1/1 zoner 2/2 aerial 1/1 | roll 1.4s upd 13.9s
[brain] it 3190 [league 66%] R/ep 10.59 ent 2.21 kl 0.008 | hit/swing 52% dj/min 28.6 blk/min 0.1 abiHit 67 supHit 83 | sovereign 3/5 hard x3 1/1 medium 3/3 self 4/10 turtle 3/3 summoner 1/2 expert 3/3 aerial 2/2 easy 2/2 rushdown 1/1 switcher 2/2 hard 5/5 zoner 1/1 human 1/1 | roll 1.4s upd 14.0s
[brain] it 3191 [league 66%] R/ep 10.81 ent 2.33 kl 0.009 | hit/swing 47% dj/min 34.2 blk/min 0.2 abiHit 63 supHit 60 | self 3/8 aerial 2/2 easy 2/2 sovereign 1/3 summoner 3/3 zoner 5/5 switcher 1/1 expert 5/5 turtle 3/3 medium 2/2 rushdown 2/3 human 1/1 expert x2 0/1 | roll 1.3s upd 13.8s
[brain] it 3192 [league 69%] R/ep 12.57 ent 2.34 kl 0.008 | hit/swing 49% dj/min 30.9 blk/min 0.2 abiHit 59 supHit 72 | sovereign 5/5 medium 3/3 self 4/6 expert 7/7 rushdown 2/3 aerial 2/2 expert x2 1/1 turtle 0/1 hard 1/1 easy 2/2 zoner 1/1 switcher 1/1 | roll 1.4s upd 13.6s
[brain] it 3193 [league 67%] R/ep 9.91 ent 2.31 kl 0.009 | hit/swing 57% dj/min 32.8 blk/min 0.0 abiHit 58 supHit 69 | expert x2 1/1 sovereign 1/3 expert 7/7 easy 1/1 self 7/12 hard 2/2 idle 2/2 medium 1/1 hard x3 1/1 switcher 0/1 human 2/2 turtle 1/1 | roll 1.4s upd 13.5s
[brain] it 3194 [league 65%] R/ep 9.48 ent 2.23 kl 0.008 | hit/swing 55% dj/min 29.1 blk/min 0.3 abiHit 63 supHit 84 | sovereign 4/6 self 8/14 zoner 1/1 idle 1/1 switcher 3/3 expert 3/3 summoner 2/2 medium 3/3 expert x2 0/1 hard 1/1 easy 2/2 counter 2/2 | roll 1.6s upd 13.8s
[brain] it 3195 [league 65%] R/ep 10.83 ent 2.32 kl 0.008 | hit/swing 53% dj/min 31.5 blk/min 0.2 abiHit 58 supHit 74 | expert 5/5 self 2/6 human 1/2 hard 5/5 expert x2 1/1 easy 1/1 sovereign 2/2 switcher 1/2 rushdown 1/2 summoner 4/4 medium 1/1 aerial 1/1 hard x3 0/1 counter 1/1 zoner 1/1 | roll 1.4s upd 13.8s
[brain] it 3196 [league 64%] R/ep 11.36 ent 2.31 kl 0.006 | hit/swing 54% dj/min 29.5 blk/min 0.2 abiHit 65 supHit 68 | expert 3/3 self 4/8 switcher 1/1 expert x2 1/1 hard x3 1/1 counter 3/3 easy 3/3 sovereign 3/4 hard 2/3 turtle 1/1 zoner 1/1 medium 1/1 summoner 2/2 | roll 1.4s upd 14.2s
[brain] it 3197 [league 60%] R/ep 12.70 ent 2.25 kl 0.006 | hit/swing 62% dj/min 31.9 blk/min 0.2 abiHit 33 supHit 90 | human 3/3 sovereign 2/7 self 6/9 turtle 4/4 expert 5/5 easy 1/1 aerial 1/1 zoner 1/1 counter 3/3 hard x3 2/2 idle 3/3 switcher 1/1 | roll 1.5s upd 13.9s
[brain] it 3198 [league 61%] R/ep 12.65 ent 2.31 kl 0.008 | hit/swing 43% dj/min 33.3 blk/min 0.2 abiHit 107 supHit 77 | self 6/10 hard 2/2 expert 5/5 counter 1/1 hard x3 1/3 rushdown 2/2 aerial 1/1 human 2/2 expert x2 2/2 idle 1/1 medium 1/1 zoner 1/1 sovereign 1/1 turtle 1/1 | roll 1.4s upd 13.9s
[brain] it 3199 [league 63%] R/ep 10.23 ent 2.29 kl 0.008 | hit/swing 53% dj/min 31.2 blk/min 0.1 abiHit 38 supHit 80 | easy 2/2 idle 3/3 sovereign 4/7 self 4/7 counter 2/2 medium 3/3 summoner 1/1 rushdown 1/2 aerial 2/3 hard x3 1/1 expert 2/2 hard 2/2 | roll 1.5s upd 20.0s
[brain] it 3200 [league 63%] R/ep 12.28 ent 2.30 kl 0.007 | hit/swing 46% dj/min 30.0 blk/min 0.3 abiHit 84 supHit 80 | self 3/7 zoner 2/2 human 2/3 counter 1/1 sovereign 4/5 switcher 2/2 expert 4/4 summoner 4/4 expert x2 2/2 easy 1/1 medium 1/1 hard 3/3 | roll 1.7s upd 20.1s
[brain] it 3201 [league 65%] R/ep 9.22 ent 2.43 kl 0.009 | hit/swing 49% dj/min 32.5 blk/min 0.0 abiHit 57 supHit 47 | human 1/2 hard x3 1/2 self 2/7 summoner 1/1 sovereign 2/2 expert 2/2 easy 2/2 medium 2/2 counter 2/2 expert x2 1/1 hard 1/1 idle 2/2 zoner 1/1 aerial 0/1 | roll 1.7s upd 18.6s
[brain] it 3202 [league 63%] R/ep 12.04 ent 2.27 kl 0.009 | hit/swing 46% dj/min 27.0 blk/min 0.0 abiHit 114 supHit 84 | sovereign 2/4 idle 2/2 self 5/7 expert x2 2/2 counter 3/3 hard 3/3 expert 6/6 summoner 1/2 rushdown 1/1 easy 5/5 medium 2/2 | roll 1.3s upd 15.7s
[brain] it 3203 [league 64%] R/ep 13.04 ent 2.35 kl 0.006 | hit/swing 56% dj/min 33.2 blk/min 0.0 abiHit 41 supHit 81 | counter 3/4 sovereign 3/4 summoner 4/4 expert x2 1/1 expert 2/2 rushdown 2/2 easy 3/3 zoner 2/2 hard 1/1 self 5/7 medium 4/4 idle 1/1 human 1/1 switcher 1/1 | roll 1.4s upd 14.2s
[brain] it 3204 [league 64%] R/ep 8.89 ent 2.41 kl 0.007 | hit/swing 49% dj/min 37.6 blk/min 0.1 abiHit 47 supHit 58 | aerial 3/4 medium 3/3 expert 3/3 human 1/2 counter 1/1 summoner 2/3 sovereign 1/2 self 2/5 rushdown 2/2 expert x2 0/1 idle 1/1 hard 1/1 | roll 1.5s upd 14.0s
[brain] it 3205 [league 65%] R/ep 9.44 ent 2.37 kl 0.007 | hit/swing 40% dj/min 37.7 blk/min 0.1 abiHit 85 supHit 69 | self 7/12 rushdown 2/2 sovereign 3/4 expert 2/2 aerial 2/3 switcher 3/3 zoner 1/1 medium 1/1 counter 1/1 idle 1/1 hard x3 1/1 easy 1/1 expert x2 1/1 turtle 1/1 | roll 1.7s upd 16.1s
[brain] it 3206 [league 66%] R/ep 9.61 ent 2.33 kl 0.009 | hit/swing 58% dj/min 34.6 blk/min 0.3 abiHit 48 supHit 72 | hard 2/2 turtle 1/1 idle 2/2 self 6/14 switcher 2/2 sovereign 2/3 expert 5/5 human 3/3 easy 2/2 aerial 1/1 rushdown 2/2 | roll 1.6s upd 13.8s
[brain] it 3207 [league 64%] R/ep 9.45 ent 2.33 kl 0.009 | hit/swing 48% dj/min 33.5 blk/min 0.1 abiHit 56 supHit 73 | self 5/11 expert 2/2 switcher 3/3 sovereign 2/5 zoner 3/3 easy 1/1 counter 1/1 hard 1/1 turtle 2/2 idle 1/1 summoner 3/3 expert x2 1/1 | roll 1.5s upd 13.8s
[brain] it 3208 [league 63%] R/ep 13.86 ent 2.15 kl 0.006 | hit/swing 57% dj/min 27.8 blk/min 0.2 abiHit 69 supHit 87 | self 4/8 hard x3 1/3 switcher 2/2 turtle 1/1 aerial 2/2 counter 5/5 medium 1/1 idle 1/1 human 1/1 zoner 2/2 hard 1/1 easy 1/1 expert 8/8 summoner 1/1 sovereign 1/2 rushdown 1/1 | roll 1.5s upd 13.7s
[brain] it 3209 [league 63%] R/ep 12.80 ent 2.22 kl 0.009 | hit/swing 65% dj/min 29.9 blk/min 0.1 abiHit 47 supHit 89 | zoner 2/2 self 2/6 easy 2/2 sovereign 5/7 expert x2 2/4 counter 4/4 hard 3/3 idle 2/2 rushdown 2/2 hard x3 0/1 expert 4/4 medium 2/2 switcher 3/3 turtle 1/1 aerial 1/1 | roll 1.3s upd 13.6s
[brain] it 3210 [league 62%] R/ep 10.28 ent 2.38 kl 0.007 | hit/swing 49% dj/min 36.2 blk/min 0.1 abiHit 36 supHit 83 | hard 4/4 expert 6/6 aerial 1/1 summoner 3/3 sovereign 2/5 rushdown 3/3 expert x2 1/2 idle 1/1 human 0/1 medium 1/1 turtle 1/1 self 3/7 counter 3/3 easy 2/2 | roll 1.7s upd 14.9s
[brain] it 3211 [league 63%] R/ep 13.95 ent 2.22 kl 0.006 | hit/swing 68% dj/min 29.3 blk/min 0.1 abiHit 35 supHit 94 | hard 3/3 medium 2/2 self 8/11 turtle 1/1 hard x3 2/3 summoner 1/1 switcher 1/1 sovereign 4/5 easy 2/2 counter 2/2 aerial 1/1 rushdown 2/2 expert x2 2/2 expert 1/1 zoner 1/1 human 1/1 idle 2/2 | roll 1.5s upd 14.2s
[brain] it 3212 [league 60%] R/ep 8.74 ent 2.35 kl 0.005 | hit/swing 52% dj/min 32.4 blk/min 0.1 abiHit 51 supHit 59 | self 2/6 idle 5/5 expert 5/5 sovereign 3/9 counter 4/4 hard x3 1/1 medium 2/2 switcher 2/2 summoner 1/1 | roll 1.5s upd 13.7s
[brain] it 3213 [league 59%] R/ep 8.34 ent 2.43 kl 0.008 | hit/swing 43% dj/min 34.4 blk/min 0.1 abiHit 64 supHit 50 | sovereign 1/4 switcher 1/2 human 0/1 hard 2/2 self 5/7 expert 3/3 idle 2/2 easy 1/1 expert x2 1/1 summoner 1/1 medium 1/1 aerial 0/1 counter 2/2 | roll 1.4s upd 13.8s
[brain] it 3214 [league 59%] R/ep 8.95 ent 2.26 kl 0.007 | hit/swing 59% dj/min 28.2 blk/min 0.1 abiHit 59 supHit 76 | summoner 1/1 idle 2/2 turtle 1/2 switcher 2/3 self 6/11 expert 5/5 sovereign 2/2 aerial 2/2 hard x3 1/1 hard 2/2 medium 3/3 rushdown 0/1 counter 1/1 human 1/1 | roll 1.4s upd 13.7s
[brain] it 3215 [league 60%] R/ep 9.27 ent 2.27 kl 0.007 | hit/swing 52% dj/min 30.6 blk/min 0.2 abiHit 55 supHit 76 | turtle 4/4 self 6/11 rushdown 2/2 easy 2/2 medium 2/2 sovereign 3/4 expert 1/1 summoner 2/2 hard 2/2 hard x3 1/2 counter 1/1 aerial 2/2 | roll 1.4s upd 13.8s
[brain] it 3216 [league 60%] R/ep 10.50 ent 2.28 kl 0.007 | hit/swing 53% dj/min 31.4 blk/min 0.2 abiHit 52 supHit 88 | hard 4/4 self 8/12 hard x3 2/3 switcher 3/3 sovereign 3/5 zoner 2/2 human 0/1 counter 2/2 easy 1/1 summoner 1/1 | roll 1.4s upd 13.7s
[brain] it 3217 [league 60%] R/ep 11.23 ent 2.33 kl 0.007 | hit/swing 49% dj/min 27.1 blk/min 0.1 abiHit 102 supHit 62 | zoner 2/2 expert 4/4 rushdown 2/2 self 4/8 hard 1/1 human 1/1 expert x2 0/1 sovereign 4/5 hard x3 0/1 medium 2/2 easy 2/2 idle 1/1 aerial 1/1 summoner 1/1 | roll 1.3s upd 14.8s
[brain] it 3218 [league 60%] R/ep 13.57 ent 2.25 kl 0.006 | hit/swing 54% dj/min 31.2 blk/min 0.1 abiHit 83 supHit 86 | expert 9/9 sovereign 5/7 medium 3/3 zoner 1/1 hard 4/4 switcher 1/1 idle 2/2 self 2/4 aerial 1/2 hard x3 1/1 expert x2 2/2 rushdown 1/1 easy 1/1 summoner 1/1 | roll 1.5s upd 14.1s
[brain] it 3219 [league 60%] R/ep 10.71 ent 2.20 kl 0.006 | hit/swing 49% dj/min 27.7 blk/min 0.2 abiHit 127 supHit 62 | self 3/8 expert 7/7 summoner 3/3 aerial 2/2 switcher 1/2 zoner 1/1 easy 1/1 sovereign 3/3 hard x3 1/2 expert x2 0/1 medium 2/2 hard 1/1 idle 1/1 | roll 1.5s upd 14.0s
[brain] it 3220 [league 62%] R/ep 13.33 ent 2.26 kl 0.008 | hit/swing 50% dj/min 29.3 blk/min 0.2 abiHit 103 supHit 74 | medium 3/3 aerial 3/3 sovereign 2/4 expert 6/6 hard x3 0/1 switcher 1/1 easy 4/4 human 3/3 counter 3/3 turtle 2/2 self 1/1 expert x2 1/2 summoner 2/2 zoner 1/1 | roll 1.4s upd 15.9s
[brain] it 3221 [league 63%] R/ep 13.45 ent 2.30 kl 0.007 | hit/swing 56% dj/min 33.7 blk/min 0.2 abiHit 18 supHit 83 | zoner 3/3 summoner 2/2 self 3/8 idle 3/3 sovereign 2/2 easy 1/1 hard x3 1/1 expert 3/3 medium 3/3 counter 1/1 expert x2 3/3 aerial 2/2 rushdown 0/1 switcher 1/1 human 1/1 | roll 1.4s upd 13.9s
[brain] it 3222 [league 63%] R/ep 10.69 ent 2.37 kl 0.009 | hit/swing 61% dj/min 30.6 blk/min 0.1 abiHit 49 supHit 77 | sovereign 4/6 summoner 1/2 switcher 3/3 self 5/10 aerial 1/1 idle 4/4 expert 5/5 turtle 1/1 hard x3 1/1 human 1/1 rushdown 1/1 | roll 1.5s upd 13.9s
[brain] it 3223 [league 64%] R/ep 12.17 ent 2.22 kl 0.007 | hit/swing 50% dj/min 31.5 blk/min 0.1 abiHit 89 supHit 94 | sovereign 2/2 counter 1/1 medium 2/2 easy 3/3 hard 1/1 idle 2/2 human 2/2 expert 7/7 rushdown 2/3 self 5/9 switcher 2/2 turtle 1/1 expert x2 2/2 summoner 1/1 aerial 1/1 | roll 1.6s upd 15.1s
[brain] it 3224 [league 62%] R/ep 13.43 ent 2.31 kl 0.007 | hit/swing 51% dj/min 31.7 blk/min 0.1 abiHit 28 supHit 81 | zoner 1/1 hard 1/1 sovereign 1/3 aerial 2/2 human 1/1 hard x3 2/2 self 5/8 expert 4/4 rushdown 1/2 idle 2/2 switcher 2/2 medium 2/2 counter 2/2 expert x2 1/1 | roll 1.5s upd 14.0s
[brain] it 3225 [league 62%] R/ep 11.49 ent 2.28 kl 0.007 | hit/swing 58% dj/min 29.5 blk/min 0.1 abiHit 73 supHit 75 | switcher 2/2 easy 3/3 idle 4/4 self 3/4 summoner 2/2 sovereign 4/5 counter 2/2 hard 1/1 rushdown 2/2 hard x3 0/3 expert 5/5 expert x2 0/1 aerial 0/1 | roll 1.3s upd 13.9s
[brain] it 3226 [league 63%] R/ep 9.76 ent 2.37 kl 0.007 | hit/swing 55% dj/min 33.2 blk/min 0.0 abiHit 27 supHit 50 | aerial 0/1 hard x3 1/1 idle 4/4 self 1/7 zoner 2/2 expert 5/5 switcher 1/1 summoner 1/1 human 0/1 medium 3/3 counter 1/1 sovereign 3/5 rushdown 1/1 hard 1/1 | roll 1.4s upd 13.7s
[brain] it 3227 [league 63%] R/ep 11.41 ent 2.30 kl 0.007 | hit/swing 54% dj/min 31.2 blk/min 0.1 abiHit 58 supHit 70 | expert 4/4 sovereign 2/3 rushdown 1/1 self 3/6 summoner 3/3 easy 1/1 human 0/1 medium 3/3 switcher 3/3 counter 1/1 expert x2 2/2 idle 1/1 hard 1/1 | roll 1.3s upd 13.8s
[brain] it 3228 [league 64%] R/ep 8.60 ent 2.30 kl 0.007 | hit/swing 52% dj/min 31.9 blk/min 0.2 abiHit 79 supHit 80 | self 4/15 human 3/3 sovereign 4/5 expert 6/6 easy 1/1 idle 1/1 hard x3 1/1 zoner 2/2 turtle 4/4 medium 1/1 hard 1/1 summoner 1/1 counter 2/2 expert x2 0/1 | roll 1.6s upd 13.8s
[brain] it 3229 [league 65%] R/ep 12.02 ent 2.43 kl 0.006 | hit/swing 58% dj/min 32.7 blk/min 0.1 abiHit 44 supHit 56 | zoner 1/1 expert x2 1/1 human 1/2 switcher 1/1 sovereign 3/4 expert 4/4 self 2/3 hard 1/1 counter 3/3 rushdown 1/2 hard x3 1/1 aerial 2/3 easy 1/1 summoner 1/1 | roll 1.3s upd 13.8s
[brain] it 3230 [league 64%] R/ep 7.65 ent 2.37 kl 0.009 | hit/swing 54% dj/min 34.5 blk/min 0.0 abiHit 46 supHit 70 | idle 1/1 aerial 2/3 self 2/11 expert 5/5 human 1/1 expert x2 1/1 sovereign 1/3 hard x3 1/1 rushdown 1/1 easy 2/2 hard 1/1 turtle 1/1 zoner 1/1 counter 1/1 | roll 1.5s upd 14.0s
[brain] it 3231 [league 62%] R/ep 10.30 ent 2.24 kl 0.009 | hit/swing 62% dj/min 27.8 blk/min 0.2 abiHit 59 supHit 81 | self 5/10 expert 4/4 zoner 3/3 sovereign 3/7 easy 3/3 aerial 2/2 idle 3/3 switcher 1/1 summoner 1/1 hard 3/3 counter 1/1 medium 1/1 hard x3 1/2 expert x2 1/1 | roll 1.5s upd 14.0s
[brain] it 3232 [league 62%] R/ep 10.50 ent 2.33 kl 0.008 | hit/swing 62% dj/min 32.3 blk/min 0.3 abiHit 28 supHit 64 | expert 4/4 hard x3 1/1 human 1/1 counter 4/4 self 1/8 turtle 4/4 hard 2/2 idle 3/3 zoner 2/2 summoner 1/2 aerial 1/2 sovereign 2/3 | roll 1.4s upd 14.1s
[brain] it 3233 [league 64%] R/ep 9.51 ent 2.36 kl 0.009 | hit/swing 54% dj/min 37.9 blk/min 0.4 abiHit 31 supHit 82 | self 7/13 aerial 1/1 sovereign 5/7 expert x2 1/1 idle 3/3 switcher 1/1 expert 7/7 hard x3 0/2 zoner 4/4 human 1/1 summoner 1/1 | roll 1.5s upd 14.2s
[brain] it 3234 [league 64%] R/ep 12.95 ent 2.31 kl 0.007 | hit/swing 45% dj/min 34.4 blk/min 0.1 abiHit 74 supHit 61 | summoner 2/2 self 5/8 human 3/3 expert 4/4 switcher 3/3 expert x2 1/1 zoner 2/2 counter 2/2 sovereign 1/1 rushdown 2/3 easy 2/2 hard 2/2 | roll 1.3s upd 12.8s
[brain] it 3235 [league 63%] R/ep 11.53 ent 2.28 kl 0.009 | hit/swing 53% dj/min 24.2 blk/min 0.0 abiHit 99 supHit 75 | medium 3/3 switcher 3/3 easy 2/2 hard x3 1/1 hard 4/4 summoner 4/4 self 2/6 sovereign 3/6 expert 6/6 idle 1/1 human 1/1 | roll 1.4s upd 14.0s
[brain] it 3236 [league 66%] R/ep 12.32 ent 2.21 kl 0.008 | hit/swing 66% dj/min 26.1 blk/min 0.2 abiHit 60 supHit 99 | self 6/10 expert 7/7 turtle 2/2 easy 1/1 sovereign 3/4 rushdown 2/2 hard 4/4 summoner 2/2 hard x3 1/2 human 3/3 expert x2 1/1 zoner 1/1 | roll 1.4s upd 13.9s
[brain] it 3237 [league 66%] R/ep 10.55 ent 2.31 kl 0.007 | hit/swing 47% dj/min 33.7 blk/min 0.1 abiHit 78 supHit 74 | expert 6/6 self 1/8 idle 5/5 rushdown 3/3 zoner 1/1 human 1/1 medium 1/1 aerial 2/2 summoner 2/2 hard x3 0/1 sovereign 0/1 turtle 2/2 hard 1/1 expert x2 2/2 | roll 1.5s upd 14.0s
[brain] it 3238 [league 66%] R/ep 14.24 ent 2.23 kl 0.008 | hit/swing 67% dj/min 27.6 blk/min 0.0 abiHit 57 supHit 73 | self 5/7 expert 6/6 expert x2 4/5 idle 4/4 human 1/1 zoner 2/2 summoner 2/2 easy 3/3 hard x3 1/1 sovereign 2/4 medium 1/1 | roll 1.4s upd 14.4s
[brain] it 3239 [league 65%] R/ep 9.35 ent 2.22 kl 0.007 | hit/swing 56% dj/min 32.4 blk/min 0.2 abiHit 36 supHit 93 | sovereign 3/5 turtle 1/1 self 10/16 hard 1/1 idle 2/2 expert 5/5 medium 2/2 rushdown 1/1 counter 2/2 summoner 1/1 expert x2 2/2 easy 1/1 | roll 1.5s upd 14.0s
[brain] it 3240 [league 66%] R/ep 11.15 ent 2.25 kl 0.008 | hit/swing 60% dj/min 30.6 blk/min 0.0 abiHit 37 supHit 73 | counter 2/2 summoner 2/2 self 1/4 sovereign 4/5 human 1/2 expert 10/10 turtle 1/1 medium 3/3 hard 3/3 rushdown 3/4 easy 1/1 aerial 1/1 | roll 1.3s upd 14.1s
[brain] it 3241 [league 62%] R/ep 8.30 ent 2.27 kl 0.007 | hit/swing 59% dj/min 33.0 blk/min 0.4 abiHit 65 supHit 79 | summoner 2/2 idle 4/4 medium 4/4 expert 7/8 sovereign 2/7 self 5/11 human 1/1 expert x2 1/2 turtle 1/1 rushdown 1/1 counter 1/1 hard 1/1 | roll 1.6s upd 15.0s
[brain] it 3242 [league 61%] R/ep 8.42 ent 2.34 kl 0.009 | hit/swing 57% dj/min 31.7 blk/min 0.1 abiHit 56 supHit 60 | medium 3/3 turtle 4/4 summoner 3/3 expert 5/5 sovereign 1/4 idle 2/2 self 2/9 hard x3 1/1 hard 1/1 easy 2/2 | roll 1.5s upd 14.2s
[brain] it 3243 [league 61%] R/ep 11.36 ent 2.16 kl 0.008 | hit/swing 55% dj/min 26.8 blk/min 0.2 abiHit 101 supHit 76 | human 1/1 expert 3/3 easy 2/2 self 6/9 switcher 2/2 idle 2/2 hard 3/3 turtle 1/1 medium 2/2 zoner 1/1 counter 0/1 sovereign 3/3 aerial 1/1 expert x2 2/2 hard x3 0/1 | roll 1.4s upd 14.3s
[brain] it 3244 [league 60%] R/ep 8.17 ent 2.31 kl 0.006 | hit/swing 55% dj/min 30.7 blk/min 0.1 abiHit 75 supHit 68 | counter 2/2 switcher 2/2 expert 6/6 sovereign 2/4 self 6/13 medium 2/2 idle 1/1 human 2/2 rushdown 1/1 easy 1/1 expert x2 0/1 hard x3 1/1 turtle 0/1 | roll 1.7s upd 14.4s
[brain] it 3245 [league 61%] R/ep 11.77 ent 2.32 kl 0.006 | hit/swing 55% dj/min 32.2 blk/min 0.2 abiHit 61 supHit 59 | self 4/8 switcher 1/1 hard 2/2 idle 2/2 sovereign 1/1 expert 3/3 human 2/3 easy 1/1 rushdown 2/2 summoner 1/2 expert x2 1/2 hard x3 1/1 counter 1/1 | roll 1.4s upd 13.1s
[brain] it 3246 [league 59%] R/ep 11.26 ent 2.16 kl 0.007 | hit/swing 70% dj/min 31.5 blk/min 0.2 abiHit 56 supHit 95 | rushdown 1/1 self 8/12 expert x2 2/2 idle 2/2 sovereign 1/4 medium 1/1 easy 4/4 expert 6/6 hard 2/2 summoner 1/1 human 1/1 hard x3 1/2 aerial 0/1 turtle 1/1 | roll 1.6s upd 14.0s
[brain] it 3247 [league 60%] R/ep 12.33 ent 2.18 kl 0.010 | hit/swing 61% dj/min 28.6 blk/min 0.1 abiHit 68 supHit 70 | idle 5/5 self 7/10 hard 3/3 expert 4/4 turtle 1/1 sovereign 2/2 counter 2/2 easy 2/2 switcher 1/1 aerial 1/1 summoner 1/1 human 1/1 hard x3 0/1 medium 0/1 zoner 1/1 expert x2 1/1 | roll 1.3s upd 13.9s
[brain] it 3248 [league 58%] R/ep 9.49 ent 2.26 kl 0.007 | hit/swing 52% dj/min 31.1 blk/min 0.0 abiHit 65 supHit 73 | self 4/10 hard 4/4 medium 2/2 aerial 1/2 sovereign 2/4 easy 3/3 idle 2/2 zoner 1/1 expert 7/7 summoner 2/2 switcher 1/1 counter 1/1 human 2/2 | roll 1.4s upd 13.9s
[brain] it 3249 [league 58%] R/ep 10.87 ent 2.23 kl 0.008 | hit/swing 63% dj/min 34.6 blk/min 0.2 abiHit 43 supHit 97 | expert 6/6 self 7/10 easy 2/2 human 1/2 hard x3 2/3 hard 2/2 medium 2/2 summoner 1/1 expert x2 0/1 sovereign 5/8 turtle 1/1 rushdown 1/1 idle 3/3 | roll 1.5s upd 13.8s
[brain] it 3250 [league 59%] R/ep 8.07 ent 2.28 kl 0.007 | hit/swing 55% dj/min 30.4 blk/min 0.1 abiHit 48 supHit 85 | hard 3/3 rushdown 1/1 expert 4/5 self 1/13 sovereign 5/6 turtle 1/1 zoner 1/1 idle 3/3 summoner 1/1 switcher 1/1 expert x2 3/3 human 1/1 medium 3/3 | roll 1.5s upd 14.5s
[brain] it 3251 [league 59%] R/ep 10.26 ent 2.31 kl 0.008 | hit/swing 55% dj/min 30.7 blk/min 0.3 abiHit 66 supHit 69 | self 7/13 switcher 1/1 expert 7/7 rushdown 2/3 idle 3/3 expert x2 1/2 medium 1/1 aerial 1/1 sovereign 1/2 summoner 1/1 zoner 1/1 counter 1/1 hard 1/1 easy 1/1 human 1/1 | roll 1.5s upd 14.0s
[brain] it 3252 [league 56%] R/ep 9.43 ent 2.27 kl 0.009 | hit/swing 52% dj/min 30.5 blk/min 0.2 abiHit 83 supHit 86 | turtle 2/2 sovereign 1/5 self 3/10 hard x3 0/1 summoner 2/2 expert 4/4 easy 2/2 counter 2/2 medium 4/4 expert x2 2/3 rushdown 1/1 zoner 1/1 switcher 2/2 idle 1/1 | roll 1.4s upd 13.9s
[brain] it 3253 [league 57%] R/ep 9.04 ent 2.29 kl 0.007 | hit/swing 45% dj/min 31.8 blk/min 0.1 abiHit 92 supHit 66 | sovereign 4/4 idle 1/1 counter 1/1 hard 2/2 zoner 1/1 rushdown 3/4 easy 4/4 expert 2/2 human 2/2 medium 3/3 self 2/7 turtle 0/1 switcher 0/1 summoner 2/2 expert x2 0/1 | roll 1.5s upd 13.6s
[brain] it 3254 [league 58%] R/ep 13.58 ent 2.31 kl 0.008 | hit/swing 50% dj/min 32.5 blk/min 0.3 abiHit 54 supHit 83 | self 11/13 medium 3/3 easy 2/2 aerial 1/1 expert x2 2/2 expert 4/4 turtle 1/2 zoner 1/1 summoner 2/2 sovereign 1/1 hard 1/1 human 1/1 hard x3 1/1 counter 1/1 idle 1/1 | roll 1.7s upd 15.5s
[brain] it 3255 [league 59%] R/ep 11.96 ent 2.26 kl 0.007 | hit/swing 56% dj/min 35.1 blk/min 0.2 abiHit 49 supHit 93 | idle 1/1 medium 2/2 summoner 3/3 counter 3/3 expert x2 5/5 expert 1/1 hard 2/2 easy 2/2 self 2/7 sovereign 2/3 human 1/1 rushdown 1/3 aerial 2/2 turtle 1/1 hard x3 0/1 | roll 1.5s upd 13.6s
[brain] it 3256 [league 59%] R/ep 7.71 ent 2.41 kl 0.007 | hit/swing 52% dj/min 33.0 blk/min 0.2 abiHit 55 supHit 58 | sovereign 2/3 expert 5/5 switcher 2/2 self 3/11 expert x2 1/1 easy 2/2 human 1/1 turtle 2/2 summoner 2/2 idle 1/1 rushdown 1/1 counter 1/1 | roll 1.7s upd 15.2s
[brain] it 3257 [league 57%] R/ep 4.92 ent 2.38 kl 0.007 | hit/swing 46% dj/min 37.6 blk/min 0.3 abiHit 55 supHit 59 | aerial 0/1 self 7/11 sovereign 1/5 expert x2 1/2 expert 1/1 rushdown 0/1 easy 1/1 turtle 3/3 human 1/1 summoner 3/3 | roll 1.6s upd 14.0s
[brain] it 3258 [league 56%] R/ep 10.00 ent 2.29 kl 0.007 | hit/swing 52% dj/min 32.9 blk/min 0.2 abiHit 63 supHit 80 | self 6/9 expert 6/6 easy 1/1 sovereign 5/9 hard 1/1 aerial 2/4 counter 2/2 zoner 2/2 hard x3 1/1 expert x2 2/2 | roll 1.6s upd 14.8s
[brain] it 3259 [league 57%] R/ep 13.19 ent 2.27 kl 0.008 | hit/swing 53% dj/min 29.6 blk/min 0.2 abiHit 84 supHit 79 | self 8/11 summoner 3/3 idle 2/2 expert 6/6 human 1/1 hard 1/1 zoner 2/2 counter 1/1 sovereign 3/3 turtle 0/1 switcher 2/2 easy 1/1 medium 1/1 aerial 1/1 expert x2 1/1 hard x3 1/1 | roll 1.4s upd 13.8s
[brain] it 3260 [league 57%] R/ep 10.35 ent 2.24 kl 0.009 | hit/swing 60% dj/min 26.9 blk/min 0.1 abiHit 118 supHit 70 | self 5/8 easy 2/2 expert x2 2/2 aerial 1/1 idle 1/1 sovereign 4/7 expert 6/6 hard x3 0/2 medium 1/1 hard 2/2 summoner 1/1 turtle 1/2 zoner 1/1 | roll 1.4s upd 14.2s
[brain] it 3261 [league 59%] R/ep 8.40 ent 2.24 kl 0.007 | hit/swing 53% dj/min 32.8 blk/min 0.0 abiHit 40 supHit 80 | sovereign 4/5 self 7/14 expert 4/4 zoner 2/2 aerial 0/1 hard 4/4 summoner 3/3 counter 1/1 turtle 1/1 idle 1/1 rushdown 1/1 | roll 1.5s upd 12.7s
[brain] it 3262 [league 59%] R/ep 10.60 ent 2.36 kl 0.007 | hit/swing 37% dj/min 34.1 blk/min 0.0 abiHit 91 supHit 48 | hard 2/2 expert 3/3 self 5/7 sovereign 2/3 summoner 1/1 aerial 2/3 medium 1/1 switcher 1/1 hard x3 1/1 expert x2 1/1 counter 0/1 | roll 1.3s upd 13.8s
[brain] it 3263 [league 59%] R/ep 9.62 ent 2.14 kl 0.006 | hit/swing 55% dj/min 29.6 blk/min 0.1 abiHit 78 supHit 98 | medium 2/2 self 8/17 summoner 2/2 expert 7/7 easy 3/3 turtle 2/2 sovereign 1/3 aerial 2/2 hard 2/2 switcher 1/1 rushdown 3/3 zoner 1/1 idle 1/1 | roll 1.5s upd 14.1s
[brain] it 3264 [league 58%] R/ep 11.61 ent 2.28 kl 0.008 | hit/swing 62% dj/min 33.8 blk/min 0.4 abiHit 57 supHit 84 | summoner 2/2 self 4/9 medium 3/3 hard x3 1/2 expert 5/5 counter 4/4 idle 4/4 sovereign 1/2 human 2/2 turtle 1/1 rushdown 1/1 aerial 0/1 expert x2 1/1 | roll 1.5s upd 13.8s
[brain] it 3265 [league 59%] R/ep 12.45 ent 2.24 kl 0.006 | hit/swing 59% dj/min 31.5 blk/min 0.3 abiHit 60 supHit 78 | medium 4/4 idle 2/2 self 3/9 sovereign 3/3 hard x3 2/2 easy 2/2 expert 8/8 zoner 2/2 hard 1/1 rushdown 1/2 turtle 2/2 counter 2/2 summoner 1/1 | roll 1.3s upd 13.7s
[brain] it 3266 [league 62%] R/ep 8.30 ent 2.30 kl 0.008 | hit/swing 52% dj/min 35.7 blk/min 0.1 abiHit 50 supHit 69 | self 6/12 sovereign 6/8 hard 2/2 switcher 2/3 medium 1/1 zoner 2/2 aerial 1/2 expert 2/2 expert x2 2/2 turtle 1/1 counter 2/2 human 1/1 idle 1/1 hard x3 0/1 | roll 1.7s upd 17.4s
[brain] it 3267 [league 63%] R/ep 10.42 ent 2.30 kl 0.008 | hit/swing 57% dj/min 31.8 blk/min 0.1 abiHit 64 supHit 69 | idle 2/2 expert 3/3 self 3/8 switcher 0/1 human 0/2 hard x3 1/2 sovereign 3/4 expert x2 3/3 summoner 1/1 easy 2/2 rushdown 1/1 zoner 1/1 aerial 1/1 | roll 1.6s upd 14.3s
[brain] it 3268 [league 62%] R/ep 8.97 ent 2.28 kl 0.009 | hit/swing 54% dj/min 34.0 blk/min 0.4 abiHit 33 supHit 73 | easy 4/4 self 6/13 expert 7/7 zoner 3/3 switcher 2/2 sovereign 3/6 hard 1/1 counter 1/1 aerial 0/1 rushdown 1/3 expert x2 1/1 medium 3/3 human 1/1 summoner 1/1 | roll 1.5s upd 14.3s
[brain] it 3269 [league 63%] R/ep 9.39 ent 2.29 kl 0.009 | hit/swing 52% dj/min 34.3 blk/min 0.2 abiHit 48 supHit 75 | human 4/5 rushdown 2/2 expert 4/4 hard x3 0/2 self 5/9 summoner 2/2 idle 1/1 sovereign 4/6 easy 2/2 medium 1/1 | roll 1.6s upd 14.1s
[brain] it 3270 [league 64%] R/ep 10.90 ent 2.24 kl 0.008 | hit/swing 49% dj/min 32.3 blk/min 0.2 abiHit 66 supHit 81 | expert 4/4 hard 2/2 expert x2 3/3 switcher 1/2 easy 1/1 self 3/7 counter 1/1 aerial 3/3 sovereign 5/6 turtle 2/3 rushdown 0/1 summoner 1/1 zoner 1/1 | roll 1.5s upd 14.1s
[brain] it 3271 [league 66%] R/ep 10.41 ent 2.21 kl 0.006 | hit/swing 49% dj/min 27.9 blk/min 0.1 abiHit 110 supHit 82 | hard 1/1 zoner 1/1 medium 4/4 sovereign 6/7 expert 3/3 self 5/10 counter 3/4 easy 3/3 turtle 1/1 aerial 1/2 expert x2 2/2 idle 1/1 | roll 1.7s upd 15.3s
[brain] it 3272 [league 67%] R/ep 13.24 ent 2.11 kl 0.009 | hit/swing 66% dj/min 25.6 blk/min 0.2 abiHit 40 supHit 91 | sovereign 2/2 zoner 1/1 hard x3 2/3 expert x2 2/2 easy 3/3 self 4/9 expert 7/7 medium 1/1 rushdown 1/1 summoner 1/1 idle 2/2 switcher 2/2 aerial 1/1 turtle 1/1 counter 1/1 | roll 1.5s upd 14.0s
[brain] it 3273 [league 66%] R/ep 12.45 ent 2.36 kl 0.007 | hit/swing 57% dj/min 39.0 blk/min 0.1 abiHit 43 supHit 81 | idle 2/2 self 5/8 sovereign 1/2 human 2/2 zoner 2/2 switcher 2/3 expert x2 1/1 expert 7/7 turtle 3/3 rushdown 3/3 hard 1/1 counter 2/2 easy 1/1 aerial 1/1 | roll 1.3s upd 14.0s
[brain] it 3274 [league 68%] R/ep 13.02 ent 2.25 kl 0.010 | hit/swing 48% dj/min 32.7 blk/min 0.2 abiHit 68 supHit 66 | expert 8/8 human 1/1 self 2/3 switcher 1/1 aerial 2/3 turtle 2/3 zoner 1/1 expert x2 2/4 sovereign 4/4 hard 2/2 counter 1/1 summoner 1/1 medium 1/1 | roll 1.3s upd 13.8s
[brain] it 3275 [league 68%] R/ep 9.14 ent 2.27 kl 0.008 | hit/swing 55% dj/min 34.3 blk/min 0.1 abiHit 41 supHit 79 | self 9/15 easy 3/3 turtle 1/2 sovereign 1/2 expert 6/6 idle 1/1 medium 3/3 aerial 3/3 hard 1/1 counter 1/1 summoner 1/1 rushdown 1/1 switcher 1/1 | roll 1.4s upd 12.7s
[brain] it 3276 [league 68%] R/ep 13.59 ent 2.30 kl 0.007 | hit/swing 54% dj/min 32.5 blk/min 0.4 abiHit 91 supHit 80 | hard x3 4/5 aerial 1/1 counter 1/1 expert 3/3 summoner 3/3 easy 1/1 self 4/7 hard 2/2 human 1/1 switcher 1/1 sovereign 0/2 rushdown 1/1 turtle 1/1 medium 2/2 expert x2 1/1 | roll 1.5s upd 13.7s
[brain] it 3277 [league 67%] R/ep 11.55 ent 2.37 kl 0.008 | hit/swing 42% dj/min 40.1 blk/min 0.4 abiHit 55 supHit 67 | self 4/8 idle 1/1 rushdown 1/3 medium 1/1 turtle 2/2 human 2/2 expert 5/5 hard x3 1/1 zoner 2/2 expert x2 2/2 aerial 1/1 hard 1/1 sovereign 0/1 switcher 1/1 | roll 1.5s upd 15.0s
[brain] it 3278 [league 63%] R/ep 9.73 ent 2.23 kl 0.007 | hit/swing 60% dj/min 33.0 blk/min 0.2 abiHit 27 supHit 91 | zoner 3/3 medium 2/2 counter 1/2 self 6/13 sovereign 0/4 hard 1/1 hard x3 1/2 expert 2/2 idle 2/2 rushdown 3/4 human 1/1 expert x2 2/2 aerial 1/1 | roll 1.5s upd 13.8s
[brain] it 3279 [league 63%] R/ep 11.06 ent 2.23 kl 0.007 | hit/swing 63% dj/min 31.2 blk/min 0.1 abiHit 30 supHit 84 | medium 4/4 sovereign 4/5 idle 2/2 self 5/9 switcher 2/2 turtle 5/5 human 0/2 hard x3 1/2 expert x2 3/3 zoner 1/1 expert 1/1 aerial 1/1 easy 1/1 | roll 1.4s upd 14.0s
[brain] it 3280 [league 65%] R/ep 9.75 ent 2.24 kl 0.008 | hit/swing 50% dj/min 33.1 blk/min 0.2 abiHit 72 supHit 81 | expert 4/4 medium 2/2 counter 2/3 summoner 2/2 easy 2/2 sovereign 3/5 self 1/6 hard 1/1 turtle 1/1 hard x3 2/3 human 0/1 expert x2 1/1 idle 1/1 switcher 2/2 | roll 1.6s upd 14.3s
[brain] it 3281 [league 63%] R/ep 11.08 ent 2.11 kl 0.008 | hit/swing 61% dj/min 31.9 blk/min 0.2 abiHit 25 supHit 95 | self 9/13 expert x2 3/3 hard x3 0/1 sovereign 0/4 counter 2/2 expert 5/5 switcher 1/1 easy 2/2 rushdown 2/2 aerial 4/4 summoner 1/1 idle 1/1 medium 1/1 | roll 1.4s upd 14.1s
[brain] it 3282 [league 64%] R/ep 9.27 ent 2.24 kl 0.007 | hit/swing 52% dj/min 31.1 blk/min 0.2 abiHit 80 supHit 57 | turtle 1/1 zoner 3/3 sovereign 2/2 expert 4/4 self 4/11 medium 3/3 summoner 2/2 human 1/3 hard x3 0/1 hard 2/2 aerial 1/1 idle 1/1 counter 1/1 rushdown 1/1 easy 1/1 | roll 1.4s upd 12.7s
[brain] it 3283 [league 65%] R/ep 10.12 ent 2.15 kl 0.006 | hit/swing 54% dj/min 31.5 blk/min 0.1 abiHit 60 supHit 67 | switcher 1/1 self 9/14 idle 2/2 expert 5/6 easy 1/1 sovereign 4/5 turtle 1/1 medium 1/1 expert x2 2/2 hard 2/2 zoner 1/1 human 1/1 | roll 1.5s upd 12.6s
[brain] it 3284 [league 65%] R/ep 14.46 ent 2.12 kl 0.007 | hit/swing 61% dj/min 28.3 blk/min 0.1 abiHit 66 supHit 88 | aerial 4/4 easy 4/4 counter 3/3 idle 4/4 expert x2 1/1 self 2/5 zoner 2/2 human 2/2 switcher 1/1 medium 3/3 expert 3/3 sovereign 3/4 rushdown 2/2 turtle 1/1 | roll 1.2s upd 15.3s
[brain] it 3285 [league 65%] R/ep 13.30 ent 2.22 kl 0.008 | hit/swing 54% dj/min 33.0 blk/min 0.2 abiHit 80 supHit 72 | aerial 2/2 counter 1/1 rushdown 2/2 self 2/5 switcher 1/2 hard x3 3/4 summoner 1/1 expert 5/5 sovereign 3/5 idle 2/2 easy 1/1 zoner 1/1 turtle 1/1 expert x2 1/1 | roll 1.6s upd 15.0s
[brain] it 3286 [league 64%] R/ep 11.73 ent 2.14 kl 0.007 | hit/swing 66% dj/min 26.7 blk/min 0.1 abiHit 49 supHit 87 | sovereign 4/7 self 5/7 summoner 2/2 switcher 1/1 hard 2/2 rushdown 1/1 expert 5/5 zoner 3/3 human 1/1 medium 2/2 aerial 3/3 expert x2 4/5 idle 1/1 easy 1/1 | roll 1.5s upd 15.1s
[brain] it 3287 [league 64%] R/ep 8.16 ent 2.29 kl 0.008 | hit/swing 50% dj/min 33.7 blk/min 0.1 abiHit 42 supHit 64 | expert 4/4 idle 2/2 sovereign 3/5 human 2/3 counter 1/1 self 4/9 expert x2 1/1 hard x3 1/1 medium 1/1 switcher 2/3 zoner 1/1 easy 2/2 rushdown 0/1 | roll 1.5s upd 14.0s
[brain] it 3288 [league 65%] R/ep 10.99 ent 2.17 kl 0.005 | hit/swing 50% dj/min 33.7 blk/min 0.2 abiHit 44 supHit 77 | hard x3 1/1 expert 4/5 hard 2/2 turtle 2/2 aerial 0/1 easy 1/1 rushdown 2/2 self 6/10 idle 1/1 medium 2/2 sovereign 3/3 summoner 2/2 human 1/1 counter 1/1 zoner 1/1 | roll 1.4s upd 14.1s
[brain] it 3289 [league 64%] R/ep 10.65 ent 2.20 kl 0.008 | hit/swing 63% dj/min 32.2 blk/min 0.1 abiHit 45 supHit 91 | self 5/12 expert x2 1/1 easy 2/2 rushdown 2/2 human 1/1 medium 1/1 summoner 3/3 switcher 3/3 aerial 1/1 sovereign 2/4 zoner 2/2 expert 3/3 hard x3 1/2 turtle 1/1 hard 1/1 counter 1/1 | roll 1.5s upd 14.0s
[brain] it 3290 [league 61%] R/ep 7.58 ent 2.32 kl 0.009 | hit/swing 46% dj/min 32.6 blk/min 0.3 abiHit 60 supHit 57 | easy 2/2 self 1/6 medium 1/1 sovereign 1/6 expert x2 2/2 expert 7/7 rushdown 1/2 human 1/1 idle 1/1 aerial 0/1 counter 1/1 zoner 2/2 summoner 1/1 | roll 1.4s upd 13.9s
[brain] it 3291 [league 59%] R/ep 9.74 ent 2.27 kl 0.008 | hit/swing 50% dj/min 32.9 blk/min 0.3 abiHit 42 supHit 73 | sovereign 4/7 expert 4/4 self 6/12 hard x3 0/2 zoner 3/3 rushdown 0/1 easy 3/3 idle 1/1 medium 3/3 switcher 1/1 counter 1/1 summoner 1/1 aerial 1/1 | roll 1.6s upd 13.8s
[brain] it 3292 [league 60%] R/ep 11.75 ent 2.26 kl 0.007 | hit/swing 50% dj/min 36.1 blk/min 0.2 abiHit 45 supHit 93 | expert x2 3/3 self 2/11 medium 1/1 human 1/1 hard x3 3/3 expert 1/1 hard 2/2 counter 2/2 sovereign 3/4 easy 2/2 turtle 0/1 switcher 1/1 aerial 3/3 zoner 1/1 | roll 1.5s upd 13.9s
[brain] it 3293 [league 60%] R/ep 9.25 ent 2.26 kl 0.009 | hit/swing 51% dj/min 35.7 blk/min 0.3 abiHit 50 supHit 74 | aerial 3/3 expert 7/7 easy 1/1 rushdown 3/3 self 6/13 sovereign 2/3 counter 1/1 zoner 1/1 hard x3 1/1 human 1/1 expert x2 1/1 | roll 1.6s upd 15.4s
[brain] it 3294 [league 62%] R/ep 12.16 ent 2.23 kl 0.007 | hit/swing 62% dj/min 35.8 blk/min 0.1 abiHit 25 supHit 95 | self 5/9 turtle 1/2 switcher 3/3 sovereign 4/4 expert 5/5 hard 2/2 summoner 1/1 hard x3 1/3 aerial 3/3 idle 2/2 rushdown 1/1 human 1/1 medium 2/2 | roll 1.5s upd 14.5s
[brain] it 3295 [league 63%] R/ep 12.12 ent 2.10 kl 0.007 | hit/swing 60% dj/min 28.9 blk/min 0.1 abiHit 73 supHit 104 | self 6/12 hard x3 0/1 sovereign 4/4 expert 4/4 switcher 1/2 medium 2/2 easy 3/3 summoner 2/2 turtle 1/1 hard 1/1 aerial 1/1 idle 1/1 rushdown 1/1 zoner 1/1 counter 2/2 expert x2 1/1 | roll 1.5s upd 13.1s
[brain] it 3296 [league 61%] R/ep 9.68 ent 2.19 kl 0.006 | hit/swing 64% dj/min 28.7 blk/min 0.0 abiHit 47 supHit 70 | expert 9/9 self 4/10 human 3/3 switcher 1/1 sovereign 3/5 counter 1/1 turtle 2/2 idle 2/2 zoner 1/1 rushdown 1/1 aerial 1/1 summoner 1/1 medium 1/1 hard 3/3 | roll 1.3s upd 13.9s
[brain] it 3297 [league 60%] R/ep 10.90 ent 2.26 kl 0.007 | hit/swing 48% dj/min 34.9 blk/min 0.1 abiHit 49 supHit 81 | aerial 4/5 sovereign 3/5 expert x2 1/1 zoner 2/2 summoner 3/3 self 6/10 counter 2/2 expert 5/5 rushdown 1/1 human 1/1 easy 1/1 turtle 0/1 switcher 1/1 | roll 1.4s upd 14.0s
[brain] it 3298 [league 59%] R/ep 11.65 ent 2.17 kl 0.007 | hit/swing 59% dj/min 32.5 blk/min 0.2 abiHit 34 supHit 86 | hard x3 2/3 self 6/12 expert 4/4 rushdown 2/2 expert x2 1/1 zoner 2/2 sovereign 3/4 easy 1/1 counter 3/3 turtle 2/2 idle 1/1 human 0/1 | roll 1.5s upd 12.9s
[brain] it 3299 [league 61%] R/ep 8.84 ent 2.30 kl 0.007 | hit/swing 43% dj/min 33.5 blk/min 0.2 abiHit 97 supHit 63 | medium 2/2 hard 2/2 sovereign 3/5 self 6/10 easy 3/3 hard x3 0/1 expert 4/4 counter 1/1 human 2/3 turtle 1/2 idle 1/1 switcher 1/1 zoner 2/2 summoner 1/1 rushdown 0/1 | roll 1.6s upd 13.7s
[brain] it 3300 [league 63%] R/ep 13.97 ent 2.23 kl 0.008 | hit/swing 59% dj/min 33.4 blk/min 0.0 abiHit 59 supHit 88 | expert 7/7 idle 1/1 zoner 1/1 expert x2 2/2 self 3/4 medium 2/2 sovereign 5/8 human 4/4 switcher 1/1 summoner 2/2 hard x3 1/1 counter 1/2 aerial 1/1 hard 1/1 | roll 1.4s upd 12.7s
[brain] it 3301 [league 62%] R/ep 12.00 ent 2.27 kl 0.008 | hit/swing 52% dj/min 27.6 blk/min 0.1 abiHit 95 supHit 44 | medium 2/2 human 2/3 hard x3 0/3 idle 1/1 sovereign 1/2 self 1/3 counter 1/1 expert 3/3 summoner 1/1 zoner 1/1 expert x2 1/1 aerial 1/1 turtle 1/1 | roll 5.5s upd 9.3s
[brain] it 3302 [league 62%] R/ep 10.45 ent 2.36 kl 0.006 | hit/swing 57% dj/min 36.7 blk/min 0.1 abiHit 28 supHit 40 | counter 1/1 summoner 1/1 switcher 2/2 medium 2/2 self 2/6 expert 3/3 human 1/2 zoner 1/1 hard x3 0/1 rushdown 1/1 turtle 1/1 idle 1/1 aerial 1/1 | roll 4.9s upd 8.1s
[brain] it 3303 [league 62%] R/ep 12.31 ent 2.23 kl 0.009 | hit/swing 47% dj/min 34.6 blk/min 0.1 abiHit 46 supHit 64 | expert x2 2/2 expert 5/5 self 1/3 idle 1/1 turtle 0/1 switcher 2/2 human 1/1 sovereign 1/1 easy 2/2 counter 1/1 aerial 0/1 zoner 1/1 summoner 2/3 hard 2/2 | roll 5.4s upd 9.7s
[brain] it 3304 [league 67%] R/ep 14.19 ent 2.16 kl 0.008 | hit/swing 59% dj/min 32.1 blk/min 0.1 abiHit 35 supHit 96 | sovereign 6/6 rushdown 1/1 expert x2 2/3 hard 3/3 zoner 2/2 self 4/5 easy 1/1 counter 4/4 medium 2/2 idle 2/2 summoner 0/1 turtle 3/3 switcher 1/1 human 1/2 expert 4/4 | roll 1.5s upd 14.5s
[brain] it 3305 [league 67%] R/ep 11.55 ent 2.19 kl 0.007 | hit/swing 61% dj/min 32.8 blk/min 0.1 abiHit 47 supHit 84 | hard x3 2/3 expert x2 4/4 medium 2/2 turtle 2/2 summoner 2/2 expert 3/3 self 3/8 sovereign 4/6 counter 1/1 idle 1/1 switcher 1/2 easy 2/2 zoner 1/1 aerial 1/1 | roll 1.6s upd 14.7s
[brain] it 3306 [league 67%] R/ep 10.46 ent 2.11 kl 0.007 | hit/swing 57% dj/min 32.2 blk/min 0.2 abiHit 72 supHit 86 | turtle 1/1 expert 4/4 aerial 2/2 self 11/14 counter 1/1 sovereign 6/7 idle 2/2 medium 1/1 easy 3/3 hard x3 0/1 zoner 1/1 human 2/2 switcher 1/1 rushdown 1/1 | roll 1.6s upd 15.1s
[brain] it 3307 [league 67%] R/ep 11.34 ent 2.20 kl 0.008 | hit/swing 63% dj/min 31.5 blk/min 0.0 abiHit 40 supHit 81 | hard x3 2/2 rushdown 3/3 self 7/13 expert 3/3 expert x2 1/1 aerial 1/1 sovereign 1/3 hard 4/4 zoner 2/2 turtle 2/2 easy 3/3 | roll 1.5s upd 14.6s
[brain] it 3308 [league 66%] R/ep 8.88 ent 2.19 kl 0.006 | hit/swing 53% dj/min 32.0 blk/min 0.2 abiHit 77 supHit 82 | summoner 2/2 self 6/12 rushdown 4/6 expert 5/5 sovereign 3/5 easy 1/1 aerial 1/1 turtle 1/1 human 0/1 hard 2/2 medium 3/3 zoner 2/2 switcher 1/1 idle 2/2 | roll 1.5s upd 14.1s
[brain] it 3309 [league 68%] R/ep 10.30 ent 2.18 kl 0.007 | hit/swing 57% dj/min 31.9 blk/min 0.2 abiHit 52 supHit 83 | medium 6/6 human 1/1 switcher 1/1 rushdown 1/2 expert 4/4 hard 2/2 turtle 1/1 easy 1/1 self 4/11 sovereign 3/3 counter 1/1 hard x3 1/2 expert x2 1/1 idle 2/2 aerial 1/1 zoner 1/1 | roll 1.5s upd 15.1s
[brain] it 3310 [league 68%] R/ep 10.45 ent 2.30 kl 0.008 | hit/swing 46% dj/min 31.8 blk/min 0.2 abiHit 70 supHit 67 | medium 2/2 expert 5/5 idle 2/2 self 7/11 sovereign 1/2 turtle 1/1 zoner 1/1 human 2/2 aerial 1/1 hard x3 1/2 hard 1/1 summoner 2/2 switcher 1/1 counter 0/1 | roll 1.5s upd 13.8s
[brain] it 3311 [league 68%] R/ep 8.62 ent 2.38 kl 0.008 | hit/swing 36% dj/min 34.6 blk/min 0.2 abiHit 79 supHit 42 | human 1/1 self 3/9 medium 1/1 turtle 3/3 switcher 2/2 sovereign 4/5 hard 1/1 counter 2/2 rushdown 1/1 expert 2/2 expert x2 1/1 idle 1/1 | roll 1.7s upd 15.1s
[brain] it 3312 [league 68%] R/ep 10.85 ent 2.28 kl 0.007 | hit/swing 52% dj/min 35.4 blk/min 0.3 abiHit 18 supHit 67 | self 6/11 sovereign 2/2 hard 3/3 counter 2/3 expert 5/5 zoner 3/3 idle 3/3 summoner 2/2 hard x3 0/1 expert x2 1/1 human 0/1 aerial 1/1 | roll 1.6s upd 13.8s
[brain] it 3313 [league 68%] R/ep 9.08 ent 2.28 kl 0.008 | hit/swing 58% dj/min 33.4 blk/min 0.2 abiHit 34 supHit 82 | self 3/10 sovereign 2/6 aerial 0/1 human 2/2 rushdown 2/2 hard 1/1 expert 4/4 summoner 2/2 medium 2/2 expert x2 4/4 zoner 1/1 easy 1/1 hard x3 1/1 | roll 1.5s upd 14.9s
[brain] it 3314 [league 69%] R/ep 13.55 ent 2.14 kl 0.006 | hit/swing 65% dj/min 27.9 blk/min 0.2 abiHit 57 supHit 85 | idle 4/4 summoner 2/2 medium 4/4 aerial 1/2 self 6/11 hard x3 4/4 expert 2/2 zoner 2/2 hard 2/2 counter 3/3 sovereign 1/1 expert x2 1/1 easy 1/1 switcher 1/1 | roll 1.5s upd 14.1s
[brain] it 3315 [league 69%] R/ep 12.14 ent 2.24 kl 0.006 | hit/swing 54% dj/min 34.1 blk/min 0.0 abiHit 59 supHit 75 | expert 5/5 self 10/15 switcher 1/1 turtle 2/2 hard x3 1/1 counter 2/2 rushdown 2/2 expert x2 1/1 human 1/1 easy 1/1 hard 2/2 summoner 2/2 | roll 1.4s upd 13.7s
[brain] it 3316 [league 71%] R/ep 13.37 ent 2.14 kl 0.008 | hit/swing 64% dj/min 28.9 blk/min 0.2 abiHit 38 supHit 111 | expert 6/6 aerial 3/3 medium 3/3 turtle 3/3 sovereign 2/2 self 5/9 summoner 2/2 easy 3/3 counter 1/1 hard x3 2/3 expert x2 1/2 human 1/1 zoner 1/1 switcher 4/4 | roll 1.4s upd 13.7s
[brain] it 3317 [league 71%] R/ep 12.13 ent 2.27 kl 0.006 | hit/swing 49% dj/min 34.0 blk/min 0.2 abiHit 60 supHit 67 | summoner 2/2 self 3/8 counter 1/1 human 2/3 expert x2 1/1 expert 4/4 turtle 2/3 zoner 1/1 easy 5/5 medium 2/2 aerial 3/3 switcher 1/1 | roll 1.4s upd 13.6s
[brain] it 3318 [league 70%] R/ep 9.42 ent 2.14 kl 0.008 | hit/swing 55% dj/min 26.2 blk/min 0.4 abiHit 77 supHit 80 | self 4/12 expert 7/7 hard x3 0/1 medium 2/2 hard 1/1 easy 4/4 sovereign 0/1 idle 1/1 human 2/3 turtle 1/1 summoner 1/1 counter 1/1 expert x2 2/2 switcher 1/1 | roll 1.4s upd 15.8s
[brain] it 3319 [league 71%] R/ep 11.46 ent 2.22 kl 0.007 | hit/swing 53% dj/min 33.2 blk/min 0.0 abiHit 73 supHit 87 | expert 3/3 hard 2/2 idle 2/2 turtle 3/3 aerial 2/2 sovereign 5/7 self 2/7 summoner 2/2 easy 1/1 counter 2/2 human 3/3 hard x3 1/1 switcher 2/2 medium 1/1 | roll 1.3s upd 15.2s
[brain] it 3320 [league 72%] R/ep 10.20 ent 2.21 kl 0.006 | hit/swing 51% dj/min 29.4 blk/min 0.1 abiHit 72 supHit 71 | expert x2 1/1 self 1/10 hard 2/2 medium 3/3 expert 6/6 sovereign 2/2 easy 3/3 summoner 2/2 rushdown 2/2 aerial 1/2 switcher 1/1 zoner 2/2 human 2/2 turtle 1/1 counter 1/1 | roll 1.4s upd 13.8s
[brain] it 3321 [league 69%] R/ep 13.20 ent 2.17 kl 0.008 | hit/swing 59% dj/min 31.5 blk/min 0.1 abiHit 51 supHit 74 | expert x2 2/3 hard 4/4 self 3/3 aerial 0/1 expert 7/7 idle 2/2 rushdown 1/1 medium 3/3 switcher 1/1 sovereign 2/6 human 1/1 counter 1/1 zoner 2/2 easy 3/3 summoner 1/1 | roll 1.4s upd 13.7s
[brain] it 3322 [league 65%] R/ep 8.75 ent 2.28 kl 0.008 | hit/swing 50% dj/min 33.5 blk/min 0.1 abiHit 48 supHit 54 | medium 1/1 human 1/1 hard x3 2/3 expert x2 1/1 zoner 3/3 idle 2/2 switcher 2/2 self 2/8 summoner 2/2 sovereign 1/5 expert 3/3 hard 1/1 easy 2/2 rushdown 0/1 | roll 1.5s upd 13.7s
[brain] it 3323 [league 66%] R/ep 13.68 ent 2.05 kl 0.008 | hit/swing 64% dj/min 28.3 blk/min 0.1 abiHit 58 supHit 105 | expert 7/7 human 1/1 hard 5/5 sovereign 3/4 switcher 2/2 summoner 1/1 rushdown 2/2 self 7/9 idle 1/1 easy 2/2 turtle 2/2 zoner 1/1 medium 1/1 aerial 3/3 expert x2 1/1 hard x3 1/1 | roll 1.4s upd 13.8s
[brain] it 3324 [league 65%] R/ep 6.62 ent 2.14 kl 0.008 | hit/swing 63% dj/min 31.6 blk/min 0.2 abiHit 31 supHit 81 | sovereign 3/4 self 10/18 expert 5/5 medium 1/1 aerial 1/2 idle 3/3 switcher 2/2 easy 4/4 turtle 1/1 summoner 1/1 hard x3 0/2 | roll 1.5s upd 13.9s
[brain] it 3325 [league 66%] R/ep 11.57 ent 2.15 kl 0.008 | hit/swing 68% dj/min 31.7 blk/min 0.4 abiHit 19 supHit 83 | human 3/3 hard 1/1 turtle 3/3 self 4/11 expert 7/7 aerial 2/3 sovereign 1/1 zoner 3/3 hard x3 0/1 expert x2 2/2 medium 1/1 summoner 0/1 switcher 1/1 idle 1/1 | roll 1.4s upd 13.8s
[brain] it 3326 [league 66%] R/ep 9.96 ent 2.27 kl 0.008 | hit/swing 48% dj/min 35.8 blk/min 0.1 abiHit 55 supHit 53 | counter 4/4 hard 2/2 self 4/7 expert 3/3 summoner 1/1 switcher 1/1 expert x2 0/1 human 2/2 sovereign 3/4 aerial 1/2 idle 2/2 rushdown 1/1 | roll 1.4s upd 14.1s
[brain] it 3327 [league 65%] R/ep 9.44 ent 2.26 kl 0.008 | hit/swing 50% dj/min 34.5 blk/min 0.1 abiHit 44 supHit 75 | easy 1/1 sovereign 2/6 self 3/10 counter 3/3 idle 4/4 summoner 1/1 hard x3 1/2 hard 2/2 expert 3/3 turtle 2/2 zoner 2/2 aerial 2/2 rushdown 0/1 | roll 1.6s upd 14.0s
[brain] it 3328 [league 64%] R/ep 10.54 ent 2.14 kl 0.007 | hit/swing 64% dj/min 29.5 blk/min 0.0 abiHit 53 supHit 108 | hard x3 1/2 medium 3/3 turtle 1/1 self 4/10 switcher 2/2 expert 10/10 expert x2 2/2 sovereign 3/6 human 2/2 rushdown 1/1 idle 4/4 summoner 1/1 | roll 1.5s upd 13.9s
[brain] it 3329 [league 64%] R/ep 12.12 ent 2.22 kl 0.008 | hit/swing 52% dj/min 31.8 blk/min 0.3 abiHit 63 supHit 60 | aerial 3/3 self 2/6 zoner 3/3 medium 3/3 sovereign 2/3 easy 1/1 expert 6/6 idle 3/3 counter 1/1 human 2/2 switcher 0/1 hard 1/1 rushdown 2/2 expert x2 0/1 | roll 1.4s upd 13.7s
[brain] it 3330 [league 63%] R/ep 9.95 ent 2.18 kl 0.007 | hit/swing 47% dj/min 34.1 blk/min 0.2 abiHit 56 supHit 92 | self 5/11 expert 5/5 human 1/1 idle 1/1 expert x2 1/1 sovereign 6/8 rushdown 1/1 medium 1/1 switcher 2/3 aerial 2/3 turtle 1/1 counter 1/1 zoner 1/1 | roll 1.6s upd 13.6s
[brain] it 3331 [league 61%] R/ep 9.79 ent 2.22 kl 0.010 | hit/swing 51% dj/min 34.7 blk/min 0.2 abiHit 48 supHit 90 | counter 2/2 human 1/2 expert 2/2 self 3/6 medium 3/3 idle 1/1 turtle 2/2 rushdown 1/3 easy 4/4 hard x3 0/2 sovereign 1/4 summoner 3/3 expert x2 1/3 hard 2/2 zoner 1/1 | roll 1.4s upd 13.7s
[brain] it 3332 [league 62%] R/ep 13.79 ent 2.24 kl 0.005 | hit/swing 37% dj/min 28.9 blk/min 0.0 abiHit 115 supHit 55 | turtle 3/3 human 0/1 aerial 2/2 rushdown 2/2 hard 1/1 zoner 2/2 self 2/6 summoner 0/1 hard x3 1/1 sovereign 1/1 expert 4/4 easy 2/2 expert x2 1/2 switcher 2/2 | roll 1.4s upd 13.7s
[brain] it 3333 [league 61%] R/ep 12.37 ent 2.12 kl 0.009 | hit/swing 68% dj/min 28.0 blk/min 0.2 abiHit 38 supHit 98 | expert 9/9 summoner 3/3 self 4/7 turtle 3/3 expert x2 2/2 switcher 1/2 rushdown 2/2 hard 1/1 sovereign 3/5 easy 1/1 zoner 1/1 hard x3 0/1 human 2/2 idle 1/1 aerial 1/1 | roll 1.3s upd 13.7s
[brain] it 3334 [league 60%] R/ep 7.02 ent 2.32 kl 0.008 | hit/swing 44% dj/min 36.9 blk/min 0.4 abiHit 34 supHit 56 | aerial 3/4 self 3/10 expert 2/2 turtle 2/3 idle 2/2 sovereign 3/4 counter 1/1 hard 2/2 rushdown 0/1 medium 1/1 human 1/2 expert x2 1/1 | roll 1.5s upd 13.8s
[brain] it 3335 [league 62%] R/ep 9.33 ent 2.20 kl 0.010 | hit/swing 49% dj/min 30.2 blk/min 0.7 abiHit 78 supHit 70 | idle 1/1 expert 7/7 self 7/14 switcher 3/3 zoner 1/1 hard x3 0/1 sovereign 4/4 medium 2/2 human 1/1 rushdown 1/1 expert x2 1/1 aerial 0/1 counter 1/1 turtle 1/1 | roll 1.3s upd 14.1s
[brain] it 3336 [league 63%] R/ep 12.15 ent 2.13 kl 0.009 | hit/swing 56% dj/min 27.0 blk/min 0.2 abiHit 53 supHit 88 | self 7/11 summoner 8/8 counter 2/2 turtle 3/3 medium 2/2 expert 2/2 expert x2 3/3 sovereign 3/4 switcher 1/1 easy 2/2 aerial 1/1 hard 1/1 idle 2/2 | roll 1.4s upd 13.9s
[brain] it 3337 [league 63%] R/ep 11.88 ent 2.26 kl 0.006 | hit/swing 46% dj/min 32.6 blk/min 0.3 abiHit 73 supHit 56 | zoner 3/3 expert 6/6 expert x2 0/1 switcher 3/3 sovereign 2/2 self 5/8 rushdown 1/1 human 2/2 idle 2/2 easy 1/1 aerial 0/2 summoner 1/1 hard x3 1/1 medium 1/1 | roll 1.4s upd 14.1s
[brain] it 3338 [league 63%] R/ep 10.26 ent 2.27 kl 0.009 | hit/swing 53% dj/min 31.9 blk/min 0.1 abiHit 55 supHit 59 | summoner 3/4 sovereign 1/1 idle 2/2 switcher 1/1 aerial 2/3 expert 3/3 self 4/8 hard x3 1/1 rushdown 1/1 counter 2/2 human 1/1 zoner 1/1 medium 2/2 turtle 1/1 | roll 1.4s upd 13.9s
[brain] it 3339 [league 63%] R/ep 6.73 ent 2.38 kl 0.007 | hit/swing 46% dj/min 36.9 blk/min 0.3 abiHit 69 supHit 63 | zoner 2/2 sovereign 3/4 hard 1/1 expert 4/5 expert x2 1/1 self 5/14 counter 2/2 switcher 1/2 idle 2/2 medium 1/1 human 1/1 | roll 1.6s upd 13.9s
[brain] it 3340 [league 63%] R/ep 11.21 ent 2.15 kl 0.008 | hit/swing 61% dj/min 29.7 blk/min 0.3 abiHit 40 supHit 76 | expert 5/6 self 6/11 switcher 2/2 zoner 1/1 easy 3/3 aerial 4/4 human 1/1 sovereign 1/2 hard 1/1 expert x2 1/1 turtle 1/1 medium 2/2 counter 1/1 idle 1/1 | roll 1.4s upd 13.9s
[brain] it 3341 [league 62%] R/ep 8.08 ent 2.27 kl 0.007 | hit/swing 46% dj/min 29.0 blk/min 0.4 abiHit 100 supHit 58 | human 2/2 sovereign 4/7 hard x3 0/3 expert 3/3 self 1/6 summoner 1/1 rushdown 1/1 idle 2/2 hard 2/2 expert x2 1/1 switcher 0/2 zoner 2/2 easy 1/1 turtle 1/1 | roll 1.4s upd 13.8s
[brain] it 3342 [league 61%] R/ep 7.98 ent 2.27 kl 0.009 | hit/swing 53% dj/min 31.3 blk/min 0.1 abiHit 62 supHit 73 | human 0/1 expert 3/3 rushdown 1/2 sovereign 2/6 self 3/7 medium 1/1 zoner 2/2 switcher 1/1 hard 1/1 idle 2/2 hard x3 0/1 summoner 3/3 easy 2/2 aerial 1/1 expert x2 1/1 | roll 1.4s upd 13.8s
[brain] it 3343 [league 61%] R/ep 12.10 ent 2.21 kl 0.008 | hit/swing 51% dj/min 31.2 blk/min 0.1 abiHit 63 supHit 87 | self 5/8 aerial 1/1 idle 2/2 sovereign 3/4 human 0/1 hard x3 1/2 medium 3/3 expert 3/3 hard 3/3 rushdown 2/3 counter 3/3 expert x2 3/3 turtle 2/2 | roll 1.7s upd 18.4s
[brain] it 3344 [league 61%] R/ep 8.91 ent 2.32 kl 0.008 | hit/swing 46% dj/min 31.7 blk/min 0.1 abiHit 83 supHit 67 | self 2/7 sovereign 3/4 expert 2/2 hard 3/3 counter 2/2 expert x2 1/1 medium 3/3 easy 1/1 human 1/1 idle 1/1 rushdown 1/1 hard x3 0/1 switcher 1/1 aerial 1/1 | roll 1.4s upd 17.1s
[brain] it 3345 [league 61%] R/ep 10.93 ent 2.19 kl 0.008 | hit/swing 61% dj/min 29.9 blk/min 0.3 abiHit 47 supHit 81 | human 1/1 sovereign 1/4 expert 4/4 self 4/9 medium 1/1 idle 1/1 switcher 2/3 rushdown 2/2 hard x3 1/3 expert x2 2/2 hard 2/2 easy 2/2 counter 1/1 | roll 1.6s upd 15.6s
[brain] it 3346 [league 64%] R/ep 11.64 ent 2.17 kl 0.007 | hit/swing 63% dj/min 29.6 blk/min 0.2 abiHit 56 supHit 78 | self 6/11 sovereign 6/8 switcher 1/1 zoner 2/2 expert 7/7 hard x3 2/3 expert x2 2/2 easy 2/2 rushdown 1/1 counter 1/1 | roll 1.6s upd 14.1s
[brain] it 3347 [league 65%] R/ep 11.51 ent 2.33 kl 0.008 | hit/swing 42% dj/min 34.0 blk/min 0.3 abiHit 67 supHit 68 | hard 5/5 aerial 1/1 easy 1/1 expert 2/2 sovereign 3/3 self 3/9 expert x2 3/3 counter 1/1 zoner 1/1 medium 1/1 rushdown 1/1 idle 1/1 human 1/2 | roll 1.5s upd 14.1s
[brain] it 3348 [league 64%] R/ep 15.64 ent 2.13 kl 0.007 | hit/swing 61% dj/min 30.7 blk/min 0.2 abiHit 62 supHit 100 | sovereign 2/4 self 6/7 expert 7/7 hard 1/1 rushdown 0/1 hard x3 1/3 turtle 1/1 medium 1/1 switcher 1/2 expert x2 5/5 zoner 2/2 easy 1/1 counter 2/2 summoner 1/1 | roll 1.4s upd 14.1s
[brain] it 3349 [league 63%] R/ep 11.65 ent 2.24 kl 0.009 | hit/swing 57% dj/min 33.1 blk/min 0.2 abiHit 27 supHit 79 | self 4/10 expert 9/9 turtle 6/6 zoner 2/2 idle 1/1 counter 2/2 summoner 1/1 sovereign 3/5 aerial 2/2 easy 2/2 human 1/1 | roll 1.5s upd 13.9s
[brain] it 3350 [league 64%] R/ep 9.56 ent 2.27 kl 0.007 | hit/swing 49% dj/min 32.0 blk/min 0.3 abiHit 45 supHit 68 | self 4/9 summoner 3/3 sovereign 4/5 hard 3/3 expert x2 1/1 easy 2/2 expert 2/2 aerial 1/3 medium 1/1 human 2/2 rushdown 0/1 counter 1/1 turtle 1/1 zoner 1/1 | roll 1.3s upd 13.1s
[brain] it 3351 [league 65%] R/ep 10.73 ent 2.23 kl 0.006 | hit/swing 56% dj/min 25.8 blk/min 0.3 abiHit 77 supHit 59 | counter 0/1 medium 2/2 turtle 2/2 expert 7/7 self 2/6 summoner 0/1 rushdown 1/1 expert x2 2/2 sovereign 1/1 easy 2/2 hard 1/1 idle 1/1 aerial 1/1 human 0/1 zoner 1/1 | roll 1.2s upd 14.3s
[brain] it 3352 [league 66%] R/ep 12.23 ent 2.27 kl 0.008 | hit/swing 57% dj/min 31.9 blk/min 0.5 abiHit 50 supHit 73 | self 4/11 medium 1/1 expert 9/9 human 3/3 hard x3 2/3 aerial 2/2 switcher 2/2 easy 1/1 sovereign 1/1 rushdown 1/1 expert x2 1/1 idle 1/1 turtle 1/1 | roll 1.6s upd 15.2s
[brain] it 3353 [league 66%] R/ep 11.71 ent 2.21 kl 0.006 | hit/swing 48% dj/min 28.7 blk/min 0.2 abiHit 79 supHit 91 | summoner 4/4 easy 2/2 self 1/7 aerial 1/1 sovereign 3/4 hard x3 1/1 zoner 1/1 counter 1/1 medium 3/3 switcher 5/5 hard 1/1 expert x2 2/2 rushdown 0/1 expert 5/5 idle 1/1 | roll 1.5s upd 14.0s
[brain] it 3354 [league 68%] R/ep 13.02 ent 2.25 kl 0.007 | hit/swing 49% dj/min 32.6 blk/min 0.2 abiHit 69 supHit 76 | human 1/1 hard 1/1 idle 1/1 self 5/8 rushdown 3/5 sovereign 4/4 expert x2 2/2 expert 5/5 zoner 3/3 switcher 1/1 summoner 2/2 hard x3 1/1 turtle 1/1 | roll 1.6s upd 15.2s
[brain] it 3355 [league 67%] R/ep 8.52 ent 2.25 kl 0.005 | hit/swing 47% dj/min 31.2 blk/min 0.2 abiHit 44 supHit 77 | aerial 0/1 idle 2/2 expert 5/5 sovereign 3/6 turtle 2/2 self 6/9 switcher 3/3 summoner 2/2 rushdown 2/2 easy 1/1 human 0/1 medium 1/1 hard 1/1 | roll 1.4s upd 13.8s
[brain] it 3356 [league 66%] R/ep 11.32 ent 2.24 kl 0.008 | hit/swing 53% dj/min 29.9 blk/min 0.1 abiHit 75 supHit 82 | self 5/8 switcher 3/3 expert x2 0/1 aerial 2/2 hard x3 2/3 sovereign 4/9 expert 3/3 medium 2/2 rushdown 2/2 zoner 1/1 summoner 1/1 | roll 1.5s upd 13.8s
[brain] it 3357 [league 68%] R/ep 14.82 ent 2.15 kl 0.008 | hit/swing 62% dj/min 25.4 blk/min 0.1 abiHit 66 supHit 83 | medium 2/2 sovereign 5/5 easy 2/2 self 5/7 counter 3/3 hard 3/3 zoner 2/2 expert x2 3/3 turtle 2/2 human 1/1 idle 1/1 expert 3/4 hard x3 1/1 summoner 1/1 | roll 1.3s upd 13.9s
[brain] it 3358 [league 68%] R/ep 9.97 ent 2.22 kl 0.007 | hit/swing 66% dj/min 28.3 blk/min 0.2 abiHit 33 supHit 90 | switcher 2/2 turtle 2/2 self 10/12 aerial 1/1 expert 6/6 easy 2/2 summoner 1/1 hard x3 0/2 counter 1/1 sovereign 6/7 medium 2/2 human 1/1 hard 1/1 zoner 1/1 | roll 1.6s upd 16.3s
[brain] it 3359 [league 68%] R/ep 11.55 ent 2.20 kl 0.009 | hit/swing 58% dj/min 25.6 blk/min 0.2 abiHit 53 supHit 72 | easy 1/1 self 5/10 hard x3 1/4 medium 2/2 aerial 2/2 switcher 2/2 summoner 1/1 expert x2 2/2 turtle 2/2 expert 3/3 idle 1/1 zoner 1/1 | roll 1.4s upd 13.7s
[brain] it 3360 [league 69%] R/ep 11.36 ent 2.19 kl 0.007 | hit/swing 65% dj/min 29.4 blk/min 0.3 abiHit 59 supHit 90 | aerial 3/3 zoner 1/1 hard 3/3 hard x3 0/2 self 7/13 expert 4/4 summoner 2/2 idle 1/1 easy 1/1 human 2/2 switcher 1/1 expert x2 1/3 medium 1/1 counter 1/1 sovereign 1/1 | roll 1.4s upd 13.6s
[brain] it 3361 [league 67%] R/ep 10.63 ent 2.11 kl 0.007 | hit/swing 60% dj/min 26.1 blk/min 0.2 abiHit 47 supHit 97 | expert 5/6 easy 1/1 self 7/14 hard 1/1 switcher 3/3 sovereign 3/5 aerial 1/1 expert x2 2/2 hard x3 2/3 medium 3/3 human 1/1 summoner 1/1 turtle 1/1 | roll 1.4s upd 13.7s
[brain] it 3362 [league 67%] R/ep 13.42 ent 2.16 kl 0.007 | hit/swing 72% dj/min 27.9 blk/min 0.1 abiHit 44 supHit 87 | summoner 5/5 self 6/10 aerial 2/2 medium 5/5 expert x2 1/1 hard x3 3/3 rushdown 1/1 expert 3/3 easy 1/1 idle 2/2 sovereign 3/3 switcher 0/1 human 1/1 | roll 1.4s upd 13.8s
[brain] it 3363 [league 67%] R/ep 8.79 ent 2.18 kl 0.007 | hit/swing 52% dj/min 29.5 blk/min 0.0 abiHit 32 supHit 62 | self 8/14 idle 3/3 sovereign 2/4 hard 2/2 expert 4/4 aerial 2/3 medium 1/1 summoner 0/1 expert x2 1/1 counter 2/2 rushdown 1/1 | roll 1.4s upd 13.7s
[brain] it 3364 [league 66%] R/ep 11.22 ent 2.19 kl 0.008 | hit/swing 61% dj/min 29.7 blk/min 0.6 abiHit 55 supHit 85 | hard 2/2 zoner 2/2 self 7/15 hard x3 3/4 expert 4/4 switcher 2/2 expert x2 3/3 sovereign 0/1 medium 2/2 idle 1/1 summoner 2/2 | roll 1.4s upd 13.8s
[brain] it 3365 [league 68%] R/ep 15.48 ent 2.11 kl 0.007 | hit/swing 68% dj/min 24.6 blk/min 0.0 abiHit 65 supHit 81 | zoner 3/3 sovereign 5/7 summoner 1/1 hard 1/1 self 7/7 turtle 2/2 expert x2 1/1 counter 1/1 human 2/2 easy 4/4 expert 3/3 hard x3 2/2 medium 2/2 aerial 2/2 idle 1/1 | roll 1.5s upd 13.6s
[brain] it 3366 [league 69%] R/ep 10.52 ent 2.29 kl 0.008 | hit/swing 47% dj/min 34.2 blk/min 0.2 abiHit 35 supHit 87 | expert 3/3 expert x2 2/2 sovereign 4/6 self 3/6 hard x3 1/1 turtle 2/2 counter 1/1 idle 2/2 switcher 4/4 hard 1/1 summoner 1/1 human 0/1 easy 1/1 aerial 0/2 rushdown 1/1 | roll 1.4s upd 14.9s
[brain] it 3367 [league 68%] R/ep 9.73 ent 2.30 kl 0.008 | hit/swing 56% dj/min 34.3 blk/min 0.2 abiHit 38 supHit 74 | turtle 1/1 self 4/7 sovereign 2/4 switcher 1/1 human 1/3 hard 4/4 idle 2/2 easy 1/1 summoner 3/3 expert 5/5 expert x2 1/1 hard x3 0/1 counter 2/2 aerial 1/1 | roll 1.4s upd 13.9s
[brain] it 3368 [league 69%] R/ep 13.46 ent 2.30 kl 0.010 | hit/swing 54% dj/min 35.6 blk/min 0.2 abiHit 40 supHit 76 | expert 5/5 hard 1/1 zoner 2/2 self 2/5 idle 2/2 summoner 3/3 sovereign 3/5 human 3/3 expert x2 2/2 hard x3 1/3 easy 1/1 switcher 1/2 aerial 1/2 | roll 1.7s upd 16.1s
[brain] it 3369 [league 68%] R/ep 9.62 ent 2.25 kl 0.008 | hit/swing 54% dj/min 33.1 blk/min 0.0 abiHit 41 supHit 67 | expert 4/4 turtle 1/1 medium 1/1 self 6/10 hard 2/2 hard x3 1/3 easy 2/2 zoner 1/1 aerial 1/1 human 0/2 switcher 1/1 sovereign 1/3 summoner 1/1 | roll 1.5s upd 13.8s
[brain] it 3370 [league 67%] R/ep 7.19 ent 2.24 kl 0.006 | hit/swing 50% dj/min 28.8 blk/min 0.1 abiHit 68 supHit 60 | expert 6/6 human 1/1 sovereign 3/6 self 3/10 zoner 1/1 idle 2/2 expert x2 0/1 rushdown 1/1 easy 1/1 turtle 1/1 hard 1/1 switcher 1/1 hard x3 1/1 summoner 1/1 aerial 0/1 | roll 1.6s upd 13.9s
[brain] it 3371 [league 66%] R/ep 7.53 ent 2.33 kl 0.007 | hit/swing 47% dj/min 37.5 blk/min 0.2 abiHit 22 supHit 63 | human 1/1 self 7/15 sovereign 2/3 zoner 3/3 switcher 3/3 expert 3/3 counter 2/3 summoner 1/1 rushdown 1/1 aerial 1/1 | roll 1.6s upd 14.0s
[brain] it 3372 [league 68%] R/ep 12.65 ent 2.19 kl 0.008 | hit/swing 52% dj/min 27.7 blk/min 0.3 abiHit 73 supHit 83 | aerial 1/1 medium 1/1 hard 3/3 switcher 2/2 summoner 2/2 self 6/8 sovereign 8/8 idle 3/3 zoner 1/1 easy 2/2 expert 4/6 turtle 1/1 counter 1/1 expert x2 1/1 human 0/1 | roll 1.6s upd 14.8s
[brain] it 3373 [league 70%] R/ep 9.07 ent 2.21 kl 0.008 | hit/swing 51% dj/min 33.7 blk/min 0.2 abiHit 39 supHit 84 | human 2/3 self 5/9 expert x2 1/1 sovereign 10/12 expert 4/4 medium 2/2 switcher 1/2 rushdown 3/4 idle 1/1 zoner 1/1 hard 1/1 | roll 1.5s upd 13.6s
[brain] it 3374 [league 70%] R/ep 12.70 ent 2.17 kl 0.007 | hit/swing 59% dj/min 29.1 blk/min 0.2 abiHit 29 supHit 93 | medium 2/2 self 5/8 zoner 1/1 sovereign 2/2 idle 3/3 hard x3 2/3 rushdown 1/1 aerial 1/1 summoner 4/5 counter 2/2 turtle 3/3 expert 3/3 switcher 1/1 hard 1/1 | roll 1.4s upd 14.0s
[brain] it 3375 [league 69%] R/ep 10.94 ent 2.31 kl 0.007 | hit/swing 53% dj/min 33.8 blk/min 0.0 abiHit 47 supHit 77 | idle 2/2 aerial 0/1 counter 2/3 human 3/3 zoner 1/1 hard x3 2/2 medium 1/1 self 1/8 turtle 2/3 expert x2 1/1 sovereign 3/4 expert 3/3 easy 1/1 hard 1/1 | roll 1.4s upd 13.9s
[brain] it 3376 [league 70%] R/ep 16.42 ent 2.26 kl 0.007 | hit/swing 60% dj/min 27.4 blk/min 0.0 abiHit 69 supHit 61 | medium 3/3 expert 8/8 summoner 2/2 expert x2 3/3 aerial 1/2 human 0/1 easy 3/3 hard x3 2/2 idle 1/1 self 1/2 sovereign 1/1 rushdown 1/1 | roll 1.3s upd 13.7s
[brain] it 3377 [league 70%] R/ep 12.73 ent 2.28 kl 0.010 | hit/swing 50% dj/min 35.6 blk/min 0.2 abiHit 37 supHit 56 | rushdown 1/2 easy 2/2 expert 3/3 aerial 0/2 summoner 1/1 expert x2 1/1 self 8/8 idle 2/2 turtle 2/2 switcher 1/1 hard 1/1 hard x3 0/1 human 0/1 counter 1/1 | roll 1.4s upd 13.5s
[brain] it 3378 [league 70%] R/ep 14.49 ent 2.32 kl 0.008 | hit/swing 47% dj/min 33.5 blk/min 0.1 abiHit 96 supHit 65 | self 6/7 idle 4/4 expert x2 2/2 summoner 1/1 sovereign 2/2 human 2/3 hard 1/1 turtle 1/1 hard x3 1/1 switcher 1/1 rushdown 0/1 expert 5/5 medium 2/2 | roll 1.6s upd 14.8s
[brain] it 3379 [league 71%] R/ep 12.43 ent 2.20 kl 0.006 | hit/swing 57% dj/min 32.3 blk/min 0.2 abiHit 28 supHit 89 | self 6/10 rushdown 2/2 easy 1/1 expert 5/5 counter 4/4 aerial 3/3 human 1/1 sovereign 2/3 switcher 3/3 summoner 2/2 zoner 1/1 turtle 1/1 hard x3 1/2 hard 2/2 | roll 1.6s upd 14.1s
[brain] it 3380 [league 73%] R/ep 11.26 ent 2.15 kl 0.009 | hit/swing 59% dj/min 29.3 blk/min 0.2 abiHit 54 supHit 93 | self 7/12 hard x3 2/3 medium 3/3 hard 3/3 expert 3/3 expert x2 1/1 summoner 2/2 sovereign 4/5 rushdown 2/2 aerial 0/1 human 1/1 counter 1/1 easy 1/1 turtle 1/1 | roll 1.4s upd 13.7s
[brain] it 3381 [league 74%] R/ep 10.93 ent 2.24 kl 0.007 | hit/swing 49% dj/min 31.5 blk/min 0.4 abiHit 51 supHit 88 | sovereign 5/6 switcher 2/2 expert 9/9 self 8/15 hard x3 1/1 summoner 2/2 zoner 3/3 hard 3/3 human 2/2 turtle 2/2 medium 1/1 | roll 1.6s upd 13.9s
[brain] it 3382 [league 73%] R/ep 12.07 ent 2.19 kl 0.005 | hit/swing 51% dj/min 30.7 blk/min 0.0 abiHit 84 supHit 92 | expert 3/3 self 1/6 hard x3 2/2 easy 1/1 sovereign 5/6 turtle 4/4 medium 4/4 idle 4/4 summoner 1/1 hard 1/1 switcher 1/1 human 2/2 counter 2/2 | roll 1.4s upd 12.8s
[brain] it 3383 [league 74%] R/ep 11.55 ent 2.31 kl 0.008 | hit/swing 59% dj/min 34.0 blk/min 0.2 abiHit 23 supHit 74 | sovereign 4/5 medium 1/1 self 3/5 switcher 2/2 human 0/1 expert x2 2/4 expert 3/3 idle 1/1 aerial 2/2 summoner 1/1 zoner 2/2 counter 2/2 hard x3 1/2 rushdown 1/1 | roll 1.5s upd 14.1s
[brain] it 3384 [league 73%] R/ep 9.84 ent 2.23 kl 0.007 | hit/swing 48% dj/min 25.2 blk/min 0.3 abiHit 112 supHit 90 | sovereign 2/4 self 5/11 rushdown 1/2 zoner 2/2 idle 3/3 medium 3/3 easy 2/2 expert x2 2/4 summoner 2/2 hard 1/1 aerial 1/1 hard x3 1/2 expert 1/1 counter 1/1 | roll 1.6s upd 14.0s
[brain] it 3385 [league 71%] R/ep 9.58 ent 2.29 kl 0.009 | hit/swing 37% dj/min 31.0 blk/min 0.3 abiHit 65 supHit 50 | idle 1/1 switcher 1/1 medium 1/1 zoner 3/3 expert 5/5 self 2/5 sovereign 2/4 hard 2/2 expert x2 1/2 summoner 3/3 human 0/1 aerial 0/1 easy 1/1 | roll 1.3s upd 13.6s
[brain] it 3386 [league 73%] R/ep 9.37 ent 2.19 kl 0.007 | hit/swing 57% dj/min 27.2 blk/min 0.1 abiHit 49 supHit 76 | sovereign 4/5 zoner 3/3 idle 1/1 easy 4/4 expert x2 2/2 self 7/15 hard 2/2 summoner 1/1 expert 3/3 switcher 2/2 human 1/1 medium 1/1 | roll 1.4s upd 13.7s
[brain] it 3387 [league 74%] R/ep 8.25 ent 2.20 kl 0.007 | hit/swing 61% dj/min 29.6 blk/min 0.3 abiHit 33 supHit 73 | self 6/14 sovereign 4/5 expert 5/5 medium 2/2 summoner 2/2 rushdown 2/2 zoner 1/1 idle 4/4 hard 2/2 hard x3 1/2 turtle 2/2 | roll 1.5s upd 13.8s
[brain] it 3388 [league 75%] R/ep 11.99 ent 2.24 kl 0.006 | hit/swing 47% dj/min 33.1 blk/min 0.1 abiHit 73 supHit 75 | sovereign 5/6 switcher 1/1 turtle 1/1 self 2/6 medium 2/2 counter 2/2 zoner 2/2 expert 5/5 rushdown 1/1 human 1/2 summoner 5/5 idle 1/1 expert x2 2/2 aerial 1/1 hard 1/1 | roll 1.3s upd 13.8s
[brain] it 3389 [league 74%] R/ep 7.90 ent 2.26 kl 0.007 | hit/swing 52% dj/min 31.9 blk/min 0.2 abiHit 51 supHit 74 | expert x2 1/1 summoner 2/2 idle 3/3 counter 1/1 sovereign 1/3 rushdown 1/2 medium 2/2 self 5/10 expert 4/4 hard 2/2 human 2/2 aerial 2/2 turtle 0/1 | roll 1.3s upd 12.8s
[brain] it 3390 [league 74%] R/ep 11.06 ent 2.26 kl 0.009 | hit/swing 55% dj/min 35.8 blk/min 0.0 abiHit 26 supHit 83 | hard 3/3 expert 3/3 zoner 3/3 rushdown 1/2 self 3/9 human 1/1 summoner 4/4 turtle 2/2 sovereign 4/6 idle 4/4 switcher 1/2 easy 2/2 hard x3 1/1 | roll 1.4s upd 13.7s
[brain] it 3391 [league 76%] R/ep 7.04 ent 2.35 kl 0.007 | hit/swing 42% dj/min 33.8 blk/min 0.0 abiHit 49 supHit 46 | summoner 4/5 sovereign 3/5 self 3/9 easy 1/1 expert 5/5 counter 2/2 rushdown 1/2 idle 1/1 medium 2/2 zoner 2/2 | roll 1.4s upd 22.7s
[brain] it 3392 [league 77%] R/ep 9.96 ent 2.17 kl 0.007 | hit/swing 54% dj/min 34.8 blk/min 0.4 abiHit 39 supHit 83 | self 5/9 expert 4/4 idle 1/1 hard 3/3 zoner 1/1 easy 2/2 expert x2 1/1 rushdown 3/5 summoner 3/3 sovereign 4/4 aerial 1/1 medium 3/3 human 0/1 | roll 1.6s upd 18.4s
[brain] it 3393 [league 78%] R/ep 12.21 ent 2.15 kl 0.008 | hit/swing 57% dj/min 28.4 blk/min 0.2 abiHit 62 supHit 103 | sovereign 3/3 expert 6/6 self 7/13 expert x2 3/3 human 0/1 hard 1/1 summoner 1/1 idle 2/2 medium 2/2 switcher 3/3 hard x3 2/3 aerial 1/1 | roll 1.6s upd 17.8s
[brain] it 3394 [league 79%] R/ep 12.23 ent 2.37 kl 0.007 | hit/swing 50% dj/min 36.7 blk/min 0.1 abiHit 41 supHit 66 | medium 1/1 summoner 1/2 hard x3 2/2 zoner 2/2 self 3/8 switcher 1/2 expert 5/5 easy 1/1 sovereign 3/3 counter 1/1 hard 1/1 idle 2/2 turtle 1/1 | roll 1.7s upd 14.5s
[brain] it 3395 [league 78%] R/ep 13.27 ent 2.18 kl 0.007 | hit/swing 52% dj/min 28.5 blk/min 0.1 abiHit 73 supHit 68 | sovereign 1/2 turtle 2/2 expert 3/3 counter 2/2 zoner 2/2 idle 5/5 self 6/9 easy 3/3 human 1/1 hard 2/2 aerial 0/1 expert x2 1/1 medium 1/1 rushdown 1/1 switcher 1/1 hard x3 1/1 | roll 1.5s upd 13.9s
[brain] it 3396 [league 77%] R/ep 10.38 ent 2.23 kl 0.008 | hit/swing 48% dj/min 28.7 blk/min 0.2 abiHit 67 supHit 55 | medium 1/1 idle 2/2 rushdown 2/3 human 1/1 expert x2 0/1 summoner 1/1 hard x3 0/2 hard 1/1 turtle 2/3 easy 1/1 zoner 2/2 counter 1/1 expert 3/4 sovereign 2/3 self 2/4 | roll 1.3s upd 12.8s
[brain] it 3397 [league 75%] R/ep 9.35 ent 2.29 kl 0.006 | hit/swing 47% dj/min 34.1 blk/min 0.0 abiHit 60 supHit 66 | self 3/10 sovereign 3/5 zoner 3/3 expert x2 1/2 idle 3/3 hard 1/1 human 1/1 turtle 2/2 switcher 2/2 easy 1/1 expert 2/2 rushdown 2/2 summoner 2/2 counter 2/2 | roll 1.4s upd 13.8s
[brain] it 3398 [league 74%] R/ep 12.14 ent 2.10 kl 0.007 | hit/swing 60% dj/min 28.4 blk/min 0.3 abiHit 81 supHit 87 | rushdown 5/5 zoner 2/2 sovereign 3/5 expert 5/6 self 3/7 turtle 2/2 hard x3 1/2 easy 2/2 hard 1/1 counter 1/1 human 1/1 expert x2 1/1 summoner 1/1 medium 1/1 switcher 1/1 aerial 1/1 | roll 1.3s upd 14.0s
[brain] it 3399 [league 74%] R/ep 7.69 ent 2.22 kl 0.008 | hit/swing 53% dj/min 26.6 blk/min 0.3 abiHit 64 supHit 70 | expert 3/3 self 5/13 human 3/3 hard 3/3 sovereign 6/8 idle 2/2 turtle 2/2 easy 1/1 zoner 1/1 counter 1/1 | roll 1.5s upd 13.7s
[brain] it 3400 [league 71%] R/ep 6.47 ent 2.33 kl 0.007 | hit/swing 45% dj/min 34.4 blk/min 0.1 abiHit 56 supHit 59 | self 6/9 aerial 0/2 hard 1/1 expert 6/6 sovereign 3/7 easy 3/3 switcher 2/2 turtle 2/2 | roll 1.4s upd 12.9s
[brain] it 3401 [league 69%] R/ep 7.96 ent 2.30 kl 0.007 | hit/swing 49% dj/min 33.5 blk/min 0.2 abiHit 27 supHit 75 | self 4/12 idle 2/2 expert x2 1/1 turtle 3/3 aerial 1/2 rushdown 2/2 switcher 2/2 hard x3 1/2 expert 2/2 sovereign 3/6 hard 1/1 summoner 1/1 | roll 1.5s upd 14.0s
[brain] it 3402 [league 67%] R/ep 11.18 ent 2.33 kl 0.007 | hit/swing 45% dj/min 33.3 blk/min 0.1 abiHit 104 supHit 61 | expert 4/4 hard x3 2/3 self 1/6 switcher 1/1 aerial 1/1 easy 2/2 hard 2/2 expert x2 1/1 sovereign 1/3 idle 2/2 turtle 2/2 counter 1/2 medium 1/1 human 1/1 | roll 1.5s upd 13.5s
[brain] it 3403 [league 68%] R/ep 11.02 ent 2.21 kl 0.007 | hit/swing 47% dj/min 31.7 blk/min 0.0 abiHit 41 supHit 89 | switcher 4/4 hard 2/2 self 4/8 aerial 1/2 zoner 2/2 rushdown 2/3 sovereign 4/5 idle 2/2 counter 0/1 easy 2/2 turtle 1/1 medium 1/1 summoner 2/2 expert 1/1 | roll 1.4s upd 13.8s
[brain] it 3404 [league 66%] R/ep 11.35 ent 2.17 kl 0.008 | hit/swing 48% dj/min 34.5 blk/min 0.1 abiHit 42 supHit 96 | hard x3 1/3 self 6/9 summoner 2/2 turtle 3/3 sovereign 4/7 aerial 3/3 expert 3/4 medium 3/3 easy 3/3 rushdown 2/2 switcher 1/1 zoner 2/2 human 1/1 | roll 1.5s upd 13.7s
[brain] it 3405 [league 67%] R/ep 8.72 ent 2.30 kl 0.007 | hit/swing 49% dj/min 34.3 blk/min 0.3 abiHit 71 supHit 71 | aerial 4/5 self 3/10 sovereign 3/4 zoner 1/1 medium 3/3 hard 1/1 hard x3 0/1 expert 1/1 rushdown 1/1 easy 1/1 idle 2/2 counter 1/1 summoner 1/1 switcher 2/2 | roll 1.4s upd 13.5s
[brain] it 3406 [league 66%] R/ep 11.88 ent 2.22 kl 0.009 | hit/swing 61% dj/min 32.6 blk/min 0.1 abiHit 28 supHit 84 | hard 3/3 self 8/12 idle 2/2 easy 2/2 sovereign 2/4 hard x3 2/2 expert 3/3 counter 2/2 rushdown 2/3 zoner 2/2 summoner 1/1 human 1/1 medium 1/1 aerial 2/2 | roll 1.5s upd 13.7s
[brain] it 3407 [league 66%] R/ep 11.80 ent 2.09 kl 0.008 | hit/swing 54% dj/min 27.7 blk/min 0.1 abiHit 60 supHit 97 | expert 4/4 self 4/9 summoner 0/1 idle 3/3 turtle 3/3 sovereign 5/7 hard 3/3 rushdown 1/1 human 3/3 easy 1/1 aerial 2/2 counter 2/2 switcher 2/2 medium 1/1 | roll 1.5s upd 13.6s
[brain] it 3408 [league 66%] R/ep 7.45 ent 2.24 kl 0.007 | hit/swing 44% dj/min 33.2 blk/min 0.3 abiHit 48 supHit 86 | self 5/14 hard 2/2 expert 2/2 hard x3 1/1 sovereign 7/9 idle 2/2 turtle 3/3 summoner 2/2 counter 1/1 easy 1/1 switcher 1/1 aerial 0/1 | roll 1.5s upd 15.8s
[brain] it 3409 [league 65%] R/ep 9.39 ent 2.32 kl 0.007 | hit/swing 47% dj/min 36.8 blk/min 0.2 abiHit 37 supHit 61 | sovereign 1/3 self 4/8 easy 2/2 switcher 2/2 counter 2/2 hard 3/3 expert 4/4 human 1/3 turtle 2/2 idle 1/1 rushdown 1/1 aerial 1/1 | roll 1.6s upd 13.5s
[brain] it 3410 [league 66%] R/ep 13.54 ent 2.13 kl 0.007 | hit/swing 57% dj/min 31.1 blk/min 0.3 abiHit 56 supHit 100 | zoner 2/2 sovereign 3/4 aerial 3/4 human 2/2 hard 3/3 easy 2/2 self 6/9 medium 1/1 summoner 3/3 expert x2 2/2 counter 3/3 turtle 2/2 rushdown 1/1 expert 2/2 hard x3 1/1 | roll 1.4s upd 13.7s
[brain] it 3411 [league 66%] R/ep 11.71 ent 2.10 kl 0.007 | hit/swing 67% dj/min 28.4 blk/min 0.2 abiHit 27 supHit 87 | idle 3/3 switcher 4/4 turtle 3/3 medium 1/1 human 3/3 self 7/11 hard 3/3 zoner 2/2 summoner 4/4 expert 6/6 sovereign 3/4 | roll 1.4s upd 13.8s
[brain] it 3412 [league 68%] R/ep 11.70 ent 2.17 kl 0.007 | hit/swing 53% dj/min 33.6 blk/min 0.2 abiHit 30 supHit 81 | aerial 1/1 expert 5/5 self 3/9 rushdown 2/2 switcher 3/3 human 0/1 counter 3/3 summoner 1/2 sovereign 4/4 zoner 4/4 hard x3 1/1 turtle 1/1 easy 2/2 hard 2/2 medium 1/1 | roll 1.3s upd 13.8s
[brain] it 3413 [league 68%] R/ep 9.05 ent 2.36 kl 0.006 | hit/swing 49% dj/min 37.2 blk/min 0.0 abiHit 42 supHit 67 | self 5/9 human 3/3 rushdown 0/1 counter 1/1 expert 4/4 zoner 1/1 sovereign 4/4 hard 4/4 turtle 2/2 summoner 1/1 switcher 2/2 | roll 1.4s upd 13.7s
[brain] it 3414 [league 66%] R/ep 10.15 ent 2.32 kl 0.006 | hit/swing 46% dj/min 33.0 blk/min 0.1 abiHit 91 supHit 59 | aerial 1/1 medium 1/1 self 7/8 easy 1/1 sovereign 4/6 expert 3/3 hard 2/2 rushdown 1/1 turtle 1/1 hard x3 1/2 summoner 2/2 counter 1/1 idle 1/1 | roll 1.5s upd 12.6s
[brain] it 3415 [league 67%] R/ep 7.86 ent 2.22 kl 0.009 | hit/swing 50% dj/min 31.6 blk/min 0.3 abiHit 55 supHit 76 | self 9/16 switcher 1/2 sovereign 3/4 expert x2 4/4 idle 1/1 expert 2/3 counter 0/1 aerial 2/3 hard 1/1 summoner 2/2 | roll 1.5s upd 13.8s
[brain] it 3416 [league 67%] R/ep 9.04 ent 2.28 kl 0.007 | hit/swing 49% dj/min 32.5 blk/min 0.2 abiHit 64 supHit 64 | medium 2/2 self 2/10 expert 5/5 easy 1/1 turtle 3/3 aerial 2/4 hard 1/1 rushdown 3/3 hard x3 1/1 counter 1/1 | roll 1.3s upd 13.8s
[brain] it 3417 [league 69%] R/ep 9.06 ent 2.24 kl 0.006 | hit/swing 46% dj/min 33.8 blk/min 0.1 abiHit 97 supHit 63 | sovereign 6/6 self 5/8 human 2/2 switcher 1/3 idle 1/1 summoner 2/2 expert 7/7 hard 1/1 easy 2/2 aerial 1/1 | roll 1.3s upd 13.0s
[brain] it 3418 [league 68%] R/ep 8.80 ent 2.30 kl 0.008 | hit/swing 57% dj/min 34.4 blk/min 0.1 abiHit 60 supHit 59 | self 1/12 idle 3/3 aerial 1/1 expert x2 2/2 medium 1/1 human 1/2 hard 1/1 switcher 2/2 hard x3 1/3 summoner 1/1 sovereign 0/1 zoner 4/4 rushdown 0/1 expert 2/2 easy 1/1 | roll 1.4s upd 14.2s
[brain] it 3419 [league 67%] R/ep 10.49 ent 2.32 kl 0.007 | hit/swing 47% dj/min 36.4 blk/min 0.2 abiHit 40 supHit 81 | turtle 1/1 self 8/13 easy 4/4 counter 0/1 sovereign 3/6 expert x2 2/2 hard 3/3 expert 3/3 idle 2/2 hard x3 2/2 | roll 1.5s upd 13.5s
[brain] it 3420 [league 67%] R/ep 14.10 ent 2.12 kl 0.008 | hit/swing 66% dj/min 28.4 blk/min 0.0 abiHit 48 supHit 86 | expert 6/6 hard x3 0/2 idle 1/1 turtle 1/1 expert x2 2/2 easy 1/1 self 3/4 switcher 3/3 sovereign 4/7 rushdown 1/1 human 1/1 zoner 2/2 hard 1/1 aerial 3/3 summoner 1/1 counter 1/1 | roll 1.2s upd 13.6s
[brain] it 3421 [league 68%] R/ep 11.73 ent 2.23 kl 0.008 | hit/swing 49% dj/min 30.1 blk/min 0.1 abiHit 103 supHit 76 | self 2/6 aerial 1/2 hard x3 2/2 sovereign 4/5 idle 1/1 counter 2/2 expert 6/6 expert x2 0/2 hard 4/4 switcher 1/1 turtle 2/2 medium 1/1 | roll 1.6s upd 13.6s
[brain] it 3422 [league 69%] R/ep 10.73 ent 2.16 kl 0.007 | hit/swing 54% dj/min 30.4 blk/min 0.1 abiHit 72 supHit 90 | self 4/12 switcher 1/2 rushdown 3/3 medium 3/3 summoner 3/3 idle 2/2 expert 8/8 zoner 2/2 counter 2/2 aerial 1/1 hard 2/2 easy 1/1 hard x3 0/1 sovereign 1/1 human 2/2 | roll 1.4s upd 13.4s
[brain] it 3423 [league 67%] R/ep 9.62 ent 2.26 kl 0.007 | hit/swing 49% dj/min 31.7 blk/min 0.3 abiHit 85 supHit 73 | human 1/2 self 6/7 switcher 1/1 sovereign 0/4 summoner 1/1 rushdown 2/2 counter 2/2 medium 1/1 aerial 1/2 hard 1/1 expert 4/5 expert x2 0/1 idle 2/2 zoner 2/2 easy 1/1 | roll 1.5s upd 13.8s
[brain] it 3424 [league 68%] R/ep 11.83 ent 2.37 kl 0.009 | hit/swing 46% dj/min 36.3 blk/min 0.4 abiHit 59 supHit 70 | hard x3 1/3 switcher 1/2 sovereign 3/5 self 2/3 summoner 2/2 turtle 1/1 human 3/4 expert 4/4 expert x2 3/3 medium 1/1 easy 1/1 | roll 1.4s upd 14.6s
[brain] it 3425 [league 69%] R/ep 11.80 ent 2.16 kl 0.007 | hit/swing 48% dj/min 28.3 blk/min 0.2 abiHit 104 supHit 77 | counter 2/3 switcher 1/1 expert 9/9 self 2/6 aerial 3/3 medium 2/2 expert x2 1/1 human 1/1 sovereign 4/4 summoner 2/2 turtle 2/2 idle 1/1 | roll 1.3s upd 13.8s
[brain] it 3426 [league 70%] R/ep 12.51 ent 2.07 kl 0.009 | hit/swing 66% dj/min 28.3 blk/min 0.3 abiHit 49 supHit 104 | switcher 3/3 turtle 2/2 self 2/9 expert 4/4 easy 4/4 summoner 3/3 rushdown 2/2 aerial 2/2 hard 2/2 sovereign 4/4 human 2/2 expert x2 1/1 idle 3/3 hard x3 1/1 medium 2/2 zoner 1/1 counter 0/1 | roll 1.4s upd 13.6s
[brain] it 3427 [league 69%] R/ep 11.01 ent 2.24 kl 0.007 | hit/swing 56% dj/min 28.1 blk/min 0.2 abiHit 84 supHit 63 | sovereign 0/2 switcher 2/2 expert 6/6 hard x3 2/3 expert x2 2/3 idle 3/3 easy 2/2 hard 1/1 self 2/6 counter 1/1 medium 1/1 summoner 2/2 zoner 1/1 | roll 1.4s upd 13.6s
[brain] it 3428 [league 71%] R/ep 10.98 ent 2.21 kl 0.007 | hit/swing 51% dj/min 24.3 blk/min 0.2 abiHit 101 supHit 85 | self 6/7 sovereign 9/11 expert 1/1 counter 3/3 summoner 3/3 medium 4/4 aerial 1/1 easy 2/2 expert x2 1/1 hard 2/2 idle 1/1 | roll 1.6s upd 14.7s
[brain] it 3429 [league 69%] R/ep 8.70 ent 2.26 kl 0.008 | hit/swing 43% dj/min 35.4 blk/min 0.0 abiHit 75 supHit 70 | self 9/13 expert 4/4 switcher 2/3 aerial 2/3 sovereign 1/4 zoner 1/1 turtle 2/2 human 1/1 expert x2 1/1 easy 1/1 rushdown 1/1 | roll 1.4s upd 14.8s
[brain] it 3430 [league 68%] R/ep 11.94 ent 2.18 kl 0.007 | hit/swing 56% dj/min 29.6 blk/min 0.2 abiHit 75 supHit 80 | human 4/4 sovereign 2/4 idle 2/2 counter 2/2 hard x3 2/3 aerial 4/5 easy 2/2 self 2/6 expert 4/4 medium 1/1 hard 2/2 rushdown 0/1 zoner 1/1 turtle 1/1 | roll 1.5s upd 13.6s
[brain] it 3431 [league 67%] R/ep 10.13 ent 2.23 kl 0.007 | hit/swing 54% dj/min 31.3 blk/min 0.1 abiHit 64 supHit 76 | human 1/3 self 5/8 aerial 1/1 turtle 2/2 expert 6/6 sovereign 2/5 switcher 3/3 summoner 3/3 medium 1/1 hard x3 1/2 easy 3/3 rushdown 1/1 | roll 1.6s upd 15.0s
[brain] it 3432 [league 65%] R/ep 10.28 ent 2.19 kl 0.007 | hit/swing 53% dj/min 30.0 blk/min 0.1 abiHit 51 supHit 73 | switcher 2/3 human 2/3 sovereign 0/2 medium 2/2 idle 2/2 expert 5/5 self 5/8 aerial 1/1 counter 1/1 expert x2 1/1 easy 3/3 summoner 2/2 hard 1/1 rushdown 0/1 hard x3 1/1 | roll 1.4s upd 13.4s
[brain] it 3433 [league 65%] R/ep 8.72 ent 2.31 kl 0.007 | hit/swing 52% dj/min 35.5 blk/min 0.0 abiHit 31 supHit 72 | rushdown 1/1 medium 1/1 counter 0/1 expert 4/4 idle 4/4 sovereign 3/6 self 9/12 aerial 0/1 human 1/1 expert x2 1/1 switcher 1/1 hard x3 1/1 | roll 1.4s upd 12.7s
[brain] it 3434 [league 65%] R/ep 8.84 ent 2.30 kl 0.006 | hit/swing 45% dj/min 33.9 blk/min 0.2 abiHit 40 supHit 64 | easy 3/3 expert 4/4 expert x2 1/1 self 3/7 summoner 3/3 aerial 1/3 sovereign 3/4 turtle 2/2 human 1/1 hard 2/2 counter 1/1 | roll 1.3s upd 13.8s
[brain] it 3435 [league 62%] R/ep 12.72 ent 2.10 kl 0.007 | hit/swing 63% dj/min 28.3 blk/min 0.2 abiHit 43 supHit 88 | summoner 4/4 self 6/7 zoner 3/3 hard 5/5 expert 2/2 sovereign 2/5 expert x2 3/3 easy 2/2 counter 1/1 medium 1/1 human 1/1 idle 1/1 rushdown 2/2 turtle 1/1 switcher 1/1 aerial 1/1 | roll 1.3s upd 14.2s
[brain] it 3436 [league 61%] R/ep 10.36 ent 2.30 kl 0.008 | hit/swing 51% dj/min 27.1 blk/min 0.0 abiHit 94 supHit 48 | turtle 3/3 medium 1/1 idle 3/3 human 1/1 hard x3 1/3 self 2/9 hard 3/3 zoner 3/3 expert x2 1/1 sovereign 1/2 summoner 1/1 expert 1/1 aerial 1/1 easy 1/1 | roll 1.4s upd 15.0s
[brain] it 3437 [league 61%] R/ep 12.59 ent 2.11 kl 0.007 | hit/swing 54% dj/min 29.2 blk/min 0.1 abiHit 59 supHit 86 | self 0/7 turtle 1/1 hard 1/1 switcher 4/4 expert 5/5 idle 4/4 aerial 5/5 zoner 3/3 expert x2 1/1 rushdown 1/1 hard x3 0/2 counter 1/1 human 1/1 easy 2/2 medium 1/1 | roll 1.3s upd 13.5s
[brain] it 3438 [league 59%] R/ep 9.20 ent 2.30 kl 0.007 | hit/swing 54% dj/min 29.9 blk/min 0.1 abiHit 61 supHit 58 | self 8/12 rushdown 1/1 medium 1/1 counter 2/2 expert 2/2 sovereign 2/5 hard 3/3 turtle 2/2 idle 1/1 hard x3 1/2 | roll 1.6s upd 13.5s
[brain] it 3439 [league 59%] R/ep 13.25 ent 2.13 kl 0.007 | hit/swing 59% dj/min 26.8 blk/min 0.1 abiHit 44 supHit 82 | expert 5/5 summoner 3/3 expert x2 3/3 sovereign 2/2 zoner 2/2 self 7/11 hard 2/2 counter 1/1 medium 4/4 idle 3/3 aerial 2/2 easy 1/1 | roll 1.3s upd 13.5s
[brain] it 3440 [league 61%] R/ep 11.80 ent 2.19 kl 0.008 | hit/swing 49% dj/min 27.2 blk/min 0.2 abiHit 108 supHit 74 | expert 7/7 aerial 1/1 self 2/7 sovereign 5/5 hard x3 1/3 zoner 2/2 summoner 4/4 easy 2/2 medium 1/1 human 1/1 switcher 1/1 expert x2 1/1 hard 1/1 counter 1/2 | roll 1.4s upd 13.7s
[brain] it 3441 [league 58%] R/ep 6.27 ent 2.47 kl 0.007 | hit/swing 46% dj/min 40.6 blk/min 0.3 abiHit 27 supHit 59 | self 3/9 idle 4/4 zoner 2/2 turtle 1/1 rushdown 1/1 summoner 1/1 easy 2/2 sovereign 3/9 switcher 1/2 counter 1/2 expert x2 1/1 | roll 1.4s upd 12.8s
[brain] it 3442 [league 57%] R/ep 9.33 ent 2.14 kl 0.008 | hit/swing 51% dj/min 29.9 blk/min 0.1 abiHit 91 supHit 85 | self 6/13 expert 3/3 hard x3 1/4 rushdown 2/2 turtle 2/2 sovereign 0/1 easy 1/1 hard 1/1 expert x2 1/1 aerial 1/1 human 1/1 zoner 1/1 medium 3/3 counter 0/1 | roll 1.6s upd 13.4s
[brain] it 3443 [league 58%] R/ep 12.24 ent 2.03 kl 0.007 | hit/swing 64% dj/min 27.2 blk/min 0.4 abiHit 55 supHit 96 | self 6/10 human 4/4 easy 3/3 sovereign 6/7 expert x2 2/2 summoner 1/2 expert 3/3 idle 2/2 medium 2/2 aerial 2/2 turtle 2/2 counter 1/1 rushdown 1/1 switcher 1/1 | roll 1.4s upd 13.6s
[brain] it 3444 [league 58%] R/ep 9.98 ent 2.30 kl 0.007 | hit/swing 53% dj/min 33.1 blk/min 0.1 abiHit 53 supHit 76 | expert 4/4 sovereign 3/5 self 2/5 hard x3 0/1 hard 3/3 rushdown 1/1 aerial 3/4 medium 3/3 expert x2 2/2 human 2/2 counter 1/1 | roll 1.2s upd 13.5s
[brain] it 3445 [league 58%] R/ep 10.91 ent 2.31 kl 0.007 | hit/swing 47% dj/min 30.8 blk/min 0.1 abiHit 71 supHit 52 | summoner 1/1 expert 5/5 human 2/2 zoner 1/1 hard 2/2 expert x2 1/1 rushdown 2/2 medium 2/2 self 3/7 turtle 2/2 idle 2/2 counter 2/2 easy 1/1 | roll 1.3s upd 13.6s
[brain] it 3446 [league 58%] R/ep 12.38 ent 2.24 kl 0.006 | hit/swing 53% dj/min 32.5 blk/min 0.0 abiHit 88 supHit 80 | medium 3/3 sovereign 3/5 easy 4/4 self 6/10 hard x3 1/2 idle 1/1 expert x2 1/1 human 0/1 zoner 2/2 rushdown 1/2 hard 2/2 aerial 2/2 switcher 2/2 | roll 1.4s upd 13.6s
[brain] it 3447 [league 61%] R/ep 13.45 ent 2.16 kl 0.007 | hit/swing 64% dj/min 32.8 blk/min 0.1 abiHit 25 supHit 103 | easy 5/5 human 2/2 turtle 1/1 expert 9/10 sovereign 4/5 self 4/7 aerial 2/2 counter 1/1 hard 2/2 rushdown 1/1 expert x2 1/1 switcher 1/1 hard x3 1/2 idle 1/1 | roll 1.3s upd 13.7s
[brain] it 3448 [league 58%] R/ep 7.89 ent 2.21 kl 0.007 | hit/swing 50% dj/min 31.5 blk/min 0.0 abiHit 53 supHit 88 | self 4/9 hard 4/4 easy 1/1 summoner 3/3 sovereign 2/6 counter 1/1 rushdown 3/3 switcher 1/2 human 1/2 idle 1/1 expert 2/2 medium 2/2 | roll 1.4s upd 13.6s
[brain] it 3449 [league 58%] R/ep 9.91 ent 2.22 kl 0.007 | hit/swing 48% dj/min 34.0 blk/min 0.3 abiHit 63 supHit 85 | medium 1/1 self 7/14 aerial 4/4 switcher 1/1 rushdown 1/1 sovereign 6/8 expert 4/5 counter 2/2 zoner 4/4 summoner 1/1 turtle 1/1 hard 1/1 easy 1/1 | roll 1.5s upd 13.6s
[brain] it 3450 [league 55%] R/ep 9.65 ent 2.33 kl 0.009 | hit/swing 44% dj/min 34.1 blk/min 0.1 abiHit 83 supHit 50 | self 4/7 easy 4/4 rushdown 0/1 switcher 2/3 hard 1/1 sovereign 1/5 hard x3 0/1 turtle 1/1 expert 6/6 zoner 2/2 human 1/1 medium 2/2 | roll 1.3s upd 13.5s
[brain] it 3451 [league 55%] R/ep 10.94 ent 2.18 kl 0.006 | hit/swing 47% dj/min 31.3 blk/min 0.1 abiHit 44 supHit 54 | self 3/7 idle 1/1 switcher 1/1 expert 4/4 rushdown 1/1 medium 1/1 human 0/2 easy 1/1 expert x2 1/1 turtle 4/4 zoner 2/2 sovereign 1/1 | roll 4.9s upd 9.3s
[brain] it 3452 [league 55%] R/ep 5.82 ent 2.14 kl 0.007 | hit/swing 52% dj/min 31.8 blk/min 0.3 abiHit 17 supHit 74 | self 6/10 expert 4/4 medium 1/1 aerial 1/2 sovereign 3/6 easy 1/1 turtle 1/1 rushdown 1/1 counter 1/1 | roll 4.7s upd 9.0s
[brain] it 3453 [league 56%] R/ep 9.50 ent 2.18 kl 0.007 | hit/swing 53% dj/min 32.0 blk/min 0.2 abiHit 19 supHit 58 | self 5/8 expert 3/4 turtle 1/2 sovereign 2/3 switcher 1/1 zoner 1/1 easy 1/1 idle 1/1 medium 2/2 hard x3 1/1 aerial 0/1 summoner 1/1 hard 2/2 | roll 4.8s upd 9.3s
[brain] it 3454 [league 56%] R/ep 14.04 ent 2.01 kl 0.007 | hit/swing 68% dj/min 25.8 blk/min 0.1 abiHit 64 supHit 99 | self 6/11 switcher 1/1 expert 10/10 idle 3/3 human 3/3 turtle 1/1 hard x3 2/2 aerial 1/1 counter 1/1 summoner 2/2 expert x2 1/1 easy 4/4 rushdown 1/1 zoner 2/2 sovereign 1/2 | roll 1.5s upd 14.0s
[brain] it 3455 [league 58%] R/ep 9.74 ent 2.17 kl 0.006 | hit/swing 54% dj/min 29.1 blk/min 0.1 abiHit 56 supHit 92 | idle 3/3 sovereign 4/5 self 6/13 counter 2/2 expert 7/7 hard 2/2 expert x2 0/1 summoner 1/1 rushdown 1/1 easy 1/1 aerial 3/3 medium 1/1 switcher 1/1 | roll 1.6s upd 14.1s
[brain] it 3456 [league 61%] R/ep 13.85 ent 2.13 kl 0.008 | hit/swing 61% dj/min 27.6 blk/min 0.2 abiHit 52 supHit 94 | hard 2/2 human 2/3 expert 5/5 easy 3/3 self 3/8 expert x2 3/3 sovereign 5/5 medium 1/1 counter 2/2 summoner 1/1 turtle 1/1 hard x3 2/2 aerial 1/1 idle 1/1 | roll 1.7s upd 14.6s
[brain] it 3457 [league 61%] R/ep 5.83 ent 2.31 kl 0.007 | hit/swing 49% dj/min 33.0 blk/min 0.2 abiHit 29 supHit 64 | self 4/12 zoner 2/2 human 1/1 sovereign 3/5 counter 1/1 turtle 1/1 rushdown 1/2 expert 4/4 expert x2 1/2 switcher 1/2 summoner 1/1 hard x3 0/1 medium 1/1 | roll 1.8s upd 15.0s
[brain] it 3458 [league 60%] R/ep 13.00 ent 2.32 kl 0.006 | hit/swing 52% dj/min 33.8 blk/min 0.0 abiHit 73 supHit 77 | sovereign 1/4 idle 3/3 self 6/9 hard x3 2/2 medium 1/1 counter 1/1 easy 2/2 expert x2 1/1 rushdown 2/2 human 2/2 zoner 1/1 expert 2/2 hard 1/1 summoner 1/1 turtle 1/1 | roll 1.5s upd 13.7s
[brain] it 3459 [league 59%] R/ep 11.65 ent 2.22 kl 0.006 | hit/swing 59% dj/min 34.0 blk/min 0.1 abiHit 27 supHit 79 | expert x2 2/2 aerial 1/1 self 5/11 expert 4/4 human 1/1 zoner 3/3 sovereign 2/6 turtle 2/2 hard 2/2 easy 1/1 medium 3/3 idle 2/2 hard x3 1/1 | roll 1.6s upd 13.6s
[brain] it 3460 [league 59%] R/ep 12.25 ent 2.20 kl 0.007 | hit/swing 65% dj/min 30.7 blk/min 0.0 abiHit 41 supHit 81 | expert 6/6 idle 3/3 human 1/1 sovereign 2/4 self 3/4 medium 1/1 counter 4/4 switcher 3/3 expert x2 3/4 aerial 2/3 turtle 1/1 hard x3 0/1 summoner 1/1 rushdown 0/1 | roll 1.3s upd 14.8s
[brain] it 3461 [league 57%] R/ep 8.66 ent 2.22 kl 0.008 | hit/swing 53% dj/min 28.8 blk/min 0.3 abiHit 86 supHit 70 | self 3/10 sovereign 3/6 easy 4/4 hard 5/5 expert 1/1 medium 1/1 zoner 1/1 rushdown 1/1 hard x3 1/2 expert x2 2/3 idle 1/1 aerial 1/1 | roll 1.4s upd 13.9s
[brain] it 3462 [league 56%] R/ep 10.14 ent 2.17 kl 0.006 | hit/swing 64% dj/min 30.3 blk/min 0.1 abiHit 46 supHit 95 | hard 1/1 rushdown 3/3 idle 2/2 expert 7/7 hard x3 3/4 easy 2/2 self 6/15 medium 1/1 human 1/1 turtle 2/2 sovereign 0/1 | roll 1.5s upd 13.6s
[brain] it 3463 [league 58%] R/ep 5.97 ent 2.33 kl 0.008 | hit/swing 44% dj/min 36.8 blk/min 0.0 abiHit 40 supHit 66 | hard 1/1 summoner 3/3 self 6/16 sovereign 3/5 rushdown 2/2 idle 1/1 aerial 1/3 human 1/1 easy 3/3 switcher 1/1 expert x2 1/1 zoner 1/1 | roll 1.5s upd 13.6s
[brain] it 3464 [league 58%] R/ep 8.35 ent 2.34 kl 0.007 | hit/swing 55% dj/min 32.6 blk/min 0.2 abiHit 62 supHit 61 | human 1/2 idle 6/6 self 4/10 hard 2/2 expert x2 0/1 expert 6/6 rushdown 0/1 turtle 1/1 aerial 1/1 medium 1/1 easy 1/1 sovereign 1/2 counter 1/1 | roll 1.4s upd 13.6s
[brain] it 3465 [league 57%] R/ep 12.29 ent 2.15 kl 0.007 | hit/swing 58% dj/min 33.1 blk/min 0.2 abiHit 37 supHit 99 | self 5/10 human 4/4 medium 3/3 hard 2/2 rushdown 4/4 easy 2/2 switcher 3/3 expert x2 2/2 expert 1/1 zoner 1/1 sovereign 0/2 hard x3 0/1 summoner 1/1 counter 2/2 idle 1/1 | roll 1.5s upd 13.5s
[brain] it 3466 [league 58%] R/ep 10.03 ent 2.31 kl 0.009 | hit/swing 51% dj/min 33.6 blk/min 0.3 abiHit 55 supHit 54 | expert 7/7 self 5/11 zoner 3/3 hard 2/2 aerial 0/1 medium 2/2 summoner 1/1 turtle 1/1 switcher 2/2 human 3/3 sovereign 2/2 easy 1/1 | roll 1.4s upd 14.0s
[brain] it 3467 [league 55%] R/ep 11.71 ent 2.16 kl 0.007 | hit/swing 52% dj/min 29.6 blk/min 0.1 abiHit 77 supHit 82 | expert 2/2 sovereign 4/8 self 7/9 idle 3/3 switcher 2/2 medium 3/3 counter 1/1 aerial 1/1 zoner 1/1 expert x2 2/2 turtle 2/2 hard 1/1 easy 2/2 human 1/1 | roll 1.4s upd 13.5s
[brain] it 3468 [league 56%] R/ep 10.42 ent 2.04 kl 0.008 | hit/swing 63% dj/min 30.5 blk/min 0.3 abiHit 25 supHit 111 | human 2/2 hard 2/2 self 7/14 expert 2/2 aerial 2/2 turtle 2/3 rushdown 3/3 sovereign 6/9 medium 1/1 easy 1/1 hard x3 1/1 idle 1/1 counter 1/1 switcher 1/1 expert x2 1/1 | roll 1.5s upd 13.7s
[brain] it 3469 [league 54%] R/ep 7.80 ent 2.40 kl 0.006 | hit/swing 46% dj/min 38.2 blk/min 0.2 abiHit 48 supHit 54 | switcher 0/1 sovereign 1/3 self 2/6 expert 3/4 hard x3 0/1 idle 2/2 zoner 2/2 medium 1/1 aerial 3/3 rushdown 1/2 counter 1/1 summoner 1/1 expert x2 0/1 turtle 1/1 | roll 1.4s upd 13.5s
[brain] it 3470 [league 52%] R/ep 8.24 ent 2.22 kl 0.006 | hit/swing 48% dj/min 33.6 blk/min 0.1 abiHit 59 supHit 74 | self 6/13 turtle 6/6 medium 1/1 rushdown 2/3 expert 4/4 aerial 2/2 zoner 1/1 sovereign 0/3 human 1/1 hard 2/2 counter 2/2 hard x3 0/1 | roll 1.6s upd 14.7s
[brain] it 3471 [league 53%] R/ep 9.05 ent 2.26 kl 0.009 | hit/swing 50% dj/min 33.6 blk/min 0.3 abiHit 73 supHit 80 | idle 2/2 sovereign 1/2 aerial 2/2 expert 6/6 switcher 0/1 rushdown 2/2 self 9/15 turtle 0/1 expert x2 2/3 hard x3 1/2 hard 1/1 counter 1/1 easy 1/1 | roll 1.9s upd 14.8s
[brain] it 3472 [league 53%] R/ep 10.85 ent 2.27 kl 0.007 | hit/swing 55% dj/min 33.1 blk/min 0.3 abiHit 42 supHit 80 | self 6/10 expert 5/6 counter 2/2 hard x3 2/3 hard 3/3 zoner 1/1 sovereign 1/3 switcher 2/3 summoner 2/2 turtle 1/1 human 1/1 rushdown 1/1 easy 1/1 | roll 1.4s upd 14.8s
[brain] it 3473 [league 51%] R/ep 9.80 ent 2.21 kl 0.009 | hit/swing 55% dj/min 32.3 blk/min 0.2 abiHit 48 supHit 66 | hard x3 1/2 self 6/9 sovereign 2/6 hard 2/2 medium 1/1 human 1/1 turtle 1/1 switcher 4/4 idle 1/1 zoner 1/1 counter 1/1 expert 4/4 easy 2/2 | roll 1.5s upd 13.5s
[brain] it 3474 [league 50%] R/ep 9.75 ent 2.29 kl 0.007 | hit/swing 48% dj/min 36.2 blk/min 0.5 abiHit 54 supHit 72 | zoner 2/2 expert 3/3 self 6/11 aerial 1/2 idle 1/1 counter 1/1 hard x3 0/2 switcher 1/2 medium 2/2 sovereign 0/1 expert x2 1/1 human 2/2 easy 1/1 rushdown 2/2 summoner 1/1 | roll 1.3s upd 13.5s
[brain] it 3475 [league 50%] R/ep 11.81 ent 2.17 kl 0.010 | hit/swing 50% dj/min 32.0 blk/min 0.4 abiHit 58 supHit 84 | expert 5/5 self 4/6 switcher 1/2 summoner 5/5 rushdown 2/2 turtle 1/1 hard x3 0/1 medium 1/1 aerial 1/2 human 4/5 idle 1/1 hard 1/1 sovereign 1/1 counter 1/1 expert x2 1/1 | roll 1.4s upd 13.4s
[brain] it 3476 [league 50%] R/ep 11.30 ent 2.15 kl 0.007 | hit/swing 55% dj/min 29.6 blk/min 0.1 abiHit 66 supHit 68 | medium 2/2 hard 3/3 self 2/9 expert x2 1/2 switcher 2/2 turtle 3/3 counter 1/2 zoner 2/2 rushdown 1/1 expert 5/5 hard x3 1/1 easy 1/1 sovereign 0/1 | roll 1.3s upd 13.7s
[brain] it 3477 [league 51%] R/ep 13.00 ent 2.13 kl 0.007 | hit/swing 62% dj/min 23.9 blk/min 0.1 abiHit 57 supHit 79 | idle 3/3 easy 3/3 medium 2/2 summoner 3/4 counter 2/2 switcher 3/3 self 4/9 sovereign 2/2 hard x3 3/3 rushdown 1/1 expert 1/1 hard 3/3 human 1/1 | roll 1.4s upd 13.5s
[brain] it 3478 [league 51%] R/ep 12.36 ent 2.14 kl 0.007 | hit/swing 57% dj/min 27.1 blk/min 0.2 abiHit 67 supHit 76 | summoner 4/5 hard x3 1/1 expert 12/12 sovereign 2/5 self 6/7 aerial 0/1 counter 3/3 rushdown 2/2 medium 1/1 idle 1/1 zoner 1/1 expert x2 0/1 | roll 1.4s upd 14.9s
[brain] it 3479 [league 52%] R/ep 11.83 ent 2.17 kl 0.008 | hit/swing 57% dj/min 27.1 blk/min 0.1 abiHit 58 supHit 70 | self 2/7 idle 1/1 expert 7/7 switcher 1/2 hard x3 1/2 aerial 1/1 turtle 2/2 zoner 1/1 sovereign 2/3 counter 2/2 expert x2 1/1 hard 2/2 easy 2/2 human 1/1 medium 1/1 | roll 1.3s upd 13.7s
[brain] it 3480 [league 52%] R/ep 9.32 ent 2.26 kl 0.008 | hit/swing 42% dj/min 34.1 blk/min 0.1 abiHit 52 supHit 65 | easy 2/2 human 3/4 aerial 3/4 hard 1/1 sovereign 1/1 zoner 2/2 self 6/9 expert 2/2 summoner 1/1 medium 1/1 expert x2 2/2 switcher 1/1 rushdown 0/1 | roll 1.4s upd 13.4s
[brain] it 3481 [league 54%] R/ep 8.88 ent 2.13 kl 0.006 | hit/swing 55% dj/min 30.0 blk/min 0.1 abiHit 36 supHit 93 | sovereign 5/5 self 6/15 expert 3/4 aerial 3/3 idle 1/1 switcher 2/2 easy 2/2 human 2/2 turtle 1/1 summoner 1/1 medium 2/2 hard 1/1 expert x2 1/1 zoner 1/1 | roll 1.4s upd 13.7s
[brain] it 3482 [league 55%] R/ep 6.19 ent 2.27 kl 0.007 | hit/swing 49% dj/min 32.6 blk/min 0.2 abiHit 52 supHit 71 | self 4/13 human 2/2 expert 3/3 easy 2/2 sovereign 6/6 expert x2 1/1 turtle 1/1 summoner 3/3 medium 1/1 hard 1/1 idle 1/1 aerial 1/1 rushdown 0/1 | roll 1.5s upd 13.4s
[brain] it 3483 [league 56%] R/ep 14.35 ent 2.14 kl 0.008 | hit/swing 50% dj/min 29.2 blk/min 0.3 abiHit 73 supHit 81 | self 4/7 sovereign 5/6 turtle 2/3 expert 2/2 counter 1/1 idle 1/1 zoner 2/2 expert x2 1/1 easy 2/2 human 2/2 aerial 2/2 switcher 2/2 medium 1/1 hard x3 2/2 rushdown 0/1 | roll 1.4s upd 13.4s
[brain] it 3484 [league 58%] R/ep 11.78 ent 2.15 kl 0.008 | hit/swing 57% dj/min 35.0 blk/min 0.1 abiHit 29 supHit 79 | self 8/14 idle 2/2 counter 2/2 zoner 6/6 medium 1/1 expert 4/4 aerial 2/3 sovereign 6/8 turtle 3/3 easy 1/1 hard 2/2 hard x3 0/1 | roll 1.4s upd 13.4s
[brain] it 3485 [league 60%] R/ep 10.98 ent 2.15 kl 0.009 | hit/swing 66% dj/min 26.7 blk/min 0.2 abiHit 41 supHit 69 | sovereign 5/6 hard 2/2 self 1/3 idle 6/6 easy 2/2 expert 3/3 summoner 4/4 hard x3 0/2 human 1/1 medium 3/3 aerial 2/2 switcher 0/1 zoner 1/1 rushdown 1/2 | roll 1.4s upd 13.4s
[brain] it 3486 [league 62%] R/ep 10.84 ent 2.19 kl 0.007 | hit/swing 51% dj/min 30.5 blk/min 0.1 abiHit 103 supHit 81 | self 5/12 easy 4/4 rushdown 2/3 zoner 2/2 medium 2/2 switcher 3/3 hard x3 0/1 sovereign 3/3 summoner 3/3 counter 1/1 human 2/2 aerial 1/1 expert 4/4 turtle 1/1 expert x2 1/1 | roll 1.4s upd 14.6s
[brain] it 3487 [league 62%] R/ep 9.26 ent 2.32 kl 0.005 | hit/swing 44% dj/min 36.0 blk/min 0.1 abiHit 61 supHit 63 | sovereign 5/11 aerial 2/2 hard 2/2 human 1/2 expert 2/2 summoner 1/1 switcher 2/3 easy 1/1 self 0/2 hard x3 1/1 rushdown 1/1 idle 1/1 medium 1/1 expert x2 1/1 | roll 1.5s upd 13.4s
[brain] it 3488 [league 62%] R/ep 11.53 ent 2.21 kl 0.007 | hit/swing 56% dj/min 29.8 blk/min 0.2 abiHit 58 supHit 75 | self 2/10 summoner 3/3 rushdown 2/2 expert 3/3 aerial 2/2 idle 4/4 sovereign 2/3 easy 1/1 turtle 1/1 zoner 3/3 human 1/1 counter 1/1 hard x3 1/1 expert x2 1/1 | roll 1.4s upd 13.6s
[brain] it 3489 [league 65%] R/ep 11.95 ent 2.08 kl 0.009 | hit/swing 69% dj/min 27.1 blk/min 0.3 abiHit 53 supHit 95 | expert 4/4 self 10/14 expert x2 2/3 sovereign 5/6 summoner 1/1 easy 1/1 hard 1/1 counter 2/2 zoner 3/3 medium 1/1 idle 4/4 turtle 2/2 rushdown 1/1 | roll 1.5s upd 14.5s
[brain] it 3490 [league 64%] R/ep 10.95 ent 2.17 kl 0.009 | hit/swing 58% dj/min 32.1 blk/min 0.4 abiHit 22 supHit 98 | counter 2/3 switcher 1/1 sovereign 2/5 self 5/9 rushdown 4/4 idle 2/2 easy 3/3 medium 3/3 turtle 3/3 aerial 3/3 expert 2/2 hard 2/2 summoner 1/1 hard x3 1/2 | roll 1.6s upd 14.7s
[brain] it 3491 [league 62%] R/ep 12.12 ent 2.15 kl 0.007 | hit/swing 60% dj/min 28.1 blk/min 0.1 abiHit 36 supHit 92 | summoner 2/2 easy 2/2 self 8/12 expert 6/6 human 2/2 counter 2/2 sovereign 3/5 turtle 2/2 hard x3 1/1 expert x2 1/2 idle 3/3 aerial 1/1 | roll 1.5s upd 13.7s
[brain] it 3492 [league 63%] R/ep 8.93 ent 2.30 kl 0.007 | hit/swing 45% dj/min 33.8 blk/min 0.2 abiHit 71 supHit 63 | rushdown 2/3 idle 2/2 expert 5/6 human 3/4 hard 1/1 turtle 1/2 self 4/6 aerial 3/3 sovereign 1/2 switcher 1/1 counter 0/1 | roll 1.5s upd 14.6s
[brain] it 3493 [league 65%] R/ep 9.49 ent 2.14 kl 0.007 | hit/swing 57% dj/min 28.7 blk/min 0.4 abiHit 49 supHit 86 | easy 2/2 self 9/11 medium 2/2 hard 3/3 turtle 1/1 hard x3 1/2 sovereign 5/9 summoner 2/2 switcher 2/2 human 1/1 zoner 1/1 aerial 1/1 expert x2 0/1 expert 1/1 | roll 1.4s upd 12.4s
[brain] it 3494 [league 65%] R/ep 12.67 ent 2.18 kl 0.008 | hit/swing 66% dj/min 31.4 blk/min 0.3 abiHit 39 supHit 90 | human 1/1 counter 1/2 rushdown 3/3 expert 6/6 turtle 1/1 self 5/9 summoner 1/1 medium 1/1 switcher 2/2 hard x3 2/3 idle 3/3 sovereign 1/1 hard 4/4 zoner 1/1 easy 2/2 | roll 1.3s upd 13.6s
[brain] it 3495 [league 68%] R/ep 11.85 ent 2.17 kl 0.008 | hit/swing 43% dj/min 31.9 blk/min 0.5 abiHit 121 supHit 69 | turtle 3/3 medium 1/1 hard 1/1 expert 3/3 summoner 1/1 self 6/8 switcher 2/2 aerial 0/1 counter 1/1 expert x2 1/1 idle 1/1 sovereign 3/3 hard x3 1/1 easy 1/1 zoner 1/1 rushdown 1/1 human 0/1 | roll 1.4s upd 13.4s
[brain] it 3496 [league 65%] R/ep 7.74 ent 2.29 kl 0.007 | hit/swing 48% dj/min 33.9 blk/min 0.3 abiHit 65 supHit 66 | expert x2 1/1 self 4/8 medium 2/2 expert 5/5 sovereign 0/5 easy 2/2 switcher 0/1 zoner 1/1 hard x3 1/2 idle 1/1 aerial 1/2 hard 3/3 counter 1/1 turtle 1/1 summoner 1/1 | roll 1.3s upd 14.8s
[brain] it 3497 [league 67%] R/ep 11.05 ent 2.15 kl 0.009 | hit/swing 56% dj/min 33.1 blk/min 0.5 abiHit 52 supHit 102 | self 5/12 expert 7/7 hard x3 1/1 zoner 1/1 summoner 3/3 counter 2/2 hard 2/2 switcher 3/3 idle 2/2 expert x2 1/1 sovereign 3/4 medium 1/1 human 2/2 aerial 1/2 easy 2/2 | roll 1.4s upd 13.7s
[brain] it 3498 [league 66%] R/ep 4.79 ent 2.37 kl 0.008 | hit/swing 33% dj/min 37.5 blk/min 0.2 abiHit 85 supHit 66 | self 1/11 counter 2/2 hard 2/2 aerial 1/1 idle 1/1 rushdown 3/4 human 0/1 expert x2 1/1 easy 1/1 switcher 0/1 sovereign 2/4 expert 3/3 | roll 1.5s upd 13.5s
[brain] it 3499 [league 67%] R/ep 7.80 ent 2.23 kl 0.005 | hit/swing 54% dj/min 34.5 blk/min 0.3 abiHit 30 supHit 74 | sovereign 2/4 idle 2/2 aerial 2/2 expert 7/7 turtle 1/1 self 3/10 human 2/2 hard 1/1 counter 1/2 hard x3 1/1 rushdown 1/1 switcher 1/1 easy 2/2 expert x2 1/1 | roll 1.4s upd 12.6s
[brain] it 3500 [league 67%] R/ep 10.36 ent 2.17 kl 0.008 | hit/swing 62% dj/min 27.5 blk/min 0.0 abiHit 52 supHit 86 | self 3/9 zoner 2/2 hard x3 1/4 expert x2 2/2 expert 4/5 idle 2/2 sovereign 5/6 summoner 3/3 switcher 1/2 medium 3/3 hard 2/2 easy 1/1 | roll 1.4s upd 15.0s
[brain] it 3501 [league 64%] R/ep 8.22 ent 2.18 kl 0.007 | hit/swing 57% dj/min 30.9 blk/min 0.2 abiHit 41 supHit 62 | hard x3 1/1 expert 4/4 summoner 3/3 self 7/15 medium 1/1 easy 4/4 sovereign 2/5 aerial 2/2 hard 1/1 expert x2 1/1 idle 1/1 zoner 1/1 | roll 1.7s upd 16.0s
[brain] it 3502 [league 63%] R/ep 8.77 ent 2.26 kl 0.007 | hit/swing 54% dj/min 28.9 blk/min 0.2 abiHit 55 supHit 66 | aerial 1/3 hard 3/3 expert 6/6 self 3/10 counter 3/3 zoner 2/2 easy 1/1 expert x2 2/3 rushdown 1/1 sovereign 1/2 idle 1/1 summoner 1/1 | roll 1.4s upd 16.1s
[brain] it 3503 [league 61%] R/ep 10.48 ent 2.18 kl 0.007 | hit/swing 59% dj/min 28.7 blk/min 0.2 abiHit 37 supHit 76 | self 2/7 expert 7/7 idle 1/1 switcher 2/2 sovereign 4/6 easy 3/3 summoner 2/2 turtle 3/3 zoner 1/1 human 3/3 expert x2 1/1 | roll 1.4s upd 13.7s
[brain] it 3504 [league 62%] R/ep 13.27 ent 2.08 kl 0.006 | hit/swing 56% dj/min 29.1 blk/min 0.2 abiHit 68 supHit 91 | human 3/3 rushdown 1/1 turtle 2/2 aerial 1/2 self 4/7 easy 2/2 idle 3/3 hard 3/3 expert 6/6 zoner 1/1 expert x2 3/3 counter 2/2 sovereign 3/3 | roll 1.4s upd 13.5s
[brain] it 3505 [league 62%] R/ep 12.43 ent 2.15 kl 0.007 | hit/swing 70% dj/min 30.3 blk/min 0.2 abiHit 16 supHit 91 | expert 9/9 zoner 3/3 medium 5/5 counter 1/1 self 5/9 turtle 1/1 aerial 1/1 expert x2 1/2 human 1/2 hard 1/1 switcher 1/1 sovereign 4/5 easy 1/1 idle 1/1 rushdown 1/1 | roll 1.4s upd 13.4s
[brain] it 3506 [league 63%] R/ep 8.93 ent 2.21 kl 0.008 | hit/swing 46% dj/min 28.4 blk/min 0.1 abiHit 80 supHit 56 | expert x2 2/2 self 2/7 expert 2/2 sovereign 2/2 rushdown 2/2 summoner 2/3 hard x3 0/1 medium 2/2 counter 2/2 easy 1/1 turtle 1/1 aerial 1/1 hard 1/1 switcher 1/1 | roll 1.3s upd 13.5s
[brain] it 3507 [league 63%] R/ep 9.45 ent 2.26 kl 0.008 | hit/swing 46% dj/min 33.6 blk/min 0.0 abiHit 64 supHit 72 | expert 4/4 counter 2/2 summoner 3/3 sovereign 5/6 self 6/9 human 2/2 idle 3/3 hard 1/1 expert x2 1/1 switcher 2/3 zoner 1/1 turtle 0/1 | roll 1.4s upd 13.4s
[brain] it 3508 [league 62%] R/ep 9.83 ent 2.17 kl 0.008 | hit/swing 60% dj/min 27.1 blk/min 0.0 abiHit 60 supHit 79 | self 14/17 zoner 1/1 medium 2/2 summoner 2/2 switcher 3/3 easy 3/3 sovereign 0/1 expert x2 1/2 expert 3/3 hard 2/2 counter 1/1 idle 1/1 aerial 0/1 | roll 1.4s upd 13.3s
[brain] it 3509 [league 63%] R/ep 9.21 ent 2.23 kl 0.008 | hit/swing 55% dj/min 30.9 blk/min 0.0 abiHit 44 supHit 72 | sovereign 5/6 medium 3/4 self 2/8 turtle 2/2 aerial 2/2 rushdown 3/3 expert 5/5 zoner 1/1 idle 1/1 hard 1/1 expert x2 0/1 switcher 1/1 easy 1/1 summoner 1/1 | roll 1.5s upd 13.8s
[brain] it 3510 [league 65%] R/ep 12.75 ent 2.21 kl 0.007 | hit/swing 54% dj/min 34.3 blk/min 0.1 abiHit 29 supHit 71 | expert 4/4 easy 1/1 idle 5/5 aerial 1/1 summoner 2/2 self 5/8 expert x2 1/1 hard x3 1/1 zoner 1/1 rushdown 1/1 turtle 2/2 sovereign 2/3 human 1/2 switcher 1/1 | roll 1.5s upd 13.6s
[brain] it 3511 [league 65%] R/ep 11.97 ent 2.32 kl 0.006 | hit/swing 47% dj/min 35.5 blk/min 0.1 abiHit 41 supHit 59 | human 1/2 counter 2/2 aerial 0/1 self 3/6 expert 4/4 sovereign 1/2 medium 3/3 idle 2/2 easy 1/1 summoner 1/2 rushdown 2/2 expert x2 2/2 turtle 1/1 zoner 2/2 | roll 1.3s upd 13.5s
[brain] it 3512 [league 64%] R/ep 8.55 ent 2.19 kl 0.006 | hit/swing 60% dj/min 27.2 blk/min 0.2 abiHit 24 supHit 66 | medium 2/2 turtle 1/2 easy 2/2 self 1/9 expert 8/8 switcher 1/1 rushdown 2/2 sovereign 2/3 zoner 1/1 idle 2/2 summoner 1/1 human 1/1 counter 1/1 hard 1/1 | roll 1.2s upd 13.7s
[brain] it 3513 [league 65%] R/ep 6.87 ent 2.22 kl 0.006 | hit/swing 54% dj/min 29.6 blk/min 0.0 abiHit 46 supHit 92 | expert x2 3/3 self 7/20 expert 4/4 summoner 1/1 switcher 1/1 human 1/2 idle 2/2 sovereign 1/1 medium 2/2 easy 3/3 turtle 2/2 counter 1/1 | roll 1.4s upd 13.5s
[brain] it 3514 [league 62%] R/ep 10.06 ent 2.23 kl 0.005 | hit/swing 55% dj/min 31.7 blk/min 0.3 abiHit 65 supHit 81 | hard 3/3 self 4/11 idle 3/3 expert 4/4 switcher 1/1 sovereign 2/5 rushdown 2/3 summoner 1/1 counter 1/1 hard x3 1/1 human 2/2 medium 2/2 expert x2 2/2 easy 1/1 aerial 1/1 | roll 1.4s upd 13.6s
[brain] it 3515 [league 62%] R/ep 11.94 ent 2.23 kl 0.008 | hit/swing 54% dj/min 29.6 blk/min 0.1 abiHit 47 supHit 85 | summoner 1/1 easy 2/2 aerial 2/2 turtle 1/1 hard 2/2 self 8/11 idle 3/3 expert 4/4 zoner 1/1 sovereign 1/2 medium 2/2 human 1/1 hard x3 1/1 counter 1/1 rushdown 1/1 | roll 1.5s upd 13.6s
[brain] it 3516 [league 63%] R/ep 9.89 ent 2.25 kl 0.007 | hit/swing 49% dj/min 33.4 blk/min 0.2 abiHit 56 supHit 66 | expert 3/3 hard 3/3 self 6/12 turtle 4/4 sovereign 2/3 easy 1/1 expert x2 1/1 medium 1/1 switcher 0/1 summoner 3/3 zoner 2/2 hard x3 0/1 human 1/1 aerial 3/3 | roll 1.4s upd 14.5s
[brain] it 3517 [league 64%] R/ep 11.90 ent 2.05 kl 0.009 | hit/swing 68% dj/min 27.1 blk/min 0.1 abiHit 39 supHit 106 | sovereign 4/5 zoner 1/1 aerial 1/1 expert x2 2/2 turtle 2/3 human 1/1 hard 4/4 self 6/11 counter 3/3 medium 3/3 idle 2/2 hard x3 1/2 expert 4/4 summoner 2/2 | roll 1.4s upd 13.6s
[brain] it 3518 [league 64%] R/ep 10.56 ent 2.18 kl 0.008 | hit/swing 60% dj/min 29.4 blk/min 0.2 abiHit 44 supHit 81 | self 0/5 aerial 3/3 expert 9/9 hard 3/3 summoner 1/1 sovereign 2/6 counter 1/2 turtle 1/1 zoner 1/1 hard x3 2/4 easy 1/1 switcher 1/1 expert x2 1/1 | roll 1.3s upd 13.5s
[brain] it 3519 [league 65%] R/ep 11.38 ent 2.31 kl 0.008 | hit/swing 59% dj/min 31.5 blk/min 0.0 abiHit 39 supHit 62 | expert 3/3 switcher 1/1 sovereign 4/5 expert x2 1/3 rushdown 1/1 idle 3/3 turtle 1/1 self 1/2 aerial 1/2 counter 2/2 easy 2/2 human 2/2 | roll 1.4s upd 13.6s
[brain] it 3520 [league 63%] R/ep 12.63 ent 2.09 kl 0.008 | hit/swing 71% dj/min 28.5 blk/min 0.1 abiHit 27 supHit 92 | self 3/6 rushdown 3/3 idle 3/3 expert 7/7 counter 3/3 sovereign 4/6 hard 3/3 switcher 2/2 summoner 1/1 human 3/3 turtle 2/2 easy 1/1 | roll 1.2s upd 13.7s
[brain] it 3521 [league 66%] R/ep 10.82 ent 2.30 kl 0.007 | hit/swing 54% dj/min 33.0 blk/min 0.2 abiHit 53 supHit 63 | easy 4/4 rushdown 0/2 self 3/9 hard 1/1 expert 6/6 sovereign 5/7 medium 1/1 hard x3 2/2 idle 2/2 zoner 2/2 | roll 1.5s upd 13.4s
[brain] it 3522 [league 66%] R/ep 11.36 ent 2.20 kl 0.008 | hit/swing 58% dj/min 28.6 blk/min 0.2 abiHit 37 supHit 84 | aerial 3/3 sovereign 3/5 human 0/1 zoner 2/2 easy 2/2 expert 3/3 summoner 2/2 counter 1/1 self 6/10 idle 4/4 turtle 1/1 medium 2/2 expert x2 0/1 switcher 1/1 | roll 1.4s upd 13.7s
[brain] it 3523 [league 68%] R/ep 9.14 ent 2.36 kl 0.007 | hit/swing 42% dj/min 34.2 blk/min 0.0 abiHit 61 supHit 59 | sovereign 4/4 self 3/8 expert x2 2/2 hard x3 1/1 idle 1/1 switcher 1/2 turtle 1/2 expert 3/3 rushdown 1/2 medium 1/1 easy 1/1 aerial 0/1 human 0/1 zoner 1/1 | roll 1.4s upd 14.6s
[brain] it 3524 [league 68%] R/ep 10.36 ent 2.16 kl 0.008 | hit/swing 59% dj/min 30.1 blk/min 0.3 abiHit 48 supHit 95 | self 5/12 sovereign 7/10 hard 1/1 zoner 3/3 idle 2/2 medium 3/3 expert x2 0/1 hard x3 2/2 expert 2/2 switcher 1/1 easy 1/1 rushdown 2/2 aerial 1/1 turtle 1/1 | roll 1.4s upd 13.5s
[brain] it 3525 [league 70%] R/ep 9.53 ent 2.31 kl 0.006 | hit/swing 39% dj/min 33.5 blk/min 0.1 abiHit 60 supHit 82 | summoner 2/2 easy 1/1 human 2/3 idle 2/2 hard 2/2 sovereign 3/4 aerial 1/1 rushdown 0/2 switcher 1/1 self 3/6 expert x2 1/1 expert 4/4 medium 2/2 counter 0/1 | roll 1.5s upd 14.6s
[brain] it 3526 [league 71%] R/ep 9.28 ent 2.31 kl 0.008 | hit/swing 46% dj/min 32.6 blk/min 0.1 abiHit 45 supHit 79 | self 7/14 zoner 4/4 summoner 1/2 idle 4/4 turtle 2/2 aerial 1/1 sovereign 3/3 medium 1/1 expert x2 1/1 human 1/2 expert 2/2 hard 2/2 easy 1/1 rushdown 0/1 | roll 1.4s upd 13.5s
[brain] it 3527 [league 70%] R/ep 10.65 ent 2.22 kl 0.008 | hit/swing 53% dj/min 31.8 blk/min 0.3 abiHit 52 supHit 72 | switcher 3/3 summoner 1/1 self 4/12 medium 1/1 turtle 3/3 expert x2 3/4 idle 2/2 hard 3/3 sovereign 0/1 human 3/3 zoner 1/1 expert 1/1 | roll 1.5s upd 13.6s
[brain] it 3528 [league 69%] R/ep 8.13 ent 2.22 kl 0.007 | hit/swing 47% dj/min 30.4 blk/min 0.1 abiHit 64 supHit 65 | self 4/10 summoner 1/2 aerial 2/2 idle 3/3 zoner 4/4 easy 1/1 hard 2/2 sovereign 2/4 expert 2/2 expert x2 0/1 counter 2/2 human 1/2 medium 1/1 | roll 1.3s upd 13.5s
[brain] it 3529 [league 68%] R/ep 8.14 ent 2.26 kl 0.008 | hit/swing 55% dj/min 30.1 blk/min 0.4 abiHit 57 supHit 72 | medium 3/3 hard 2/2 expert x2 2/2 rushdown 1/1 turtle 1/1 idle 1/1 aerial 0/1 human 3/3 self 4/12 easy 2/2 expert 2/2 summoner 1/1 sovereign 1/3 counter 0/1 hard x3 1/1 | roll 1.5s upd 13.5s
[brain] it 3530 [league 66%] R/ep 9.24 ent 2.32 kl 0.006 | hit/swing 47% dj/min 32.0 blk/min 0.0 abiHit 37 supHit 50 | switcher 3/3 expert 3/3 self 4/9 human 2/3 rushdown 1/2 medium 2/2 hard 2/2 expert x2 1/1 aerial 1/1 summoner 1/1 sovereign 0/2 zoner 1/1 counter 1/1 | roll 1.3s upd 12.5s
[brain] it 3531 [league 65%] R/ep 10.54 ent 2.17 kl 0.007 | hit/swing 63% dj/min 31.9 blk/min 0.0 abiHit 29 supHit 82 | zoner 3/3 turtle 2/2 expert 6/6 self 6/13 sovereign 2/3 rushdown 1/1 summoner 4/4 easy 2/2 hard x3 2/2 aerial 2/2 hard 1/1 idle 1/1 human 1/1 | roll 1.4s upd 13.5s
[brain] it 3532 [league 64%] R/ep 9.62 ent 2.13 kl 0.006 | hit/swing 66% dj/min 27.2 blk/min 0.1 abiHit 29 supHit 87 | human 2/2 self 6/12 idle 6/6 switcher 3/3 sovereign 2/4 expert 6/6 summoner 2/3 aerial 1/1 counter 3/3 medium 1/1 turtle 1/1 easy 1/1 | roll 1.4s upd 13.8s
[brain] it 3533 [league 65%] R/ep 11.73 ent 2.19 kl 0.007 | hit/swing 56% dj/min 31.5 blk/min 0.2 abiHit 43 supHit 80 | self 4/8 sovereign 4/5 expert x2 4/4 zoner 2/2 switcher 2/2 expert 9/9 rushdown 1/2 hard 1/1 easy 2/2 aerial 1/1 summoner 1/1 counter 2/2 human 1/1 | roll 1.4s upd 14.8s
[brain] it 3534 [league 65%] R/ep 10.90 ent 2.14 kl 0.009 | hit/swing 59% dj/min 28.8 blk/min 0.3 abiHit 46 supHit 86 | expert 4/4 self 4/10 counter 3/3 turtle 1/1 sovereign 5/6 hard x3 0/1 zoner 3/3 aerial 2/2 easy 2/2 human 1/1 medium 1/1 rushdown 1/1 switcher 1/1 hard 1/1 summoner 3/3 idle 2/2 expert x2 1/1 | roll 1.3s upd 12.4s
[brain] it 3535 [league 65%] R/ep 11.72 ent 2.25 kl 0.008 | hit/swing 53% dj/min 34.2 blk/min 0.1 abiHit 41 supHit 76 | sovereign 3/5 self 2/6 expert 6/6 hard x3 2/3 human 2/2 expert x2 1/1 turtle 3/3 rushdown 2/2 aerial 2/2 counter 2/3 switcher 1/1 medium 1/1 idle 1/1 | roll 1.3s upd 13.6s
[brain] it 3536 [league 65%] R/ep 13.15 ent 2.11 kl 0.007 | hit/swing 68% dj/min 29.7 blk/min 0.3 abiHit 24 supHit 97 | self 8/10 aerial 1/1 sovereign 3/4 medium 1/1 counter 1/1 easy 1/1 human 5/5 rushdown 3/3 expert 5/5 hard x3 1/1 zoner 1/1 hard 2/2 summoner 1/1 idle 1/1 switcher 1/1 | roll 1.4s upd 13.6s
[brain] it 3537 [league 66%] R/ep 10.58 ent 2.20 kl 0.007 | hit/swing 55% dj/min 32.6 blk/min 0.0 abiHit 63 supHit 83 | summoner 1/1 sovereign 2/4 self 4/10 counter 4/4 switcher 2/2 human 2/2 expert 4/4 idle 3/3 hard x3 2/2 zoner 1/1 hard 1/1 easy 1/1 aerial 1/1 | roll 1.3s upd 13.6s
[brain] it 3538 [league 67%] R/ep 13.92 ent 2.22 kl 0.007 | hit/swing 58% dj/min 34.0 blk/min 0.2 abiHit 37 supHit 80 | self 3/6 turtle 2/2 rushdown 0/1 sovereign 4/4 aerial 2/2 expert 7/7 human 1/1 summoner 2/2 idle 1/1 easy 4/4 zoner 5/5 hard x3 1/1 hard 1/1 medium 4/4 expert x2 1/1 | roll 1.4s upd 13.6s
[brain] it 3539 [league 66%] R/ep 7.69 ent 2.19 kl 0.008 | hit/swing 48% dj/min 27.8 blk/min 0.0 abiHit 95 supHit 59 | self 5/11 expert x2 1/2 hard 2/2 easy 2/2 counter 1/1 medium 3/3 idle 2/2 expert 5/5 sovereign 2/4 human 1/1 | roll 1.4s upd 13.8s
[brain] it 3540 [league 66%] R/ep 10.48 ent 2.22 kl 0.006 | hit/swing 45% dj/min 31.0 blk/min 0.0 abiHit 53 supHit 61 | hard 3/3 turtle 2/2 self 2/5 medium 2/2 aerial 2/2 idle 2/2 expert 5/5 easy 2/2 expert x2 1/1 switcher 3/3 counter 1/1 sovereign 1/2 summoner 1/1 rushdown 0/1 | roll 1.3s upd 13.6s
[brain] it 3541 [league 67%] R/ep 9.21 ent 2.36 kl 0.008 | hit/swing 51% dj/min 38.8 blk/min 0.2 abiHit 29 supHit 66 | easy 4/4 hard 4/4 expert 3/3 sovereign 4/6 counter 1/1 summoner 1/1 aerial 0/1 human 1/1 self 4/9 switcher 1/1 rushdown 1/1 expert x2 2/2 hard x3 1/1 medium 1/1 | roll 1.6s upd 13.5s
[brain] it 3542 [league 66%] R/ep 13.15 ent 2.12 kl 0.008 | hit/swing 62% dj/min 33.0 blk/min 0.2 abiHit 14 supHit 109 | expert x2 3/3 expert 3/3 summoner 2/2 counter 3/3 zoner 3/3 hard 2/2 self 9/14 human 1/1 sovereign 4/6 medium 3/3 turtle 1/1 rushdown 1/1 aerial 3/3 idle 2/2 easy 1/1 | roll 1.5s upd 13.9s
[brain] it 3543 [league 66%] R/ep 7.02 ent 2.20 kl 0.007 | hit/swing 55% dj/min 33.0 blk/min 0.3 abiHit 32 supHit 71 | sovereign 3/6 self 3/11 human 2/2 idle 2/2 expert x2 1/1 counter 3/3 expert 1/1 medium 2/2 rushdown 0/1 hard x3 2/3 switcher 2/2 easy 1/1 | roll 1.5s upd 13.5s
[brain] it 3544 [league 65%] R/ep 10.98 ent 2.27 kl 0.008 | hit/swing 53% dj/min 31.2 blk/min 0.1 abiHit 65 supHit 71 | sovereign 5/7 easy 3/3 self 2/7 medium 2/2 turtle 1/1 counter 1/1 rushdown 2/3 aerial 2/2 hard 4/4 switcher 3/3 hard x3 0/1 expert 3/3 zoner 2/2 | roll 1.7s upd 14.6s
[brain] it 3545 [league 65%] R/ep 14.60 ent 2.19 kl 0.007 | hit/swing 55% dj/min 29.3 blk/min 0.2 abiHit 82 supHit 65 | self 1/2 summoner 5/6 expert 7/7 idle 3/3 switcher 3/3 counter 3/4 expert x2 1/1 hard x3 1/1 sovereign 1/1 easy 4/4 rushdown 0/1 zoner 1/1 | roll 1.2s upd 13.4s
[brain] it 3546 [league 67%] R/ep 12.66 ent 2.14 kl 0.007 | hit/swing 62% dj/min 30.1 blk/min 0.2 abiHit 35 supHit 108 | hard 2/2 sovereign 6/6 self 5/11 expert 4/4 expert x2 3/3 medium 3/3 aerial 1/1 easy 3/3 hard x3 3/3 counter 1/1 idle 2/2 turtle 1/1 summoner 1/1 | roll 1.4s upd 14.8s
[brain] it 3547 [league 66%] R/ep 9.98 ent 2.22 kl 0.008 | hit/swing 59% dj/min 31.4 blk/min 0.1 abiHit 39 supHit 70 | summoner 3/4 medium 3/3 sovereign 2/5 aerial 1/1 expert 6/6 self 3/5 counter 2/2 expert x2 1/2 zoner 1/1 rushdown 2/2 easy 1/1 turtle 1/1 idle 1/1 | roll 1.3s upd 13.6s
[brain] it 3548 [league 67%] R/ep 12.10 ent 2.23 kl 0.007 | hit/swing 48% dj/min 33.4 blk/min 0.1 abiHit 65 supHit 88 | zoner 2/2 expert 3/3 hard x3 1/2 self 6/12 hard 1/1 rushdown 2/2 turtle 1/1 counter 3/3 switcher 2/2 sovereign 4/4 medium 2/2 aerial 2/2 expert x2 0/1 | roll 1.5s upd 13.7s
[brain] it 3549 [league 65%] R/ep 11.38 ent 2.23 kl 0.007 | hit/swing 56% dj/min 32.2 blk/min 0.3 abiHit 55 supHit 77 | expert 6/6 hard 1/1 self 6/10 switcher 2/3 easy 2/2 sovereign 3/6 human 1/2 expert x2 2/2 counter 1/1 idle 2/2 zoner 2/2 hard x3 0/1 turtle 2/2 medium 1/1 rushdown 1/1 | roll 1.3s upd 12.4s
[brain] it 3550 [league 67%] R/ep 11.00 ent 2.15 kl 0.008 | hit/swing 60% dj/min 26.0 blk/min 0.1 abiHit 60 supHit 87 | self 7/12 zoner 2/2 turtle 1/1 medium 2/2 idle 1/1 sovereign 6/7 hard 2/2 summoner 2/2 aerial 2/2 expert 3/3 counter 1/1 easy 2/2 expert x2 1/2 human 1/1 | roll 1.4s upd 13.7s
[brain] it 3551 [league 69%] R/ep 9.28 ent 2.19 kl 0.007 | hit/swing 50% dj/min 32.1 blk/min 0.0 abiHit 94 supHit 84 | expert 4/5 hard 3/3 expert x2 3/3 counter 1/1 self 3/9 human 2/2 sovereign 3/3 summoner 3/4 easy 2/2 hard x3 0/1 switcher 1/1 turtle 1/1 aerial 0/1 | roll 1.5s upd 13.5s
[brain] it 3552 [league 70%] R/ep 12.76 ent 2.23 kl 0.008 | hit/swing 62% dj/min 29.6 blk/min 0.4 abiHit 85 supHit 69 | self 3/7 switcher 1/1 summoner 1/1 aerial 2/2 expert 6/6 hard 1/1 hard x3 2/2 expert x2 3/3 medium 1/1 counter 2/2 rushdown 1/2 human 1/1 easy 1/1 turtle 1/1 sovereign 1/1 | roll 1.3s upd 13.6s
[brain] it 3553 [league 72%] R/ep 10.94 ent 2.16 kl 0.007 | hit/swing 56% dj/min 26.9 blk/min 0.1 abiHit 94 supHit 80 | medium 5/5 sovereign 5/7 human 1/1 hard x3 1/2 expert 3/3 self 2/5 rushdown 1/1 idle 1/1 turtle 2/2 counter 2/2 summoner 3/3 switcher 0/2 expert x2 1/1 easy 2/2 | roll 1.4s upd 13.6s
[brain] it 3554 [league 70%] R/ep 8.73 ent 2.16 kl 0.007 | hit/swing 59% dj/min 32.1 blk/min 0.3 abiHit 44 supHit 84 | summoner 2/2 sovereign 4/7 counter 2/2 expert x2 2/2 idle 2/2 self 4/12 expert 4/4 human 1/2 switcher 3/3 zoner 1/1 hard x3 1/1 turtle 2/2 | roll 1.4s upd 13.5s
[brain] it 3555 [league 69%] R/ep 13.68 ent 2.13 kl 0.006 | hit/swing 57% dj/min 30.2 blk/min 0.1 abiHit 83 supHit 92 | summoner 3/3 expert 6/6 aerial 2/2 self 6/7 turtle 1/1 expert x2 3/3 hard 2/2 rushdown 0/1 switcher 2/2 sovereign 2/4 counter 1/1 idle 1/1 easy 2/2 hard x3 1/1 | roll 1.3s upd 13.5s
[brain] it 3556 [league 68%] R/ep 6.19 ent 2.24 kl 0.006 | hit/swing 47% dj/min 32.8 blk/min 0.0 abiHit 53 supHit 71 | switcher 2/3 counter 2/2 zoner 1/1 self 3/11 medium 2/2 sovereign 3/7 expert 3/3 rushdown 1/1 aerial 1/1 hard 1/1 turtle 1/1 easy 2/2 hard x3 0/1 expert x2 1/1 | roll 1.5s upd 13.6s
[brain] it 3557 [league 66%] R/ep 8.64 ent 2.23 kl 0.008 | hit/swing 42% dj/min 32.6 blk/min 0.1 abiHit 92 supHit 64 | self 3/11 sovereign 3/6 zoner 2/2 rushdown 2/2 hard 2/2 medium 4/4 aerial 2/2 turtle 1/1 summoner 1/1 switcher 1/1 easy 2/2 expert 4/4 hard x3 0/1 | roll 1.3s upd 13.4s
[brain] it 3558 [league 65%] R/ep 12.63 ent 2.19 kl 0.008 | hit/swing 55% dj/min 31.8 blk/min 0.0 abiHit 72 supHit 85 | summoner 3/3 expert x2 5/5 self 1/7 aerial 2/2 expert 5/5 turtle 2/2 human 1/1 medium 2/2 sovereign 1/3 zoner 1/1 switcher 2/2 rushdown 1/1 hard 1/1 | roll 1.5s upd 13.4s
[brain] it 3559 [league 61%] R/ep 10.51 ent 2.19 kl 0.008 | hit/swing 65% dj/min 31.3 blk/min 0.1 abiHit 31 supHit 89 | summoner 2/2 sovereign 0/5 idle 1/1 aerial 0/1 hard x3 1/2 medium 3/3 self 1/4 rushdown 1/2 human 3/3 hard 2/2 easy 4/4 counter 2/2 expert 6/6 expert x2 1/1 | roll 1.2s upd 13.4s
[brain] it 3560 [league 61%] R/ep 9.40 ent 2.18 kl 0.008 | hit/swing 55% dj/min 31.3 blk/min 0.1 abiHit 72 supHit 75 | hard x3 2/2 aerial 1/1 easy 3/3 self 5/14 summoner 2/2 idle 3/3 turtle 2/2 switcher 1/2 expert 2/2 hard 2/2 sovereign 1/2 zoner 1/1 expert x2 1/1 | roll 1.4s upd 13.5s
[brain] it 3561 [league 60%] R/ep 7.59 ent 2.18 kl 0.008 | hit/swing 61% dj/min 32.9 blk/min 0.2 abiHit 32 supHit 65 | switcher 3/3 sovereign 1/5 self 3/10 hard x3 0/1 turtle 2/3 human 1/1 expert x2 2/2 easy 2/2 hard 2/2 rushdown 1/1 aerial 1/2 summoner 1/1 zoner 1/1 medium 1/1 idle 1/1 counter 1/1 | roll 1.3s upd 13.5s
[brain] it 3562 [league 58%] R/ep 6.24 ent 2.25 kl 0.008 | hit/swing 52% dj/min 34.5 blk/min 0.1 abiHit 25 supHit 67 | self 3/12 sovereign 1/3 counter 2/2 summoner 1/2 rushdown 1/2 aerial 1/1 hard 2/2 idle 2/2 expert 3/3 easy 4/4 zoner 1/1 medium 1/1 | roll 1.4s upd 13.5s
[brain] it 3563 [league 56%] R/ep 8.92 ent 2.27 kl 0.008 | hit/swing 51% dj/min 34.9 blk/min 0.1 abiHit 63 supHit 67 | switcher 1/1 hard x3 2/2 self 1/9 sovereign 0/3 expert x2 1/1 expert 4/4 rushdown 1/1 zoner 2/2 turtle 2/2 easy 4/4 aerial 2/2 hard 2/2 | roll 1.3s upd 12.5s
[brain] it 3564 [league 57%] R/ep 13.00 ent 2.19 kl 0.007 | hit/swing 54% dj/min 34.8 blk/min 0.3 abiHit 65 supHit 89 | sovereign 4/7 self 4/10 zoner 3/3 switcher 2/2 idle 1/1 turtle 3/4 medium 2/2 hard x3 3/3 counter 1/1 easy 1/1 hard 1/1 expert 1/1 | roll 1.4s upd 12.5s
[brain] it 3565 [league 56%] R/ep 11.05 ent 2.13 kl 0.009 | hit/swing 57% dj/min 32.1 blk/min 0.2 abiHit 34 supHit 97 | self 11/16 easy 1/1 sovereign 2/3 expert x2 1/2 idle 3/3 hard x3 0/2 rushdown 1/1 counter 2/2 expert 1/1 human 1/1 summoner 1/1 hard 1/1 switcher 3/3 aerial 1/1 | roll 1.4s upd 13.7s
[brain] it 3566 [league 57%] R/ep 12.34 ent 2.22 kl 0.007 | hit/swing 53% dj/min 31.9 blk/min 0.0 abiHit 74 supHit 75 | easy 2/2 medium 3/3 sovereign 3/3 summoner 2/2 rushdown 1/1 expert x2 1/2 switcher 3/3 self 3/6 expert 2/2 hard 1/1 human 1/2 aerial 3/3 idle 2/2 zoner 1/1 turtle 1/1 | roll 1.3s upd 13.4s
[brain] it 3567 [league 57%] R/ep 13.27 ent 2.18 kl 0.008 | hit/swing 59% dj/min 32.7 blk/min 0.1 abiHit 49 supHit 94 | medium 2/2 self 8/11 hard 3/3 human 3/3 sovereign 2/3 expert 4/4 expert x2 3/4 hard x3 1/1 idle 1/1 counter 1/1 easy 1/1 turtle 1/1 rushdown 1/1 summoner 1/1 | roll 1.3s upd 14.4s
[brain] it 3568 [league 55%] R/ep 8.16 ent 2.24 kl 0.007 | hit/swing 51% dj/min 34.5 blk/min 0.3 abiHit 25 supHit 65 | counter 1/1 sovereign 2/4 self 7/14 zoner 2/2 aerial 1/2 rushdown 1/2 easy 1/1 idle 3/3 expert 2/2 hard x3 1/1 summoner 1/1 hard 1/1 human 1/1 medium 1/1 | roll 1.4s upd 13.6s
[brain] it 3569 [league 54%] R/ep 11.47 ent 2.22 kl 0.007 | hit/swing 49% dj/min 32.5 blk/min 0.1 abiHit 82 supHit 65 | rushdown 2/2 sovereign 1/3 expert 7/7 self 4/10 expert x2 1/1 zoner 3/3 human 2/2 counter 1/1 summoner 1/1 hard x3 2/2 aerial 1/1 idle 1/1 medium 1/1 | roll 1.4s upd 13.6s
[brain] it 3570 [league 53%] R/ep 9.29 ent 2.16 kl 0.008 | hit/swing 54% dj/min 33.4 blk/min 0.3 abiHit 39 supHit 68 | expert 7/7 zoner 2/2 sovereign 2/5 hard 2/2 turtle 1/1 rushdown 1/1 self 7/12 summoner 1/2 hard x3 1/1 switcher 1/1 medium 1/1 easy 1/1 | roll 1.5s upd 12.3s
[brain] it 3571 [league 52%] R/ep 13.22 ent 2.29 kl 0.007 | hit/swing 46% dj/min 32.2 blk/min 0.1 abiHit 94 supHit 64 | turtle 2/2 expert 2/2 summoner 2/3 medium 1/1 easy 3/3 rushdown 1/1 expert x2 2/2 counter 2/2 zoner 1/1 sovereign 2/4 switcher 1/1 aerial 2/2 self 1/2 idle 2/2 human 2/2 hard 1/1 | roll 1.2s upd 13.5s
[brain] it 3572 [league 53%] R/ep 10.76 ent 2.25 kl 0.008 | hit/swing 45% dj/min 37.5 blk/min 0.1 abiHit 54 supHit 75 | zoner 2/2 sovereign 2/2 expert x2 0/1 self 4/10 expert 2/3 medium 3/3 switcher 4/4 aerial 1/1 human 2/2 hard 3/3 easy 1/1 summoner 1/1 hard x3 1/2 counter 1/1 idle 1/1 turtle 1/1 | roll 1.4s upd 14.7s
[brain] it 3573 [league 53%] R/ep 12.35 ent 2.17 kl 0.008 | hit/swing 64% dj/min 34.7 blk/min 0.3 abiHit 46 supHit 92 | counter 1/1 hard 1/1 sovereign 4/5 turtle 1/1 aerial 1/1 switcher 4/4 rushdown 2/2 self 10/13 summoner 4/4 easy 2/2 zoner 1/1 expert 7/7 hard x3 1/1 | roll 1.4s upd 13.6s
[brain] it 3574 [league 53%] R/ep 11.21 ent 2.22 kl 0.008 | hit/swing 57% dj/min 34.1 blk/min 0.1 abiHit 66 supHit 69 | self 3/8 expert 4/4 aerial 1/2 idle 1/1 sovereign 3/4 medium 4/4 zoner 2/2 rushdown 4/4 counter 1/1 summoner 2/2 switcher 2/2 hard x3 0/1 | roll 1.3s upd 13.5s
[brain] it 3575 [league 52%] R/ep 13.66 ent 2.25 kl 0.008 | hit/swing 50% dj/min 37.1 blk/min 0.0 abiHit 68 supHit 74 | aerial 2/3 idle 2/2 self 3/5 rushdown 0/1 zoner 1/1 expert x2 1/1 hard x3 1/1 human 3/3 sovereign 3/4 easy 1/1 turtle 5/5 expert 3/3 summoner 2/2 medium 1/1 | roll 1.4s upd 14.6s
[brain] it 3576 [league 53%] R/ep 13.21 ent 2.08 kl 0.008 | hit/swing 63% dj/min 30.5 blk/min 0.2 abiHit 32 supHit 92 | counter 3/3 self 6/12 summoner 3/3 expert x2 1/1 rushdown 1/1 aerial 1/1 idle 2/2 expert 5/5 sovereign 2/2 turtle 2/2 switcher 2/2 human 2/2 zoner 2/2 hard 1/1 hard x3 1/1 | roll 1.3s upd 13.6s
[brain] it 3577 [league 53%] R/ep 11.12 ent 2.26 kl 0.007 | hit/swing 48% dj/min 36.6 blk/min 0.0 abiHit 67 supHit 72 | aerial 1/1 switcher 2/2 hard 4/4 sovereign 2/3 idle 2/2 medium 1/1 counter 2/2 self 2/6 rushdown 1/2 hard x3 0/2 expert x2 2/2 summoner 1/1 expert 1/1 easy 4/4 | roll 1.4s upd 13.5s
[brain] it 3578 [league 51%] R/ep 9.94 ent 2.25 kl 0.008 | hit/swing 56% dj/min 34.9 blk/min 0.1 abiHit 57 supHit 62 | aerial 1/1 human 1/1 self 7/12 expert 4/4 switcher 2/2 hard 2/2 sovereign 3/5 idle 1/1 rushdown 0/1 medium 3/3 easy 2/2 turtle 1/1 zoner 2/2 | roll 1.5s upd 12.4s
[brain] it 3579 [league 52%] R/ep 10.73 ent 2.21 kl 0.009 | hit/swing 45% dj/min 33.8 blk/min 0.2 abiHit 66 supHit 60 | medium 2/2 aerial 1/1 rushdown 0/1 counter 1/1 self 6/8 easy 2/2 turtle 1/1 summoner 5/5 sovereign 3/4 zoner 2/2 hard 1/1 idle 3/3 expert 3/3 hard x3 0/1 human 1/1 | roll 1.3s upd 12.3s
[brain] it 3580 [league 53%] R/ep 10.56 ent 2.22 kl 0.008 | hit/swing 53% dj/min 34.3 blk/min 0.1 abiHit 53 supHit 68 | self 4/9 expert 3/4 easy 2/2 expert x2 2/3 sovereign 3/5 zoner 2/2 human 2/2 hard 1/1 rushdown 1/1 medium 1/1 switcher 1/1 summoner 1/1 aerial 2/2 | roll 1.3s upd 13.6s
[brain] it 3581 [league 54%] R/ep 9.06 ent 2.21 kl 0.007 | hit/swing 47% dj/min 33.3 blk/min 0.3 abiHit 31 supHit 83 | rushdown 4/4 self 7/11 switcher 1/2 medium 2/2 hard 3/3 counter 1/1 aerial 1/1 human 1/1 expert 2/2 expert x2 1/1 turtle 0/1 idle 2/2 sovereign 1/1 | roll 1.3s upd 12.3s
[brain] it 3582 [league 55%] R/ep 11.46 ent 2.19 kl 0.007 | hit/swing 55% dj/min 32.1 blk/min 0.0 abiHit 65 supHit 83 | hard x3 2/3 self 3/10 sovereign 4/6 rushdown 0/1 expert 1/1 counter 1/1 zoner 3/3 human 3/4 idle 6/6 switcher 1/1 summoner 2/2 medium 2/2 | roll 1.5s upd 13.6s
[brain] it 3583 [league 57%] R/ep 9.09 ent 2.18 kl 0.007 | hit/swing 57% dj/min 35.2 blk/min 0.2 abiHit 30 supHit 77 | sovereign 6/9 self 8/14 summoner 2/2 expert 7/8 switcher 1/1 zoner 4/4 rushdown 0/1 easy 1/1 hard x3 1/1 human 1/1 idle 1/1 aerial 1/1 | roll 1.5s upd 13.6s
[brain] it 3584 [league 58%] R/ep 8.88 ent 2.24 kl 0.007 | hit/swing 52% dj/min 36.5 blk/min 0.1 abiHit 46 supHit 83 | idle 2/2 self 11/17 expert 4/4 sovereign 1/3 hard 3/3 medium 1/1 human 1/2 rushdown 0/1 aerial 2/2 expert x2 0/1 hard x3 1/1 switcher 1/1 | roll 1.4s upd 13.6s
[brain] it 3585 [league 60%] R/ep 11.63 ent 2.19 kl 0.006 | hit/swing 60% dj/min 35.7 blk/min 0.1 abiHit 24 supHit 95 | expert 6/6 self 8/15 switcher 2/2 turtle 1/1 sovereign 3/4 zoner 2/2 counter 1/1 idle 1/1 medium 2/2 hard x3 3/3 expert x2 0/1 human 1/1 | roll 1.5s upd 13.6s
[brain] it 3586 [league 60%] R/ep 11.71 ent 2.21 kl 0.007 | hit/swing 55% dj/min 34.6 blk/min 0.3 abiHit 60 supHit 82 | self 5/12 easy 1/1 aerial 1/1 expert 4/4 switcher 1/1 turtle 3/3 medium 2/2 hard 1/1 zoner 2/2 sovereign 1/4 counter 1/1 summoner 2/2 hard x3 3/3 rushdown 2/2 expert x2 1/1 | roll 1.5s upd 13.7s
[brain] it 3587 [league 61%] R/ep 9.69 ent 2.30 kl 0.006 | hit/swing 48% dj/min 37.0 blk/min 0.2 abiHit 36 supHit 63 | aerial 3/3 expert 7/7 sovereign 2/4 rushdown 1/1 self 5/6 human 1/3 medium 2/2 counter 1/1 easy 3/3 turtle 0/1 zoner 1/1 summoner 0/1 idle 1/1 expert x2 0/1 hard 1/1 | roll 1.4s upd 13.5s
[brain] it 3588 [league 64%] R/ep 8.36 ent 2.28 kl 0.007 | hit/swing 44% dj/min 36.5 blk/min 0.0 abiHit 41 supHit 69 | rushdown 2/2 self 4/7 human 2/3 summoner 2/2 counter 2/2 sovereign 3/6 expert 3/3 zoner 1/1 aerial 0/1 medium 1/1 expert x2 1/1 | roll 1.3s upd 14.2s
[brain] it 3589 [league 64%] R/ep 12.72 ent 2.19 kl 0.007 | hit/swing 67% dj/min 34.6 blk/min 0.2 abiHit 53 supHit 85 | self 4/7 aerial 2/2 sovereign 6/7 expert x2 1/2 human 1/1 hard x3 2/3 turtle 3/3 rushdown 0/1 expert 6/6 easy 1/1 switcher 1/1 counter 2/2 medium 2/2 zoner 2/2 | roll 1.8s upd 22.1s
[brain] it 3590 [league 63%] R/ep 11.28 ent 2.16 kl 0.006 | hit/swing 56% dj/min 29.8 blk/min 0.2 abiHit 49 supHit 94 | summoner 2/2 self 5/11 sovereign 4/6 expert x2 2/2 hard 5/5 counter 2/2 expert 5/5 zoner 4/4 easy 2/2 switcher 2/2 idle 1/1 medium 1/1 turtle 0/1 | roll 1.5s upd 17.6s
[brain] it 3591 [league 63%] R/ep 10.29 ent 2.32 kl 0.006 | hit/swing 45% dj/min 34.3 blk/min 0.1 abiHit 67 supHit 63 | self 4/7 expert 6/6 rushdown 1/2 expert x2 2/2 hard 1/1 counter 3/4 hard x3 0/1 summoner 2/2 turtle 0/1 sovereign 0/1 switcher 1/1 medium 3/3 aerial 1/1 | roll 1.8s upd 17.2s
[brain] it 3592 [league 63%] R/ep 7.71 ent 2.26 kl 0.006 | hit/swing 52% dj/min 33.7 blk/min 0.2 abiHit 86 supHit 69 | expert 5/5 counter 2/2 switcher 2/2 rushdown 1/2 idle 2/2 sovereign 3/5 easy 2/2 self 2/7 medium 3/3 hard x3 1/2 turtle 1/1 human 1/1 expert x2 0/1 | roll 1.4s upd 13.7s
[brain] it 3593 [league 64%] R/ep 11.38 ent 2.16 kl 0.006 | hit/swing 58% dj/min 29.5 blk/min 0.2 abiHit 45 supHit 88 | medium 3/3 rushdown 1/1 sovereign 2/3 expert 8/8 switcher 1/1 self 6/9 easy 2/2 counter 3/3 human 1/2 hard x3 1/1 idle 1/1 aerial 1/2 summoner 2/2 turtle 1/1 expert x2 1/1 | roll 1.4s upd 13.6s
[brain] it 3594 [league 62%] R/ep 7.37 ent 2.27 kl 0.008 | hit/swing 47% dj/min 31.0 blk/min 0.2 abiHit 63 supHit 55 | human 2/2 idle 5/5 expert 5/5 self 3/9 sovereign 1/5 hard x3 1/1 turtle 0/1 hard 1/1 summoner 1/1 easy 1/1 zoner 1/1 rushdown 0/1 | roll 1.4s upd 13.5s
[brain] it 3595 [league 63%] R/ep 10.94 ent 2.18 kl 0.008 | hit/swing 54% dj/min 32.8 blk/min 0.2 abiHit 52 supHit 92 | self 0/5 rushdown 1/1 easy 5/5 hard 1/1 aerial 4/4 expert 1/1 sovereign 4/6 summoner 5/5 medium 4/4 counter 2/2 zoner 1/1 hard x3 1/1 human 0/1 switcher 0/1 | roll 1.2s upd 13.9s
[brain] it 3596 [league 60%] R/ep 8.47 ent 2.23 kl 0.007 | hit/swing 51% dj/min 34.6 blk/min 0.2 abiHit 41 supHit 76 | hard x3 2/2 expert 3/4 counter 1/1 sovereign 3/7 easy 2/2 self 3/9 human 0/1 aerial 1/1 hard 2/2 medium 3/3 rushdown 0/1 expert x2 1/1 idle 1/1 zoner 1/1 | roll 1.4s upd 13.9s
[brain] it 3597 [league 59%] R/ep 8.86 ent 2.24 kl 0.006 | hit/swing 50% dj/min 34.5 blk/min 0.0 abiHit 42 supHit 76 | medium 3/3 self 3/7 summoner 1/2 hard x3 1/1 expert x2 1/1 aerial 2/2 human 1/1 sovereign 5/8 counter 3/3 expert 3/3 idle 1/1 zoner 1/1 rushdown 0/1 switcher 0/1 turtle 0/1 | roll 1.5s upd 14.7s
[brain] it 3598 [league 60%] R/ep 13.84 ent 2.17 kl 0.007 | hit/swing 59% dj/min 32.2 blk/min 0.1 abiHit 70 supHit 80 | medium 2/2 aerial 2/2 counter 2/2 switcher 2/2 self 4/8 expert x2 2/2 summoner 2/2 sovereign 2/3 expert 3/3 rushdown 3/3 zoner 3/3 idle 1/1 hard 1/1 hard x3 1/2 | roll 1.3s upd 13.4s
[brain] it 3599 [league 58%] R/ep 9.77 ent 2.21 kl 0.007 | hit/swing 59% dj/min 32.7 blk/min 0.0 abiHit 27 supHit 94 | self 8/15 medium 2/2 easy 3/3 sovereign 4/7 hard 4/4 human 1/1 expert 3/3 zoner 2/2 summoner 1/1 idle 2/2 turtle 2/2 switcher 1/1 counter 1/1 rushdown 1/1 | roll 1.5s upd 13.4s
[brain] it 3600 [league 58%] R/ep 9.87 ent 2.29 kl 0.008 | hit/swing 44% dj/min 33.6 blk/min 0.3 abiHit 51 supHit 73 | self 7/15 aerial 2/2 counter 2/2 summoner 1/1 expert 7/7 rushdown 1/2 easy 1/1 zoner 1/1 sovereign 1/2 hard x3 1/1 switcher 1/1 idle 1/1 medium 1/1 | roll 1.4s upd 14.6s
[brain] it 3601 [league 58%] R/ep 10.22 ent 2.21 kl 0.008 | hit/swing 52% dj/min 31.2 blk/min 0.0 abiHit 40 supHit 46 | expert 4/4 human 0/1 medium 1/1 expert x2 1/1 summoner 1/1 idle 1/1 self 2/5 sovereign 3/4 hard x3 1/1 counter 1/1 aerial 2/3 rushdown 1/1 | roll 4.9s upd 9.0s
[brain] it 3602 [league 58%] R/ep 10.30 ent 2.14 kl 0.007 | hit/swing 60% dj/min 27.4 blk/min 0.1 abiHit 42 supHit 42 | easy 1/1 self 6/9 hard x3 0/1 human 2/2 turtle 2/2 expert 4/4 sovereign 1/1 switcher 1/1 medium 2/2 idle 2/2 hard 1/1 | roll 5.1s upd 9.2s
[brain] it 3603 [league 58%] R/ep 12.38 ent 2.21 kl 0.007 | hit/swing 62% dj/min 29.6 blk/min 0.1 abiHit 48 supHit 46 | expert 2/2 zoner 1/1 self 3/7 medium 1/1 summoner 2/3 turtle 2/2 aerial 1/1 counter 2/2 hard 3/3 idle 1/1 hard x3 1/1 expert x2 1/1 | roll 5.3s upd 9.1s
[brain] it 3604 [league 58%] R/ep 9.79 ent 2.28 kl 0.009 | hit/swing 53% dj/min 29.5 blk/min 0.1 abiHit 73 supHit 57 | turtle 3/3 sovereign 2/3 expert 4/4 self 3/10 summoner 2/2 hard x3 1/1 counter 1/1 hard 1/1 switcher 1/2 zoner 1/1 human 1/1 medium 1/1 | roll 1.6s upd 14.5s
[brain] it 3605 [league 57%] R/ep 8.92 ent 2.18 kl 0.006 | hit/swing 49% dj/min 31.2 blk/min 0.1 abiHit 64 supHit 70 | expert 10/10 idle 1/1 self 8/15 hard 1/1 sovereign 1/3 turtle 2/2 easy 2/2 rushdown 2/2 aerial 1/1 expert x2 1/1 | roll 1.6s upd 14.0s
[brain] it 3606 [league 59%] R/ep 10.01 ent 2.24 kl 0.006 | hit/swing 59% dj/min 33.1 blk/min 0.1 abiHit 34 supHit 88 | counter 2/2 self 5/12 expert 3/3 turtle 1/1 sovereign 7/8 summoner 1/1 zoner 1/1 switcher 1/3 hard 2/2 hard x3 1/2 easy 1/1 expert x2 1/1 medium 1/1 human 1/1 aerial 1/1 | roll 1.9s upd 15.1s
[brain] it 3607 [league 59%] R/ep 11.03 ent 2.19 kl 0.007 | hit/swing 57% dj/min 33.9 blk/min 0.1 abiHit 30 supHit 75 | self 6/12 turtle 1/1 human 2/2 expert 5/5 sovereign 1/2 easy 1/1 zoner 3/3 switcher 1/1 aerial 3/3 rushdown 2/2 counter 1/1 hard x3 0/1 expert x2 2/2 medium 2/2 | roll 1.4s upd 13.7s
[brain] it 3608 [league 61%] R/ep 15.46 ent 2.25 kl 0.007 | hit/swing 59% dj/min 34.1 blk/min 0.5 abiHit 39 supHit 72 | rushdown 1/2 sovereign 5/5 hard 1/1 turtle 3/3 zoner 4/4 idle 2/2 self 2/4 switcher 1/1 aerial 2/2 hard x3 2/2 expert 5/5 easy 2/2 counter 1/1 medium 1/1 summoner 1/1 | roll 1.5s upd 13.9s
[brain] it 3609 [league 62%] R/ep 9.50 ent 2.14 kl 0.008 | hit/swing 55% dj/min 33.1 blk/min 0.0 abiHit 28 supHit 84 | self 7/14 idle 2/2 counter 2/2 aerial 3/3 human 1/1 summoner 3/3 sovereign 2/5 expert 4/4 turtle 2/2 zoner 1/1 rushdown 1/1 expert x2 1/1 easy 1/1 | roll 1.6s upd 13.7s
[brain] it 3610 [league 60%] R/ep 11.47 ent 2.15 kl 0.007 | hit/swing 62% dj/min 30.9 blk/min 0.1 abiHit 47 supHit 73 | self 9/11 expert 6/6 switcher 1/1 expert x2 1/2 rushdown 2/3 human 1/1 sovereign 0/3 turtle 4/4 hard 1/1 idle 2/2 counter 2/2 summoner 1/1 zoner 2/2 | roll 1.5s upd 13.5s
[brain] it 3611 [league 59%] R/ep 9.99 ent 2.14 kl 0.007 | hit/swing 60% dj/min 28.8 blk/min 0.1 abiHit 53 supHit 81 | human 3/3 self 3/9 medium 2/2 hard 3/3 sovereign 2/5 idle 1/1 expert 5/5 turtle 4/5 switcher 3/3 zoner 1/1 counter 2/2 aerial 2/2 easy 1/1 | roll 1.5s upd 13.8s
[brain] it 3612 [league 57%] R/ep 9.41 ent 2.29 kl 0.007 | hit/swing 59% dj/min 33.0 blk/min 0.2 abiHit 40 supHit 66 | self 0/7 expert x2 5/5 sovereign 4/8 zoner 3/3 turtle 1/1 expert 2/2 hard x3 0/1 summoner 2/2 human 0/1 medium 1/1 rushdown 1/1 aerial 1/1 counter 1/1 | roll 1.6s upd 13.6s
[brain] it 3613 [league 59%] R/ep 9.98 ent 2.09 kl 0.007 | hit/swing 64% dj/min 32.8 blk/min 0.1 abiHit 8 supHit 109 | counter 2/2 sovereign 8/10 expert x2 2/3 switcher 1/1 self 5/13 easy 1/1 summoner 1/1 hard 4/4 idle 2/2 medium 1/1 expert 1/1 aerial 1/1 human 1/1 zoner 1/1 hard x3 1/1 turtle 2/2 rushdown 1/1 | roll 1.5s upd 13.6s
[brain] it 3614 [league 60%] R/ep 13.46 ent 2.23 kl 0.008 | hit/swing 56% dj/min 31.3 blk/min 0.1 abiHit 29 supHit 87 | expert 2/2 expert x2 2/2 turtle 3/3 sovereign 2/2 self 3/6 hard x3 2/2 rushdown 2/3 switcher 3/3 medium 1/1 easy 2/2 aerial 1/1 summoner 1/1 human 1/2 counter 1/1 | roll 1.4s upd 13.7s
[brain] it 3615 [league 61%] R/ep 12.12 ent 2.15 kl 0.007 | hit/swing 61% dj/min 31.8 blk/min 0.0 abiHit 44 supHit 94 | idle 1/1 self 7/9 hard 1/1 medium 2/2 expert 3/3 counter 3/3 sovereign 3/4 easy 2/2 hard x3 1/2 rushdown 0/2 human 2/2 summoner 2/2 switcher 1/1 expert x2 1/1 | roll 1.4s upd 13.6s
[brain] it 3616 [league 60%] R/ep 7.88 ent 2.32 kl 0.009 | hit/swing 39% dj/min 34.4 blk/min 0.1 abiHit 72 supHit 69 | self 5/9 sovereign 2/7 human 2/2 switcher 0/1 expert 3/3 counter 1/1 turtle 2/2 expert x2 1/1 easy 1/1 zoner 1/1 rushdown 1/1 hard x3 1/1 aerial 1/1 | roll 1.7s upd 14.7s
[brain] it 3617 [league 61%] R/ep 13.20 ent 2.27 kl 0.008 | hit/swing 59% dj/min 31.2 blk/min 0.3 abiHit 82 supHit 59 | easy 1/1 switcher 4/4 expert 1/1 self 4/7 zoner 2/2 hard x3 1/2 counter 1/1 rushdown 1/1 sovereign 2/2 idle 1/1 summoner 5/5 expert x2 2/2 aerial 0/1 hard 1/1 | roll 1.4s upd 13.5s
[brain] it 3618 [league 61%] R/ep 14.85 ent 2.29 kl 0.006 | hit/swing 58% dj/min 30.3 blk/min 0.0 abiHit 68 supHit 59 | expert x2 2/2 self 3/5 hard x3 1/2 summoner 2/2 idle 1/1 rushdown 2/2 easy 1/1 medium 1/1 hard 3/3 expert 1/1 zoner 2/2 turtle 3/3 counter 2/2 | roll 1.2s upd 13.5s
[brain] it 3619 [league 61%] R/ep 8.84 ent 2.23 kl 0.008 | hit/swing 59% dj/min 32.1 blk/min 0.1 abiHit 47 supHit 82 | self 4/12 human 1/1 sovereign 2/3 turtle 2/2 idle 1/1 expert 6/7 aerial 1/1 expert x2 1/3 hard x3 2/2 switcher 2/2 counter 1/1 | roll 1.5s upd 13.6s
[brain] it 3620 [league 64%] R/ep 12.46 ent 2.21 kl 0.008 | hit/swing 60% dj/min 33.1 blk/min 0.2 abiHit 29 supHit 90 | sovereign 6/7 self 3/4 switcher 2/2 turtle 5/5 expert 7/7 counter 1/1 summoner 3/4 zoner 1/1 hard x3 1/2 rushdown 1/2 human 1/1 medium 3/3 | roll 1.3s upd 13.4s
[brain] it 3621 [league 64%] R/ep 10.38 ent 2.24 kl 0.008 | hit/swing 57% dj/min 28.3 blk/min 0.4 abiHit 60 supHit 67 | expert 7/7 self 4/9 human 1/1 hard x3 0/1 summoner 1/1 zoner 1/1 medium 1/1 turtle 2/2 idle 1/1 sovereign 3/4 counter 4/5 aerial 2/2 | roll 1.4s upd 13.9s
[brain] it 3622 [league 63%] R/ep 11.19 ent 2.09 kl 0.006 | hit/swing 62% dj/min 28.6 blk/min 0.1 abiHit 53 supHit 96 | counter 5/5 switcher 2/2 sovereign 1/4 summoner 2/2 self 5/9 medium 2/2 turtle 4/4 idle 2/2 expert 3/3 human 3/3 zoner 2/2 aerial 2/2 easy 2/2 hard 2/2 expert x2 0/1 | roll 1.5s upd 13.6s
[brain] it 3623 [league 62%] R/ep 8.21 ent 2.30 kl 0.007 | hit/swing 52% dj/min 34.2 blk/min 0.1 abiHit 34 supHit 68 | idle 1/1 sovereign 2/3 self 4/11 medium 2/2 summoner 1/2 expert 4/5 hard 1/1 turtle 1/1 human 4/4 zoner 1/1 hard x3 1/2 aerial 1/1 rushdown 1/1 switcher 0/1 | roll 1.6s upd 13.4s
[brain] it 3624 [league 62%] R/ep 14.50 ent 2.22 kl 0.007 | hit/swing 55% dj/min 27.5 blk/min 0.1 abiHit 90 supHit 72 | easy 2/2 aerial 2/2 turtle 1/1 switcher 1/1 self 3/4 expert x2 4/4 counter 2/3 expert 9/9 summoner 4/4 human 0/1 medium 2/2 sovereign 1/2 hard 1/1 | roll 1.3s upd 13.5s
[brain] it 3625 [league 62%] R/ep 11.08 ent 2.28 kl 0.008 | hit/swing 44% dj/min 31.9 blk/min 0.2 abiHit 66 supHit 68 | medium 3/3 idle 1/1 turtle 2/2 self 3/7 expert x2 2/2 expert 2/2 human 1/3 sovereign 2/4 summoner 3/3 rushdown 4/4 hard 1/1 hard x3 1/1 | roll 1.4s upd 13.2s
[brain] it 3626 [league 62%] R/ep 12.80 ent 2.22 kl 0.006 | hit/swing 56% dj/min 27.6 blk/min 0.1 abiHit 44 supHit 63 | summoner 4/5 self 6/9 zoner 5/5 counter 0/1 rushdown 3/4 expert 4/4 sovereign 1/2 hard 1/1 hard x3 1/1 switcher 1/1 turtle 3/3 easy 3/3 | roll 1.6s upd 14.5s
[brain] it 3627 [league 62%] R/ep 13.95 ent 2.16 kl 0.006 | hit/swing 57% dj/min 25.3 blk/min 0.1 abiHit 84 supHit 77 | counter 2/2 sovereign 2/3 self 4/9 expert 7/7 summoner 4/4 turtle 1/1 switcher 2/2 zoner 1/1 hard x3 2/2 medium 1/1 idle 3/3 aerial 3/3 rushdown 1/1 hard 1/1 | roll 1.3s upd 13.7s
[brain] it 3628 [league 62%] R/ep 10.58 ent 2.19 kl 0.008 | hit/swing 61% dj/min 27.5 blk/min 0.3 abiHit 30 supHit 93 | sovereign 4/7 human 1/2 self 5/9 rushdown 2/2 aerial 2/2 expert x2 1/1 easy 2/2 expert 3/3 counter 1/1 turtle 5/5 hard x3 1/1 switcher 1/1 zoner 2/2 idle 2/2 hard 1/1 | roll 1.5s upd 14.6s
[brain] it 3629 [league 62%] R/ep 9.03 ent 2.25 kl 0.008 | hit/swing 65% dj/min 33.8 blk/min 0.3 abiHit 53 supHit 86 | expert x2 2/3 zoner 1/1 expert 7/7 hard x3 0/1 summoner 2/2 medium 1/1 easy 2/2 sovereign 2/3 hard 2/2 self 3/10 rushdown 1/3 counter 2/2 human 1/1 switcher 1/1 | roll 1.6s upd 13.8s
[brain] it 3630 [league 61%] R/ep 12.99 ent 2.29 kl 0.009 | hit/swing 64% dj/min 32.5 blk/min 0.6 abiHit 43 supHit 86 | summoner 3/3 sovereign 5/7 medium 1/1 idle 1/1 human 2/2 easy 1/1 self 3/4 switcher 4/4 hard x3 2/5 zoner 2/2 counter 1/1 expert 2/2 rushdown 1/1 expert x2 1/2 | roll 1.7s upd 14.6s
[brain] it 3631 [league 60%] R/ep 11.19 ent 2.21 kl 0.005 | hit/swing 62% dj/min 28.7 blk/min 0.0 abiHit 41 supHit 78 | idle 4/4 switcher 1/1 turtle 2/2 sovereign 5/7 expert x2 1/1 human 1/1 expert 5/5 hard 1/1 rushdown 1/1 medium 2/2 self 3/8 zoner 1/1 hard x3 1/1 summoner 2/2 aerial 1/1 | roll 1.5s upd 12.6s
[brain] it 3632 [league 63%] R/ep 9.34 ent 2.19 kl 0.007 | hit/swing 57% dj/min 32.7 blk/min 0.3 abiHit 25 supHit 73 | self 5/12 counter 3/3 expert 4/4 sovereign 4/5 aerial 2/2 medium 2/2 summoner 3/3 hard 1/1 rushdown 1/1 zoner 2/2 switcher 3/3 human 1/1 easy 1/1 | roll 1.5s upd 13.6s
[brain] it 3633 [league 64%] R/ep 13.39 ent 2.26 kl 0.007 | hit/swing 45% dj/min 30.7 blk/min 0.0 abiHit 88 supHit 67 | easy 2/2 rushdown 3/4 sovereign 3/5 expert 7/7 summoner 1/1 medium 1/1 idle 2/2 human 1/2 expert x2 1/1 aerial 1/1 switcher 1/1 self 1/1 hard 1/1 counter 1/1 | roll 1.5s upd 13.5s
[brain] it 3634 [league 62%] R/ep 10.67 ent 2.20 kl 0.008 | hit/swing 59% dj/min 29.4 blk/min 0.1 abiHit 60 supHit 74 | expert 6/6 expert x2 2/2 zoner 1/1 easy 2/2 self 5/7 sovereign 0/4 rushdown 1/2 hard 1/1 hard x3 1/1 summoner 1/1 switcher 1/1 human 1/1 turtle 2/2 idle 2/2 counter 0/1 | roll 1.4s upd 13.5s
[brain] it 3635 [league 63%] R/ep 10.96 ent 2.20 kl 0.007 | hit/swing 64% dj/min 29.7 blk/min 0.1 abiHit 35 supHit 77 | hard 2/2 self 5/9 hard x3 1/2 switcher 2/2 idle 2/2 easy 2/2 sovereign 4/6 counter 2/2 medium 3/3 expert 6/6 zoner 1/1 turtle 1/1 | roll 1.4s upd 13.7s
[brain] it 3636 [league 62%] R/ep 15.02 ent 2.04 kl 0.008 | hit/swing 70% dj/min 29.4 blk/min 0.4 abiHit 42 supHit 102 | sovereign 2/3 self 8/14 zoner 2/2 easy 2/2 expert 7/7 hard x3 4/4 counter 1/1 medium 2/2 hard 3/3 idle 3/3 switcher 1/1 aerial 2/2 turtle 2/2 rushdown 1/1 | roll 1.3s upd 13.6s
[brain] it 3637 [league 62%] R/ep 10.94 ent 2.26 kl 0.007 | hit/swing 44% dj/min 31.2 blk/min 0.1 abiHit 68 supHit 59 | self 6/9 idle 2/2 sovereign 1/2 turtle 2/2 easy 1/1 medium 1/1 switcher 3/3 expert x2 3/3 hard x3 0/1 aerial 1/1 zoner 1/1 summoner 1/1 human 1/1 counter 1/1 expert 1/1 | roll 1.5s upd 13.4s
[brain] it 3638 [league 61%] R/ep 8.27 ent 2.26 kl 0.006 | hit/swing 47% dj/min 34.2 blk/min 0.3 abiHit 58 supHit 82 | expert 4/4 rushdown 0/1 expert x2 3/3 self 6/15 sovereign 2/4 hard 1/1 human 4/4 idle 2/2 counter 1/1 summoner 1/1 | roll 1.8s upd 14.4s
[brain] it 3639 [league 58%] R/ep 8.91 ent 2.18 kl 0.007 | hit/swing 58% dj/min 31.8 blk/min 0.1 abiHit 37 supHit 84 | expert 3/3 medium 1/1 sovereign 4/8 self 4/12 idle 1/1 turtle 2/2 human 2/3 summoner 2/2 hard 3/3 rushdown 1/1 easy 1/1 switcher 1/1 counter 2/2 zoner 1/1 expert x2 1/1 | roll 1.5s upd 12.5s
[brain] it 3640 [league 59%] R/ep 10.07 ent 2.33 kl 0.007 | hit/swing 50% dj/min 32.1 blk/min 0.1 abiHit 46 supHit 81 | medium 1/1 hard x3 2/3 sovereign 4/8 switcher 2/2 counter 2/2 turtle 1/1 self 4/9 human 2/2 easy 2/2 expert 2/2 idle 1/1 expert x2 1/1 | roll 1.6s upd 13.4s
[brain] it 3641 [league 58%] R/ep 8.99 ent 2.24 kl 0.009 | hit/swing 52% dj/min 31.2 blk/min 0.5 abiHit 41 supHit 73 | sovereign 2/4 self 5/11 rushdown 0/1 hard 2/2 medium 2/2 aerial 3/3 expert 5/5 summoner 3/3 zoner 4/4 easy 1/1 hard x3 0/1 | roll 1.4s upd 13.8s
[brain] it 3642 [league 59%] R/ep 10.80 ent 2.21 kl 0.006 | hit/swing 50% dj/min 33.0 blk/min 0.2 abiHit 83 supHit 70 | self 1/8 switcher 2/2 counter 3/3 sovereign 4/4 human 3/3 hard x3 0/1 expert x2 0/1 medium 4/4 easy 3/3 expert 2/2 aerial 3/4 zoner 1/1 hard 2/2 | roll 1.3s upd 14.1s
[brain] it 3643 [league 56%] R/ep 8.40 ent 2.21 kl 0.006 | hit/swing 61% dj/min 33.9 blk/min 0.1 abiHit 18 supHit 83 | self 6/10 rushdown 1/1 hard 2/2 sovereign 2/6 expert 7/7 summoner 4/4 hard x3 1/1 counter 1/1 aerial 1/2 expert x2 1/1 human 1/1 medium 1/1 easy 1/1 | roll 1.6s upd 13.5s
[brain] it 3644 [league 60%] R/ep 10.99 ent 2.16 kl 0.007 | hit/swing 58% dj/min 31.1 blk/min 0.0 abiHit 65 supHit 85 | idle 5/5 medium 3/3 self 4/11 expert x2 1/1 hard 1/1 sovereign 4/4 easy 2/2 expert 6/6 turtle 2/2 counter 2/2 aerial 1/1 switcher 1/1 | roll 1.5s upd 13.6s
[brain] it 3645 [league 59%] R/ep 9.42 ent 2.23 kl 0.006 | hit/swing 53% dj/min 32.9 blk/min 0.3 abiHit 27 supHit 85 | expert 4/4 self 6/13 idle 2/2 switcher 1/1 sovereign 1/3 counter 4/4 rushdown 2/2 human 2/2 summoner 2/2 aerial 2/2 zoner 1/1 easy 1/1 hard 1/1 | roll 1.4s upd 12.6s
[brain] it 3646 [league 60%] R/ep 6.56 ent 2.22 kl 0.007 | hit/swing 56% dj/min 32.9 blk/min 0.1 abiHit 20 supHit 78 | sovereign 3/4 human 1/1 self 5/14 aerial 1/2 summoner 3/3 medium 2/2 hard 1/1 expert 2/2 hard x3 0/1 expert x2 2/2 rushdown 0/1 switcher 1/1 turtle 1/1 | roll 1.4s upd 13.5s
[brain] it 3647 [league 58%] R/ep 10.17 ent 2.21 kl 0.007 | hit/swing 55% dj/min 34.7 blk/min 0.2 abiHit 38 supHit 90 | hard 2/2 easy 1/1 summoner 1/1 self 7/12 expert 6/6 sovereign 1/4 aerial 2/3 expert x2 2/2 hard x3 1/1 turtle 1/2 human 2/2 idle 3/3 medium 1/1 switcher 0/1 | roll 1.4s upd 14.9s
[brain] it 3648 [league 59%] R/ep 10.47 ent 2.13 kl 0.006 | hit/swing 59% dj/min 30.3 blk/min 0.0 abiHit 65 supHit 78 | turtle 2/2 self 3/11 expert 6/6 expert x2 1/1 sovereign 1/1 summoner 2/2 idle 4/4 easy 2/2 medium 2/2 aerial 3/3 switcher 2/3 rushdown 1/1 hard 2/2 zoner 1/1 counter 1/1 | roll 1.3s upd 13.5s
[brain] it 3649 [league 59%] R/ep 12.09 ent 2.26 kl 0.008 | hit/swing 54% dj/min 30.8 blk/min 0.3 abiHit 66 supHit 61 | self 5/7 counter 1/1 medium 1/1 human 1/1 aerial 1/2 easy 3/3 turtle 3/3 sovereign 2/2 summoner 2/2 zoner 3/3 expert 3/3 idle 3/3 hard x3 0/1 switcher 3/3 expert x2 0/1 | roll 1.4s upd 14.6s
[brain] it 3650 [league 59%] R/ep 12.00 ent 2.23 kl 0.008 | hit/swing 60% dj/min 30.5 blk/min 0.0 abiHit 41 supHit 87 | sovereign 3/6 expert x2 0/1 rushdown 2/2 human 1/1 aerial 4/5 self 5/7 easy 5/5 turtle 1/1 hard x3 2/2 idle 1/1 expert 4/4 zoner 2/2 hard 1/1 switcher 1/1 summoner 1/1 | roll 1.4s upd 14.7s
[brain] it 3651 [league 58%] R/ep 13.19 ent 2.20 kl 0.004 | hit/swing 52% dj/min 29.7 blk/min 0.1 abiHit 53 supHit 71 | turtle 5/5 sovereign 4/6 summoner 1/2 counter 1/1 self 7/8 expert 4/4 medium 2/2 switcher 3/3 aerial 1/1 easy 1/1 idle 1/1 expert x2 1/1 rushdown 1/1 zoner 1/1 | roll 1.4s upd 13.5s
[brain] it 3652 [league 60%] R/ep 11.64 ent 2.17 kl 0.007 | hit/swing 63% dj/min 31.6 blk/min 0.4 abiHit 49 supHit 86 | self 3/7 counter 3/3 sovereign 5/5 switcher 5/5 expert 5/6 aerial 1/1 expert x2 2/2 hard x3 0/1 zoner 1/1 summoner 1/1 human 1/1 easy 1/1 idle 3/3 rushdown 1/1 | roll 1.4s upd 13.6s
[brain] it 3653 [league 58%] R/ep 12.41 ent 2.13 kl 0.007 | hit/swing 67% dj/min 28.2 blk/min 0.3 abiHit 38 supHit 84 | idle 3/3 self 7/10 expert 6/6 sovereign 0/3 summoner 2/2 easy 1/1 hard x3 2/3 hard 1/1 turtle 5/5 switcher 1/1 rushdown 2/2 zoner 1/1 aerial 1/1 counter 1/1 | roll 1.4s upd 13.5s
[brain] it 3654 [league 56%] R/ep 10.77 ent 2.33 kl 0.006 | hit/swing 56% dj/min 33.3 blk/min 0.2 abiHit 34 supHit 60 | idle 3/3 expert x2 1/1 counter 1/1 easy 2/2 hard x3 1/2 summoner 3/3 rushdown 1/1 medium 3/3 hard 1/1 sovereign 1/5 self 5/8 zoner 2/2 turtle 1/1 expert 1/2 switcher 1/1 | roll 1.6s upd 14.6s
[brain] it 3655 [league 55%] R/ep 10.58 ent 2.21 kl 0.008 | hit/swing 56% dj/min 34.8 blk/min 0.3 abiHit 33 supHit 79 | self 5/11 hard x3 1/2 hard 2/2 sovereign 2/3 summoner 2/3 expert 6/6 human 2/2 easy 1/1 aerial 0/1 counter 3/3 expert x2 0/1 idle 2/2 rushdown 1/1 medium 1/1 | roll 1.5s upd 13.4s
[brain] it 3656 [league 53%] R/ep 11.14 ent 2.19 kl 0.005 | hit/swing 58% dj/min 29.7 blk/min 0.4 abiHit 57 supHit 75 | human 2/2 expert 4/4 sovereign 0/4 self 5/12 idle 2/2 hard x3 2/2 turtle 1/1 hard 4/4 zoner 2/2 counter 1/2 expert x2 1/2 aerial 1/1 switcher 1/1 medium 1/1 summoner 1/1 | roll 1.5s upd 13.6s
[brain] it 3657 [league 54%] R/ep 10.93 ent 2.27 kl 0.007 | hit/swing 46% dj/min 35.0 blk/min 0.1 abiHit 72 supHit 60 | easy 3/3 self 4/10 zoner 2/2 sovereign 2/3 human 3/3 expert 4/4 medium 1/1 counter 2/2 hard 4/4 switcher 1/1 aerial 1/1 idle 1/1 rushdown 0/1 | roll 1.5s upd 13.5s
[brain] it 3658 [league 53%] R/ep 8.70 ent 2.20 kl 0.007 | hit/swing 56% dj/min 33.3 blk/min 0.2 abiHit 26 supHit 93 | hard 2/2 self 4/9 counter 3/3 sovereign 5/10 medium 1/1 easy 3/3 human 4/4 expert 4/4 summoner 1/2 rushdown 1/1 | roll 1.4s upd 14.1s
[brain] it 3659 [league 54%] R/ep 7.19 ent 2.25 kl 0.009 | hit/swing 46% dj/min 32.0 blk/min 0.1 abiHit 40 supHit 60 | self 2/10 expert 4/4 switcher 1/1 sovereign 2/2 medium 3/3 idle 2/2 human 2/2 summoner 4/4 easy 1/1 aerial 1/1 expert x2 1/1 | roll 1.5s upd 14.6s
[brain] it 3660 [league 55%] R/ep 9.02 ent 2.34 kl 0.007 | hit/swing 42% dj/min 36.4 blk/min 0.2 abiHit 28 supHit 50 | sovereign 3/5 counter 1/1 zoner 2/2 expert 1/1 switcher 2/3 self 4/7 human 3/4 turtle 2/3 medium 1/1 expert x2 1/1 | roll 1.6s upd 16.0s
[brain] it 3661 [league 56%] R/ep 9.07 ent 2.22 kl 0.008 | hit/swing 61% dj/min 30.1 blk/min 0.0 abiHit 55 supHit 77 | self 6/15 expert x2 3/3 zoner 1/1 summoner 2/2 switcher 1/1 expert 6/6 sovereign 3/3 rushdown 0/1 hard 4/4 medium 1/1 easy 2/2 turtle 1/1 aerial 1/1 | roll 1.6s upd 15.3s
[brain] it 3662 [league 55%] R/ep 4.84 ent 2.31 kl 0.005 | hit/swing 52% dj/min 31.0 blk/min 0.1 abiHit 34 supHit 43 | self 1/6 expert 3/3 medium 1/1 sovereign 1/6 counter 1/2 idle 2/3 turtle 1/1 aerial 1/1 summoner 3/3 switcher 2/2 hard 1/1 | roll 1.8s upd 13.7s
[brain] it 3663 [league 56%] R/ep 9.84 ent 2.21 kl 0.007 | hit/swing 59% dj/min 31.4 blk/min 0.0 abiHit 42 supHit 92 | sovereign 3/5 self 7/15 medium 2/2 expert 4/4 idle 1/1 hard 4/4 zoner 2/2 summoner 2/2 switcher 3/4 easy 3/3 expert x2 1/1 aerial 1/1 human 1/1 | roll 1.4s upd 13.8s
[brain] it 3664 [league 57%] R/ep 13.48 ent 2.14 kl 0.006 | hit/swing 56% dj/min 30.3 blk/min 0.2 abiHit 57 supHit 86 | easy 1/1 expert 8/9 hard 1/1 human 1/1 switcher 2/2 self 6/10 sovereign 5/5 expert x2 3/3 idle 1/1 rushdown 1/1 summoner 2/2 hard x3 1/1 aerial 1/1 zoner 1/1 medium 1/1 | roll 1.4s upd 13.5s
[brain] it 3665 [league 56%] R/ep 8.33 ent 2.18 kl 0.007 | hit/swing 52% dj/min 31.2 blk/min 0.2 abiHit 42 supHit 74 | self 6/12 sovereign 2/4 switcher 3/3 idle 4/4 human 1/1 counter 2/2 hard x3 1/3 turtle 2/2 rushdown 1/2 hard 1/1 expert 2/2 expert x2 1/1 medium 1/1 | roll 1.5s upd 13.8s
[brain] it 3666 [league 59%] R/ep 11.71 ent 2.15 kl 0.008 | hit/swing 59% dj/min 31.5 blk/min 0.1 abiHit 46 supHit 90 | rushdown 3/3 expert 5/5 idle 5/5 sovereign 5/5 self 3/9 hard 1/1 turtle 1/1 counter 2/2 easy 2/2 switcher 2/2 human 1/2 medium 1/1 summoner 2/2 zoner 2/2 | roll 1.3s upd 13.5s
[brain] it 3667 [league 59%] R/ep 11.08 ent 2.26 kl 0.009 | hit/swing 51% dj/min 31.0 blk/min 0.0 abiHit 64 supHit 57 | rushdown 1/2 idle 2/2 self 4/7 expert x2 2/2 expert 4/4 medium 1/1 hard x3 1/3 turtle 1/1 zoner 1/1 hard 2/2 sovereign 1/1 human 0/1 summoner 2/2 | roll 1.4s upd 13.5s
[brain] it 3668 [league 58%] R/ep 7.55 ent 2.22 kl 0.008 | hit/swing 50% dj/min 28.7 blk/min 0.3 abiHit 86 supHit 54 | expert 3/3 sovereign 3/5 self 3/10 easy 4/4 aerial 3/4 hard 2/2 human 1/1 summoner 2/2 idle 2/2 | roll 1.4s upd 13.7s
[brain] it 3669 [league 57%] R/ep 10.74 ent 2.24 kl 0.009 | hit/swing 58% dj/min 28.4 blk/min 0.0 abiHit 48 supHit 77 | hard 3/3 expert x2 1/1 expert 6/6 self 4/8 sovereign 2/6 hard x3 2/2 summoner 3/3 easy 2/2 counter 1/1 switcher 1/2 turtle 1/1 human 1/1 | roll 1.4s upd 13.5s
[brain] it 3670 [league 59%] R/ep 8.81 ent 2.22 kl 0.006 | hit/swing 52% dj/min 30.6 blk/min 0.1 abiHit 61 supHit 75 | self 7/15 expert 5/5 human 2/2 hard x3 1/1 idle 2/2 turtle 1/1 hard 1/1 summoner 2/2 sovereign 3/4 easy 1/1 switcher 1/1 | roll 1.6s upd 14.6s
[brain] it 3671 [league 59%] R/ep 13.04 ent 2.11 kl 0.007 | hit/swing 57% dj/min 28.7 blk/min 0.3 abiHit 83 supHit 83 | self 7/11 summoner 1/1 switcher 2/2 expert 4/4 sovereign 4/4 zoner 1/1 medium 2/2 rushdown 2/2 aerial 1/1 counter 1/2 easy 2/2 turtle 2/2 hard x3 2/2 human 1/1 | roll 1.4s upd 13.5s
[brain] it 3672 [league 61%] R/ep 12.19 ent 2.18 kl 0.006 | hit/swing 53% dj/min 28.9 blk/min 0.3 abiHit 47 supHit 89 | self 5/9 hard 1/1 sovereign 5/6 human 1/1 expert 8/8 switcher 2/2 turtle 1/1 zoner 3/3 counter 2/2 idle 2/2 summoner 1/1 medium 3/3 aerial 1/1 easy 1/1 | roll 1.4s upd 13.5s
[brain] it 3673 [league 59%] R/ep 11.67 ent 2.12 kl 0.007 | hit/swing 57% dj/min 28.2 blk/min 0.1 abiHit 68 supHit 102 | expert 6/6 sovereign 7/11 hard x3 2/2 switcher 2/2 idle 2/2 medium 1/1 easy 2/2 zoner 1/1 self 6/9 counter 1/1 summoner 1/1 human 1/2 aerial 1/1 turtle 2/2 | roll 1.4s upd 13.4s
[brain] it 3674 [league 62%] R/ep 11.88 ent 2.31 kl 0.008 | hit/swing 51% dj/min 35.9 blk/min 0.1 abiHit 33 supHit 61 | expert 6/6 zoner 3/3 turtle 2/2 self 4/8 hard 2/2 sovereign 3/4 hard x3 1/1 easy 2/2 aerial 2/2 expert x2 1/1 switcher 1/2 | roll 1.3s upd 13.3s
[brain] it 3675 [league 62%] R/ep 12.75 ent 2.21 kl 0.008 | hit/swing 50% dj/min 31.0 blk/min 0.3 abiHit 57 supHit 79 | sovereign 1/3 expert 6/7 self 5/8 human 1/1 rushdown 3/3 expert x2 3/3 idle 2/2 summoner 2/2 hard 2/2 zoner 3/3 medium 2/2 easy 1/1 counter 1/1 aerial 1/2 | roll 1.4s upd 14.0s
[brain] it 3676 [league 62%] R/ep 11.36 ent 2.39 kl 0.007 | hit/swing 34% dj/min 32.6 blk/min 0.2 abiHit 96 supHit 53 | aerial 1/1 self 5/9 rushdown 0/1 expert 1/1 turtle 2/3 medium 1/1 switcher 1/1 hard 1/1 hard x3 2/2 zoner 2/2 sovereign 0/1 expert x2 1/1 idle 1/1 summoner 1/1 | roll 1.4s upd 13.5s
[brain] it 3677 [league 64%] R/ep 13.25 ent 2.19 kl 0.009 | hit/swing 58% dj/min 32.7 blk/min 0.2 abiHit 33 supHit 89 | human 1/1 expert 5/5 self 2/5 sovereign 5/8 counter 4/4 summoner 3/3 medium 1/1 easy 2/2 rushdown 1/1 hard x3 2/3 expert x2 2/3 zoner 1/1 aerial 0/1 | roll 1.3s upd 12.6s
[brain] it 3678 [league 64%] R/ep 12.69 ent 2.22 kl 0.008 | hit/swing 63% dj/min 29.7 blk/min 0.3 abiHit 51 supHit 72 | self 4/9 idle 6/6 counter 1/1 hard 2/2 hard x3 2/2 expert 4/4 aerial 1/1 medium 3/3 summoner 3/3 switcher 2/2 sovereign 1/2 zoner 1/1 rushdown 1/1 | roll 1.4s upd 13.6s
[brain] it 3679 [league 64%] R/ep 8.53 ent 2.28 kl 0.008 | hit/swing 61% dj/min 30.3 blk/min 0.1 abiHit 35 supHit 79 | idle 3/3 rushdown 0/1 turtle 3/3 easy 1/1 self 1/7 sovereign 3/7 aerial 1/1 medium 2/2 expert 5/5 human 3/3 summoner 1/1 counter 1/1 hard x3 0/1 hard 1/1 switcher 1/1 | roll 1.4s upd 13.6s
[brain] it 3680 [league 61%] R/ep 6.63 ent 2.20 kl 0.007 | hit/swing 60% dj/min 28.9 blk/min 0.2 abiHit 54 supHit 78 | self 9/18 medium 2/2 hard 2/2 expert 7/7 aerial 1/1 sovereign 0/4 summoner 1/1 idle 1/1 hard x3 1/2 rushdown 1/1 human 1/1 | roll 1.5s upd 13.7s
[brain] it 3681 [league 60%] R/ep 11.69 ent 2.13 kl 0.009 | hit/swing 66% dj/min 28.7 blk/min 0.2 abiHit 65 supHit 99 | self 3/8 zoner 2/2 expert 3/4 sovereign 4/7 hard x3 3/6 summoner 2/2 medium 1/1 expert x2 1/1 turtle 2/2 easy 1/1 aerial 2/2 idle 1/1 switcher 1/1 counter 1/1 rushdown 1/1 | roll 1.3s upd 13.6s
[brain] it 3682 [league 60%] R/ep 11.92 ent 2.14 kl 0.007 | hit/swing 60% dj/min 28.4 blk/min 0.1 abiHit 63 supHit 83 | expert x2 1/1 expert 3/3 sovereign 2/5 self 6/9 counter 4/4 human 6/6 switcher 2/2 hard 2/2 aerial 1/1 medium 1/1 idle 2/2 hard x3 1/1 easy 1/1 turtle 1/1 | roll 1.3s upd 12.6s
[brain] it 3683 [league 59%] R/ep 6.47 ent 2.27 kl 0.006 | hit/swing 53% dj/min 31.6 blk/min 0.0 abiHit 47 supHit 69 | sovereign 4/9 counter 1/1 self 8/14 expert x2 2/2 switcher 1/1 easy 1/1 expert 2/2 aerial 1/1 medium 1/1 idle 4/4 zoner 1/1 human 1/1 hard 1/1 rushdown 0/1 | roll 1.4s upd 13.6s
[brain] it 3684 [league 59%] R/ep 12.85 ent 2.23 kl 0.009 | hit/swing 51% dj/min 29.1 blk/min 0.2 abiHit 72 supHit 85 | zoner 2/2 aerial 5/5 sovereign 7/9 expert x2 1/2 expert 6/6 medium 5/5 easy 4/4 self 2/3 hard 1/1 rushdown 0/1 switcher 2/2 summoner 1/1 | roll 1.3s upd 13.6s
[brain] it 3685 [league 58%] R/ep 12.81 ent 2.24 kl 0.009 | hit/swing 65% dj/min 32.1 blk/min 0.2 abiHit 67 supHit 91 | self 3/7 hard x3 1/2 easy 2/2 zoner 2/2 sovereign 3/4 rushdown 2/2 turtle 2/2 hard 1/1 human 3/3 idle 3/3 aerial 1/1 expert x2 2/2 summoner 3/3 expert 3/3 | roll 1.5s upd 13.6s
[brain] it 3686 [league 56%] R/ep 12.37 ent 2.14 kl 0.008 | hit/swing 60% dj/min 29.2 blk/min 0.1 abiHit 62 supHit 74 | hard x3 2/2 switcher 4/4 sovereign 0/2 idle 2/2 self 4/8 medium 4/4 rushdown 1/1 counter 1/1 expert 6/6 human 1/2 zoner 1/1 summoner 1/1 easy 2/2 hard 1/1 aerial 1/1 | roll 1.3s upd 14.1s
[brain] it 3687 [league 56%] R/ep 11.53 ent 2.19 kl 0.007 | hit/swing 56% dj/min 27.8 blk/min 0.3 abiHit 65 supHit 65 | expert 4/4 self 6/10 idle 2/2 sovereign 1/3 switcher 3/3 turtle 2/2 expert x2 2/2 medium 3/3 summoner 3/4 easy 3/3 rushdown 0/1 zoner 1/1 hard x3 1/1 counter 1/1 | roll 1.5s upd 15.0s
[brain] it 3688 [league 57%] R/ep 13.19 ent 2.16 kl 0.007 | hit/swing 59% dj/min 29.9 blk/min 0.6 abiHit 42 supHit 85 | switcher 4/4 expert x2 2/3 easy 2/2 self 5/9 turtle 1/1 counter 2/2 hard 1/1 zoner 3/3 rushdown 1/2 expert 3/3 sovereign 3/3 idle 1/1 aerial 1/1 summoner 2/2 hard x3 1/1 medium 1/1 | roll 1.4s upd 13.6s
[brain] it 3689 [league 57%] R/ep 10.07 ent 2.25 kl 0.008 | hit/swing 45% dj/min 28.0 blk/min 0.1 abiHit 93 supHit 58 | rushdown 1/1 self 2/7 expert 6/6 sovereign 1/2 expert x2 1/2 hard x3 0/1 hard 2/2 summoner 1/1 switcher 1/2 idle 4/4 aerial 1/1 counter 1/1 medium 1/1 zoner 1/1 | roll 1.3s upd 12.2s
[brain] it 3690 [league 58%] R/ep 9.73 ent 2.12 kl 0.010 | hit/swing 60% dj/min 28.0 blk/min 0.3 abiHit 48 supHit 86 | idle 1/1 self 8/14 expert 8/8 turtle 0/1 counter 1/1 sovereign 3/4 human 1/1 hard x3 0/2 easy 5/5 hard 2/2 expert x2 1/1 switcher 1/2 zoner 3/3 medium 1/1 | roll 1.4s upd 13.7s
[brain] it 3691 [league 57%] R/ep 9.27 ent 2.22 kl 0.007 | hit/swing 49% dj/min 31.3 blk/min 0.3 abiHit 55 supHit 86 | hard 4/4 sovereign 5/7 self 3/11 summoner 1/1 rushdown 3/3 hard x3 1/1 counter 3/3 switcher 2/3 idle 1/1 expert 2/2 human 1/1 medium 1/1 zoner 1/1 | roll 1.5s upd 13.7s
[brain] it 3692 [league 57%] R/ep 10.93 ent 2.30 kl 0.008 | hit/swing 53% dj/min 31.1 blk/min 0.2 abiHit 59 supHit 62 | self 1/5 sovereign 3/4 medium 3/3 expert 6/6 counter 3/3 summoner 3/3 human 0/1 zoner 2/2 idle 3/3 switcher 2/2 easy 2/2 expert x2 2/2 | roll 1.4s upd 13.8s
[brain] it 3693 [league 56%] R/ep 11.52 ent 2.16 kl 0.006 | hit/swing 65% dj/min 31.1 blk/min 0.1 abiHit 18 supHit 79 | expert x2 1/1 aerial 1/1 sovereign 1/2 expert 7/7 turtle 2/2 counter 2/2 idle 4/4 self 4/7 human 1/2 summoner 1/1 rushdown 0/1 easy 2/2 hard 3/3 medium 1/1 switcher 1/1 zoner 1/1 | roll 1.3s upd 13.5s
[brain] it 3694 [league 59%] R/ep 13.47 ent 2.13 kl 0.008 | hit/swing 60% dj/min 26.2 blk/min 0.2 abiHit 53 supHit 88 | expert 5/5 self 3/7 easy 3/3 medium 3/3 expert x2 4/4 hard 2/2 aerial 1/1 idle 3/3 sovereign 4/5 turtle 3/3 counter 1/1 rushdown 1/1 human 2/2 zoner 1/1 | roll 1.3s upd 13.6s
[brain] it 3695 [league 57%] R/ep 9.68 ent 2.12 kl 0.005 | hit/swing 61% dj/min 22.2 blk/min 0.0 abiHit 76 supHit 68 | idle 3/4 self 4/9 expert 7/7 rushdown 1/1 zoner 1/1 switcher 3/3 hard 4/4 expert x2 1/2 easy 2/2 medium 2/2 sovereign 0/2 summoner 1/1 | roll 1.3s upd 13.7s
[brain] it 3696 [league 54%] R/ep 9.43 ent 2.25 kl 0.007 | hit/swing 53% dj/min 29.0 blk/min 0.2 abiHit 57 supHit 77 | self 4/8 sovereign 4/9 idle 2/2 aerial 1/3 expert 5/5 medium 2/2 switcher 2/2 expert x2 3/3 easy 4/4 zoner 2/2 | roll 1.4s upd 13.4s
[brain] it 3697 [league 56%] R/ep 5.92 ent 2.23 kl 0.008 | hit/swing 47% dj/min 29.8 blk/min 0.4 abiHit 86 supHit 71 | idle 3/3 counter 1/1 self 6/14 sovereign 3/5 rushdown 1/3 hard x3 1/1 expert 3/4 aerial 1/2 expert x2 1/1 zoner 1/1 turtle 1/2 medium 1/1 summoner 1/1 | roll 1.6s upd 14.8s
[brain] it 3698 [league 57%] R/ep 10.56 ent 2.31 kl 0.007 | hit/swing 55% dj/min 36.0 blk/min 0.1 abiHit 30 supHit 55 | hard x3 0/1 hard 1/1 switcher 2/2 expert x2 1/1 sovereign 3/3 aerial 2/2 self 5/7 human 0/1 easy 1/1 rushdown 2/3 counter 1/1 expert 4/4 medium 2/2 | roll 1.3s upd 13.5s
[brain] it 3699 [league 59%] R/ep 10.40 ent 2.08 kl 0.008 | hit/swing 66% dj/min 31.3 blk/min 0.1 abiHit 30 supHit 99 | self 6/13 hard 3/3 counter 1/1 switcher 2/2 human 2/3 expert 4/5 idle 2/2 turtle 2/2 aerial 1/1 sovereign 5/6 rushdown 2/2 medium 1/1 expert x2 2/2 | roll 1.4s upd 13.4s
[brain] it 3700 [league 60%] R/ep 15.82 ent 2.15 kl 0.007 | hit/swing 64% dj/min 31.1 blk/min 0.1 abiHit 47 supHit 113 | turtle 2/2 rushdown 3/3 hard x3 2/4 expert 2/2 idle 5/5 medium 2/2 sovereign 4/5 switcher 2/2 self 6/8 easy 2/2 human 2/2 zoner 1/1 counter 1/1 summoner 1/1 expert x2 1/1 aerial 1/1 | roll 1.4s upd 14.5s
[brain] it 3701 [league 64%] R/ep 9.55 ent 2.22 kl 0.007 | hit/swing 54% dj/min 31.8 blk/min 0.2 abiHit 50 supHit 87 | sovereign 4/6 idle 2/2 counter 3/3 rushdown 0/1 self 5/12 medium 3/3 expert 5/5 expert x2 2/3 switcher 1/1 aerial 2/2 easy 1/1 human 1/1 zoner 2/2 summoner 0/1 | roll 1.4s upd 13.4s
[brain] it 3702 [league 63%] R/ep 13.91 ent 2.15 kl 0.006 | hit/swing 63% dj/min 31.2 blk/min 0.1 abiHit 54 supHit 94 | expert 9/9 self 4/7 hard x3 2/2 rushdown 1/2 turtle 1/1 hard 1/1 medium 2/2 sovereign 0/1 idle 1/1 human 4/4 zoner 1/1 counter 2/4 expert x2 2/2 switcher 1/1 | roll 1.3s upd 13.6s
[brain] it 3703 [league 62%] R/ep 11.08 ent 2.18 kl 0.008 | hit/swing 61% dj/min 31.8 blk/min 0.3 abiHit 27 supHit 78 | sovereign 3/6 summoner 1/1 hard 2/2 self 2/7 hard x3 0/1 rushdown 1/2 expert 3/3 aerial 1/1 zoner 2/2 expert x2 1/1 turtle 5/5 easy 2/2 counter 1/1 idle 2/2 medium 1/1 | roll 1.5s upd 13.5s
[brain] it 3704 [league 63%] R/ep 12.63 ent 2.19 kl 0.006 | hit/swing 52% dj/min 34.4 blk/min 0.2 abiHit 49 supHit 103 | sovereign 2/3 hard x3 1/2 self 2/7 expert 8/8 expert x2 2/2 idle 2/2 hard 2/2 summoner 1/1 aerial 4/4 turtle 1/1 human 0/2 zoner 1/1 switcher 1/1 counter 1/1 rushdown 1/1 | roll 1.3s upd 15.5s
[brain] it 3705 [league 63%] R/ep 11.10 ent 2.25 kl 0.008 | hit/swing 54% dj/min 31.5 blk/min 0.4 abiHit 49 supHit 68 | self 3/6 expert x2 1/1 expert 9/9 switcher 2/2 zoner 2/2 sovereign 3/6 hard x3 0/2 human 0/1 hard 1/1 idle 1/1 easy 1/1 counter 1/1 turtle 1/1 medium 1/1 | roll 1.3s upd 13.5s
[brain] it 3706 [league 62%] R/ep 11.78 ent 2.20 kl 0.008 | hit/swing 44% dj/min 30.7 blk/min 0.2 abiHit 85 supHit 76 | sovereign 1/4 self 3/7 expert x2 2/2 counter 2/2 human 5/5 hard x3 1/1 summoner 2/3 rushdown 1/1 easy 2/2 expert 4/4 idle 1/1 switcher 1/1 turtle 1/1 zoner 1/1 | roll 1.3s upd 13.5s
[brain] it 3707 [league 61%] R/ep 11.47 ent 2.21 kl 0.008 | hit/swing 54% dj/min 30.9 blk/min 0.2 abiHit 53 supHit 79 | self 5/9 easy 2/2 hard 3/3 medium 6/6 idle 1/1 switcher 1/1 rushdown 2/3 sovereign 3/4 human 2/2 expert x2 1/1 turtle 1/1 summoner 0/1 expert 3/3 aerial 1/1 | roll 1.3s upd 13.7s
[brain] it 3708 [league 60%] R/ep 12.18 ent 2.19 kl 0.005 | hit/swing 61% dj/min 25.0 blk/min 0.1 abiHit 67 supHit 62 | self 1/4 sovereign 1/3 hard 5/5 expert x2 1/1 switcher 1/1 medium 2/2 idle 4/4 zoner 1/1 aerial 1/2 rushdown 2/2 turtle 1/1 expert 5/5 hard x3 1/1 easy 1/1 | roll 1.2s upd 13.7s
[brain] it 3709 [league 60%] R/ep 10.13 ent 2.26 kl 0.008 | hit/swing 49% dj/min 29.8 blk/min 0.1 abiHit 62 supHit 73 | aerial 0/1 expert 5/5 summoner 1/1 switcher 1/1 sovereign 2/3 human 1/2 hard x3 1/2 easy 1/1 turtle 4/4 hard 1/1 self 5/10 zoner 1/1 idle 1/1 | roll 1.5s upd 13.4s
[brain] it 3710 [league 61%] R/ep 10.92 ent 2.17 kl 0.008 | hit/swing 48% dj/min 29.3 blk/min 0.4 abiHit 103 supHit 88 | expert 8/8 self 7/10 medium 2/2 aerial 1/1 switcher 2/2 idle 1/1 summoner 3/3 sovereign 2/4 turtle 1/2 expert x2 1/1 hard x3 2/2 human 1/1 | roll 1.4s upd 13.4s
[brain] it 3711 [league 60%] R/ep 11.02 ent 2.13 kl 0.007 | hit/swing 56% dj/min 30.9 blk/min 0.7 abiHit 55 supHit 103 | summoner 3/3 hard x3 1/2 counter 2/2 self 5/9 aerial 1/1 turtle 4/4 zoner 2/2 expert 5/5 sovereign 3/6 switcher 2/2 easy 1/1 rushdown 1/1 human 1/2 medium 1/1 expert x2 1/1 idle 1/1 | roll 1.4s upd 13.6s
[brain] it 3712 [league 62%] R/ep 11.63 ent 2.23 kl 0.010 | hit/swing 50% dj/min 32.3 blk/min 0.2 abiHit 49 supHit 71 | self 9/14 sovereign 5/5 zoner 4/4 idle 1/1 expert 4/4 human 0/1 switcher 1/2 hard x3 2/2 medium 2/2 rushdown 1/1 counter 1/1 | roll 1.6s upd 13.5s
[brain] it 3713 [league 63%] R/ep 11.01 ent 2.21 kl 0.007 | hit/swing 53% dj/min 28.8 blk/min 0.1 abiHit 52 supHit 72 | hard x3 2/2 self 3/10 zoner 2/2 hard 2/2 sovereign 4/5 expert x2 1/1 turtle 1/1 expert 2/2 switcher 1/2 aerial 2/2 medium 1/1 easy 1/1 idle 1/1 rushdown 2/2 | roll 1.4s upd 13.6s
[brain] it 3714 [league 59%] R/ep 8.98 ent 2.27 kl 0.008 | hit/swing 62% dj/min 33.4 blk/min 0.3 abiHit 20 supHit 68 | turtle 4/4 expert 4/4 easy 2/2 idle 5/5 sovereign 1/5 self 3/6 zoner 2/2 rushdown 1/2 expert x2 1/3 medium 1/1 counter 1/1 human 0/1 | roll 1.3s upd 13.4s
[brain] it 3715 [league 57%] R/ep 11.75 ent 2.16 kl 0.008 | hit/swing 62% dj/min 28.3 blk/min 0.2 abiHit 41 supHit 93 | medium 6/6 expert 4/5 zoner 2/2 self 4/8 hard 2/2 summoner 1/1 sovereign 4/9 idle 4/4 aerial 3/3 counter 1/1 expert x2 1/1 switcher 1/1 human 4/4 easy 1/1 | roll 1.3s upd 13.6s
[brain] it 3716 [league 57%] R/ep 11.39 ent 2.18 kl 0.010 | hit/swing 62% dj/min 30.5 blk/min 0.1 abiHit 42 supHit 67 | expert 8/8 switcher 3/3 self 4/9 hard x3 2/3 zoner 2/2 medium 3/3 sovereign 1/4 summoner 1/1 idle 1/1 easy 1/1 hard 2/2 rushdown 2/2 | roll 1.3s upd 13.5s
[brain] it 3717 [league 57%] R/ep 10.08 ent 2.10 kl 0.008 | hit/swing 63% dj/min 27.5 blk/min 0.2 abiHit 31 supHit 102 | rushdown 2/2 self 7/14 medium 1/1 human 2/2 sovereign 2/4 expert 5/5 counter 1/2 summoner 3/3 aerial 1/1 idle 4/4 expert x2 1/1 switcher 2/2 hard 1/1 zoner 1/1 | roll 1.4s upd 13.7s
[brain] it 3718 [league 57%] R/ep 9.53 ent 2.21 kl 0.007 | hit/swing 53% dj/min 32.6 blk/min 0.1 abiHit 33 supHit 109 | self 4/9 sovereign 3/6 aerial 2/2 hard x3 1/1 turtle 1/1 switcher 1/1 expert x2 1/2 human 0/1 expert 2/2 summoner 4/5 easy 2/2 hard 2/2 rushdown 3/3 idle 2/2 | roll 1.3s upd 13.4s
[brain] it 3719 [league 55%] R/ep 9.98 ent 2.18 kl 0.007 | hit/swing 51% dj/min 30.7 blk/min 0.1 abiHit 72 supHit 82 | expert 6/6 self 5/10 aerial 1/1 sovereign 1/4 summoner 2/2 turtle 4/4 easy 3/3 switcher 1/2 medium 4/4 zoner 1/1 hard 1/1 counter 1/1 human 1/1 hard x3 1/1 | roll 1.4s upd 14.7s
[brain] it 3720 [league 53%] R/ep 11.04 ent 2.19 kl 0.011 | hit/swing 57% dj/min 29.8 blk/min 0.1 abiHit 80 supHit 84 | hard x3 3/3 sovereign 2/5 medium 2/2 self 5/9 expert 2/3 counter 1/1 switcher 1/1 idle 2/2 hard 4/4 expert x2 1/1 easy 2/2 human 1/1 aerial 1/1 summoner 2/2 | roll 1.3s upd 13.3s
[brain] it 3721 [league 51%] R/ep 12.07 ent 2.23 kl 0.008 | hit/swing 45% dj/min 32.0 blk/min 0.2 abiHit 110 supHit 71 | self 12/12 sovereign 1/3 medium 1/1 easy 2/2 hard x3 1/1 expert 5/5 hard 2/2 switcher 1/1 turtle 1/1 rushdown 2/2 idle 1/1 aerial 0/1 | roll 1.4s upd 14.6s
[brain] it 3722 [league 49%] R/ep 7.26 ent 2.26 kl 0.007 | hit/swing 48% dj/min 32.1 blk/min 0.1 abiHit 84 supHit 68 | self 4/10 expert 1/2 hard x3 0/1 human 1/1 summoner 1/1 sovereign 1/4 rushdown 2/2 aerial 1/1 medium 2/2 switcher 2/2 turtle 1/1 counter 2/2 | roll 1.3s upd 13.4s
[brain] it 3723 [league 50%] R/ep 13.86 ent 2.13 kl 0.006 | hit/swing 49% dj/min 28.5 blk/min 0.5 abiHit 98 supHit 76 | self 4/5 hard 3/3 expert 2/2 idle 3/3 medium 4/4 sovereign 2/2 turtle 3/3 hard x3 0/1 rushdown 2/3 summoner 5/5 expert x2 0/1 zoner 3/3 switcher 1/1 counter 1/1 easy 3/3 | roll 1.4s upd 13.5s
[brain] it 3724 [league 49%] R/ep 8.10 ent 2.15 kl 0.007 | hit/swing 61% dj/min 29.9 blk/min 0.1 abiHit 19 supHit 89 | sovereign 4/9 human 1/1 self 6/11 switcher 2/2 aerial 2/2 summoner 4/4 counter 1/1 hard x3 1/1 easy 1/1 expert 5/5 hard 1/1 idle 1/1 medium 1/1 | roll 1.4s upd 12.3s
[brain] it 3725 [league 50%] R/ep 10.66 ent 2.16 kl 0.009 | hit/swing 56% dj/min 30.4 blk/min 0.4 abiHit 75 supHit 74 | hard 3/3 turtle 3/4 self 3/7 human 2/2 summoner 1/1 sovereign 3/4 switcher 1/1 idle 5/5 hard x3 0/3 counter 1/1 rushdown 0/1 expert 1/1 aerial 1/1 | roll 1.3s upd 13.6s
[brain] it 3726 [league 49%] R/ep 6.23 ent 2.36 kl 0.007 | hit/swing 42% dj/min 38.1 blk/min 0.1 abiHit 36 supHit 56 | sovereign 3/6 self 3/9 zoner 2/2 expert 5/5 easy 1/1 human 1/1 medium 3/3 rushdown 2/3 aerial 2/2 switcher 1/1 turtle 1/1 | roll 1.4s upd 14.6s
[brain] it 3727 [league 53%] R/ep 13.26 ent 2.12 kl 0.007 | hit/swing 56% dj/min 26.1 blk/min 0.0 abiHit 65 supHit 101 | easy 3/3 turtle 2/2 sovereign 6/6 self 4/6 summoner 2/2 aerial 2/2 hard 4/4 expert 5/5 switcher 3/3 human 2/2 hard x3 1/2 idle 1/1 medium 1/1 expert x2 1/1 rushdown 0/1 | roll 1.3s upd 13.5s
[brain] it 3728 [league 52%] R/ep 6.37 ent 2.14 kl 0.006 | hit/swing 51% dj/min 30.6 blk/min 0.4 abiHit 53 supHit 90 | sovereign 5/10 expert 5/6 self 4/11 aerial 1/1 hard x3 0/2 summoner 3/3 medium 2/2 human 1/2 expert x2 1/1 easy 2/2 idle 1/1 turtle 1/1 rushdown 1/1 | roll 1.5s upd 13.9s
[brain] it 3729 [league 52%] R/ep 11.57 ent 2.15 kl 0.008 | hit/swing 63% dj/min 29.1 blk/min 0.1 abiHit 26 supHit 80 | aerial 1/3 expert 7/7 self 7/8 sovereign 2/4 rushdown 3/3 human 2/2 hard x3 0/2 medium 3/3 expert x2 2/2 turtle 2/2 easy 1/1 | roll 1.3s upd 13.5s
[brain] it 3730 [league 53%] R/ep 11.32 ent 2.28 kl 0.007 | hit/swing 40% dj/min 30.3 blk/min 0.1 abiHit 86 supHit 60 | expert 4/4 turtle 1/1 switcher 2/3 self 2/3 summoner 0/2 sovereign 1/1 zoner 1/1 hard 1/1 rushdown 1/1 idle 1/1 medium 2/2 hard x3 1/2 expert x2 0/1 counter 2/2 aerial 1/1 easy 1/1 | roll 1.2s upd 13.7s
[brain] it 3731 [league 53%] R/ep 12.05 ent 2.24 kl 0.007 | hit/swing 54% dj/min 31.7 blk/min 0.3 abiHit 67 supHit 62 | expert 5/5 sovereign 1/2 expert x2 2/2 medium 3/3 self 6/8 idle 1/1 zoner 3/3 switcher 2/3 rushdown 2/2 human 1/1 hard 3/3 hard x3 0/1 | roll 1.5s upd 14.5s
[brain] it 3732 [league 53%] R/ep 12.85 ent 2.06 kl 0.007 | hit/swing 65% dj/min 31.4 blk/min 0.3 abiHit 33 supHit 92 | summoner 1/1 aerial 1/1 counter 1/1 hard 3/3 sovereign 2/3 medium 2/2 self 9/13 expert 6/6 hard x3 3/4 switcher 1/1 human 1/1 idle 1/1 zoner 2/2 expert x2 1/1 | roll 1.4s upd 13.4s
[brain] it 3733 [league 52%] R/ep 10.05 ent 2.13 kl 0.007 | hit/swing 66% dj/min 26.2 blk/min 0.2 abiHit 39 supHit 76 | expert 4/4 self 4/13 switcher 1/1 idle 4/4 hard x3 2/2 medium 4/4 hard 2/2 zoner 1/1 aerial 1/1 counter 1/1 sovereign 2/3 rushdown 1/1 | roll 1.4s upd 12.4s
[brain] it 3734 [league 52%] R/ep 11.67 ent 2.26 kl 0.007 | hit/swing 48% dj/min 31.7 blk/min 0.2 abiHit 43 supHit 74 | self 11/14 zoner 1/1 expert x2 2/2 expert 4/4 sovereign 2/2 switcher 2/2 counter 1/1 summoner 1/1 hard x3 1/1 easy 1/1 hard 1/1 human 1/1 turtle 1/1 rushdown 0/1 aerial 1/1 | roll 1.3s upd 13.2s
[brain] it 3735 [league 52%] R/ep 9.67 ent 2.20 kl 0.006 | hit/swing 62% dj/min 29.3 blk/min 0.2 abiHit 51 supHit 77 | expert x2 1/1 sovereign 3/5 idle 2/2 expert 4/5 counter 1/2 zoner 2/2 self 5/10 turtle 3/3 easy 3/3 rushdown 1/1 summoner 1/1 medium 2/2 hard 1/1 hard x3 0/1 | roll 1.4s upd 13.4s
[brain] it 3736 [league 55%] R/ep 12.06 ent 2.11 kl 0.009 | hit/swing 63% dj/min 29.1 blk/min 0.6 abiHit 43 supHit 89 | self 5/11 idle 2/2 medium 2/2 hard 1/1 zoner 2/2 counter 3/3 switcher 1/1 expert x2 1/1 expert 4/4 rushdown 3/3 sovereign 4/4 aerial 2/2 easy 1/1 summoner 1/1 human 2/2 hard x3 1/1 turtle 1/1 | roll 1.4s upd 13.4s
[brain] it 3737 [league 55%] R/ep 10.25 ent 2.27 kl 0.007 | hit/swing 43% dj/min 34.3 blk/min 0.2 abiHit 57 supHit 58 | self 4/10 summoner 4/4 zoner 2/2 switcher 3/3 human 1/2 turtle 3/3 idle 2/2 hard x3 1/1 sovereign 0/2 expert 3/3 easy 1/1 counter 1/1 rushdown 1/1 medium 1/1 | roll 1.5s upd 13.6s
[brain] it 3738 [league 55%] R/ep 11.94 ent 2.09 kl 0.008 | hit/swing 68% dj/min 29.4 blk/min 0.2 abiHit 30 supHit 102 | medium 5/5 expert 3/3 self 6/8 summoner 6/6 sovereign 4/7 rushdown 2/2 counter 2/2 hard 3/3 switcher 3/3 easy 3/3 expert x2 1/1 human 1/1 turtle 2/2 | roll 1.5s upd 13.5s
[brain] it 3739 [league 58%] R/ep 12.90 ent 2.12 kl 0.007 | hit/swing 60% dj/min 29.3 blk/min 0.3 abiHit 57 supHit 97 | sovereign 5/7 self 6/11 medium 1/1 expert 5/5 hard x3 3/3 human 2/2 turtle 2/2 zoner 1/1 hard 3/3 counter 1/1 summoner 1/1 expert x2 1/1 rushdown 2/2 | roll 1.3s upd 13.4s
[brain] it 3740 [league 57%] R/ep 8.83 ent 2.22 kl 0.008 | hit/swing 57% dj/min 34.1 blk/min 0.2 abiHit 33 supHit 71 | self 5/12 easy 2/2 turtle 3/3 sovereign 3/5 zoner 1/1 human 1/2 hard 1/1 expert 2/2 switcher 1/1 idle 2/2 counter 1/1 expert x2 1/1 hard x3 1/1 aerial 1/1 medium 1/1 | roll 1.4s upd 13.5s
[brain] it 3741 [league 60%] R/ep 9.32 ent 2.11 kl 0.007 | hit/swing 58% dj/min 30.7 blk/min 0.2 abiHit 36 supHit 96 | sovereign 4/6 self 3/10 summoner 2/2 zoner 2/2 easy 5/5 switcher 1/1 rushdown 4/5 idle 3/3 hard 3/3 expert 3/3 turtle 1/1 aerial 1/1 medium 1/1 | roll 1.5s upd 13.4s
[brain] it 3742 [league 61%] R/ep 13.18 ent 2.16 kl 0.008 | hit/swing 54% dj/min 31.1 blk/min 0.3 abiHit 55 supHit 97 | expert 6/6 medium 4/4 counter 3/3 self 5/8 expert x2 2/2 turtle 1/1 hard 2/2 rushdown 2/2 sovereign 3/4 hard x3 1/1 switcher 2/2 easy 1/1 | roll 1.3s upd 12.7s
[brain] it 3743 [league 62%] R/ep 10.75 ent 2.23 kl 0.009 | hit/swing 53% dj/min 31.0 blk/min 0.2 abiHit 53 supHit 80 | human 3/3 expert 6/7 self 6/10 rushdown 1/1 switcher 1/1 medium 3/3 sovereign 2/4 summoner 3/4 easy 1/1 hard x3 1/1 expert x2 2/2 | roll 1.5s upd 14.8s
[brain] it 3744 [league 63%] R/ep 13.50 ent 2.07 kl 0.008 | hit/swing 61% dj/min 28.7 blk/min 0.3 abiHit 67 supHit 117 | human 1/1 idle 5/5 switcher 1/1 sovereign 1/2 hard x3 0/2 rushdown 2/2 self 4/9 expert 7/7 expert x2 2/2 zoner 1/1 easy 3/3 aerial 2/2 hard 1/1 summoner 3/3 counter 2/2 medium 2/2 | roll 1.3s upd 13.8s
[brain] it 3745 [league 63%] R/ep 10.88 ent 2.25 kl 0.009 | hit/swing 53% dj/min 32.1 blk/min 0.2 abiHit 21 supHit 65 | easy 3/3 turtle 4/4 summoner 4/4 expert 3/3 self 3/7 idle 2/2 sovereign 1/1 human 3/5 hard 1/1 counter 3/3 zoner 2/2 switcher 1/1 rushdown 1/1 | roll 1.3s upd 13.4s
[brain] it 3746 [league 63%] R/ep 10.13 ent 2.18 kl 0.009 | hit/swing 57% dj/min 33.1 blk/min 0.3 abiHit 60 supHit 71 | expert 5/5 self 4/8 sovereign 3/6 turtle 2/2 aerial 2/2 idle 3/3 zoner 1/1 human 1/1 expert x2 2/2 counter 1/1 hard x3 0/1 rushdown 2/2 easy 2/2 medium 1/1 | roll 1.4s upd 13.7s
[brain] it 3747 [league 63%] R/ep 8.03 ent 2.18 kl 0.009 | hit/swing 53% dj/min 33.2 blk/min 0.2 abiHit 56 supHit 88 | sovereign 3/6 expert 5/5 self 6/12 hard 2/2 expert x2 1/1 switcher 1/1 easy 5/5 human 1/1 summoner 1/1 counter 2/2 rushdown 2/2 medium 1/1 hard x3 0/2 | roll 1.7s upd 13.6s
[brain] it 3748 [league 63%] R/ep 10.83 ent 2.18 kl 0.007 | hit/swing 60% dj/min 30.6 blk/min 0.0 abiHit 37 supHit 80 | expert x2 2/2 sovereign 5/7 expert 5/5 self 5/9 zoner 1/1 medium 2/2 idle 1/1 counter 3/4 rushdown 1/1 hard x3 1/1 easy 2/2 aerial 1/1 summoner 1/1 | roll 1.3s upd 13.5s
[brain] it 3749 [league 65%] R/ep 11.69 ent 2.15 kl 0.007 | hit/swing 75% dj/min 25.7 blk/min 0.2 abiHit 34 supHit 98 | zoner 2/2 hard 3/3 sovereign 7/7 summoner 3/3 self 5/12 easy 2/2 expert x2 3/3 human 2/2 expert 5/5 medium 1/1 idle 2/2 turtle 1/1 counter 1/1 | roll 1.4s upd 13.5s
[brain] it 3750 [league 64%] R/ep 9.55 ent 2.28 kl 0.008 | hit/swing 51% dj/min 36.6 blk/min 0.3 abiHit 17 supHit 61 | aerial 2/2 expert 4/4 medium 1/1 easy 1/1 self 4/9 sovereign 2/3 counter 2/2 rushdown 0/1 switcher 4/4 turtle 2/2 hard x3 1/1 zoner 1/1 human 0/1 | roll 1.5s upd 13.5s
[brain] it 3751 [league 63%] R/ep 12.72 ent 2.13 kl 0.008 | hit/swing 64% dj/min 31.5 blk/min 0.6 abiHit 21 supHit 65 | self 1/4 expert 6/6 zoner 1/1 human 1/1 aerial 2/2 summoner 3/3 turtle 1/1 sovereign 0/2 medium 1/1 expert x2 2/2 switcher 1/1 hard x3 1/2 idle 1/1 easy 1/1 | roll 5.1s upd 9.1s
[brain] it 3752 [league 64%] R/ep 7.02 ent 2.31 kl 0.008 | hit/swing 50% dj/min 32.6 blk/min 0.3 abiHit 41 supHit 47 | zoner 1/1 self 3/7 expert 4/4 switcher 0/1 medium 2/2 aerial 1/2 turtle 1/1 idle 1/1 sovereign 3/6 summoner 1/1 | roll 5.2s upd 9.0s
[brain] it 3753 [league 65%] R/ep 7.30 ent 2.31 kl 0.008 | hit/swing 46% dj/min 34.7 blk/min 0.3 abiHit 38 supHit 47 | self 1/5 aerial 1/1 sovereign 4/5 summoner 1/1 expert 2/2 hard x3 0/2 easy 1/1 rushdown 1/1 human 2/3 expert x2 1/1 | roll 5.0s upd 9.0s
[brain] it 3754 [league 65%] R/ep 10.02 ent 2.21 kl 0.007 | hit/swing 57% dj/min 29.1 blk/min 0.1 abiHit 23 supHit 67 | hard 4/4 expert 4/4 turtle 2/2 counter 1/1 self 7/10 hard x3 0/1 human 2/3 idle 2/2 aerial 1/1 zoner 1/1 switcher 1/1 rushdown 1/2 sovereign 1/2 medium 1/1 | roll 1.8s upd 13.9s
[brain] it 3755 [league 65%] R/ep 12.14 ent 2.13 kl 0.008 | hit/swing 63% dj/min 27.4 blk/min 0.1 abiHit 51 supHit 89 | turtle 2/2 sovereign 5/7 expert 5/5 switcher 1/2 self 7/10 easy 3/3 medium 1/1 aerial 1/1 human 1/1 zoner 2/2 idle 4/4 rushdown 1/1 summoner 1/1 hard 3/3 | roll 1.5s upd 12.7s
[brain] it 3756 [league 63%] R/ep 8.50 ent 2.26 kl 0.008 | hit/swing 56% dj/min 32.8 blk/min 0.1 abiHit 37 supHit 75 | expert x2 1/2 hard 1/1 expert 6/6 sovereign 4/8 rushdown 1/2 self 3/7 turtle 1/1 summoner 1/1 switcher 2/2 aerial 1/1 zoner 1/1 hard x3 1/1 | roll 1.6s upd 13.8s
[brain] it 3757 [league 62%] R/ep 11.89 ent 2.29 kl 0.009 | hit/swing 50% dj/min 32.2 blk/min 0.0 abiHit 52 supHit 48 | counter 3/3 zoner 2/2 self 7/9 expert x2 1/1 switcher 1/1 aerial 1/1 hard 3/3 expert 3/3 sovereign 1/2 rushdown 0/1 summoner 2/2 idle 1/1 medium 2/2 easy 1/1 | roll 1.4s upd 13.8s
[brain] it 3758 [league 63%] R/ep 12.25 ent 2.25 kl 0.007 | hit/swing 51% dj/min 31.9 blk/min 0.1 abiHit 77 supHit 65 | self 1/4 sovereign 2/4 hard x3 4/4 turtle 1/1 human 1/1 expert 3/3 expert x2 1/1 summoner 2/3 switcher 1/1 rushdown 1/2 aerial 1/1 medium 1/1 | roll 1.5s upd 13.5s
[brain] it 3759 [league 63%] R/ep 14.07 ent 2.09 kl 0.007 | hit/swing 61% dj/min 33.3 blk/min 0.2 abiHit 33 supHit 104 | hard 4/4 hard x3 2/2 self 5/8 switcher 1/1 sovereign 2/4 expert 5/5 zoner 1/1 aerial 2/2 rushdown 1/2 expert x2 3/3 turtle 2/2 summoner 1/1 human 2/2 easy 1/1 idle 1/1 | roll 1.5s upd 13.4s
[brain] it 3760 [league 60%] R/ep 9.74 ent 2.17 kl 0.007 | hit/swing 54% dj/min 31.1 blk/min 0.3 abiHit 28 supHit 76 | turtle 1/1 expert 4/4 self 6/14 zoner 2/2 hard x3 3/3 sovereign 1/4 rushdown 1/2 idle 1/1 summoner 2/2 easy 1/1 hard 1/1 medium 1/1 human 1/1 | roll 1.5s upd 13.6s
[brain] it 3761 [league 60%] R/ep 10.66 ent 2.28 kl 0.008 | hit/swing 52% dj/min 33.1 blk/min 0.3 abiHit 54 supHit 90 | medium 1/1 sovereign 6/9 easy 2/2 self 7/10 expert 2/2 summoner 2/2 turtle 1/1 expert x2 3/4 switcher 1/1 idle 3/3 aerial 0/1 zoner 1/1 human 1/1 | roll 1.4s upd 13.6s
[brain] it 3762 [league 59%] R/ep 13.06 ent 2.26 kl 0.008 | hit/swing 55% dj/min 30.1 blk/min 0.1 abiHit 52 supHit 61 | self 5/6 counter 3/3 idle 1/1 expert 5/5 switcher 2/2 expert x2 1/1 zoner 1/1 hard 2/2 medium 2/2 human 1/1 summoner 1/1 turtle 1/1 sovereign 0/3 hard x3 1/1 | roll 1.6s upd 13.7s
[brain] it 3763 [league 60%] R/ep 7.35 ent 2.26 kl 0.007 | hit/swing 42% dj/min 30.7 blk/min 0.1 abiHit 65 supHit 70 | expert 4/4 sovereign 5/6 counter 2/2 self 2/11 medium 1/1 switcher 1/1 expert x2 0/2 aerial 2/2 idle 2/2 zoner 1/1 easy 1/1 | roll 1.7s upd 13.5s
[brain] it 3764 [league 60%] R/ep 7.80 ent 2.29 kl 0.008 | hit/swing 42% dj/min 36.9 blk/min 0.1 abiHit 68 supHit 55 | turtle 2/3 rushdown 1/1 easy 1/1 self 5/13 counter 1/1 switcher 1/1 aerial 1/1 human 4/4 expert 1/1 sovereign 2/2 idle 1/1 expert x2 1/2 summoner 1/1 | roll 1.4s upd 13.4s
[brain] it 3765 [league 61%] R/ep 12.66 ent 2.23 kl 0.007 | hit/swing 49% dj/min 36.1 blk/min 0.2 abiHit 47 supHit 63 | switcher 3/3 sovereign 2/2 self 6/10 zoner 2/2 turtle 1/1 hard x3 1/1 easy 2/2 hard 1/1 expert x2 0/1 expert 3/3 rushdown 1/1 counter 1/1 idle 1/1 medium 2/2 summoner 1/1 aerial 1/1 | roll 1.4s upd 13.5s
[brain] it 3766 [league 60%] R/ep 9.95 ent 2.40 kl 0.007 | hit/swing 42% dj/min 38.4 blk/min 0.1 abiHit 51 supHit 45 | self 1/3 rushdown 1/2 sovereign 0/2 zoner 1/1 switcher 1/1 counter 3/3 expert 8/8 human 1/2 turtle 1/1 easy 1/1 medium 1/1 | roll 1.5s upd 14.6s
[brain] it 3767 [league 59%] R/ep 8.84 ent 2.32 kl 0.009 | hit/swing 51% dj/min 33.0 blk/min 0.1 abiHit 41 supHit 64 | self 5/8 human 2/2 zoner 1/1 idle 1/1 switcher 1/2 expert 4/4 sovereign 1/4 aerial 1/1 rushdown 2/2 counter 1/2 summoner 2/2 easy 1/1 expert x2 1/1 | roll 1.4s upd 13.4s
[brain] it 3768 [league 59%] R/ep 10.48 ent 2.24 kl 0.008 | hit/swing 48% dj/min 34.0 blk/min 0.3 abiHit 46 supHit 67 | counter 3/4 sovereign 3/6 self 4/9 zoner 4/4 medium 3/3 switcher 2/2 turtle 2/2 rushdown 1/2 easy 1/1 expert 2/2 expert x2 1/1 aerial 1/1 summoner 2/2 | roll 1.4s upd 14.5s
[brain] it 3769 [league 59%] R/ep 9.77 ent 2.33 kl 0.010 | hit/swing 50% dj/min 33.7 blk/min 0.0 abiHit 52 supHit 51 | aerial 2/2 hard 1/1 switcher 0/1 sovereign 3/6 summoner 2/2 zoner 2/2 self 7/9 easy 2/2 rushdown 0/1 medium 1/1 idle 3/3 expert 2/2 | roll 1.5s upd 14.5s
[brain] it 3770 [league 57%] R/ep 11.05 ent 2.18 kl 0.008 | hit/swing 50% dj/min 31.4 blk/min 0.1 abiHit 52 supHit 81 | medium 2/2 aerial 1/1 expert 6/6 hard 2/2 human 2/2 self 3/6 easy 2/2 summoner 0/1 hard x3 1/1 sovereign 3/6 zoner 1/1 idle 1/1 expert x2 1/1 rushdown 2/3 | roll 1.3s upd 12.7s
[brain] it 3771 [league 54%] R/ep 12.84 ent 2.20 kl 0.009 | hit/swing 66% dj/min 33.1 blk/min 0.1 abiHit 49 supHit 94 | self 4/9 switcher 1/1 sovereign 1/4 hard x3 5/5 hard 2/2 rushdown 3/3 easy 1/1 expert 3/3 counter 2/3 medium 3/3 turtle 2/2 idle 1/1 human 1/1 | roll 1.6s upd 13.3s
[brain] it 3772 [league 52%] R/ep 10.26 ent 2.10 kl 0.009 | hit/swing 60% dj/min 27.4 blk/min 0.2 abiHit 41 supHit 98 | expert 5/5 sovereign 2/4 self 7/14 idle 2/2 hard 2/2 summoner 2/2 aerial 2/2 switcher 1/1 medium 2/2 rushdown 2/3 human 3/3 hard x3 2/2 counter 1/1 | roll 1.4s upd 13.5s
[brain] it 3773 [league 54%] R/ep 11.00 ent 2.16 kl 0.007 | hit/swing 63% dj/min 33.5 blk/min 0.3 abiHit 14 supHit 102 | medium 1/1 sovereign 7/11 idle 3/3 self 7/10 expert 6/6 human 2/3 aerial 1/1 hard 2/2 switcher 1/1 rushdown 3/3 turtle 1/1 counter 1/1 | roll 1.4s upd 13.3s
[brain] it 3774 [league 53%] R/ep 11.67 ent 2.20 kl 0.007 | hit/swing 55% dj/min 30.4 blk/min 0.0 abiHit 49 supHit 85 | human 1/1 sovereign 2/4 idle 5/5 medium 2/2 easy 3/3 expert 3/3 hard 1/1 rushdown 3/3 self 7/11 aerial 2/2 zoner 1/1 switcher 1/1 summoner 1/1 hard x3 1/1 | roll 1.4s upd 12.6s
[brain] it 3775 [league 54%] R/ep 12.40 ent 2.15 kl 0.007 | hit/swing 55% dj/min 27.6 blk/min 0.1 abiHit 51 supHit 94 | counter 1/1 aerial 1/1 expert 5/5 turtle 4/4 easy 2/2 self 6/9 human 1/1 switcher 2/2 sovereign 3/3 hard x3 0/2 zoner 1/1 rushdown 1/1 idle 2/2 medium 1/1 expert x2 0/2 | roll 1.4s upd 13.6s
[brain] it 3776 [league 55%] R/ep 7.15 ent 2.32 kl 0.008 | hit/swing 45% dj/min 32.3 blk/min 0.2 abiHit 62 supHit 75 | switcher 1/1 self 5/15 idle 1/1 sovereign 3/3 expert 2/3 hard 2/2 hard x3 2/2 easy 1/1 summoner 2/2 counter 1/1 human 1/1 medium 1/1 | roll 1.7s upd 13.7s
[brain] it 3777 [league 55%] R/ep 10.28 ent 2.22 kl 0.010 | hit/swing 59% dj/min 28.4 blk/min 0.1 abiHit 61 supHit 73 | self 3/9 idle 2/2 expert 5/5 hard x3 1/2 sovereign 2/3 medium 3/3 summoner 2/3 turtle 1/1 easy 2/2 hard 2/2 rushdown 1/1 zoner 1/1 switcher 1/1 human 0/1 | roll 1.4s upd 13.5s
[brain] it 3778 [league 54%] R/ep 12.10 ent 2.19 kl 0.006 | hit/swing 46% dj/min 28.9 blk/min 0.2 abiHit 100 supHit 76 | sovereign 2/4 self 7/10 expert 7/7 switcher 2/2 summoner 3/3 turtle 3/3 idle 1/1 expert x2 1/1 aerial 1/1 medium 2/2 zoner 2/2 human 1/1 easy 1/1 | roll 1.4s upd 14.7s
[brain] it 3779 [league 56%] R/ep 10.78 ent 2.26 kl 0.006 | hit/swing 61% dj/min 33.5 blk/min 0.1 abiHit 15 supHit 78 | medium 1/1 easy 1/1 turtle 3/3 sovereign 3/5 switcher 3/3 expert 5/5 aerial 3/3 expert x2 1/1 hard x3 0/1 rushdown 1/1 hard 1/1 self 2/5 idle 1/1 summoner 1/1 | roll 1.4s upd 13.5s
[brain] it 3780 [league 56%] R/ep 9.73 ent 2.23 kl 0.007 | hit/swing 51% dj/min 32.9 blk/min 0.3 abiHit 60 supHit 76 | medium 1/1 self 4/11 expert 2/2 turtle 1/1 easy 2/2 sovereign 2/4 hard 1/1 aerial 0/1 rushdown 1/2 zoner 2/2 expert x2 3/3 human 1/1 counter 2/2 hard x3 1/1 | roll 1.4s upd 13.6s
[brain] it 3781 [league 56%] R/ep 12.82 ent 2.16 kl 0.007 | hit/swing 68% dj/min 30.9 blk/min 0.4 abiHit 19 supHit 102 | rushdown 2/2 medium 3/3 human 2/2 self 6/10 expert x2 3/3 easy 2/2 idle 2/2 expert 7/7 hard 3/3 hard x3 1/2 sovereign 2/3 aerial 1/1 | roll 1.4s upd 13.4s
[brain] it 3782 [league 56%] R/ep 8.18 ent 2.27 kl 0.006 | hit/swing 62% dj/min 28.8 blk/min 0.1 abiHit 30 supHit 63 | self 4/11 expert 6/6 medium 4/4 sovereign 1/2 idle 5/5 turtle 1/1 aerial 1/2 rushdown 0/1 human 0/1 summoner 1/1 switcher 1/1 | roll 1.3s upd 13.5s
[brain] it 3783 [league 58%] R/ep 10.53 ent 2.24 kl 0.005 | hit/swing 59% dj/min 30.3 blk/min 0.3 abiHit 31 supHit 85 | self 5/13 sovereign 3/4 hard x3 2/2 aerial 1/1 expert x2 2/2 easy 2/2 expert 3/3 idle 2/2 counter 4/4 summoner 1/1 human 1/1 turtle 1/1 hard 1/1 | roll 1.5s upd 13.4s
[brain] it 3784 [league 57%] R/ep 9.67 ent 2.27 kl 0.008 | hit/swing 54% dj/min 32.9 blk/min 0.2 abiHit 36 supHit 72 | sovereign 3/5 rushdown 3/3 summoner 3/3 turtle 3/3 medium 2/2 self 4/7 aerial 1/1 hard 1/1 easy 2/2 hard x3 0/1 counter 1/1 human 0/1 expert x2 1/1 expert 0/1 | roll 1.5s upd 13.4s
[brain] it 3785 [league 57%] R/ep 13.84 ent 2.28 kl 0.007 | hit/swing 48% dj/min 26.0 blk/min 0.2 abiHit 109 supHit 70 | expert x2 4/5 expert 8/8 human 2/2 sovereign 2/4 rushdown 0/1 zoner 1/1 easy 1/1 medium 2/2 self 2/2 summoner 1/1 | roll 1.2s upd 13.4s
[brain] it 3786 [league 55%] R/ep 7.87 ent 2.27 kl 0.006 | hit/swing 54% dj/min 30.4 blk/min 0.1 abiHit 39 supHit 78 | self 5/9 turtle 4/4 hard 3/3 sovereign 1/6 rushdown 1/3 summoner 1/1 expert 2/2 switcher 1/1 expert x2 2/2 aerial 2/2 easy 1/1 | roll 1.5s upd 20.9s
[brain] it 3787 [league 55%] R/ep 14.28 ent 2.27 kl 0.007 | hit/swing 55% dj/min 33.7 blk/min 0.2 abiHit 66 supHit 80 | turtle 1/1 self 4/5 sovereign 3/4 expert 8/9 idle 2/2 hard 3/3 summoner 2/2 zoner 2/2 hard x3 1/1 easy 1/1 expert x2 1/2 medium 1/1 rushdown 2/2 counter 1/1 | roll 1.4s upd 17.9s
[brain] it 3788 [league 54%] R/ep 7.51 ent 2.37 kl 0.008 | hit/swing 43% dj/min 36.5 blk/min 0.1 abiHit 30 supHit 60 | self 7/13 summoner 1/3 easy 2/2 counter 2/2 sovereign 1/2 turtle 1/1 switcher 1/3 expert 2/2 human 1/1 medium 1/1 zoner 1/1 aerial 1/1 rushdown 0/1 | roll 1.7s upd 17.4s
[brain] it 3789 [league 54%] R/ep 8.09 ent 2.25 kl 0.005 | hit/swing 53% dj/min 31.6 blk/min 0.5 abiHit 61 supHit 72 | self 2/10 rushdown 1/1 counter 2/2 expert 6/7 aerial 4/4 easy 2/2 idle 2/2 expert x2 1/1 summoner 4/4 human 1/1 medium 1/1 hard x3 0/1 switcher 1/1 sovereign 1/2 | roll 1.5s upd 14.0s
[brain] it 3790 [league 55%] R/ep 14.18 ent 2.27 kl 0.008 | hit/swing 62% dj/min 27.9 blk/min 0.5 abiHit 64 supHit 86 | medium 2/2 easy 4/4 expert 5/5 hard x3 2/2 self 1/6 hard 3/3 zoner 1/1 turtle 1/1 summoner 3/3 expert x2 2/2 aerial 1/1 counter 2/2 sovereign 2/3 rushdown 1/1 | roll 1.3s upd 13.6s
[brain] it 3791 [league 56%] R/ep 9.28 ent 2.29 kl 0.008 | hit/swing 56% dj/min 33.6 blk/min 0.3 abiHit 32 supHit 70 | self 7/12 rushdown 2/3 idle 2/2 hard 4/4 medium 2/2 expert 4/4 sovereign 2/4 zoner 1/1 summoner 1/1 expert x2 2/2 | roll 1.4s upd 13.5s
[brain] it 3792 [league 58%] R/ep 9.50 ent 2.13 kl 0.007 | hit/swing 59% dj/min 30.3 blk/min 0.2 abiHit 34 supHit 85 | expert 6/6 switcher 2/2 idle 3/3 human 3/3 self 4/10 sovereign 4/4 easy 2/2 counter 1/1 rushdown 0/2 aerial 2/2 turtle 4/4 zoner 1/1 hard 1/1 | roll 1.2s upd 12.7s
[brain] it 3793 [league 57%] R/ep 9.64 ent 2.36 kl 0.009 | hit/swing 49% dj/min 33.9 blk/min 0.2 abiHit 29 supHit 64 | sovereign 0/2 human 2/2 turtle 1/1 summoner 4/5 expert 6/7 self 5/10 idle 1/1 rushdown 1/2 easy 1/1 medium 1/1 zoner 2/2 hard x3 1/1 expert x2 1/1 | roll 1.3s upd 13.6s
[brain] it 3794 [league 58%] R/ep 11.80 ent 2.19 kl 0.009 | hit/swing 52% dj/min 32.8 blk/min 0.1 abiHit 62 supHit 101 | sovereign 4/6 self 5/9 expert 5/5 hard x3 1/1 human 4/4 counter 4/4 rushdown 3/3 summoner 3/3 idle 1/1 zoner 2/2 easy 2/2 expert x2 0/1 | roll 1.5s upd 13.6s
[brain] it 3795 [league 57%] R/ep 9.89 ent 2.28 kl 0.008 | hit/swing 49% dj/min 32.9 blk/min 0.3 abiHit 47 supHit 74 | self 7/13 sovereign 2/5 expert 2/2 zoner 2/2 hard 1/1 hard x3 2/2 turtle 2/2 medium 3/3 switcher 2/2 idle 1/1 rushdown 1/1 summoner 1/1 | roll 1.5s upd 13.3s
[brain] it 3796 [league 59%] R/ep 9.50 ent 2.19 kl 0.008 | hit/swing 60% dj/min 30.6 blk/min 0.2 abiHit 45 supHit 80 | idle 3/3 sovereign 3/4 self 5/11 summoner 3/4 easy 1/1 hard 2/2 switcher 2/2 aerial 1/1 zoner 1/1 counter 3/3 expert 1/1 hard x3 1/1 rushdown 1/1 medium 1/1 turtle 1/1 | roll 1.4s upd 13.7s
[brain] it 3797 [league 61%] R/ep 7.66 ent 2.36 kl 0.004 | hit/swing 36% dj/min 33.4 blk/min 0.2 abiHit 56 supHit 45 | self 5/12 human 2/2 hard 1/1 summoner 1/1 sovereign 3/3 idle 1/1 expert 2/2 switcher 1/1 zoner 1/1 medium 1/1 easy 1/1 counter 1/1 turtle 1/2 | roll 1.4s upd 13.4s
[brain] it 3798 [league 57%] R/ep 6.66 ent 2.31 kl 0.007 | hit/swing 46% dj/min 32.1 blk/min 0.2 abiHit 53 supHit 60 | hard 2/2 rushdown 1/1 sovereign 0/5 self 3/8 aerial 1/1 expert 8/8 medium 1/1 counter 0/1 human 3/3 turtle 1/1 idle 1/1 | roll 1.4s upd 14.6s
[brain] it 3799 [league 57%] R/ep 9.13 ent 2.24 kl 0.008 | hit/swing 60% dj/min 31.0 blk/min 0.2 abiHit 32 supHit 68 | self 4/12 expert 5/5 summoner 3/4 zoner 1/1 idle 1/1 sovereign 1/2 human 2/2 turtle 2/2 counter 1/1 expert x2 0/1 easy 1/1 hard 1/1 hard x3 1/1 medium 1/1 | roll 1.4s upd 13.7s
[brain] it 3800 [league 57%] R/ep 10.13 ent 2.30 kl 0.009 | hit/swing 46% dj/min 34.7 blk/min 0.3 abiHit 70 supHit 67 | self 7/13 human 2/2 easy 2/2 expert 2/2 hard 2/2 expert x2 2/4 sovereign 1/3 aerial 1/1 zoner 2/2 rushdown 0/1 medium 1/1 summoner 1/1 switcher 3/3 turtle 1/1 | roll 1.6s upd 14.6s
[brain] it 3801 [league 57%] R/ep 10.46 ent 2.27 kl 0.008 | hit/swing 55% dj/min 32.3 blk/min 0.1 abiHit 32 supHit 64 | self 4/9 expert 11/11 sovereign 3/5 idle 3/3 medium 1/1 zoner 2/2 hard x3 1/2 aerial 1/1 human 1/1 easy 2/2 summoner 1/1 | roll 1.4s upd 12.2s
[brain] it 3802 [league 53%] R/ep 11.59 ent 2.19 kl 0.008 | hit/swing 56% dj/min 29.7 blk/min 0.2 abiHit 28 supHit 70 | expert 6/6 hard 3/3 self 7/9 human 2/2 counter 2/2 sovereign 3/7 turtle 2/2 hard x3 0/1 easy 1/1 aerial 1/1 zoner 1/1 medium 1/1 | roll 1.7s upd 13.5s
[brain] it 3803 [league 54%] R/ep 11.50 ent 2.19 kl 0.008 | hit/swing 54% dj/min 30.0 blk/min 0.4 abiHit 44 supHit 77 | switcher 2/2 sovereign 3/4 aerial 1/1 self 5/9 summoner 1/1 medium 3/3 counter 2/2 rushdown 4/6 zoner 2/2 hard x3 1/1 idle 1/1 human 3/3 easy 1/1 expert x2 1/1 | roll 1.3s upd 13.7s
[brain] it 3804 [league 55%] R/ep 10.50 ent 2.24 kl 0.009 | hit/swing 50% dj/min 33.6 blk/min 0.3 abiHit 42 supHit 82 | rushdown 1/1 self 6/12 summoner 3/3 expert x2 2/2 counter 1/1 medium 1/1 sovereign 1/1 expert 6/6 idle 2/2 turtle 1/1 switcher 2/4 easy 1/1 aerial 1/1 human 1/1 hard 1/1 | roll 1.5s upd 14.5s
[brain] it 3805 [league 55%] R/ep 15.33 ent 2.11 kl 0.009 | hit/swing 67% dj/min 29.6 blk/min 0.1 abiHit 31 supHit 85 | expert 6/6 self 3/7 easy 4/4 turtle 3/3 rushdown 2/2 switcher 3/3 human 2/2 counter 3/3 medium 2/2 zoner 1/1 summoner 2/2 hard x3 2/2 aerial 2/2 | roll 1.3s upd 13.4s
[brain] it 3806 [league 54%] R/ep 9.40 ent 2.30 kl 0.008 | hit/swing 46% dj/min 32.7 blk/min 0.3 abiHit 44 supHit 57 | self 4/9 zoner 4/4 summoner 2/2 rushdown 0/1 counter 2/2 turtle 2/2 idle 1/1 aerial 0/1 expert 3/3 easy 1/1 sovereign 2/5 hard x3 1/2 medium 1/1 | roll 1.6s upd 13.4s
[brain] it 3807 [league 54%] R/ep 8.13 ent 2.34 kl 0.008 | hit/swing 39% dj/min 33.0 blk/min 0.1 abiHit 68 supHit 46 | switcher 2/2 idle 3/3 self 3/8 expert 4/4 aerial 1/2 hard 1/1 hard x3 0/1 sovereign 1/3 summoner 1/1 turtle 1/1 rushdown 1/1 human 1/1 zoner 1/1 counter 1/1 | roll 1.4s upd 14.5s
[brain] it 3808 [league 50%] R/ep 8.09 ent 2.26 kl 0.008 | hit/swing 56% dj/min 32.7 blk/min 0.2 abiHit 59 supHit 66 | medium 3/3 expert 4/4 sovereign 2/8 hard 5/5 self 4/11 switcher 1/1 summoner 1/1 rushdown 1/1 human 1/1 zoner 4/4 hard x3 1/2 | roll 1.6s upd 13.8s
[brain] it 3809 [league 52%] R/ep 9.82 ent 2.17 kl 0.009 | hit/swing 62% dj/min 32.7 blk/min 0.0 abiHit 34 supHit 102 | rushdown 3/3 expert x2 1/1 self 7/16 expert 2/4 counter 1/1 easy 3/3 aerial 1/1 idle 3/3 sovereign 5/5 switcher 3/3 medium 1/1 hard x3 1/1 hard 1/1 summoner 2/2 turtle 1/1 | roll 1.5s upd 13.4s
[brain] it 3810 [league 52%] R/ep 9.63 ent 2.22 kl 0.007 | hit/swing 59% dj/min 26.1 blk/min 0.1 abiHit 43 supHit 72 | expert 5/5 hard x3 0/1 aerial 1/1 self 1/6 medium 5/5 rushdown 2/2 hard 2/2 zoner 1/1 summoner 3/3 human 3/3 sovereign 3/5 turtle 1/1 counter 1/1 | roll 1.5s upd 13.5s
[brain] it 3811 [league 53%] R/ep 12.26 ent 2.15 kl 0.007 | hit/swing 64% dj/min 30.6 blk/min 0.1 abiHit 21 supHit 85 | switcher 0/1 self 1/4 aerial 4/4 easy 2/2 idle 5/5 expert 6/6 hard 2/2 medium 1/1 summoner 2/2 human 4/4 sovereign 2/4 rushdown 2/2 zoner 1/1 turtle 1/1 | roll 1.2s upd 13.7s
[brain] it 3812 [league 53%] R/ep 11.15 ent 2.23 kl 0.008 | hit/swing 41% dj/min 30.9 blk/min 0.3 abiHit 108 supHit 63 | expert 4/4 medium 2/2 sovereign 1/4 idle 3/3 self 4/8 expert x2 2/2 zoner 1/1 human 2/2 aerial 3/3 easy 1/1 hard 3/3 turtle 1/1 | roll 1.3s upd 13.6s
[brain] it 3813 [league 53%] R/ep 12.35 ent 2.10 kl 0.007 | hit/swing 66% dj/min 28.6 blk/min 0.1 abiHit 34 supHit 92 | medium 2/2 sovereign 5/7 self 3/5 counter 1/1 easy 7/7 summoner 3/3 expert 8/8 hard 2/2 rushdown 1/1 turtle 3/3 idle 2/2 human 1/1 switcher 2/2 | roll 1.3s upd 12.5s
[brain] it 3814 [league 54%] R/ep 9.68 ent 2.23 kl 0.007 | hit/swing 56% dj/min 35.5 blk/min 0.1 abiHit 29 supHit 89 | summoner 2/2 easy 1/1 human 1/1 sovereign 6/9 aerial 3/3 expert 3/3 idle 2/2 self 6/11 counter 1/1 hard x3 1/2 hard 2/2 rushdown 1/1 | roll 1.5s upd 13.5s
[brain] it 3815 [league 53%] R/ep 12.17 ent 2.19 kl 0.008 | hit/swing 54% dj/min 32.6 blk/min 0.1 abiHit 52 supHit 84 | human 2/2 self 5/9 hard x3 1/1 medium 4/4 hard 4/4 expert 3/3 easy 1/1 turtle 1/1 idle 2/2 sovereign 2/4 switcher 1/1 counter 1/1 rushdown 3/3 | roll 1.4s upd 13.8s
[brain] it 3816 [league 53%] R/ep 11.13 ent 2.34 kl 0.008 | hit/swing 48% dj/min 33.8 blk/min 0.3 abiHit 37 supHit 63 | turtle 2/2 self 4/8 zoner 3/3 expert 3/3 switcher 2/2 hard 2/2 sovereign 4/7 human 1/1 expert x2 1/1 medium 3/3 easy 1/1 | roll 1.5s upd 12.5s
[brain] it 3817 [league 53%] R/ep 12.43 ent 2.20 kl 0.007 | hit/swing 56% dj/min 32.9 blk/min 0.3 abiHit 57 supHit 72 | self 7/8 easy 2/2 human 0/1 hard x3 1/3 switcher 2/2 idle 2/2 hard 1/1 expert 3/3 sovereign 0/3 aerial 1/2 expert x2 1/1 zoner 2/2 rushdown 1/2 | roll 1.3s upd 12.2s
[brain] it 3818 [league 52%] R/ep 14.16 ent 2.18 kl 0.009 | hit/swing 61% dj/min 29.0 blk/min 0.1 abiHit 52 supHit 89 | self 7/13 expert x2 3/3 zoner 2/2 expert 3/3 sovereign 1/2 hard x3 2/2 idle 2/2 medium 1/1 summoner 1/1 human 2/2 turtle 1/1 aerial 2/2 hard 1/1 switcher 1/1 easy 2/2 | roll 1.4s upd 13.6s
[brain] it 3819 [league 52%] R/ep 16.19 ent 2.19 kl 0.008 | hit/swing 60% dj/min 31.0 blk/min 0.2 abiHit 73 supHit 84 | expert 6/6 switcher 2/2 expert x2 1/1 idle 3/3 hard x3 3/4 aerial 1/1 self 5/8 easy 2/2 turtle 1/1 medium 1/1 human 2/2 rushdown 1/1 sovereign 1/1 summoner 1/1 | roll 1.4s upd 14.1s
[brain] it 3820 [league 49%] R/ep 10.44 ent 2.14 kl 0.007 | hit/swing 73% dj/min 35.0 blk/min 0.2 abiHit 13 supHit 83 | summoner 3/3 sovereign 2/6 self 7/11 counter 2/2 rushdown 4/5 idle 2/2 hard 2/2 zoner 1/1 human 1/1 turtle 3/3 expert 1/1 easy 1/1 | roll 1.4s upd 12.3s
[brain] it 3821 [league 52%] R/ep 9.64 ent 2.28 kl 0.007 | hit/swing 62% dj/min 35.8 blk/min 0.6 abiHit 28 supHit 69 | medium 3/3 idle 2/2 sovereign 4/6 aerial 2/2 expert x2 1/3 counter 2/2 self 4/8 switcher 2/3 summoner 1/1 hard 1/1 easy 2/2 hard x3 1/1 turtle 1/1 zoner 1/1 expert 1/1 | roll 1.3s upd 15.1s
[brain] it 3822 [league 53%] R/ep 10.48 ent 2.17 kl 0.007 | hit/swing 52% dj/min 32.4 blk/min 0.2 abiHit 40 supHit 72 | sovereign 2/3 easy 1/1 summoner 1/1 hard 1/1 self 6/13 expert x2 3/3 expert 3/3 aerial 1/1 zoner 4/4 counter 1/1 rushdown 3/3 human 1/1 | roll 1.7s upd 16.2s
[brain] it 3823 [league 55%] R/ep 11.33 ent 2.22 kl 0.008 | hit/swing 48% dj/min 31.2 blk/min 0.0 abiHit 75 supHit 70 | hard 2/2 medium 2/2 self 7/11 expert 6/6 hard x3 1/1 counter 2/2 sovereign 3/3 rushdown 1/1 aerial 1/1 turtle 1/1 switcher 1/1 summoner 0/1 | roll 1.6s upd 16.5s
[brain] it 3824 [league 54%] R/ep 9.15 ent 2.13 kl 0.006 | hit/swing 57% dj/min 28.2 blk/min 0.1 abiHit 54 supHit 65 | expert 10/10 sovereign 2/5 self 4/8 medium 2/2 easy 1/1 turtle 2/2 idle 3/3 summoner 3/3 human 2/2 counter 1/1 | roll 1.4s upd 13.6s
[brain] it 3825 [league 54%] R/ep 10.57 ent 2.20 kl 0.009 | hit/swing 62% dj/min 30.3 blk/min 0.3 abiHit 23 supHit 77 | sovereign 2/3 summoner 3/3 self 6/12 rushdown 0/1 zoner 2/2 counter 4/4 turtle 1/1 human 1/1 hard 1/1 expert 5/5 medium 1/1 switcher 2/2 idle 1/1 easy 1/1 | roll 1.4s upd 13.6s
[brain] it 3826 [league 54%] R/ep 8.75 ent 2.28 kl 0.007 | hit/swing 44% dj/min 33.9 blk/min 0.2 abiHit 46 supHit 70 | counter 1/1 expert 3/3 self 5/10 turtle 2/2 medium 1/1 summoner 1/1 sovereign 3/6 zoner 3/3 idle 1/1 human 2/3 rushdown 1/1 switcher 1/1 easy 1/1 | roll 1.4s upd 13.6s
[brain] it 3827 [league 54%] R/ep 6.06 ent 2.31 kl 0.009 | hit/swing 48% dj/min 34.1 blk/min 0.3 abiHit 52 supHit 60 | self 8/14 hard x3 0/2 sovereign 2/5 switcher 2/2 expert 2/2 human 2/2 counter 3/3 medium 1/1 summoner 1/1 | roll 1.6s upd 13.7s
[brain] it 3828 [league 56%] R/ep 7.65 ent 2.24 kl 0.007 | hit/swing 49% dj/min 28.3 blk/min 0.2 abiHit 67 supHit 82 | medium 1/1 self 5/12 expert 3/3 sovereign 4/4 hard 3/3 turtle 2/2 idle 3/3 aerial 3/3 human 1/1 switcher 1/1 counter 1/1 expert x2 0/1 summoner 1/1 | roll 1.5s upd 13.8s
[brain] it 3829 [league 58%] R/ep 12.04 ent 2.28 kl 0.008 | hit/swing 58% dj/min 34.6 blk/min 0.1 abiHit 40 supHit 79 | self 6/10 counter 2/2 switcher 1/1 expert 4/4 human 2/2 sovereign 2/2 easy 3/3 rushdown 1/1 expert x2 3/3 aerial 2/2 hard 2/2 | roll 1.3s upd 13.1s
[brain] it 3830 [league 58%] R/ep 13.14 ent 2.24 kl 0.008 | hit/swing 54% dj/min 33.1 blk/min 0.1 abiHit 40 supHit 56 | counter 4/4 self 2/4 sovereign 1/3 expert 3/3 hard x3 1/1 hard 3/3 rushdown 1/1 idle 1/1 aerial 1/2 switcher 3/3 human 1/1 turtle 4/4 zoner 2/2 medium 1/1 | roll 1.4s upd 14.1s
[brain] it 3831 [league 59%] R/ep 9.87 ent 2.34 kl 0.006 | hit/swing 37% dj/min 33.4 blk/min 0.0 abiHit 92 supHit 54 | hard 4/4 self 3/8 summoner 2/2 expert x2 2/2 zoner 1/1 counter 0/1 expert 1/1 easy 2/2 switcher 2/2 sovereign 3/4 turtle 1/1 aerial 1/1 human 1/1 | roll 1.4s upd 13.6s
[brain] it 3832 [league 55%] R/ep 9.00 ent 2.27 kl 0.008 | hit/swing 40% dj/min 35.8 blk/min 0.2 abiHit 65 supHit 67 | zoner 3/3 self 6/10 human 4/4 hard x3 0/2 switcher 2/2 sovereign 2/7 summoner 1/1 counter 2/2 expert x2 1/1 idle 1/1 easy 1/1 aerial 1/1 | roll 1.5s upd 13.3s
[brain] it 3833 [league 54%] R/ep 14.52 ent 2.20 kl 0.007 | hit/swing 56% dj/min 34.0 blk/min 0.2 abiHit 56 supHit 89 | hard 2/2 expert x2 3/3 expert 1/1 self 4/8 hard x3 2/3 human 1/1 zoner 4/4 medium 3/3 sovereign 1/4 rushdown 3/4 idle 2/2 switcher 1/1 easy 2/2 turtle 1/1 | roll 1.5s upd 13.6s
[brain] it 3834 [league 56%] R/ep 8.54 ent 2.25 kl 0.009 | hit/swing 55% dj/min 35.7 blk/min 0.2 abiHit 26 supHit 83 | sovereign 4/7 self 7/13 zoner 1/1 rushdown 1/1 counter 3/3 hard x3 1/3 hard 2/2 expert x2 2/2 summoner 1/1 turtle 1/1 switcher 1/1 human 1/1 expert 1/1 | roll 1.6s upd 13.5s
[brain] it 3835 [league 55%] R/ep 10.82 ent 2.18 kl 0.006 | hit/swing 52% dj/min 29.9 blk/min 0.2 abiHit 55 supHit 85 | self 6/12 zoner 3/3 sovereign 4/6 easy 4/4 human 1/1 counter 2/3 switcher 3/3 turtle 1/1 aerial 1/1 hard 2/2 idle 1/1 expert 3/3 summoner 0/1 expert x2 2/2 hard x3 1/1 | roll 1.4s upd 13.5s
[brain] it 3836 [league 57%] R/ep 10.82 ent 2.18 kl 0.006 | hit/swing 46% dj/min 28.8 blk/min 0.0 abiHit 93 supHit 57 | rushdown 3/3 expert 8/8 hard x3 0/2 self 3/7 sovereign 2/2 hard 2/2 idle 2/2 expert x2 2/2 zoner 1/1 counter 1/1 turtle 0/1 summoner 1/1 | roll 1.2s upd 13.5s
[brain] it 3837 [league 54%] R/ep 9.00 ent 2.35 kl 0.007 | hit/swing 45% dj/min 37.6 blk/min 0.3 abiHit 46 supHit 58 | medium 1/1 sovereign 1/4 easy 1/1 self 7/11 switcher 1/1 idle 1/1 summoner 2/2 counter 1/1 aerial 3/3 human 1/1 expert 1/2 hard 1/1 zoner 1/1 expert x2 1/1 | roll 1.6s upd 13.4s
[brain] it 3838 [league 56%] R/ep 13.30 ent 2.12 kl 0.006 | hit/swing 55% dj/min 31.8 blk/min 0.1 abiHit 68 supHit 93 | self 4/7 idle 2/2 switcher 5/5 easy 2/2 expert x2 2/2 turtle 2/2 medium 3/3 sovereign 5/5 hard x3 2/2 counter 1/1 rushdown 1/2 aerial 1/2 human 2/2 | roll 1.3s upd 13.5s
[brain] it 3839 [league 55%] R/ep 14.80 ent 2.12 kl 0.008 | hit/swing 60% dj/min 29.7 blk/min 0.2 abiHit 74 supHit 82 | hard 3/3 turtle 4/4 expert 6/6 aerial 5/5 hard x3 1/2 medium 4/4 self 3/6 counter 1/1 human 1/1 zoner 2/2 expert x2 1/1 sovereign 0/1 switcher 1/1 easy 1/1 | roll 1.3s upd 12.3s
[brain] it 3840 [league 56%] R/ep 12.26 ent 2.19 kl 0.008 | hit/swing 53% dj/min 34.9 blk/min 0.1 abiHit 47 supHit 74 | easy 3/3 expert 4/4 idle 2/2 counter 2/2 turtle 2/2 self 1/4 summoner 2/2 switcher 2/2 aerial 2/2 human 1/1 medium 2/2 sovereign 2/4 rushdown 1/2 hard x3 0/1 expert x2 2/2 hard 1/1 | roll 1.3s upd 13.4s
[brain] it 3841 [league 57%] R/ep 11.10 ent 2.30 kl 0.007 | hit/swing 42% dj/min 37.2 blk/min 0.1 abiHit 111 supHit 79 | self 3/7 hard 1/1 expert 6/6 summoner 2/2 counter 3/3 sovereign 4/5 rushdown 1/2 expert x2 2/2 medium 3/3 human 2/2 aerial 2/2 hard x3 0/1 easy 1/1 | roll 1.5s upd 15.8s
[brain] it 3842 [league 58%] R/ep 11.56 ent 2.08 kl 0.007 | hit/swing 57% dj/min 29.5 blk/min 0.2 abiHit 72 supHit 83 | self 5/10 hard 1/1 hard x3 1/1 counter 3/3 aerial 2/2 zoner 1/1 idle 3/3 sovereign 3/5 rushdown 2/2 expert 5/5 turtle 1/1 medium 2/2 switcher 2/2 human 0/1 | roll 1.4s upd 12.3s
[brain] it 3843 [league 58%] R/ep 11.20 ent 2.29 kl 0.007 | hit/swing 52% dj/min 33.5 blk/min 0.1 abiHit 38 supHit 65 | summoner 3/3 hard x3 2/4 self 6/10 medium 1/1 hard 1/1 aerial 1/1 expert 3/3 sovereign 1/4 idle 2/2 easy 1/1 expert x2 1/1 rushdown 1/1 | roll 1.6s upd 13.8s
[brain] it 3844 [league 57%] R/ep 6.40 ent 2.27 kl 0.007 | hit/swing 40% dj/min 33.1 blk/min 0.2 abiHit 59 supHit 61 | self 3/11 hard 3/3 rushdown 2/3 turtle 3/4 sovereign 0/2 switcher 2/2 expert 5/5 aerial 1/1 idle 1/1 zoner 1/1 | roll 1.5s upd 13.4s
[brain] it 3845 [league 57%] R/ep 8.55 ent 2.29 kl 0.008 | hit/swing 50% dj/min 30.4 blk/min 0.1 abiHit 63 supHit 69 | expert 5/6 sovereign 3/5 zoner 1/1 hard x3 0/1 summoner 4/4 expert x2 1/1 idle 2/2 self 5/9 hard 1/1 rushdown 1/1 aerial 2/2 | roll 1.5s upd 13.6s
[brain] it 3846 [league 58%] R/ep 11.17 ent 2.27 kl 0.008 | hit/swing 58% dj/min 30.6 blk/min 0.1 abiHit 49 supHit 67 | idle 1/1 self 6/11 sovereign 2/2 turtle 2/2 expert x2 3/4 zoner 3/3 aerial 2/3 switcher 3/3 counter 0/1 medium 3/3 expert 1/1 | roll 1.4s upd 14.6s
[brain] it 3847 [league 55%] R/ep 9.22 ent 2.27 kl 0.006 | hit/swing 52% dj/min 32.2 blk/min 0.1 abiHit 48 supHit 55 | switcher 2/3 summoner 2/2 sovereign 4/7 idle 1/1 self 6/8 expert x2 1/2 aerial 1/1 expert 3/3 turtle 1/1 medium 1/1 zoner 2/2 easy 1/1 rushdown 0/2 | roll 1.4s upd 13.6s
[brain] it 3848 [league 56%] R/ep 10.83 ent 2.30 kl 0.008 | hit/swing 46% dj/min 33.4 blk/min 0.2 abiHit 48 supHit 51 | easy 4/4 zoner 4/4 self 3/7 expert 4/5 sovereign 1/2 counter 2/2 rushdown 1/2 hard 2/2 human 1/1 summoner 0/1 turtle 1/1 aerial 1/1 | roll 1.4s upd 13.8s
[brain] it 3849 [league 58%] R/ep 11.25 ent 2.24 kl 0.008 | hit/swing 50% dj/min 33.5 blk/min 0.2 abiHit 39 supHit 76 | self 4/9 turtle 1/1 sovereign 5/6 human 3/3 expert x2 2/2 summoner 2/2 rushdown 1/3 idle 2/2 easy 1/1 zoner 3/3 hard 1/1 medium 2/2 expert 2/2 aerial 1/1 | roll 1.3s upd 13.4s
[brain] it 3850 [league 58%] R/ep 10.02 ent 2.17 kl 0.007 | hit/swing 64% dj/min 28.9 blk/min 0.3 abiHit 45 supHit 80 | expert 8/8 easy 2/2 hard 5/5 expert x2 3/3 counter 1/2 zoner 3/3 sovereign 3/5 self 6/11 medium 1/1 human 1/1 summoner 1/1 switcher 1/1 hard x3 0/1 | roll 1.4s upd 13.4s
[brain] it 3851 [league 60%] R/ep 14.28 ent 2.21 kl 0.008 | hit/swing 52% dj/min 30.4 blk/min 0.0 abiHit 57 supHit 85 | switcher 2/2 idle 5/5 sovereign 4/5 expert x2 1/1 expert 6/6 human 2/3 self 2/2 zoner 1/1 easy 2/2 rushdown 0/1 hard 1/1 aerial 1/1 turtle 1/1 hard x3 1/2 medium 1/1 counter 1/1 | roll 1.1s upd 13.3s
[brain] it 3852 [league 58%] R/ep 8.77 ent 2.27 kl 0.009 | hit/swing 51% dj/min 32.9 blk/min 0.3 abiHit 21 supHit 71 | hard x3 0/2 switcher 2/2 expert 5/5 self 5/9 counter 3/3 sovereign 3/6 medium 1/1 expert x2 1/2 aerial 2/3 human 0/1 turtle 1/1 rushdown 2/2 zoner 1/1 | roll 1.8s upd 15.2s
[brain] it 3853 [league 58%] R/ep 11.75 ent 2.19 kl 0.007 | hit/swing 54% dj/min 33.6 blk/min 0.5 abiHit 29 supHit 72 | self 5/12 zoner 3/3 expert 5/5 hard x3 2/2 expert x2 2/2 hard 3/3 rushdown 1/2 sovereign 2/3 aerial 2/2 turtle 2/2 | roll 1.4s upd 13.5s
[brain] it 3854 [league 59%] R/ep 9.59 ent 2.31 kl 0.008 | hit/swing 47% dj/min 36.6 blk/min 0.1 abiHit 40 supHit 80 | self 3/6 aerial 4/5 medium 2/2 sovereign 5/8 expert 2/2 switcher 1/1 counter 3/3 zoner 1/1 easy 2/2 summoner 3/3 human 2/2 hard 1/1 | roll 1.4s upd 13.4s
[brain] it 3855 [league 61%] R/ep 8.16 ent 2.15 kl 0.009 | hit/swing 58% dj/min 32.4 blk/min 0.5 abiHit 25 supHit 90 | aerial 1/2 expert 2/2 easy 3/3 sovereign 3/7 medium 1/1 zoner 2/2 turtle 4/4 self 3/11 summoner 1/1 human 2/2 counter 4/4 hard x3 0/1 rushdown 1/1 expert x2 0/1 switcher 0/1 hard 1/1 | roll 1.4s upd 12.4s
[brain] it 3856 [league 60%] R/ep 14.76 ent 2.26 kl 0.007 | hit/swing 68% dj/min 29.0 blk/min 0.3 abiHit 62 supHit 84 | aerial 1/1 sovereign 1/2 medium 4/4 hard x3 4/5 self 5/7 idle 1/1 expert 3/4 human 1/1 summoner 1/1 rushdown 1/2 expert x2 1/1 | roll 1.3s upd 12.2s
[brain] it 3857 [league 59%] R/ep 10.73 ent 2.16 kl 0.008 | hit/swing 59% dj/min 33.5 blk/min 0.1 abiHit 39 supHit 81 | human 1/3 self 9/15 sovereign 1/2 expert x2 2/3 hard x3 2/2 easy 1/1 medium 2/2 rushdown 2/2 summoner 1/1 idle 1/1 counter 1/1 zoner 2/2 switcher 0/1 expert 3/3 | roll 1.4s upd 13.5s
[brain] it 3858 [league 59%] R/ep 12.95 ent 2.12 kl 0.007 | hit/swing 63% dj/min 28.1 blk/min 0.3 abiHit 49 supHit 78 | sovereign 0/2 switcher 3/3 expert x2 1/1 idle 3/3 self 5/7 turtle 4/5 expert 3/3 counter 2/2 easy 2/2 summoner 2/2 zoner 1/1 aerial 1/1 rushdown 2/2 hard x3 1/2 medium 1/1 hard 2/2 | roll 1.4s upd 14.7s
[brain] it 3859 [league 58%] R/ep 11.79 ent 2.23 kl 0.007 | hit/swing 56% dj/min 31.4 blk/min 0.0 abiHit 42 supHit 70 | self 5/8 expert 5/5 turtle 2/2 human 2/2 hard x3 1/1 switcher 1/1 sovereign 2/4 aerial 2/2 counter 1/1 zoner 1/1 medium 2/2 expert x2 1/1 summoner 2/2 easy 1/1 | roll 1.3s upd 13.5s
[brain] it 3860 [league 57%] R/ep 7.94 ent 2.26 kl 0.008 | hit/swing 52% dj/min 34.2 blk/min 0.1 abiHit 19 supHit 85 | rushdown 1/2 self 4/10 expert 4/4 easy 2/2 sovereign 2/5 switcher 2/2 hard 2/2 medium 1/1 counter 2/2 idle 1/1 human 1/2 summoner 1/1 turtle 1/1 | roll 1.3s upd 12.5s
[brain] it 3861 [league 55%] R/ep 7.87 ent 2.40 kl 0.007 | hit/swing 43% dj/min 34.5 blk/min 0.1 abiHit 60 supHit 58 | switcher 0/1 self 7/11 sovereign 2/6 turtle 1/1 expert 2/2 rushdown 1/1 human 1/1 medium 1/1 easy 3/3 hard 2/2 hard x3 1/1 counter 1/1 | roll 1.5s upd 14.7s
[brain] it 3862 [league 55%] R/ep 12.07 ent 2.24 kl 0.007 | hit/swing 60% dj/min 34.2 blk/min 0.3 abiHit 23 supHit 71 | expert 5/5 sovereign 4/7 hard x3 1/2 medium 3/3 counter 2/2 easy 1/1 self 2/4 idle 2/2 hard 2/2 aerial 1/1 zoner 4/4 summoner 1/1 turtle 1/2 | roll 1.5s upd 12.5s
[brain] it 3863 [league 55%] R/ep 11.72 ent 2.25 kl 0.006 | hit/swing 48% dj/min 33.1 blk/min 0.3 abiHit 61 supHit 76 | rushdown 0/1 sovereign 4/5 turtle 1/1 summoner 2/2 expert 6/6 switcher 2/2 self 4/6 human 2/3 counter 1/1 expert x2 1/1 hard 1/1 idle 2/2 medium 2/2 easy 1/1 | roll 1.3s upd 13.4s
[brain] it 3864 [league 57%] R/ep 10.85 ent 2.20 kl 0.009 | hit/swing 56% dj/min 30.3 blk/min 0.3 abiHit 37 supHit 72 | hard x3 2/5 sovereign 5/7 expert 2/2 self 3/7 counter 2/2 turtle 1/1 summoner 1/1 human 1/1 idle 1/1 medium 2/2 aerial 1/1 expert x2 1/1 | roll 1.3s upd 13.5s
[brain] it 3865 [league 58%] R/ep 11.56 ent 2.10 kl 0.008 | hit/swing 56% dj/min 30.8 blk/min 0.6 abiHit 49 supHit 96 | summoner 3/3 switcher 2/3 self 10/16 easy 1/1 sovereign 2/2 hard x3 1/1 expert 5/5 hard 3/3 human 1/2 turtle 1/1 idle 2/2 zoner 1/1 aerial 2/2 | roll 1.5s upd 14.4s
[brain] it 3866 [league 59%] R/ep 7.35 ent 2.27 kl 0.008 | hit/swing 54% dj/min 32.1 blk/min 0.6 abiHit 27 supHit 67 | expert 3/3 self 6/13 zoner 1/1 hard x3 1/2 sovereign 3/5 rushdown 1/1 human 1/1 aerial 1/1 easy 2/2 idle 1/1 counter 3/3 summoner 2/2 switcher 1/1 | roll 1.5s upd 13.4s
[brain] it 3867 [league 58%] R/ep 12.17 ent 2.15 kl 0.008 | hit/swing 43% dj/min 33.3 blk/min 0.0 abiHit 59 supHit 91 | expert x2 3/3 expert 5/5 self 9/13 sovereign 0/2 summoner 4/4 medium 1/1 counter 1/1 human 3/3 aerial 2/2 easy 1/1 turtle 1/2 zoner 1/1 | roll 1.5s upd 13.5s
[brain] it 3868 [league 57%] R/ep 13.35 ent 2.24 kl 0.008 | hit/swing 48% dj/min 30.6 blk/min 0.3 abiHit 77 supHit 57 | self 5/8 easy 3/3 medium 3/3 counter 2/2 aerial 1/2 zoner 2/2 switcher 1/2 hard 2/2 hard x3 1/1 human 2/2 turtle 1/1 sovereign 0/1 expert 2/2 | roll 1.4s upd 13.5s
[brain] it 3869 [league 56%] R/ep 9.70 ent 2.32 kl 0.008 | hit/swing 35% dj/min 36.5 blk/min 0.2 abiHit 75 supHit 60 | self 4/8 expert 5/5 sovereign 1/4 switcher 1/1 medium 2/2 hard x3 0/1 counter 2/2 aerial 1/1 easy 4/4 idle 2/2 hard 1/1 | roll 1.5s upd 14.7s
[brain] it 3870 [league 56%] R/ep 15.50 ent 2.18 kl 0.006 | hit/swing 62% dj/min 29.1 blk/min 0.0 abiHit 79 supHit 78 | expert 3/3 sovereign 3/4 hard x3 2/2 counter 1/1 self 5/6 hard 2/2 idle 6/6 switcher 1/1 turtle 1/1 expert x2 1/1 rushdown 1/1 medium 1/1 aerial 1/1 summoner 2/2 human 2/2 easy 1/1 | roll 1.3s upd 13.6s
[brain] it 3871 [league 54%] R/ep 8.73 ent 2.22 kl 0.008 | hit/swing 53% dj/min 32.9 blk/min 0.2 abiHit 26 supHit 63 | self 8/13 expert 5/5 medium 3/3 sovereign 1/5 idle 2/2 summoner 1/1 aerial 1/2 easy 2/2 hard 1/1 turtle 1/1 counter 1/1 zoner 1/1 | roll 1.5s upd 13.4s
[brain] it 3872 [league 53%] R/ep 8.97 ent 2.17 kl 0.008 | hit/swing 56% dj/min 31.5 blk/min 0.1 abiHit 46 supHit 80 | counter 3/3 expert 9/9 easy 6/6 self 3/9 human 2/2 sovereign 4/7 idle 1/1 switcher 1/1 aerial 1/1 hard 2/2 hard x3 0/1 | roll 1.5s upd 13.6s
[brain] it 3873 [league 52%] R/ep 9.21 ent 2.18 kl 0.007 | hit/swing 44% dj/min 31.9 blk/min 0.2 abiHit 81 supHit 78 | medium 4/4 self 6/13 hard x3 0/1 turtle 1/1 summoner 3/3 zoner 1/1 expert 4/4 sovereign 0/1 expert x2 1/2 hard 3/3 easy 4/4 counter 1/1 aerial 1/1 | roll 1.5s upd 13.6s
[brain] it 3874 [league 52%] R/ep 5.01 ent 2.23 kl 0.006 | hit/swing 47% dj/min 28.6 blk/min 0.4 abiHit 59 supHit 56 | self 3/12 expert 6/6 counter 2/3 medium 3/3 human 2/2 turtle 0/1 sovereign 3/4 expert x2 0/1 idle 1/1 hard 1/1 | roll 1.4s upd 13.7s
[brain] it 3875 [league 52%] R/ep 10.47 ent 2.30 kl 0.008 | hit/swing 55% dj/min 35.6 blk/min 0.4 abiHit 21 supHit 67 | aerial 2/2 self 5/8 easy 3/3 expert 5/5 medium 1/1 expert x2 2/2 human 1/2 hard 2/2 sovereign 4/5 counter 1/2 zoner 1/1 switcher 1/1 | roll 1.5s upd 13.9s
[brain] it 3876 [league 52%] R/ep 11.84 ent 2.20 kl 0.007 | hit/swing 52% dj/min 30.0 blk/min 0.2 abiHit 66 supHit 67 | self 3/7 aerial 4/4 sovereign 3/6 hard 3/3 zoner 5/5 switcher 3/3 easy 2/2 expert 4/4 summoner 1/1 human 0/1 rushdown 1/1 turtle 2/2 idle 1/1 | roll 1.3s upd 13.8s
[brain] it 3877 [league 52%] R/ep 8.70 ent 2.18 kl 0.008 | hit/swing 55% dj/min 32.3 blk/min 0.0 abiHit 32 supHit 69 | self 5/12 zoner 1/1 rushdown 2/2 counter 2/3 sovereign 3/5 expert 4/4 expert x2 1/1 medium 2/2 turtle 2/2 hard x3 1/1 summoner 2/2 idle 1/1 human 1/1 | roll 1.4s upd 13.4s
[brain] it 3878 [league 53%] R/ep 7.89 ent 2.30 kl 0.005 | hit/swing 36% dj/min 32.2 blk/min 0.2 abiHit 91 supHit 37 | easy 2/2 turtle 3/3 sovereign 4/6 zoner 2/2 aerial 1/1 rushdown 1/1 switcher 1/1 hard 1/1 self 2/3 counter 1/2 expert 1/2 human 0/1 idle 1/1 | roll 1.3s upd 13.7s
[brain] it 3879 [league 54%] R/ep 11.10 ent 2.12 kl 0.008 | hit/swing 56% dj/min 31.0 blk/min 0.2 abiHit 52 supHit 94 | human 3/4 sovereign 3/5 self 5/9 turtle 2/2 hard 3/3 expert 4/4 zoner 1/1 summoner 1/1 easy 1/1 medium 2/2 hard x3 0/3 idle 1/1 rushdown 1/2 counter 1/1 expert x2 1/1 | roll 1.6s upd 14.7s
[brain] it 3880 [league 53%] R/ep 9.07 ent 2.20 kl 0.011 | hit/swing 61% dj/min 33.4 blk/min 0.2 abiHit 37 supHit 86 | hard x3 2/3 medium 2/2 self 7/15 expert 3/3 rushdown 1/1 aerial 2/2 sovereign 0/2 switcher 2/2 expert x2 2/2 easy 2/2 zoner 1/1 summoner 1/1 | roll 1.6s upd 13.5s
[brain] it 3881 [league 53%] R/ep 11.50 ent 2.19 kl 0.005 | hit/swing 50% dj/min 33.0 blk/min 0.2 abiHit 57 supHit 71 | counter 3/3 switcher 1/1 expert 6/6 medium 2/2 hard x3 0/1 expert x2 2/2 turtle 3/3 self 3/7 summoner 1/1 sovereign 1/3 aerial 1/1 easy 2/2 human 0/1 rushdown 1/1 idle 1/1 | roll 1.4s upd 13.6s
[brain] it 3882 [league 55%] R/ep 9.46 ent 2.11 kl 0.007 | hit/swing 52% dj/min 27.6 blk/min 0.3 abiHit 100 supHit 87 | easy 1/1 hard x3 2/2 self 7/15 counter 2/2 switcher 1/1 hard 4/4 turtle 1/1 sovereign 3/5 expert 4/4 medium 3/3 zoner 1/1 aerial 1/1 rushdown 1/1 idle 1/1 | roll 1.3s upd 13.5s
[brain] it 3883 [league 54%] R/ep 10.63 ent 2.24 kl 0.008 | hit/swing 64% dj/min 34.3 blk/min 0.0 abiHit 24 supHit 67 | self 5/9 expert 5/5 idle 2/2 easy 1/1 expert x2 1/1 sovereign 1/3 hard 1/1 turtle 1/1 zoner 3/3 switcher 2/3 human 1/1 summoner 2/2 rushdown 0/2 aerial 1/1 hard x3 1/1 counter 1/1 | roll 1.5s upd 13.4s
[brain] it 3884 [league 55%] R/ep 12.27 ent 2.14 kl 0.009 | hit/swing 50% dj/min 30.2 blk/min 0.3 abiHit 76 supHit 70 | sovereign 2/2 turtle 4/4 medium 2/2 zoner 2/2 human 1/1 expert 3/3 self 4/9 summoner 2/2 hard x3 1/1 aerial 3/3 counter 2/2 hard 1/1 easy 1/1 expert x2 1/1 | roll 1.3s upd 13.7s
[brain] it 3885 [league 56%] R/ep 9.60 ent 2.20 kl 0.008 | hit/swing 51% dj/min 33.3 blk/min 0.4 abiHit 51 supHit 87 | self 3/12 expert x2 1/1 expert 5/5 switcher 3/3 zoner 1/1 sovereign 2/4 turtle 1/1 hard 3/3 aerial 3/3 summoner 1/1 idle 1/1 counter 2/2 rushdown 1/1 hard x3 1/1 human 1/1 | roll 1.5s upd 13.9s
[brain] it 3886 [league 55%] R/ep 6.76 ent 2.30 kl 0.008 | hit/swing 45% dj/min 35.1 blk/min 0.1 abiHit 35 supHit 55 | self 4/10 expert x2 1/1 aerial 1/1 switcher 0/2 summoner 4/4 counter 2/2 sovereign 1/3 turtle 4/4 hard 2/2 zoner 1/1 expert 1/1 medium 1/1 | roll 1.4s upd 13.5s
[brain] it 3887 [league 53%] R/ep 6.78 ent 2.30 kl 0.007 | hit/swing 45% dj/min 34.7 blk/min 0.4 abiHit 34 supHit 66 | idle 4/4 self 3/8 aerial 1/1 medium 3/3 expert 3/3 hard x3 0/1 sovereign 2/6 switcher 1/1 counter 1/1 human 1/2 summoner 1/1 turtle 1/1 expert x2 1/1 | roll 1.4s upd 13.4s
[brain] it 3888 [league 52%] R/ep 13.22 ent 2.23 kl 0.007 | hit/swing 51% dj/min 30.0 blk/min 0.1 abiHit 91 supHit 70 | idle 4/4 summoner 2/2 rushdown 1/1 self 4/5 expert x2 3/3 sovereign 4/8 turtle 1/1 hard x3 0/1 counter 1/1 zoner 2/2 hard 2/2 medium 1/1 aerial 2/2 expert 1/1 human 1/1 | roll 1.4s upd 14.6s
[brain] it 3889 [league 52%] R/ep 15.36 ent 2.07 kl 0.007 | hit/swing 64% dj/min 29.2 blk/min 0.6 abiHit 44 supHit 103 | expert x2 3/3 easy 2/2 self 5/9 sovereign 4/4 hard 1/1 counter 2/2 zoner 8/8 expert 4/4 turtle 1/1 human 2/2 summoner 0/1 rushdown 2/2 idle 5/5 medium 3/3 hard x3 1/1 | roll 1.4s upd 13.7s
[brain] it 3890 [league 50%] R/ep 8.80 ent 2.26 kl 0.006 | hit/swing 52% dj/min 29.8 blk/min 0.2 abiHit 69 supHit 68 | self 2/4 hard x3 1/1 human 1/2 switcher 2/2 hard 2/2 sovereign 1/5 expert 3/3 medium 1/1 counter 3/4 turtle 2/2 aerial 1/1 rushdown 1/1 summoner 1/1 | roll 1.5s upd 14.6s
[brain] it 3891 [league 53%] R/ep 15.75 ent 2.18 kl 0.009 | hit/swing 65% dj/min 31.1 blk/min 0.4 abiHit 51 supHit 78 | hard x3 4/4 counter 4/4 sovereign 3/3 turtle 2/2 expert x2 2/2 easy 2/2 zoner 2/2 self 2/7 expert 5/5 rushdown 1/1 idle 1/1 aerial 2/2 medium 1/1 human 2/2 | roll 1.5s upd 14.6s
[brain] it 3892 [league 55%] R/ep 10.40 ent 2.20 kl 0.008 | hit/swing 53% dj/min 34.2 blk/min 0.1 abiHit 48 supHit 79 | human 0/1 medium 2/2 expert x2 2/4 self 2/6 expert 8/8 counter 3/3 hard 3/3 sovereign 6/8 idle 1/1 rushdown 1/1 easy 1/1 summoner 1/1 zoner 1/1 turtle 1/1 | roll 1.4s upd 14.3s
[brain] it 3893 [league 56%] R/ep 14.29 ent 2.25 kl 0.007 | hit/swing 55% dj/min 32.9 blk/min 0.2 abiHit 40 supHit 62 | expert x2 2/2 sovereign 2/5 easy 2/2 zoner 3/3 medium 3/3 expert 4/4 self 3/5 hard x3 2/2 hard 1/1 human 1/2 rushdown 2/2 turtle 2/2 | roll 1.6s upd 13.8s
[brain] it 3894 [league 56%] R/ep 4.79 ent 2.36 kl 0.008 | hit/swing 43% dj/min 35.2 blk/min 0.2 abiHit 40 supHit 60 | aerial 1/1 switcher 0/1 self 2/11 hard x3 1/3 turtle 1/1 easy 1/1 medium 3/3 sovereign 2/4 expert 3/3 rushdown 2/3 counter 1/1 idle 1/1 expert x2 0/1 | roll 1.5s upd 14.5s
[brain] it 3895 [league 56%] R/ep 8.74 ent 2.33 kl 0.008 | hit/swing 43% dj/min 34.1 blk/min 0.2 abiHit 39 supHit 47 | self 6/10 switcher 3/3 human 1/1 idle 1/1 aerial 1/1 turtle 1/1 hard 2/2 sovereign 2/3 summoner 2/2 counter 1/1 expert 2/2 medium 1/1 | roll 1.4s upd 13.4s
[brain] it 3896 [league 56%] R/ep 9.70 ent 2.16 kl 0.008 | hit/swing 54% dj/min 32.8 blk/min 0.2 abiHit 37 supHit 84 | hard 2/2 self 5/10 human 3/3 summoner 2/3 sovereign 3/5 expert 3/3 turtle 3/3 rushdown 2/3 easy 2/2 medium 2/2 switcher 2/2 counter 1/1 aerial 1/1 | roll 1.5s upd 13.5s
[brain] it 3897 [league 55%] R/ep 9.96 ent 2.13 kl 0.008 | hit/swing 58% dj/min 30.6 blk/min 0.4 abiHit 26 supHit 89 | self 7/12 switcher 1/1 expert x2 0/1 counter 1/1 summoner 7/7 idle 2/2 easy 2/2 sovereign 1/2 rushdown 1/1 expert 7/8 human 1/1 zoner 1/1 turtle 1/1 aerial 1/1 hard x3 0/1 | roll 1.4s upd 13.3s
[brain] it 3898 [league 56%] R/ep 11.67 ent 2.15 kl 0.009 | hit/swing 65% dj/min 26.3 blk/min 0.2 abiHit 84 supHit 73 | self 2/10 counter 2/2 summoner 3/3 easy 3/3 human 1/2 idle 3/3 hard 2/2 sovereign 2/2 expert 4/4 medium 1/1 hard x3 1/1 expert x2 2/2 turtle 1/1 | roll 1.4s upd 13.3s
[brain] it 3899 [league 55%] R/ep 13.35 ent 2.21 kl 0.008 | hit/swing 44% dj/min 32.6 blk/min 0.1 abiHit 92 supHit 65 | expert 5/5 idle 1/1 summoner 3/3 hard x3 1/1 turtle 2/3 hard 2/2 aerial 3/3 sovereign 0/1 switcher 2/2 self 3/5 zoner 1/1 easy 2/2 expert x2 0/1 human 1/1 | roll 1.2s upd 13.6s
[brain] it 3900 [league 55%] R/ep 7.52 ent 2.25 kl 0.007 | hit/swing 50% dj/min 31.7 blk/min 0.1 abiHit 37 supHit 68 | sovereign 3/6 easy 3/3 switcher 2/2 rushdown 3/3 expert 5/6 self 1/6 idle 2/2 aerial 0/1 medium 1/1 counter 1/1 turtle 1/1 hard 1/1 | roll 1.4s upd 13.4s
[brain] it 3901 [league 55%] R/ep 11.27 ent 2.15 kl 0.007 | hit/swing 60% dj/min 29.8 blk/min 0.5 abiHit 37 supHit 52 | aerial 1/1 hard 2/2 expert 6/6 switcher 1/1 sovereign 1/2 human 2/2 summoner 1/1 self 1/5 expert x2 1/1 hard x3 1/1 idle 1/1 rushdown 1/1 | roll 4.8s upd 9.2s
[brain] it 3902 [league 56%] R/ep 12.42 ent 2.25 kl 0.008 | hit/swing 53% dj/min 36.2 blk/min 0.3 abiHit 27 supHit 49 | easy 1/1 medium 3/3 switcher 3/3 turtle 1/1 sovereign 1/1 expert 2/2 aerial 1/1 expert x2 2/2 self 3/8 human 1/1 rushdown 1/1 zoner 1/1 summoner 1/1 | roll 4.9s upd 9.1s
[brain] it 3903 [league 55%] R/ep 8.55 ent 2.18 kl 0.009 | hit/swing 56% dj/min 33.9 blk/min 0.4 abiHit 32 supHit 44 | self 3/9 counter 1/1 medium 1/1 sovereign 1/2 aerial 3/3 turtle 2/2 hard x3 1/1 expert 2/2 | roll 4.9s upd 8.9s
[brain] it 3904 [league 54%] R/ep 8.54 ent 2.14 kl 0.010 | hit/swing 58% dj/min 30.3 blk/min 0.3 abiHit 76 supHit 75 | expert 5/5 self 4/12 easy 3/3 aerial 1/1 sovereign 0/2 summoner 4/4 hard x3 0/1 medium 4/4 hard 2/2 turtle 1/1 expert x2 2/2 idle 1/1 counter 1/1 | roll 1.6s upd 13.9s
[brain] it 3905 [league 53%] R/ep 10.57 ent 2.21 kl 0.008 | hit/swing 51% dj/min 33.0 blk/min 0.2 abiHit 54 supHit 65 | easy 2/2 medium 3/3 summoner 1/1 sovereign 4/7 aerial 1/2 expert 3/3 switcher 2/2 self 1/5 hard 3/3 counter 4/4 rushdown 2/2 turtle 2/2 zoner 1/1 expert x2 0/1 | roll 1.7s upd 14.9s
[brain] it 3906 [league 53%] R/ep 7.98 ent 2.25 kl 0.008 | hit/swing 50% dj/min 31.5 blk/min 0.4 abiHit 36 supHit 70 | counter 3/3 expert 4/4 self 8/16 hard x3 0/1 summoner 1/1 medium 1/1 idle 2/2 sovereign 1/3 switcher 2/2 zoner 2/2 | roll 1.9s upd 15.0s
[brain] it 3907 [league 55%] R/ep 10.76 ent 2.22 kl 0.009 | hit/swing 62% dj/min 30.6 blk/min 0.3 abiHit 49 supHit 60 | sovereign 4/5 self 4/11 hard 2/2 expert 2/2 counter 1/1 expert x2 0/2 medium 3/3 zoner 2/2 switcher 2/2 turtle 3/3 hard x3 2/2 | roll 1.5s upd 13.8s
[brain] it 3908 [league 57%] R/ep 10.73 ent 2.16 kl 0.007 | hit/swing 57% dj/min 29.4 blk/min 0.2 abiHit 50 supHit 71 | expert 9/9 aerial 2/2 self 3/8 sovereign 4/5 hard 3/3 medium 4/4 zoner 2/2 expert x2 1/1 turtle 0/1 hard x3 0/1 switcher 1/1 summoner 1/1 | roll 1.4s upd 13.6s
[brain] it 3909 [league 57%] R/ep 8.72 ent 2.25 kl 0.009 | hit/swing 42% dj/min 34.7 blk/min 0.0 abiHit 98 supHit 61 | summoner 1/1 counter 2/3 switcher 2/2 turtle 2/2 zoner 1/1 easy 2/2 self 7/11 medium 1/1 sovereign 2/3 aerial 1/1 expert 1/1 rushdown 0/1 idle 1/1 hard x3 0/1 hard 1/1 | roll 1.5s upd 13.7s
[brain] it 3910 [league 57%] R/ep 10.66 ent 2.19 kl 0.008 | hit/swing 62% dj/min 33.4 blk/min 0.3 abiHit 30 supHit 79 | turtle 2/2 self 5/10 hard x3 1/3 sovereign 3/5 aerial 1/1 hard 1/1 expert 5/5 summoner 1/1 easy 2/2 medium 2/2 switcher 2/3 idle 2/2 | roll 1.5s upd 13.4s
[brain] it 3911 [league 57%] R/ep 10.86 ent 2.21 kl 0.006 | hit/swing 52% dj/min 34.6 blk/min 0.2 abiHit 71 supHit 68 | zoner 1/1 aerial 1/1 self 4/9 hard x3 2/4 counter 4/4 sovereign 1/4 easy 1/1 switcher 2/2 rushdown 0/1 human 1/1 expert x2 1/1 idle 1/1 medium 3/3 expert 1/1 summoner 2/2 | roll 1.7s upd 15.0s
[brain] it 3912 [league 56%] R/ep 7.69 ent 2.38 kl 0.008 | hit/swing 39% dj/min 36.4 blk/min 0.2 abiHit 56 supHit 45 | hard x3 1/1 medium 2/2 self 2/7 expert 3/3 expert x2 1/2 easy 1/1 sovereign 0/1 aerial 0/1 hard 1/1 human 2/2 rushdown 0/2 idle 2/2 | roll 1.4s upd 13.4s
[brain] it 3913 [league 58%] R/ep 13.18 ent 2.20 kl 0.008 | hit/swing 41% dj/min 35.6 blk/min 0.0 abiHit 108 supHit 55 | expert 7/7 self 4/5 counter 4/4 turtle 1/2 sovereign 2/2 hard 2/2 summoner 1/1 expert x2 1/1 aerial 1/1 medium 1/1 human 1/1 rushdown 1/1 | roll 1.4s upd 13.5s
[brain] it 3914 [league 58%] R/ep 8.84 ent 2.26 kl 0.009 | hit/swing 50% dj/min 36.8 blk/min 0.1 abiHit 44 supHit 54 | expert 4/4 sovereign 2/3 hard 2/2 human 4/4 zoner 2/2 self 8/14 summoner 1/2 aerial 1/1 rushdown 1/1 counter 1/1 | roll 1.4s upd 13.4s
[brain] it 3915 [league 58%] R/ep 8.28 ent 2.29 kl 0.008 | hit/swing 45% dj/min 35.7 blk/min 0.2 abiHit 38 supHit 58 | easy 3/3 self 7/11 switcher 2/2 hard 2/2 rushdown 1/2 summoner 2/2 hard x3 1/1 human 0/1 expert 1/1 sovereign 1/4 idle 2/2 | roll 1.6s upd 14.7s
[brain] it 3916 [league 56%] R/ep 13.06 ent 2.15 kl 0.010 | hit/swing 65% dj/min 31.7 blk/min 0.4 abiHit 41 supHit 94 | self 2/6 hard x3 1/1 expert 9/9 sovereign 4/7 turtle 2/2 easy 1/1 expert x2 4/4 counter 4/4 summoner 1/1 rushdown 1/2 zoner 1/1 idle 1/1 human 1/2 | roll 1.7s upd 15.0s
[brain] it 3917 [league 59%] R/ep 8.69 ent 2.21 kl 0.008 | hit/swing 48% dj/min 32.1 blk/min 0.2 abiHit 81 supHit 66 | rushdown 2/3 self 6/12 sovereign 3/4 medium 2/2 counter 1/1 expert 3/3 hard x3 0/1 hard 4/4 idle 2/2 expert x2 1/1 aerial 1/1 human 1/1 summoner 1/1 zoner 1/1 | roll 1.4s upd 13.4s
[brain] it 3918 [league 59%] R/ep 10.51 ent 2.26 kl 0.008 | hit/swing 55% dj/min 34.5 blk/min 0.2 abiHit 45 supHit 75 | expert 1/1 easy 4/4 turtle 1/2 self 3/10 hard 4/4 idle 2/2 zoner 3/3 sovereign 5/7 aerial 2/2 medium 1/1 summoner 1/1 hard x3 2/2 | roll 1.4s upd 13.3s
[brain] it 3919 [league 58%] R/ep 13.91 ent 2.08 kl 0.007 | hit/swing 71% dj/min 32.7 blk/min 0.6 abiHit 52 supHit 127 | human 2/2 idle 4/4 self 8/12 hard 1/1 easy 3/3 sovereign 2/3 aerial 1/1 rushdown 3/3 expert x2 3/4 turtle 1/1 switcher 1/1 hard x3 2/5 summoner 1/1 counter 1/1 expert 2/2 | roll 1.5s upd 13.3s
[brain] it 3920 [league 57%] R/ep 9.83 ent 2.27 kl 0.008 | hit/swing 46% dj/min 31.6 blk/min 0.5 abiHit 76 supHit 70 | self 8/15 easy 1/1 expert 8/8 sovereign 1/2 zoner 1/1 summoner 1/2 hard 1/1 medium 2/2 hard x3 1/2 idle 1/1 switcher 1/1 human 1/1 | roll 1.5s upd 13.4s
[brain] it 3921 [league 57%] R/ep 10.46 ent 2.31 kl 0.009 | hit/swing 57% dj/min 35.9 blk/min 0.1 abiHit 41 supHit 64 | rushdown 3/5 summoner 2/2 self 3/5 counter 1/1 sovereign 3/7 human 2/2 zoner 1/1 switcher 1/1 easy 2/2 expert 1/1 idle 1/1 turtle 2/2 hard x3 0/1 expert x2 1/1 hard 1/1 | roll 1.3s upd 14.4s
[brain] it 3922 [league 59%] R/ep 7.87 ent 2.21 kl 0.007 | hit/swing 60% dj/min 32.8 blk/min 0.4 abiHit 50 supHit 80 | self 2/11 summoner 2/2 sovereign 5/6 hard 1/1 expert 8/8 idle 2/2 hard x3 1/2 medium 1/1 aerial 1/1 rushdown 1/2 human 2/2 | roll 1.5s upd 13.5s
[brain] it 3923 [league 57%] R/ep 11.00 ent 2.22 kl 0.006 | hit/swing 56% dj/min 34.4 blk/min 0.1 abiHit 22 supHit 85 | self 6/10 sovereign 2/6 medium 2/2 expert x2 2/2 expert 6/6 switcher 2/2 hard x3 1/1 zoner 2/2 idle 2/2 easy 1/1 hard 2/2 counter 2/2 human 1/1 aerial 2/2 | roll 1.5s upd 14.4s
[brain] it 3924 [league 58%] R/ep 11.27 ent 2.13 kl 0.008 | hit/swing 60% dj/min 32.3 blk/min 0.3 abiHit 47 supHit 103 | hard x3 2/3 self 7/15 expert x2 1/1 expert 4/4 sovereign 3/3 rushdown 2/2 turtle 3/3 summoner 1/1 aerial 1/1 zoner 1/1 hard 1/1 easy 1/1 switcher 1/1 medium 2/2 human 0/1 | roll 1.4s upd 13.3s
[brain] it 3925 [league 59%] R/ep 14.15 ent 2.28 kl 0.008 | hit/swing 57% dj/min 33.7 blk/min 0.1 abiHit 47 supHit 50 | human 1/1 hard x3 3/4 expert 2/3 rushdown 0/2 idle 3/3 counter 2/2 zoner 2/2 easy 1/1 sovereign 3/4 self 3/3 medium 1/1 aerial 0/1 hard 1/1 | roll 1.3s upd 12.2s
[brain] it 3926 [league 59%] R/ep 9.30 ent 2.29 kl 0.005 | hit/swing 47% dj/min 32.6 blk/min 0.0 abiHit 46 supHit 59 | hard x3 1/1 sovereign 2/4 hard 5/5 self 3/7 human 2/2 counter 1/1 switcher 1/1 idle 1/1 turtle 1/1 summoner 1/1 expert 1/1 easy 2/2 expert x2 1/1 rushdown 0/1 | roll 1.3s upd 13.6s
[brain] it 3927 [league 58%] R/ep 8.14 ent 2.33 kl 0.007 | hit/swing 44% dj/min 37.0 blk/min 0.2 abiHit 70 supHit 50 | easy 3/3 zoner 1/1 human 2/3 sovereign 1/4 expert x2 2/2 aerial 1/2 summoner 2/2 self 4/8 counter 1/1 idle 1/1 hard x3 0/1 medium 1/1 turtle 1/2 expert 1/1 | roll 1.6s upd 14.7s
[brain] it 3928 [league 58%] R/ep 9.55 ent 2.27 kl 0.008 | hit/swing 52% dj/min 34.9 blk/min 0.3 abiHit 52 supHit 72 | sovereign 1/4 expert 5/5 self 7/9 idle 3/3 aerial 1/1 switcher 1/2 rushdown 1/1 summoner 2/2 turtle 1/1 zoner 1/1 counter 0/1 expert x2 1/1 easy 2/2 human 1/1 hard x3 0/1 | roll 1.4s upd 14.5s
[brain] it 3929 [league 58%] R/ep 10.69 ent 2.12 kl 0.009 | hit/swing 58% dj/min 33.6 blk/min 0.4 abiHit 49 supHit 75 | hard 4/4 self 8/16 switcher 1/1 expert 3/3 turtle 4/4 aerial 1/1 easy 1/1 hard x3 1/2 rushdown 2/2 idle 3/3 counter 1/1 sovereign 1/1 | roll 1.5s upd 13.5s
[brain] it 3930 [league 57%] R/ep 7.60 ent 2.32 kl 0.007 | hit/swing 41% dj/min 37.0 blk/min 0.2 abiHit 36 supHit 61 | sovereign 1/5 self 4/8 rushdown 0/1 counter 1/1 medium 2/2 hard 4/4 easy 1/1 expert 3/3 human 1/1 switcher 0/1 summoner 2/2 aerial 1/1 expert x2 1/1 | roll 1.4s upd 13.4s
[brain] it 3931 [league 56%] R/ep 12.82 ent 2.14 kl 0.006 | hit/swing 65% dj/min 30.9 blk/min 0.0 abiHit 65 supHit 104 | human 2/2 aerial 4/5 turtle 2/2 sovereign 5/7 idle 4/4 self 3/5 easy 4/4 expert 4/4 zoner 2/2 counter 1/1 medium 2/2 hard 1/1 switcher 1/1 rushdown 1/1 expert x2 1/1 summoner 1/1 | roll 1.4s upd 13.7s
[brain] it 3932 [league 56%] R/ep 11.26 ent 2.13 kl 0.008 | hit/swing 58% dj/min 33.3 blk/min 0.3 abiHit 38 supHit 110 | self 6/10 medium 4/4 idle 2/2 switcher 2/3 expert 8/8 sovereign 6/8 expert x2 2/2 easy 2/2 turtle 2/2 aerial 1/1 rushdown 1/1 summoner 1/1 human 2/2 | roll 1.3s upd 13.6s
[brain] it 3933 [league 57%] R/ep 10.18 ent 2.29 kl 0.006 | hit/swing 51% dj/min 37.1 blk/min 0.1 abiHit 42 supHit 70 | sovereign 2/3 expert 2/2 self 3/9 expert x2 1/1 easy 4/4 idle 1/1 hard 1/1 switcher 1/1 human 1/2 zoner 1/1 counter 1/1 medium 4/4 turtle 1/1 summoner 1/1 hard x3 1/1 rushdown 0/1 | roll 1.5s upd 13.4s
[brain] it 3934 [league 58%] R/ep 9.26 ent 2.29 kl 0.008 | hit/swing 50% dj/min 34.6 blk/min 0.2 abiHit 53 supHit 72 | expert 5/5 easy 2/2 self 3/7 sovereign 4/7 hard 5/5 expert x2 2/2 summoner 1/1 human 2/2 turtle 2/2 | roll 1.4s upd 13.4s
[brain] it 3935 [league 59%] R/ep 9.81 ent 2.21 kl 0.007 | hit/swing 64% dj/min 32.7 blk/min 0.3 abiHit 41 supHit 77 | sovereign 4/4 easy 2/2 switcher 2/2 expert 4/4 self 4/12 counter 4/4 summoner 1/2 turtle 2/2 expert x2 2/2 rushdown 1/1 idle 2/2 medium 2/2 hard x3 1/1 | roll 1.3s upd 13.6s
[brain] it 3936 [league 59%] R/ep 10.73 ent 2.27 kl 0.008 | hit/swing 43% dj/min 36.8 blk/min 0.3 abiHit 68 supHit 64 | hard 3/3 counter 1/1 self 5/10 summoner 1/1 expert 4/4 easy 1/1 aerial 2/2 sovereign 1/3 turtle 1/1 medium 2/2 rushdown 1/2 hard x3 2/2 idle 1/1 zoner 1/1 | roll 1.4s upd 14.6s
[brain] it 3937 [league 59%] R/ep 7.16 ent 2.30 kl 0.009 | hit/swing 56% dj/min 28.8 blk/min 0.4 abiHit 96 supHit 50 | self 2/7 medium 1/1 sovereign 2/5 counter 1/1 expert 2/2 aerial 2/2 easy 1/1 turtle 1/1 summoner 1/2 idle 1/1 expert x2 2/2 hard 1/1 human 1/1 | roll 1.3s upd 13.4s
[brain] it 3938 [league 59%] R/ep 10.64 ent 2.18 kl 0.008 | hit/swing 50% dj/min 32.7 blk/min 0.4 abiHit 104 supHit 79 | hard x3 1/5 turtle 2/2 self 2/8 expert 4/4 expert x2 2/2 medium 4/4 hard 3/3 idle 1/1 summoner 2/2 human 1/1 easy 1/1 | roll 1.4s upd 14.6s
[brain] it 3939 [league 59%] R/ep 11.60 ent 2.15 kl 0.008 | hit/swing 67% dj/min 35.2 blk/min 0.4 abiHit 20 supHit 94 | hard x3 1/2 human 3/4 summoner 3/4 self 2/6 expert x2 3/3 medium 1/1 expert 3/3 counter 1/1 sovereign 5/7 zoner 1/1 hard 2/2 turtle 1/1 easy 2/2 | roll 1.3s upd 13.4s
[brain] it 3940 [league 59%] R/ep 8.81 ent 2.26 kl 0.009 | hit/swing 45% dj/min 32.9 blk/min 0.3 abiHit 79 supHit 82 | sovereign 2/4 self 6/12 human 1/1 rushdown 1/1 hard 1/1 expert x2 0/1 easy 2/2 switcher 1/2 aerial 2/2 expert 5/5 summoner 3/3 zoner 1/1 counter 1/1 idle 1/1 | roll 1.6s upd 14.4s
[brain] it 3941 [league 58%] R/ep 8.43 ent 2.28 kl 0.008 | hit/swing 50% dj/min 33.7 blk/min 0.3 abiHit 51 supHit 76 | sovereign 5/8 counter 1/2 rushdown 1/1 expert 4/4 summoner 1/2 hard x3 1/4 easy 1/1 medium 1/1 self 3/6 zoner 1/1 expert x2 1/2 turtle 2/2 idle 2/2 | roll 1.5s upd 13.5s
[brain] it 3942 [league 59%] R/ep 6.51 ent 2.14 kl 0.009 | hit/swing 58% dj/min 35.1 blk/min 0.3 abiHit 32 supHit 86 | self 8/17 zoner 2/2 summoner 3/3 sovereign 4/6 human 1/1 expert 3/4 switcher 1/1 expert x2 0/1 easy 2/2 aerial 1/1 counter 1/1 medium 1/1 turtle 0/1 hard x3 1/1 idle 1/1 | roll 1.5s upd 13.6s
[brain] it 3943 [league 59%] R/ep 12.31 ent 2.21 kl 0.008 | hit/swing 44% dj/min 32.1 blk/min 0.4 abiHit 99 supHit 58 | human 5/5 summoner 2/3 switcher 2/2 expert 2/2 self 3/4 sovereign 2/4 rushdown 1/1 medium 1/1 zoner 1/1 turtle 1/1 hard x3 1/1 counter 1/1 expert x2 1/1 | roll 1.4s upd 13.5s
[brain] it 3944 [league 59%] R/ep 8.86 ent 2.29 kl 0.007 | hit/swing 60% dj/min 37.4 blk/min 0.4 abiHit 24 supHit 75 | human 1/1 idle 1/1 sovereign 4/7 self 1/8 zoner 2/2 counter 3/3 easy 3/3 summoner 2/2 aerial 2/3 rushdown 1/1 switcher 1/1 expert 4/4 expert x2 1/1 hard 1/1 turtle 0/1 | roll 1.5s upd 13.7s
[brain] it 3945 [league 58%] R/ep 11.35 ent 2.34 kl 0.006 | hit/swing 39% dj/min 40.0 blk/min 0.2 abiHit 55 supHit 59 | expert 3/3 switcher 1/1 sovereign 2/4 human 2/2 zoner 3/3 summoner 3/3 hard 3/3 self 2/5 turtle 2/2 counter 1/1 idle 2/2 rushdown 2/2 | roll 1.4s upd 13.4s
[brain] it 3946 [league 57%] R/ep 11.64 ent 2.35 kl 0.008 | hit/swing 46% dj/min 38.3 blk/min 0.2 abiHit 68 supHit 66 | medium 1/1 zoner 1/1 sovereign 2/4 expert x2 1/2 expert 5/5 self 4/7 counter 2/2 rushdown 2/2 hard x3 1/1 aerial 1/1 idle 1/1 summoner 1/1 hard 1/1 easy 1/1 switcher 1/1 | roll 1.4s upd 13.3s
[brain] it 3947 [league 58%] R/ep 8.19 ent 2.21 kl 0.008 | hit/swing 52% dj/min 35.3 blk/min 0.2 abiHit 51 supHit 61 | sovereign 4/5 self 4/11 idle 3/3 rushdown 0/3 expert 5/5 easy 4/4 turtle 1/1 zoner 3/3 human 1/2 counter 1/1 hard x3 1/1 medium 2/2 | roll 1.3s upd 13.7s
[brain] it 3948 [league 59%] R/ep 9.73 ent 2.19 kl 0.008 | hit/swing 51% dj/min 36.1 blk/min 0.5 abiHit 68 supHit 78 | turtle 1/1 expert 3/3 sovereign 3/7 expert x2 0/1 rushdown 3/3 switcher 3/3 self 6/8 zoner 2/2 hard 2/2 idle 1/1 easy 2/2 counter 2/2 human 1/1 medium 1/1 | roll 1.4s upd 14.8s
[brain] it 3949 [league 61%] R/ep 6.61 ent 2.35 kl 0.010 | hit/swing 42% dj/min 37.8 blk/min 0.1 abiHit 41 supHit 55 | self 1/8 rushdown 1/1 sovereign 3/4 expert x2 0/1 counter 2/3 hard x3 0/1 human 1/1 expert 4/4 easy 2/2 switcher 1/1 zoner 2/2 aerial 1/1 | roll 1.3s upd 13.3s
[brain] it 3950 [league 62%] R/ep 13.47 ent 2.20 kl 0.008 | hit/swing 56% dj/min 31.3 blk/min 0.2 abiHit 65 supHit 72 | idle 3/3 sovereign 2/3 easy 2/2 self 2/6 aerial 0/1 hard 2/2 switcher 1/1 hard x3 1/2 counter 1/2 rushdown 2/2 expert 4/4 zoner 2/2 medium 2/2 expert x2 1/1 turtle 1/1 | roll 1.4s upd 13.3s
[brain] it 3951 [league 61%] R/ep 9.36 ent 2.21 kl 0.007 | hit/swing 53% dj/min 34.8 blk/min 0.3 abiHit 32 supHit 74 | expert x2 2/2 self 4/11 expert 5/5 summoner 3/3 human 1/1 sovereign 4/6 hard 3/3 turtle 1/1 idle 2/2 zoner 1/1 switcher 2/2 | roll 1.4s upd 13.3s
[brain] it 3952 [league 62%] R/ep 6.45 ent 2.18 kl 0.009 | hit/swing 53% dj/min 35.4 blk/min 0.2 abiHit 70 supHit 70 | self 1/9 expert 2/2 counter 1/1 sovereign 7/10 hard x3 0/2 summoner 2/2 hard 2/2 aerial 1/1 human 1/1 idle 1/1 turtle 2/2 easy 3/3 expert x2 1/1 medium 1/1 | roll 1.4s upd 12.1s
[brain] it 3953 [league 61%] R/ep 9.37 ent 2.13 kl 0.008 | hit/swing 60% dj/min 30.9 blk/min 0.2 abiHit 45 supHit 78 | expert 2/2 human 2/2 sovereign 4/7 hard 4/4 self 5/10 medium 2/2 rushdown 2/2 switcher 1/1 hard x3 1/2 easy 4/4 idle 1/1 summoner 1/1 expert x2 0/1 aerial 1/1 | roll 1.5s upd 13.5s
[brain] it 3954 [league 58%] R/ep 12.66 ent 2.04 kl 0.007 | hit/swing 67% dj/min 33.9 blk/min 0.1 abiHit 21 supHit 102 | hard 3/3 aerial 4/4 self 6/11 expert x2 4/4 expert 7/7 human 2/2 idle 4/4 easy 2/2 rushdown 2/2 sovereign 0/4 zoner 1/1 hard x3 1/1 | roll 1.4s upd 13.5s
[brain] it 3955 [league 57%] R/ep 8.48 ent 2.28 kl 0.008 | hit/swing 43% dj/min 35.2 blk/min 0.1 abiHit 65 supHit 59 | self 3/8 expert 3/3 expert x2 2/3 sovereign 3/6 switcher 1/1 counter 1/1 summoner 4/4 easy 2/2 idle 2/2 human 1/1 aerial 1/1 turtle 0/1 zoner 1/1 | roll 1.4s upd 13.4s
[brain] it 3956 [league 60%] R/ep 8.68 ent 2.24 kl 0.007 | hit/swing 51% dj/min 40.6 blk/min 0.2 abiHit 23 supHit 84 | self 5/16 switcher 2/2 zoner 2/2 summoner 2/2 hard 2/2 human 1/1 expert 5/5 hard x3 0/1 expert x2 1/1 rushdown 2/2 sovereign 5/5 medium 1/1 counter 2/2 easy 1/1 | roll 1.4s upd 13.3s
[brain] it 3957 [league 60%] R/ep 12.58 ent 2.20 kl 0.008 | hit/swing 56% dj/min 34.1 blk/min 0.0 abiHit 43 supHit 86 | expert 3/3 switcher 1/2 self 9/14 summoner 1/1 counter 2/2 aerial 1/1 human 1/1 sovereign 1/2 hard 2/2 zoner 2/2 rushdown 2/2 turtle 2/2 hard x3 1/1 medium 1/1 easy 1/1 expert x2 1/1 idle 1/1 | roll 1.5s upd 13.5s
[brain] it 3958 [league 60%] R/ep 8.16 ent 2.11 kl 0.009 | hit/swing 61% dj/min 34.7 blk/min 0.4 abiHit 20 supHit 83 | aerial 2/2 sovereign 2/3 rushdown 1/2 hard x3 1/3 self 7/13 hard 3/3 expert 6/6 medium 3/3 switcher 1/1 summoner 1/1 | roll 1.5s upd 12.4s
[brain] it 3959 [league 59%] R/ep 10.68 ent 2.28 kl 0.007 | hit/swing 53% dj/min 39.8 blk/min 0.1 abiHit 23 supHit 66 | expert 4/4 easy 2/2 rushdown 2/3 human 2/2 self 4/7 sovereign 2/5 turtle 2/2 counter 1/1 hard 1/1 summoner 1/1 idle 2/2 aerial 1/1 hard x3 1/1 | roll 1.4s upd 13.4s
[brain] it 3960 [league 58%] R/ep 10.27 ent 2.31 kl 0.006 | hit/swing 45% dj/min 34.8 blk/min 0.3 abiHit 83 supHit 52 | self 6/8 hard 1/1 idle 3/3 human 2/3 summoner 1/1 expert 4/4 sovereign 0/3 aerial 1/1 zoner 2/2 switcher 1/1 hard x3 1/2 rushdown 1/1 easy 1/1 | roll 1.3s upd 12.3s
[brain] it 3961 [league 57%] R/ep 8.57 ent 2.32 kl 0.007 | hit/swing 40% dj/min 36.6 blk/min 0.1 abiHit 80 supHit 67 | self 2/7 hard 2/2 switcher 3/4 aerial 0/1 sovereign 3/6 expert 3/3 medium 1/1 rushdown 0/1 human 2/2 summoner 3/3 easy 2/2 zoner 2/2 hard x3 0/1 turtle 1/1 counter 1/1 | roll 1.4s upd 13.6s
[brain] it 3962 [league 55%] R/ep 9.23 ent 2.21 kl 0.009 | hit/swing 52% dj/min 34.2 blk/min 0.1 abiHit 44 supHit 71 | sovereign 2/4 expert x2 1/2 expert 2/2 self 4/9 medium 2/2 summoner 2/3 zoner 2/2 human 3/3 turtle 0/1 aerial 3/4 hard 3/3 easy 2/2 idle 1/1 | roll 1.4s upd 13.5s
[brain] it 3963 [league 55%] R/ep 10.32 ent 2.22 kl 0.008 | hit/swing 53% dj/min 35.1 blk/min 0.3 abiHit 74 supHit 74 | expert 4/4 self 2/9 summoner 4/4 expert x2 1/1 hard 2/2 sovereign 2/5 zoner 1/1 counter 2/2 easy 2/2 switcher 3/3 rushdown 1/1 hard x3 1/2 aerial 1/1 idle 1/1 medium 1/1 | roll 1.3s upd 13.4s
[brain] it 3964 [league 57%] R/ep 11.93 ent 2.20 kl 0.007 | hit/swing 43% dj/min 32.7 blk/min 0.1 abiHit 104 supHit 78 | counter 3/3 hard 2/2 human 1/1 self 2/9 zoner 1/1 medium 3/3 switcher 2/2 hard x3 2/2 expert 5/5 easy 2/2 sovereign 4/4 aerial 1/1 summoner 1/1 | roll 1.4s upd 14.0s
[brain] it 3965 [league 59%] R/ep 11.38 ent 2.19 kl 0.007 | hit/swing 50% dj/min 29.2 blk/min 0.0 abiHit 79 supHit 63 | self 5/5 sovereign 7/9 hard 2/2 zoner 2/2 idle 1/1 human 3/3 expert 4/4 summoner 1/1 turtle 1/2 expert x2 1/1 aerial 2/3 switcher 1/1 medium 1/1 | roll 1.3s upd 13.4s
[brain] it 3966 [league 58%] R/ep 10.70 ent 2.35 kl 0.008 | hit/swing 38% dj/min 40.7 blk/min 0.4 abiHit 39 supHit 61 | self 5/12 aerial 2/2 counter 1/1 sovereign 0/1 expert 3/3 idle 2/2 switcher 1/1 hard 1/1 zoner 2/2 human 3/4 turtle 1/1 medium 3/3 easy 1/1 | roll 1.6s upd 14.4s
[brain] it 3967 [league 58%] R/ep 9.47 ent 2.19 kl 0.007 | hit/swing 54% dj/min 36.7 blk/min 0.6 abiHit 39 supHit 89 | hard 2/2 self 7/12 expert x2 1/1 sovereign 5/7 expert 4/4 summoner 1/1 switcher 3/4 idle 3/3 human 2/2 aerial 2/2 easy 1/1 hard x3 0/1 zoner 1/1 counter 1/1 | roll 1.4s upd 14.0s
[brain] it 3968 [league 59%] R/ep 10.87 ent 2.28 kl 0.010 | hit/swing 55% dj/min 38.3 blk/min 0.1 abiHit 35 supHit 58 | rushdown 3/3 sovereign 4/7 hard x3 2/3 human 1/2 expert 5/5 summoner 1/1 zoner 1/1 switcher 1/1 easy 1/1 self 2/6 turtle 1/1 aerial 1/1 medium 1/1 counter 1/1 | roll 1.7s upd 13.6s
[brain] it 3969 [league 59%] R/ep 10.57 ent 2.23 kl 0.006 | hit/swing 51% dj/min 32.9 blk/min 0.0 abiHit 52 supHit 68 | self 2/9 switcher 3/3 expert 5/5 human 2/2 rushdown 0/1 expert x2 1/1 idle 1/1 sovereign 1/1 hard 4/4 medium 2/2 easy 2/2 zoner 1/1 summoner 2/2 aerial 0/1 | roll 1.3s upd 13.4s
[brain] it 3970 [league 60%] R/ep 9.05 ent 2.15 kl 0.008 | hit/swing 52% dj/min 31.3 blk/min 0.3 abiHit 42 supHit 96 | self 3/12 sovereign 5/6 human 4/4 summoner 2/2 idle 3/3 expert 3/3 easy 5/5 switcher 2/2 rushdown 2/2 medium 1/1 zoner 1/1 | roll 1.5s upd 13.4s
[brain] it 3971 [league 59%] R/ep 11.77 ent 2.25 kl 0.006 | hit/swing 49% dj/min 34.1 blk/min 0.2 abiHit 57 supHit 89 | hard x3 1/1 sovereign 2/4 aerial 2/2 switcher 2/3 summoner 3/4 medium 2/2 self 6/10 zoner 2/2 easy 2/2 expert 6/6 idle 1/1 human 2/2 counter 1/1 | roll 1.4s upd 13.5s
[brain] it 3972 [league 59%] R/ep 7.38 ent 2.22 kl 0.008 | hit/swing 42% dj/min 34.3 blk/min 0.3 abiHit 97 supHit 65 | human 1/1 hard x3 0/2 hard 4/4 expert 6/6 self 2/10 turtle 3/3 sovereign 3/5 aerial 1/1 counter 2/2 rushdown 1/1 zoner 1/1 | roll 1.4s upd 13.4s
[brain] it 3973 [league 58%] R/ep 13.01 ent 2.08 kl 0.008 | hit/swing 57% dj/min 30.1 blk/min 0.1 abiHit 80 supHit 92 | medium 3/3 sovereign 4/7 hard x3 2/3 idle 1/1 counter 3/3 expert x2 1/1 hard 1/1 rushdown 2/2 expert 3/3 summoner 2/2 human 1/1 turtle 3/3 self 0/3 switcher 1/1 | roll 1.3s upd 13.4s
[brain] it 3974 [league 62%] R/ep 11.98 ent 2.12 kl 0.008 | hit/swing 52% dj/min 32.8 blk/min 0.2 abiHit 62 supHit 103 | turtle 3/4 sovereign 7/7 aerial 1/1 hard x3 1/1 zoner 1/1 self 8/11 rushdown 1/1 medium 2/2 human 2/2 expert 4/4 summoner 2/2 expert x2 2/2 | roll 1.4s upd 13.8s
[brain] it 3975 [league 65%] R/ep 9.79 ent 2.08 kl 0.010 | hit/swing 67% dj/min 35.5 blk/min 0.4 abiHit 22 supHit 97 | sovereign 4/6 medium 1/1 easy 2/2 self 2/10 human 3/3 expert 9/9 idle 2/2 aerial 2/2 counter 2/2 summoner 3/3 hard x3 1/1 expert x2 1/1 turtle 1/1 | roll 1.3s upd 13.6s
[brain] it 3976 [league 63%] R/ep 9.65 ent 2.29 kl 0.008 | hit/swing 47% dj/min 34.6 blk/min 0.1 abiHit 59 supHit 55 | expert x2 1/1 expert 5/5 sovereign 2/5 turtle 1/1 human 1/3 hard 2/2 counter 1/1 easy 1/1 self 5/9 switcher 1/1 aerial 1/1 rushdown 0/1 zoner 2/2 medium 1/1 | roll 1.5s upd 14.7s
[brain] it 3977 [league 63%] R/ep 12.49 ent 2.15 kl 0.008 | hit/swing 59% dj/min 35.6 blk/min 0.0 abiHit 31 supHit 81 | expert 8/8 sovereign 3/3 zoner 2/2 easy 2/2 self 6/10 counter 3/3 switcher 2/2 summoner 3/3 turtle 2/2 rushdown 1/1 hard x3 1/1 hard 1/1 | roll 1.5s upd 13.7s
[brain] it 3978 [league 65%] R/ep 10.98 ent 2.19 kl 0.008 | hit/swing 59% dj/min 37.0 blk/min 0.2 abiHit 34 supHit 81 | sovereign 3/3 zoner 2/2 human 2/2 expert 8/8 hard 3/3 turtle 2/2 self 4/10 aerial 1/1 idle 1/1 rushdown 1/3 medium 2/2 hard x3 1/1 switcher 1/1 | roll 1.3s upd 13.4s
[brain] it 3979 [league 66%] R/ep 9.50 ent 2.26 kl 0.007 | hit/swing 45% dj/min 36.1 blk/min 0.1 abiHit 62 supHit 71 | sovereign 5/7 expert x2 2/3 human 1/1 self 4/8 expert 3/4 hard x3 0/1 easy 2/2 idle 2/2 counter 2/2 hard 1/1 medium 1/1 | roll 1.4s upd 12.3s
[brain] it 3980 [league 67%] R/ep 12.71 ent 2.16 kl 0.007 | hit/swing 54% dj/min 30.1 blk/min 0.1 abiHit 64 supHit 80 | expert 7/7 self 4/7 easy 3/3 sovereign 4/8 hard 2/2 rushdown 1/1 turtle 2/2 medium 2/2 human 1/1 expert x2 1/1 zoner 3/3 aerial 2/2 idle 2/2 counter 1/1 summoner 1/1 | roll 1.5s upd 12.3s
[brain] it 3981 [league 68%] R/ep 11.57 ent 2.13 kl 0.009 | hit/swing 54% dj/min 35.1 blk/min 0.3 abiHit 70 supHit 93 | expert 3/3 counter 1/1 switcher 3/3 self 9/13 sovereign 3/5 hard 2/2 easy 3/3 expert x2 1/2 summoner 3/3 zoner 3/3 aerial 3/3 rushdown 1/1 medium 2/2 turtle 1/1 | roll 1.6s upd 13.8s
[brain] it 3982 [league 69%] R/ep 8.46 ent 2.17 kl 0.009 | hit/swing 63% dj/min 32.4 blk/min 0.1 abiHit 31 supHit 79 | self 4/12 expert 3/3 human 2/2 aerial 2/2 hard x3 1/2 summoner 1/1 rushdown 1/1 hard 1/1 switcher 1/1 sovereign 3/5 turtle 0/1 counter 1/1 zoner 1/1 expert x2 2/2 idle 2/2 | roll 1.4s upd 13.8s
[brain] it 3983 [league 67%] R/ep 9.74 ent 2.18 kl 0.008 | hit/swing 57% dj/min 34.1 blk/min 0.2 abiHit 33 supHit 85 | switcher 3/3 idle 2/2 rushdown 3/4 summoner 3/3 sovereign 1/3 hard 2/2 self 4/9 hard x3 2/2 expert 3/3 medium 2/2 aerial 1/1 easy 1/1 | roll 1.3s upd 14.6s
[brain] it 3984 [league 66%] R/ep 10.34 ent 2.11 kl 0.009 | hit/swing 60% dj/min 32.8 blk/min 0.2 abiHit 47 supHit 86 | hard x3 0/1 human 2/2 sovereign 1/2 rushdown 3/4 self 7/12 medium 2/2 idle 2/2 expert x2 2/4 counter 2/2 summoner 1/1 expert 2/2 easy 1/1 turtle 1/1 | roll 1.5s upd 23.6s
[brain] it 3985 [league 67%] R/ep 8.70 ent 2.22 kl 0.008 | hit/swing 51% dj/min 34.5 blk/min 0.2 abiHit 67 supHit 86 | sovereign 4/5 self 5/12 easy 2/2 expert x2 1/2 medium 1/1 hard 3/3 switcher 2/2 rushdown 4/4 expert 4/4 turtle 0/1 hard x3 0/1 idle 1/1 | roll 2.1s upd 22.6s
[brain] it 3986 [league 67%] R/ep 12.86 ent 2.16 kl 0.008 | hit/swing 48% dj/min 37.7 blk/min 0.3 abiHit 46 supHit 84 | aerial 2/2 expert 6/6 counter 1/1 self 6/12 zoner 4/4 human 3/3 switcher 4/4 sovereign 3/3 idle 2/2 turtle 1/1 hard x3 1/1 medium 1/1 easy 1/1 summoner 1/1 | roll 1.5s upd 18.3s
[brain] it 3987 [league 67%] R/ep 12.24 ent 2.25 kl 0.009 | hit/swing 43% dj/min 36.3 blk/min 0.3 abiHit 78 supHit 69 | medium 1/1 sovereign 3/6 hard 4/4 summoner 3/3 aerial 1/1 self 3/5 zoner 3/3 expert x2 2/2 hard x3 1/1 counter 2/2 switcher 1/1 rushdown 3/3 turtle 1/1 expert 1/1 easy 1/1 | roll 1.5s upd 28.5s
[brain] it 3988 [league 67%] R/ep 14.01 ent 2.18 kl 0.006 | hit/swing 56% dj/min 32.9 blk/min 0.2 abiHit 41 supHit 81 | idle 6/6 expert 2/2 hard 3/3 counter 2/2 easy 1/1 rushdown 1/1 human 2/2 self 4/5 hard x3 3/3 summoner 2/2 sovereign 5/6 turtle 1/1 zoner 1/1 aerial 0/1 | roll 1.6s upd 14.4s
[brain] it 3989 [league 67%] R/ep 11.54 ent 2.08 kl 0.007 | hit/swing 61% dj/min 32.0 blk/min 0.1 abiHit 45 supHit 107 | self 4/10 sovereign 3/5 hard 1/1 idle 6/6 expert 6/6 aerial 2/2 human 2/3 turtle 1/1 expert x2 3/3 summoner 2/2 medium 1/1 zoner 1/1 switcher 1/1 hard x3 0/1 easy 1/1 | roll 1.5s upd 13.5s
[brain] it 3990 [league 67%] R/ep 9.59 ent 2.20 kl 0.006 | hit/swing 56% dj/min 30.9 blk/min 0.2 abiHit 57 supHit 73 | expert 6/6 summoner 1/2 self 3/8 sovereign 1/2 idle 3/3 expert x2 2/2 human 1/1 hard 4/4 medium 1/1 easy 3/3 counter 1/1 rushdown 1/2 | roll 1.3s upd 13.7s
[brain] it 3991 [league 66%] R/ep 11.52 ent 2.26 kl 0.009 | hit/swing 44% dj/min 35.9 blk/min 0.3 abiHit 70 supHit 72 | summoner 3/3 self 3/7 expert 2/2 aerial 3/3 idle 1/1 rushdown 2/3 sovereign 2/3 medium 2/2 turtle 1/1 counter 2/2 hard x3 1/2 hard 1/1 human 1/1 switcher 1/1 easy 1/1 | roll 1.5s upd 13.5s
[brain] it 3992 [league 67%] R/ep 7.59 ent 2.24 kl 0.009 | hit/swing 46% dj/min 32.5 blk/min 0.2 abiHit 62 supHit 63 | zoner 2/2 medium 3/3 self 5/8 idle 4/4 rushdown 1/1 expert 2/2 switcher 2/3 sovereign 4/5 hard 1/1 hard x3 0/1 easy 1/1 summoner 2/2 human 0/1 turtle 1/2 | roll 1.3s upd 13.4s
[brain] it 3993 [league 68%] R/ep 13.05 ent 2.15 kl 0.009 | hit/swing 60% dj/min 30.7 blk/min 0.1 abiHit 58 supHit 83 | aerial 1/1 self 4/8 expert x2 4/4 human 3/3 hard 2/2 expert 6/6 idle 2/2 switcher 2/2 sovereign 3/4 easy 1/1 zoner 2/2 turtle 1/1 rushdown 0/1 medium 1/1 | roll 1.3s upd 13.4s
[brain] it 3994 [league 68%] R/ep 13.30 ent 2.26 kl 0.008 | hit/swing 45% dj/min 34.1 blk/min 0.4 abiHit 70 supHit 67 | rushdown 1/2 expert x2 1/2 expert 6/6 idle 1/1 hard 1/1 aerial 2/3 easy 1/1 zoner 2/2 self 1/3 human 2/2 sovereign 2/2 counter 2/2 summoner 1/1 switcher 1/2 hard x3 0/1 turtle 1/1 | roll 1.2s upd 13.3s
[brain] it 3995 [league 69%] R/ep 11.20 ent 2.27 kl 0.007 | hit/swing 47% dj/min 34.6 blk/min 0.2 abiHit 59 supHit 83 | easy 1/1 sovereign 4/6 summoner 2/2 medium 2/2 self 5/8 expert 4/4 zoner 4/4 aerial 2/2 hard 2/2 counter 0/1 idle 2/2 hard x3 0/1 human 2/3 expert x2 1/1 turtle 1/1 | roll 1.5s upd 14.6s
[brain] it 3996 [league 69%] R/ep 11.75 ent 2.26 kl 0.006 | hit/swing 52% dj/min 35.9 blk/min 0.4 abiHit 31 supHit 81 | self 5/10 expert 6/7 medium 1/1 aerial 2/3 zoner 2/2 easy 1/1 idle 2/2 human 2/2 switcher 2/2 turtle 3/3 sovereign 1/1 hard x3 1/1 rushdown 1/2 | roll 1.6s upd 13.4s
[brain] it 3997 [league 69%] R/ep 12.87 ent 2.06 kl 0.007 | hit/swing 65% dj/min 31.7 blk/min 0.2 abiHit 45 supHit 104 | idle 2/2 zoner 3/3 medium 4/4 turtle 3/3 self 6/10 human 2/2 expert 8/8 sovereign 6/7 hard 3/3 easy 2/2 expert x2 1/1 summoner 2/2 counter 1/1 rushdown 1/1 | roll 1.4s upd 13.4s
[brain] it 3998 [league 70%] R/ep 7.76 ent 2.28 kl 0.007 | hit/swing 51% dj/min 30.2 blk/min 0.1 abiHit 65 supHit 54 | aerial 2/2 self 4/13 counter 1/1 medium 3/3 summoner 1/1 expert 5/6 rushdown 1/1 expert x2 0/1 sovereign 2/2 turtle 2/2 zoner 1/1 easy 1/1 idle 1/1 hard 1/1 | roll 1.5s upd 14.6s
[brain] it 3999 [league 70%] R/ep 12.43 ent 2.15 kl 0.009 | hit/swing 54% dj/min 34.8 blk/min 0.1 abiHit 66 supHit 95 | turtle 3/3 self 8/10 sovereign 4/7 expert 4/4 aerial 1/1 hard x3 1/2 human 3/3 idle 2/2 easy 2/2 zoner 2/2 summoner 1/2 expert x2 0/1 switcher 1/1 counter 1/1 | roll 1.4s upd 13.9s
[brain] it 4000 [league 67%] R/ep 10.80 ent 2.22 kl 0.008 | hit/swing 52% dj/min 35.1 blk/min 0.3 abiHit 48 supHit 91 | sovereign 5/8 turtle 3/3 expert 6/7 idle 2/2 counter 2/2 self 0/4 hard 2/2 expert x2 3/3 zoner 2/2 aerial 2/2 rushdown 2/2 switcher 0/1 hard x3 1/1 easy 1/1 | roll 1.4s upd 14.4s
[brain] it 4001 [league 66%] R/ep 5.88 ent 2.37 kl 0.006 | hit/swing 46% dj/min 34.8 blk/min 0.3 abiHit 55 supHit 67 | sovereign 0/1 self 6/19 expert x2 0/1 zoner 2/2 turtle 2/2 switcher 2/2 expert 5/5 human 2/2 aerial 2/2 hard x3 1/1 | roll 1.5s upd 13.5s
[brain] it 4002 [league 68%] R/ep 10.64 ent 2.29 kl 0.007 | hit/swing 44% dj/min 31.7 blk/min 0.1 abiHit 55 supHit 60 | sovereign 4/5 turtle 2/2 idle 1/1 human 1/1 switcher 1/1 expert 2/2 self 5/9 counter 1/1 medium 1/1 zoner 1/1 hard x3 1/1 hard 3/3 summoner 2/2 | roll 1.5s upd 12.7s
[brain] it 4003 [league 69%] R/ep 5.80 ent 2.33 kl 0.008 | hit/swing 41% dj/min 35.9 blk/min 0.2 abiHit 55 supHit 51 | self 5/12 easy 1/1 summoner 2/2 counter 0/1 sovereign 3/5 rushdown 1/1 human 2/3 idle 3/3 aerial 1/1 expert 3/3 hard x3 0/1 | roll 1.6s upd 13.2s
[brain] it 4004 [league 67%] R/ep 8.85 ent 2.20 kl 0.007 | hit/swing 56% dj/min 35.9 blk/min 0.2 abiHit 17 supHit 72 | self 7/12 sovereign 3/6 rushdown 1/2 turtle 2/3 expert x2 1/1 expert 3/3 medium 3/3 zoner 3/3 human 2/2 switcher 2/2 idle 2/2 | roll 1.3s upd 13.4s
[brain] it 4005 [league 68%] R/ep 12.04 ent 2.19 kl 0.008 | hit/swing 54% dj/min 29.9 blk/min 0.3 abiHit 48 supHit 82 | summoner 5/5 self 7/9 expert 5/5 turtle 1/1 sovereign 3/4 counter 1/1 easy 3/3 switcher 3/3 idle 1/1 hard 1/1 rushdown 1/1 expert x2 2/2 | roll 1.4s upd 12.5s
[brain] it 4006 [league 69%] R/ep 9.50 ent 2.20 kl 0.008 | hit/swing 51% dj/min 34.5 blk/min 0.2 abiHit 44 supHit 65 | sovereign 3/5 self 3/10 rushdown 2/2 counter 1/1 expert 12/12 easy 2/2 summoner 0/1 switcher 1/1 hard 1/1 expert x2 1/1 human 1/1 zoner 2/2 | roll 1.4s upd 12.4s
[brain] it 4007 [league 70%] R/ep 8.77 ent 2.25 kl 0.006 | hit/swing 49% dj/min 35.5 blk/min 0.1 abiHit 58 supHit 65 | sovereign 3/4 self 3/9 rushdown 2/2 aerial 2/2 expert 3/3 zoner 1/1 hard x3 1/2 idle 2/2 human 1/1 expert x2 0/1 summoner 1/1 counter 1/2 medium 1/1 turtle 1/1 | roll 1.4s upd 13.6s
[brain] it 4008 [league 67%] R/ep 12.96 ent 2.26 kl 0.008 | hit/swing 54% dj/min 35.1 blk/min 0.2 abiHit 51 supHit 78 | self 3/5 expert 3/3 idle 2/2 turtle 2/2 rushdown 1/1 summoner 2/2 expert x2 1/2 counter 1/1 sovereign 3/6 easy 2/2 hard x3 1/1 aerial 2/2 medium 3/3 human 1/1 switcher 1/1 hard 1/1 | roll 1.4s upd 14.7s
[brain] it 4009 [league 68%] R/ep 12.84 ent 2.18 kl 0.007 | hit/swing 46% dj/min 28.9 blk/min 0.0 abiHit 115 supHit 76 | human 1/2 sovereign 5/7 expert x2 3/3 expert 4/4 easy 2/2 zoner 1/1 turtle 1/1 rushdown 2/2 self 2/4 hard x3 0/1 medium 1/1 hard 2/2 summoner 1/1 idle 3/3 counter 1/1 switcher 1/1 | roll 1.4s upd 13.3s
[brain] it 4010 [league 67%] R/ep 10.72 ent 2.24 kl 0.008 | hit/swing 63% dj/min 32.5 blk/min 0.3 abiHit 40 supHit 78 | summoner 2/3 easy 2/2 self 6/9 expert 3/3 sovereign 3/6 switcher 3/3 hard 2/2 expert x2 1/1 counter 1/1 rushdown 2/2 zoner 2/2 aerial 1/1 idle 2/2 medium 2/2 human 1/1 | roll 1.4s upd 14.5s
[brain] it 4011 [league 66%] R/ep 10.11 ent 2.14 kl 0.008 | hit/swing 66% dj/min 28.1 blk/min 0.4 abiHit 48 supHit 79 | expert 4/4 self 6/10 easy 2/2 switcher 1/1 hard 2/2 human 2/2 counter 2/2 hard x3 1/1 rushdown 2/2 summoner 0/1 sovereign 1/2 medium 2/2 expert x2 0/1 idle 1/1 | roll 1.3s upd 13.5s
[brain] it 4012 [league 67%] R/ep 8.88 ent 2.23 kl 0.005 | hit/swing 49% dj/min 32.3 blk/min 0.4 abiHit 48 supHit 78 | easy 3/3 sovereign 2/3 expert 2/2 self 4/10 medium 4/4 idle 2/2 switcher 4/5 counter 1/1 aerial 0/1 hard 2/2 summoner 3/3 rushdown 1/1 zoner 3/3 | roll 1.3s upd 13.3s
[brain] it 4013 [league 67%] R/ep 9.75 ent 2.24 kl 0.009 | hit/swing 45% dj/min 31.7 blk/min 0.1 abiHit 82 supHit 77 | self 3/10 human 0/2 switcher 1/1 zoner 3/3 expert x2 2/2 medium 2/2 sovereign 3/4 expert 4/4 hard x3 0/1 counter 3/3 summoner 2/2 hard 2/2 idle 1/1 aerial 1/1 rushdown 0/1 | roll 1.4s upd 13.5s
[brain] it 4014 [league 67%] R/ep 14.30 ent 2.22 kl 0.006 | hit/swing 54% dj/min 29.9 blk/min 0.3 abiHit 86 supHit 77 | expert 6/6 self 3/5 medium 4/4 easy 1/1 human 1/1 aerial 1/1 sovereign 4/4 hard 2/2 counter 2/2 expert x2 1/1 rushdown 1/1 idle 2/2 hard x3 3/3 summoner 1/1 | roll 1.3s upd 13.3s
[brain] it 4015 [league 66%] R/ep 9.25 ent 2.24 kl 0.007 | hit/swing 62% dj/min 34.9 blk/min 0.2 abiHit 18 supHit 72 | medium 3/3 expert 4/4 sovereign 2/5 self 5/12 hard 4/4 switcher 1/1 turtle 1/1 rushdown 0/1 expert x2 1/1 easy 1/1 zoner 2/2 human 0/1 idle 1/1 counter 1/1 hard x3 0/2 | roll 1.6s upd 12.2s
[brain] it 4016 [league 64%] R/ep 9.10 ent 2.26 kl 0.008 | hit/swing 52% dj/min 35.1 blk/min 0.2 abiHit 36 supHit 55 | self 4/10 sovereign 3/5 hard x3 2/2 expert 3/3 hard 1/1 switcher 1/1 human 1/2 expert x2 2/2 idle 1/1 counter 0/1 rushdown 1/1 turtle 1/1 zoner 1/1 | roll 1.3s upd 13.5s
[brain] it 4017 [league 65%] R/ep 13.13 ent 2.13 kl 0.007 | hit/swing 60% dj/min 29.0 blk/min 0.1 abiHit 40 supHit 80 | switcher 4/4 expert 3/3 human 1/1 zoner 3/3 self 6/8 sovereign 3/4 idle 3/3 turtle 3/3 summoner 1/2 rushdown 1/1 medium 1/1 hard 1/1 aerial 0/1 expert x2 2/2 | roll 1.3s upd 14.5s
[brain] it 4018 [league 66%] R/ep 10.63 ent 2.23 kl 0.006 | hit/swing 49% dj/min 32.8 blk/min 0.2 abiHit 75 supHit 84 | self 6/8 expert 3/3 easy 3/3 human 3/3 sovereign 5/5 summoner 1/1 hard x3 0/2 aerial 0/4 hard 2/2 counter 3/3 medium 1/1 rushdown 1/2 zoner 1/1 switcher 1/1 | roll 1.5s upd 14.5s
[brain] it 4019 [league 66%] R/ep 8.87 ent 2.31 kl 0.008 | hit/swing 42% dj/min 32.7 blk/min 0.1 abiHit 74 supHit 55 | summoner 1/1 sovereign 4/4 self 5/10 medium 2/2 human 2/2 easy 2/2 expert x2 1/1 rushdown 3/3 turtle 1/1 idle 1/1 expert 1/1 | roll 1.5s upd 13.6s
[brain] it 4020 [league 67%] R/ep 12.64 ent 2.21 kl 0.008 | hit/swing 52% dj/min 35.1 blk/min 0.1 abiHit 55 supHit 71 | self 5/9 summoner 3/3 human 3/3 aerial 2/2 turtle 1/1 hard x3 2/3 easy 2/2 counter 1/1 expert 2/3 sovereign 2/2 medium 1/1 switcher 1/1 idle 1/1 | roll 1.3s upd 13.9s
[brain] it 4021 [league 66%] R/ep 12.63 ent 2.10 kl 0.008 | hit/swing 63% dj/min 30.9 blk/min 0.5 abiHit 41 supHit 79 | rushdown 2/3 expert x2 1/1 idle 4/4 aerial 1/1 expert 4/4 medium 1/1 switcher 2/2 sovereign 0/1 easy 2/2 turtle 1/1 human 4/4 self 5/8 hard 3/3 hard x3 0/2 zoner 1/1 | roll 1.4s upd 13.6s
[brain] it 4022 [league 67%] R/ep 10.35 ent 2.24 kl 0.009 | hit/swing 47% dj/min 29.1 blk/min 0.2 abiHit 76 supHit 77 | summoner 2/2 rushdown 1/2 human 1/1 sovereign 5/7 expert 4/4 self 3/8 hard 2/2 turtle 2/2 switcher 1/1 hard x3 1/2 easy 3/3 medium 2/2 | roll 1.2s upd 13.6s
[brain] it 4023 [league 69%] R/ep 11.03 ent 2.21 kl 0.008 | hit/swing 48% dj/min 29.4 blk/min 0.1 abiHit 83 supHit 78 | rushdown 3/3 self 3/10 expert 2/2 medium 3/3 aerial 1/1 switcher 1/1 idle 2/2 hard x3 1/1 turtle 1/1 human 1/1 expert x2 2/2 easy 1/1 counter 2/2 zoner 2/2 sovereign 3/3 summoner 1/1 | roll 1.3s upd 14.8s
[brain] it 4024 [league 69%] R/ep 11.34 ent 2.22 kl 0.008 | hit/swing 55% dj/min 32.3 blk/min 0.2 abiHit 38 supHit 79 | medium 1/1 sovereign 2/4 rushdown 1/2 counter 2/2 self 2/8 expert 5/5 zoner 2/2 expert x2 2/2 summoner 3/3 idle 2/2 aerial 2/2 hard 2/2 turtle 1/1 hard x3 0/1 | roll 1.4s upd 13.7s
[brain] it 4025 [league 67%] R/ep 13.85 ent 2.18 kl 0.006 | hit/swing 60% dj/min 25.6 blk/min 0.2 abiHit 83 supHit 77 | expert 6/6 counter 1/1 self 6/10 zoner 6/6 switcher 2/2 turtle 2/2 human 1/1 medium 1/1 hard 2/2 expert x2 3/4 sovereign 1/3 easy 2/2 summoner 1/1 | roll 1.3s upd 13.9s
[brain] it 4026 [league 67%] R/ep 11.08 ent 2.14 kl 0.007 | hit/swing 55% dj/min 30.6 blk/min 0.5 abiHit 77 supHit 98 | easy 2/2 sovereign 3/4 counter 2/2 aerial 2/2 self 9/14 expert 4/4 rushdown 2/2 medium 2/2 expert x2 1/1 hard x3 1/3 turtle 1/1 zoner 1/1 hard 4/4 idle 1/1 | roll 1.4s upd 13.8s
[brain] it 4027 [league 66%] R/ep 10.13 ent 2.25 kl 0.008 | hit/swing 57% dj/min 33.9 blk/min 0.4 abiHit 46 supHit 81 | switcher 1/1 idle 2/2 self 7/11 hard 2/2 turtle 1/1 easy 1/1 counter 2/2 medium 3/3 summoner 1/1 hard x3 1/1 sovereign 3/5 aerial 1/1 expert 1/1 expert x2 1/1 rushdown 0/1 | roll 1.4s upd 13.5s
[brain] it 4028 [league 68%] R/ep 11.74 ent 2.19 kl 0.009 | hit/swing 59% dj/min 32.2 blk/min 0.1 abiHit 27 supHit 83 | self 5/8 rushdown 2/2 sovereign 4/6 expert 4/4 summoner 2/2 idle 1/1 turtle 1/1 hard x3 2/2 easy 1/1 counter 2/2 switcher 1/1 zoner 1/1 aerial 1/1 expert x2 1/1 medium 1/1 | roll 1.5s upd 12.1s
[brain] it 4029 [league 68%] R/ep 11.67 ent 2.13 kl 0.007 | hit/swing 62% dj/min 31.3 blk/min 0.2 abiHit 42 supHit 102 | idle 5/5 hard 2/2 expert 3/3 turtle 2/2 sovereign 4/5 self 6/12 switcher 1/2 human 1/2 rushdown 1/1 medium 4/4 easy 1/1 zoner 2/2 expert x2 3/3 aerial 1/1 | roll 1.3s upd 12.3s
[brain] it 4030 [league 68%] R/ep 9.59 ent 2.23 kl 0.007 | hit/swing 52% dj/min 32.5 blk/min 0.1 abiHit 41 supHit 78 | expert 6/6 medium 4/4 easy 2/2 sovereign 1/2 summoner 4/4 self 5/12 hard 1/1 human 1/2 switcher 1/1 zoner 2/2 expert x2 1/1 turtle 1/1 | roll 1.4s upd 12.3s
[brain] it 4031 [league 67%] R/ep 12.95 ent 2.13 kl 0.008 | hit/swing 55% dj/min 29.6 blk/min 0.3 abiHit 64 supHit 100 | self 5/10 aerial 2/2 expert 11/11 easy 4/4 rushdown 2/2 human 2/2 medium 2/2 zoner 4/4 idle 4/4 summoner 2/2 sovereign 2/5 hard x3 1/1 | roll 1.5s upd 14.5s
[brain] it 4032 [league 67%] R/ep 9.64 ent 2.20 kl 0.007 | hit/swing 57% dj/min 31.8 blk/min 0.6 abiHit 39 supHit 89 | self 5/10 idle 1/1 switcher 1/2 sovereign 2/4 hard x3 2/4 expert 7/8 easy 2/2 counter 3/3 turtle 2/3 summoner 1/1 human 1/1 | roll 1.4s upd 13.5s
[brain] it 4033 [league 66%] R/ep 10.47 ent 2.16 kl 0.006 | hit/swing 57% dj/min 31.0 blk/min 0.2 abiHit 31 supHit 72 | expert 5/5 self 2/9 idle 2/2 turtle 3/3 summoner 3/3 sovereign 2/4 medium 2/2 zoner 2/2 counter 2/2 easy 3/3 human 1/1 rushdown 0/1 hard 1/1 aerial 1/1 | roll 1.3s upd 13.4s
[brain] it 4034 [league 67%] R/ep 12.57 ent 2.10 kl 0.011 | hit/swing 62% dj/min 25.8 blk/min 0.1 abiHit 57 supHit 96 | expert 14/14 self 4/7 human 3/3 rushdown 3/3 medium 3/3 sovereign 3/3 zoner 1/1 idle 4/4 summoner 1/2 counter 2/2 easy 1/1 expert x2 0/1 | roll 1.2s upd 13.5s
[brain] it 4035 [league 68%] R/ep 12.55 ent 2.28 kl 0.007 | hit/swing 43% dj/min 38.7 blk/min 0.1 abiHit 49 supHit 66 | expert 2/2 self 4/9 hard 1/1 sovereign 1/1 hard x3 0/1 expert x2 1/1 zoner 3/3 aerial 3/3 human 1/1 switcher 3/3 turtle 1/1 summoner 2/2 idle 1/1 medium 1/1 rushdown 2/2 counter 1/1 | roll 1.4s upd 13.4s
[brain] it 4036 [league 69%] R/ep 10.16 ent 2.15 kl 0.008 | hit/swing 50% dj/min 28.4 blk/min 0.1 abiHit 63 supHit 102 | self 4/10 turtle 3/4 hard x3 1/1 expert 7/7 summoner 2/2 sovereign 5/7 counter 1/1 easy 3/3 switcher 2/3 expert x2 1/1 rushdown 2/2 aerial 1/1 idle 1/1 | roll 1.4s upd 14.6s
[brain] it 4037 [league 68%] R/ep 6.57 ent 2.31 kl 0.008 | hit/swing 42% dj/min 31.9 blk/min 0.4 abiHit 68 supHit 57 | expert 3/3 self 5/10 sovereign 3/6 switcher 2/2 aerial 2/2 summoner 3/3 idle 2/2 easy 1/1 medium 2/2 human 1/1 | roll 1.5s upd 14.5s
[brain] it 4038 [league 67%] R/ep 9.18 ent 2.22 kl 0.008 | hit/swing 63% dj/min 34.1 blk/min 0.3 abiHit 32 supHit 76 | sovereign 3/4 self 8/16 aerial 4/4 easy 4/4 switcher 1/1 expert 4/4 hard 1/1 hard x3 1/2 idle 1/1 medium 1/1 | roll 1.5s upd 13.5s
[brain] it 4039 [league 68%] R/ep 9.05 ent 2.30 kl 0.008 | hit/swing 45% dj/min 34.2 blk/min 0.2 abiHit 54 supHit 64 | hard 3/3 sovereign 4/6 rushdown 1/1 self 2/11 summoner 1/1 aerial 2/2 counter 4/4 switcher 2/2 zoner 3/3 easy 1/1 medium 1/1 idle 1/1 expert x2 1/1 expert 1/1 | roll 1.4s upd 13.5s
[brain] it 4040 [league 68%] R/ep 14.40 ent 2.19 kl 0.006 | hit/swing 60% dj/min 29.5 blk/min 0.3 abiHit 65 supHit 93 | human 2/2 expert x2 3/4 switcher 1/1 expert 5/5 zoner 3/3 hard 3/3 medium 3/3 self 4/10 sovereign 1/1 summoner 1/1 hard x3 2/2 idle 2/2 turtle 2/2 aerial 1/1 | roll 1.4s upd 13.8s
[brain] it 4041 [league 68%] R/ep 16.67 ent 2.10 kl 0.009 | hit/swing 70% dj/min 29.2 blk/min 0.1 abiHit 54 supHit 103 | self 3/3 medium 3/3 hard 3/3 expert 7/7 sovereign 2/4 idle 5/5 hard x3 3/3 counter 1/1 expert x2 2/2 easy 1/1 summoner 1/1 rushdown 3/4 switcher 1/1 aerial 1/1 | roll 1.3s upd 13.5s
[brain] it 4042 [league 67%] R/ep 10.58 ent 2.20 kl 0.009 | hit/swing 53% dj/min 30.4 blk/min 0.4 abiHit 76 supHit 75 | sovereign 2/4 self 4/9 summoner 2/2 turtle 3/3 rushdown 0/1 expert x2 2/3 expert 6/6 hard 2/2 idle 1/1 easy 2/2 human 1/1 counter 1/1 medium 3/3 zoner 1/1 | roll 1.3s upd 13.8s
[brain] it 4043 [league 67%] R/ep 10.79 ent 2.18 kl 0.006 | hit/swing 67% dj/min 30.0 blk/min 0.2 abiHit 29 supHit 74 | self 6/12 expert x2 2/2 sovereign 3/3 switcher 2/2 hard x3 1/2 hard 1/1 easy 4/4 aerial 1/1 counter 2/2 human 1/1 expert 2/2 medium 1/1 summoner 1/1 turtle 1/1 zoner 1/1 idle 1/1 | roll 1.3s upd 13.7s
[brain] it 4044 [league 66%] R/ep 15.84 ent 2.14 kl 0.009 | hit/swing 63% dj/min 29.3 blk/min 0.6 abiHit 54 supHit 104 | medium 3/3 hard 2/2 expert 5/5 human 2/2 turtle 1/1 zoner 2/2 aerial 2/2 self 1/5 expert x2 2/3 switcher 2/2 sovereign 6/7 counter 1/1 hard x3 4/4 idle 1/1 rushdown 1/1 | roll 1.5s upd 13.5s
[brain] it 4045 [league 65%] R/ep 9.50 ent 2.18 kl 0.007 | hit/swing 48% dj/min 31.9 blk/min 0.2 abiHit 58 supHit 75 | easy 1/1 aerial 1/2 self 7/9 sovereign 4/8 idle 3/3 expert x2 1/1 hard 3/3 human 2/2 expert 4/4 medium 1/1 rushdown 1/1 zoner 1/1 summoner 1/1 counter 1/1 | roll 1.4s upd 15.4s
[brain] it 4046 [league 63%] R/ep 11.53 ent 2.14 kl 0.006 | hit/swing 60% dj/min 29.6 blk/min 0.3 abiHit 51 supHit 80 | sovereign 2/4 zoner 3/3 self 5/9 expert 6/7 idle 2/2 human 3/4 hard 1/1 aerial 1/1 counter 2/2 easy 1/1 hard x3 2/3 | roll 1.4s upd 13.4s
[brain] it 4047 [league 64%] R/ep 8.05 ent 2.26 kl 0.006 | hit/swing 45% dj/min 31.8 blk/min 0.1 abiHit 53 supHit 60 | hard 1/1 switcher 2/2 expert 5/5 expert x2 2/2 rushdown 0/2 sovereign 4/7 self 5/8 hard x3 0/1 medium 2/2 turtle 0/1 counter 2/2 summoner 1/1 easy 1/1 | roll 1.3s upd 13.4s
[brain] it 4048 [league 62%] R/ep 8.00 ent 2.26 kl 0.007 | hit/swing 42% dj/min 36.1 blk/min 0.3 abiHit 48 supHit 66 | easy 2/2 rushdown 2/3 sovereign 1/6 expert 6/6 medium 1/1 zoner 4/4 self 2/9 turtle 2/2 human 1/1 switcher 2/2 hard x3 1/1 idle 1/1 | roll 1.5s upd 13.4s
[brain] it 4049 [league 63%] R/ep 6.07 ent 2.26 kl 0.006 | hit/swing 56% dj/min 33.7 blk/min 0.2 abiHit 18 supHit 71 | expert x2 0/2 sovereign 5/5 aerial 2/2 rushdown 2/3 human 1/1 self 3/9 switcher 1/1 expert 4/5 summoner 1/1 idle 1/1 easy 2/2 counter 1/1 medium 1/1 hard 1/1 | roll 1.3s upd 13.5s
[brain] it 4050 [league 61%] R/ep 5.92 ent 2.26 kl 0.009 | hit/swing 55% dj/min 35.7 blk/min 0.1 abiHit 35 supHit 72 | hard x3 0/1 turtle 0/1 self 7/15 rushdown 1/1 easy 4/4 sovereign 4/7 idle 1/1 summoner 2/2 zoner 2/2 expert 4/4 expert x2 0/1 counter 1/1 human 2/2 | roll 1.7s upd 15.7s
[brain] it 4051 [league 62%] R/ep 12.61 ent 2.31 kl 0.008 | hit/swing 51% dj/min 29.5 blk/min 0.4 abiHit 53 supHit 34 | self 1/3 turtle 2/2 sovereign 1/1 summoner 1/1 hard x3 1/1 switcher 1/1 aerial 3/3 easy 2/2 medium 2/2 expert 1/1 idle 1/1 rushdown 0/1 | roll 5.0s upd 9.0s
[brain] it 4052 [league 62%] R/ep 9.40 ent 2.17 kl 0.008 | hit/swing 58% dj/min 29.6 blk/min 0.1 abiHit 49 supHit 46 | medium 4/4 hard 3/3 summoner 2/2 aerial 2/2 self 2/6 counter 3/3 sovereign 2/3 expert 2/2 idle 1/1 | roll 4.8s upd 9.3s
[brain] it 4053 [league 63%] R/ep 8.41 ent 2.26 kl 0.005 | hit/swing 42% dj/min 35.7 blk/min 0.3 abiHit 30 supHit 44 | zoner 3/3 self 6/12 switcher 2/2 expert 2/2 idle 1/1 turtle 1/1 sovereign 1/3 easy 1/1 medium 1/1 summoner 1/1 | roll 5.4s upd 9.0s
[brain] it 4054 [league 63%] R/ep 13.83 ent 2.19 kl 0.009 | hit/swing 63% dj/min 33.5 blk/min 0.5 abiHit 48 supHit 83 | self 4/8 summoner 3/3 idle 4/4 sovereign 2/2 expert x2 3/3 expert 4/4 hard 1/1 hard x3 1/1 switcher 1/1 easy 4/4 aerial 1/1 zoner 1/1 turtle 1/1 medium 1/1 rushdown 1/2 counter 1/1 human 1/1 | roll 1.5s upd 13.8s
[brain] it 4055 [league 65%] R/ep 10.60 ent 2.22 kl 0.007 | hit/swing 58% dj/min 34.1 blk/min 0.3 abiHit 39 supHit 91 | hard x3 3/4 summoner 2/2 sovereign 4/5 rushdown 3/5 self 5/9 switcher 1/1 counter 1/1 expert 3/3 idle 1/1 aerial 2/3 medium 2/2 human 1/1 | roll 1.6s upd 13.9s
[brain] it 4056 [league 64%] R/ep 9.46 ent 2.21 kl 0.008 | hit/swing 51% dj/min 30.6 blk/min 0.2 abiHit 43 supHit 75 | sovereign 1/3 rushdown 4/4 hard x3 2/2 counter 1/2 expert x2 1/1 self 5/12 expert 4/4 medium 1/1 easy 2/2 switcher 1/1 zoner 2/2 idle 1/1 summoner 1/1 turtle 1/1 | roll 1.4s upd 13.9s
[brain] it 4057 [league 63%] R/ep 11.12 ent 2.25 kl 0.008 | hit/swing 57% dj/min 32.5 blk/min 0.1 abiHit 30 supHit 81 | self 6/14 hard 3/3 expert 2/2 sovereign 4/5 expert x2 1/1 medium 1/1 summoner 1/1 hard x3 2/3 switcher 1/1 zoner 2/2 turtle 1/1 easy 1/1 aerial 1/1 idle 1/1 | roll 1.7s upd 14.0s
[brain] it 4058 [league 64%] R/ep 10.79 ent 2.16 kl 0.008 | hit/swing 52% dj/min 30.4 blk/min 0.1 abiHit 53 supHit 89 | self 12/17 expert 4/4 hard 2/2 hard x3 1/1 medium 2/2 sovereign 4/5 easy 2/2 summoner 3/3 idle 2/2 counter 1/1 aerial 2/2 | roll 1.6s upd 14.0s
[brain] it 4059 [league 64%] R/ep 7.62 ent 2.26 kl 0.007 | hit/swing 46% dj/min 31.5 blk/min 0.2 abiHit 47 supHit 61 | sovereign 4/6 idle 1/1 rushdown 1/2 easy 1/1 summoner 1/1 self 3/8 expert 2/2 switcher 2/2 human 1/1 expert x2 1/1 hard 2/2 counter 1/1 zoner 1/1 | roll 1.4s upd 12.5s
[brain] it 4060 [league 64%] R/ep 11.15 ent 2.14 kl 0.009 | hit/swing 54% dj/min 32.9 blk/min 0.3 abiHit 62 supHit 94 | rushdown 1/1 sovereign 4/6 self 2/7 turtle 2/2 summoner 2/2 expert 4/4 easy 2/2 medium 2/2 zoner 2/2 expert x2 3/3 hard 1/1 human 1/1 hard x3 0/2 counter 1/1 aerial 2/2 idle 2/2 | roll 1.4s upd 13.6s
[brain] it 4061 [league 65%] R/ep 12.02 ent 2.19 kl 0.008 | hit/swing 66% dj/min 28.9 blk/min 0.2 abiHit 53 supHit 79 | self 9/10 sovereign 7/8 idle 2/2 summoner 2/2 hard 2/2 expert x2 3/3 aerial 1/1 easy 3/3 human 1/1 hard x3 0/2 expert 2/2 medium 1/1 switcher 1/1 | roll 1.7s upd 13.3s
[brain] it 4062 [league 68%] R/ep 7.73 ent 2.25 kl 0.009 | hit/swing 38% dj/min 34.4 blk/min 0.4 abiHit 66 supHit 66 | sovereign 3/4 hard 3/3 zoner 4/4 self 4/15 turtle 1/1 expert 3/3 counter 2/2 human 1/1 easy 1/1 hard x3 0/1 medium 1/1 idle 1/1 summoner 2/2 expert x2 1/1 | roll 1.5s upd 14.4s
[brain] it 4063 [league 63%] R/ep 12.12 ent 2.09 kl 0.008 | hit/swing 67% dj/min 29.2 blk/min 0.3 abiHit 41 supHit 97 | human 2/2 summoner 1/2 hard 2/2 hard x3 2/3 expert 3/3 sovereign 0/5 self 4/8 idle 4/4 zoner 3/3 rushdown 2/3 counter 1/1 medium 4/4 turtle 2/2 switcher 1/1 easy 1/1 | roll 1.4s upd 13.4s
[brain] it 4064 [league 63%] R/ep 11.18 ent 2.16 kl 0.007 | hit/swing 63% dj/min 29.3 blk/min 0.1 abiHit 22 supHit 70 | self 3/8 easy 2/2 idle 2/2 sovereign 3/4 turtle 3/3 hard 3/3 counter 2/4 expert 2/2 switcher 1/1 expert x2 1/1 zoner 1/1 aerial 2/2 human 2/2 rushdown 1/1 | roll 1.4s upd 13.9s
[brain] it 4065 [league 62%] R/ep 13.92 ent 2.18 kl 0.008 | hit/swing 56% dj/min 28.9 blk/min 0.3 abiHit 63 supHit 77 | sovereign 3/4 expert 8/9 counter 3/3 zoner 4/4 self 2/5 aerial 3/3 hard 1/1 human 2/2 idle 2/2 summoner 1/1 rushdown 1/1 expert x2 1/1 hard x3 1/2 medium 1/1 easy 1/1 | roll 1.3s upd 13.5s
[brain] it 4066 [league 63%] R/ep 11.83 ent 2.15 kl 0.008 | hit/swing 60% dj/min 29.5 blk/min 0.3 abiHit 83 supHit 97 | aerial 1/1 self 5/11 expert x2 2/2 expert 7/7 easy 3/3 human 3/3 turtle 2/2 sovereign 3/3 counter 1/1 medium 2/2 summoner 1/1 idle 1/1 hard 1/1 rushdown 1/1 hard x3 0/1 | roll 1.4s upd 13.5s
[brain] it 4067 [league 66%] R/ep 13.18 ent 2.10 kl 0.007 | hit/swing 71% dj/min 29.8 blk/min 0.0 abiHit 60 supHit 106 | summoner 0/1 self 6/11 medium 4/4 turtle 1/1 rushdown 1/1 switcher 2/2 expert x2 4/4 expert 4/4 idle 2/2 easy 1/1 hard 3/3 zoner 1/1 sovereign 4/4 hard x3 2/2 aerial 1/1 | roll 1.3s upd 13.6s
[brain] it 4068 [league 66%] R/ep 10.46 ent 2.20 kl 0.008 | hit/swing 61% dj/min 27.6 blk/min 0.1 abiHit 50 supHit 72 | self 4/10 sovereign 2/4 expert 7/7 aerial 3/3 medium 1/1 counter 0/1 switcher 3/3 hard 1/1 summoner 1/1 turtle 2/2 hard x3 1/1 easy 2/2 zoner 2/2 | roll 1.4s upd 12.5s
[brain] it 4069 [league 67%] R/ep 12.64 ent 2.20 kl 0.008 | hit/swing 53% dj/min 27.2 blk/min 0.1 abiHit 117 supHit 82 | self 6/9 summoner 7/8 expert 6/6 counter 1/1 medium 4/4 expert x2 1/1 zoner 1/1 sovereign 2/2 turtle 1/1 easy 1/1 human 0/1 switcher 1/1 idle 1/1 | roll 1.3s upd 13.5s
[brain] it 4070 [league 68%] R/ep 12.67 ent 2.18 kl 0.006 | hit/swing 50% dj/min 29.1 blk/min 0.3 abiHit 101 supHit 70 | expert 7/7 medium 3/3 self 2/6 sovereign 2/2 switcher 1/1 hard x3 1/1 expert x2 3/3 easy 5/5 counter 2/3 human 1/1 idle 2/2 | roll 1.5s upd 13.3s
[brain] it 4071 [league 68%] R/ep 13.70 ent 2.17 kl 0.009 | hit/swing 56% dj/min 32.3 blk/min 0.3 abiHit 42 supHit 97 | expert 7/7 rushdown 1/2 easy 2/2 sovereign 2/2 self 1/5 human 1/1 aerial 2/3 turtle 2/2 switcher 1/2 expert x2 1/2 hard x3 4/4 zoner 1/1 counter 1/1 | roll 1.3s upd 13.6s
[brain] it 4072 [league 68%] R/ep 10.00 ent 2.20 kl 0.006 | hit/swing 46% dj/min 34.9 blk/min 0.4 abiHit 35 supHit 83 | aerial 4/4 zoner 3/3 rushdown 1/2 self 7/13 switcher 1/1 human 1/1 expert 5/5 sovereign 1/4 idle 2/2 summoner 2/2 hard 1/1 medium 2/2 turtle 0/1 hard x3 0/1 | roll 1.5s upd 13.4s
[brain] it 4073 [league 69%] R/ep 9.06 ent 2.23 kl 0.009 | hit/swing 54% dj/min 31.5 blk/min 0.3 abiHit 55 supHit 63 | hard 5/5 hard x3 1/1 self 6/13 summoner 2/2 zoner 2/2 rushdown 1/1 sovereign 1/2 counter 2/3 expert x2 1/3 idle 1/1 turtle 1/1 aerial 1/1 | roll 1.4s upd 14.8s
[brain] it 4074 [league 70%] R/ep 13.11 ent 2.24 kl 0.007 | hit/swing 65% dj/min 35.4 blk/min 0.3 abiHit 61 supHit 87 | medium 2/2 hard 1/1 self 8/13 switcher 3/3 expert 2/2 rushdown 2/2 sovereign 4/4 aerial 1/1 expert x2 2/2 human 2/2 hard x3 2/2 turtle 1/1 | roll 1.6s upd 14.6s
[brain] it 4075 [league 70%] R/ep 10.55 ent 2.33 kl 0.007 | hit/swing 52% dj/min 29.8 blk/min 0.0 abiHit 102 supHit 58 | counter 1/1 self 2/4 turtle 1/1 expert 5/5 switcher 2/2 zoner 1/1 sovereign 3/5 hard 2/2 hard x3 0/2 summoner 0/1 medium 1/1 human 1/1 easy 1/1 expert x2 1/1 | roll 1.4s upd 14.5s
[brain] it 4076 [league 69%] R/ep 11.72 ent 2.25 kl 0.009 | hit/swing 51% dj/min 33.3 blk/min 0.1 abiHit 45 supHit 85 | self 3/7 summoner 1/1 sovereign 3/5 expert x2 1/1 idle 1/1 rushdown 2/2 hard 2/2 counter 2/2 expert 1/1 easy 4/4 aerial 4/5 medium 1/1 zoner 2/2 human 1/1 | roll 1.4s upd 13.5s
[brain] it 4077 [league 69%] R/ep 9.79 ent 2.20 kl 0.007 | hit/swing 63% dj/min 35.0 blk/min 0.3 abiHit 27 supHit 86 | sovereign 2/5 expert 7/8 self 4/10 medium 2/2 hard 5/5 expert x2 2/2 hard x3 1/2 easy 1/1 zoner 3/3 idle 3/3 summoner 1/1 human 1/1 | roll 1.4s upd 13.6s
[brain] it 4078 [league 65%] R/ep 11.28 ent 2.27 kl 0.008 | hit/swing 46% dj/min 36.3 blk/min 0.2 abiHit 76 supHit 76 | hard x3 0/2 sovereign 0/5 expert 1/1 self 8/9 aerial 1/1 switcher 1/2 rushdown 2/3 zoner 2/2 expert x2 3/3 human 1/1 easy 2/2 idle 1/1 summoner 1/1 hard 1/1 | roll 1.4s upd 13.5s
[brain] it 4079 [league 65%] R/ep 7.52 ent 2.32 kl 0.009 | hit/swing 43% dj/min 36.9 blk/min 0.4 abiHit 69 supHit 72 | self 2/10 expert 3/3 hard x3 1/6 sovereign 4/5 aerial 2/3 easy 3/3 rushdown 1/1 medium 2/2 switcher 1/1 counter 1/1 | roll 1.7s upd 14.6s
[brain] it 4080 [league 66%] R/ep 10.95 ent 2.13 kl 0.007 | hit/swing 62% dj/min 32.0 blk/min 0.3 abiHit 29 supHit 90 | medium 3/3 self 7/14 human 2/2 counter 2/3 sovereign 1/1 zoner 1/1 summoner 3/3 expert 2/2 turtle 3/3 idle 3/3 rushdown 2/2 hard 2/2 switcher 1/1 hard x3 1/1 expert x2 1/1 aerial 1/1 | roll 1.5s upd 13.7s
[brain] it 4081 [league 66%] R/ep 11.32 ent 2.13 kl 0.007 | hit/swing 61% dj/min 34.6 blk/min 0.0 abiHit 27 supHit 94 | summoner 4/4 zoner 4/4 self 4/7 hard x3 0/1 expert 4/5 human 2/3 medium 3/3 turtle 1/1 counter 1/1 sovereign 5/7 aerial 2/2 easy 1/1 expert x2 1/1 switcher 1/1 hard 1/1 | roll 1.3s upd 14.0s
[brain] it 4082 [league 65%] R/ep 10.54 ent 2.25 kl 0.008 | hit/swing 39% dj/min 36.0 blk/min 0.3 abiHit 88 supHit 61 | zoner 3/3 self 4/9 expert 3/4 hard 1/1 human 1/1 expert x2 2/2 counter 1/1 rushdown 3/3 easy 1/1 summoner 1/1 switcher 1/1 turtle 1/1 medium 2/2 idle 1/1 sovereign 0/1 | roll 1.7s upd 13.5s
[brain] it 4083 [league 64%] R/ep 10.86 ent 2.19 kl 0.008 | hit/swing 55% dj/min 29.5 blk/min 0.2 abiHit 51 supHit 85 | expert 8/8 summoner 2/2 rushdown 1/2 sovereign 1/3 counter 2/2 self 5/9 switcher 0/2 aerial 1/1 hard x3 2/2 easy 3/3 zoner 1/1 medium 1/1 idle 1/1 hard 1/1 | roll 1.3s upd 14.6s
[brain] it 4084 [league 64%] R/ep 8.04 ent 2.18 kl 0.009 | hit/swing 61% dj/min 32.4 blk/min 0.2 abiHit 29 supHit 73 | self 4/13 expert 5/5 easy 3/3 rushdown 1/1 aerial 1/2 hard 2/2 human 3/3 zoner 1/1 turtle 2/2 summoner 1/1 counter 2/2 idle 1/1 sovereign 1/1 | roll 1.6s upd 13.4s
[brain] it 4085 [league 64%] R/ep 9.16 ent 2.29 kl 0.009 | hit/swing 60% dj/min 30.0 blk/min 0.2 abiHit 65 supHit 63 | sovereign 3/4 self 5/10 hard 3/3 expert 2/3 summoner 2/2 counter 2/2 rushdown 1/1 easy 1/1 hard x3 0/1 turtle 1/1 expert x2 1/1 switcher 1/1 medium 1/1 | roll 1.3s upd 13.6s
[brain] it 4086 [league 66%] R/ep 7.44 ent 2.26 kl 0.008 | hit/swing 47% dj/min 36.6 blk/min 0.3 abiHit 27 supHit 73 | hard 1/1 sovereign 5/5 self 5/12 switcher 3/3 expert 5/7 summoner 1/1 idle 1/1 aerial 3/3 zoner 1/1 hard x3 0/1 counter 1/1 medium 1/1 | roll 1.4s upd 13.5s
[brain] it 4087 [league 65%] R/ep 15.09 ent 2.14 kl 0.008 | hit/swing 68% dj/min 33.2 blk/min 0.2 abiHit 36 supHit 92 | hard 3/3 human 2/2 sovereign 3/4 aerial 2/2 self 6/8 hard x3 2/2 expert x2 1/2 easy 2/2 expert 3/3 idle 1/1 switcher 2/2 counter 4/4 medium 2/2 summoner 2/2 | roll 1.2s upd 12.3s
[brain] it 4088 [league 63%] R/ep 10.11 ent 2.13 kl 0.008 | hit/swing 58% dj/min 32.6 blk/min 0.1 abiHit 54 supHit 93 | self 7/10 summoner 1/1 switcher 2/2 rushdown 1/2 sovereign 5/8 expert 3/3 medium 2/2 aerial 1/1 easy 3/3 idle 2/2 turtle 2/2 human 2/2 expert x2 1/1 counter 1/1 | roll 1.4s upd 13.5s
[brain] it 4089 [league 66%] R/ep 11.74 ent 2.24 kl 0.006 | hit/swing 46% dj/min 36.3 blk/min 0.1 abiHit 42 supHit 79 | sovereign 3/6 self 2/4 turtle 1/1 expert 3/3 summoner 1/1 medium 1/1 idle 4/4 aerial 3/3 rushdown 2/3 expert x2 1/2 counter 3/3 | roll 1.4s upd 13.5s
[brain] it 4090 [league 65%] R/ep 10.77 ent 2.27 kl 0.009 | hit/swing 43% dj/min 35.1 blk/min 0.6 abiHit 74 supHit 72 | self 5/8 turtle 1/2 sovereign 2/4 human 2/2 expert x2 2/2 expert 6/6 hard x3 1/2 idle 2/2 easy 2/2 counter 1/2 rushdown 0/1 hard 1/1 aerial 0/1 | roll 1.7s upd 14.6s
[brain] it 4091 [league 64%] R/ep 9.99 ent 2.21 kl 0.008 | hit/swing 56% dj/min 34.9 blk/min 0.2 abiHit 36 supHit 75 | expert 6/6 self 7/12 hard 2/2 sovereign 4/6 expert x2 1/1 easy 1/1 hard x3 1/1 switcher 3/4 human 1/1 idle 1/1 rushdown 0/1 | roll 1.7s upd 13.5s
[brain] it 4092 [league 63%] R/ep 10.23 ent 2.22 kl 0.007 | hit/swing 63% dj/min 36.1 blk/min 0.3 abiHit 16 supHit 88 | switcher 1/2 expert x2 1/3 self 9/11 aerial 2/2 human 1/1 summoner 0/1 medium 3/3 sovereign 4/5 turtle 1/1 expert 4/4 easy 3/3 counter 1/1 hard x3 0/1 idle 1/1 | roll 1.4s upd 13.5s
[brain] it 4093 [league 63%] R/ep 9.18 ent 2.22 kl 0.008 | hit/swing 52% dj/min 29.5 blk/min 0.2 abiHit 97 supHit 72 | counter 1/1 hard 1/1 expert 6/6 self 2/13 medium 3/3 easy 2/2 idle 2/2 zoner 2/2 expert x2 2/3 summoner 1/1 sovereign 1/1 aerial 3/3 | roll 1.4s upd 13.5s
[brain] it 4094 [league 63%] R/ep 6.44 ent 2.26 kl 0.006 | hit/swing 55% dj/min 36.8 blk/min 0.3 abiHit 32 supHit 86 | summoner 4/4 medium 2/2 counter 1/2 self 4/14 expert 5/5 expert x2 1/1 sovereign 5/7 easy 1/1 hard 2/2 idle 1/1 human 1/1 switcher 1/1 aerial 1/1 | roll 1.5s upd 13.3s
[brain] it 4095 [league 63%] R/ep 10.19 ent 2.17 kl 0.006 | hit/swing 60% dj/min 33.1 blk/min 0.3 abiHit 34 supHit 87 | self 5/14 expert 4/4 human 2/2 medium 5/5 zoner 1/1 easy 4/4 summoner 2/2 sovereign 1/1 idle 2/2 rushdown 1/1 turtle 1/1 switcher 2/2 counter 2/2 hard 1/1 | roll 1.4s upd 13.4s
[brain] it 4096 [league 65%] R/ep 9.19 ent 2.25 kl 0.007 | hit/swing 52% dj/min 33.5 blk/min 0.2 abiHit 47 supHit 75 | idle 2/2 summoner 4/4 easy 3/3 hard x3 1/2 self 5/11 rushdown 1/1 human 1/1 hard 2/2 sovereign 4/5 counter 1/1 switcher 0/1 zoner 1/1 expert x2 1/1 medium 1/1 expert 1/1 | roll 1.5s upd 13.4s
[brain] it 4097 [league 64%] R/ep 13.60 ent 2.27 kl 0.007 | hit/swing 48% dj/min 36.1 blk/min 0.3 abiHit 70 supHit 70 | expert 5/6 aerial 4/4 sovereign 1/3 self 3/3 counter 3/4 zoner 2/2 hard x3 1/2 idle 2/2 summoner 1/1 rushdown 2/3 expert x2 1/1 | roll 1.3s upd 14.7s
[brain] it 4098 [league 62%] R/ep 10.84 ent 2.34 kl 0.006 | hit/swing 53% dj/min 32.9 blk/min 0.4 abiHit 54 supHit 63 | switcher 3/3 summoner 3/3 expert 3/3 medium 1/1 aerial 1/1 self 0/2 easy 1/1 rushdown 0/1 counter 2/2 sovereign 4/7 expert x2 1/1 hard x3 1/1 hard 2/2 idle 1/1 | roll 1.3s upd 13.8s
[brain] it 4099 [league 63%] R/ep 12.28 ent 2.21 kl 0.007 | hit/swing 79% dj/min 30.9 blk/min 0.1 abiHit 32 supHit 82 | hard 3/3 aerial 1/1 summoner 3/3 hard x3 2/2 human 1/2 expert 5/5 turtle 2/2 self 3/7 sovereign 1/3 easy 2/2 switcher 1/1 expert x2 2/2 | roll 1.3s upd 13.4s
[brain] it 4100 [league 61%] R/ep 8.91 ent 2.30 kl 0.007 | hit/swing 46% dj/min 37.5 blk/min 0.2 abiHit 65 supHit 58 | hard 4/4 turtle 1/1 self 4/11 hard x3 1/1 expert 4/4 zoner 2/2 rushdown 1/3 medium 1/1 sovereign 1/3 human 1/1 summoner 1/1 counter 1/1 aerial 1/1 | roll 1.6s upd 14.5s
[brain] it 4101 [league 65%] R/ep 7.35 ent 2.24 kl 0.004 | hit/swing 60% dj/min 33.1 blk/min 0.3 abiHit 42 supHit 77 | counter 3/3 hard 1/1 self 3/9 sovereign 6/9 medium 3/3 summoner 1/1 expert 3/3 easy 3/3 idle 1/1 human 1/1 zoner 1/1 turtle 1/1 | roll 1.4s upd 13.7s
[brain] it 4102 [league 65%] R/ep 11.79 ent 2.19 kl 0.007 | hit/swing 60% dj/min 29.2 blk/min 0.2 abiHit 51 supHit 77 | counter 3/3 sovereign 2/4 expert 6/6 easy 1/1 switcher 1/1 zoner 1/1 self 3/9 expert x2 2/2 hard 3/3 idle 2/2 human 1/1 aerial 2/2 hard x3 1/1 | roll 1.3s upd 14.6s
[brain] it 4103 [league 63%] R/ep 10.84 ent 2.18 kl 0.007 | hit/swing 57% dj/min 33.9 blk/min 0.2 abiHit 26 supHit 103 | self 7/12 medium 1/1 easy 2/2 switcher 1/1 expert 5/5 sovereign 3/6 counter 4/4 turtle 2/2 hard x3 1/2 hard 3/3 summoner 1/1 rushdown 1/1 | roll 1.4s upd 13.6s
[brain] it 4104 [league 63%] R/ep 15.00 ent 2.15 kl 0.008 | hit/swing 64% dj/min 35.2 blk/min 0.2 abiHit 25 supHit 108 | summoner 2/2 expert 3/3 counter 2/2 self 3/8 sovereign 2/3 easy 1/1 zoner 2/2 hard x3 3/5 human 2/2 hard 1/1 aerial 2/2 turtle 3/3 medium 2/2 expert x2 2/2 idle 1/1 | roll 1.4s upd 13.7s
[brain] it 4105 [league 63%] R/ep 9.89 ent 2.22 kl 0.008 | hit/swing 61% dj/min 29.4 blk/min 0.2 abiHit 46 supHit 78 | self 7/14 expert x2 5/5 aerial 1/1 zoner 1/1 medium 1/1 summoner 2/2 expert 5/5 idle 2/2 sovereign 1/3 hard x3 0/1 switcher 0/1 counter 1/1 | roll 1.6s upd 13.6s
[brain] it 4106 [league 63%] R/ep 11.55 ent 2.33 kl 0.008 | hit/swing 44% dj/min 33.9 blk/min 0.2 abiHit 79 supHit 57 | idle 3/3 hard 2/2 counter 1/1 expert x2 2/2 aerial 1/3 sovereign 2/3 expert 3/3 switcher 1/2 human 2/2 self 1/3 medium 1/1 easy 1/1 summoner 0/1 rushdown 1/1 | roll 1.3s upd 13.4s
[brain] it 4107 [league 64%] R/ep 12.29 ent 2.08 kl 0.007 | hit/swing 70% dj/min 29.4 blk/min 0.2 abiHit 34 supHit 88 | zoner 1/1 easy 2/2 self 4/11 turtle 1/1 expert 8/8 counter 3/3 medium 1/1 sovereign 4/4 human 2/2 idle 2/2 hard 3/3 expert x2 2/2 rushdown 1/1 hard x3 0/1 switcher 1/1 summoner 1/1 | roll 1.3s upd 13.5s
[brain] it 4108 [league 60%] R/ep 10.29 ent 2.20 kl 0.007 | hit/swing 59% dj/min 32.8 blk/min 0.0 abiHit 56 supHit 97 | easy 2/2 sovereign 2/6 self 2/9 turtle 3/3 expert 4/4 rushdown 1/2 switcher 2/2 medium 3/3 hard 4/4 expert x2 2/2 hard x3 1/1 aerial 1/1 idle 1/1 | roll 1.3s upd 13.3s
[brain] it 4109 [league 57%] R/ep 4.88 ent 2.36 kl 0.007 | hit/swing 41% dj/min 35.9 blk/min 0.2 abiHit 60 supHit 42 | expert 1/1 easy 1/1 sovereign 4/8 human 2/2 turtle 0/1 self 5/9 zoner 2/2 switcher 1/2 aerial 0/2 | roll 1.5s upd 13.2s
[brain] it 4110 [league 60%] R/ep 12.61 ent 2.33 kl 0.009 | hit/swing 43% dj/min 39.0 blk/min 0.1 abiHit 39 supHit 89 | hard 1/1 rushdown 4/4 summoner 2/2 sovereign 5/6 self 5/8 zoner 2/2 expert 1/1 switcher 2/4 human 3/3 medium 1/1 hard x3 1/1 aerial 1/1 | roll 1.4s upd 13.4s
[brain] it 4111 [league 61%] R/ep 10.40 ent 2.16 kl 0.009 | hit/swing 49% dj/min 35.7 blk/min 0.1 abiHit 36 supHit 91 | self 6/13 summoner 2/2 human 2/2 easy 1/1 medium 3/3 turtle 1/1 hard 3/3 idle 3/3 rushdown 1/2 counter 1/1 sovereign 2/3 expert 7/7 zoner 2/2 aerial 1/1 | roll 1.4s upd 13.5s
[brain] it 4112 [league 62%] R/ep 11.10 ent 2.34 kl 0.006 | hit/swing 53% dj/min 38.8 blk/min 0.3 abiHit 17 supHit 71 | easy 2/2 switcher 2/3 self 2/8 sovereign 2/3 expert 5/5 hard x3 2/3 summoner 1/1 medium 2/2 human 2/2 rushdown 3/3 idle 1/1 | roll 1.2s upd 13.5s
[brain] it 4113 [league 62%] R/ep 10.76 ent 2.21 kl 0.008 | hit/swing 48% dj/min 33.9 blk/min 0.4 abiHit 55 supHit 70 | sovereign 2/3 easy 4/4 switcher 2/4 summoner 1/1 hard x3 1/1 self 3/9 aerial 1/1 hard 2/2 expert 2/2 idle 2/2 expert x2 2/2 medium 1/1 zoner 1/1 turtle 1/1 | roll 1.3s upd 13.4s
[brain] it 4114 [league 62%] R/ep 9.08 ent 2.23 kl 0.008 | hit/swing 60% dj/min 32.4 blk/min 0.5 abiHit 44 supHit 74 | expert 5/5 expert x2 2/4 self 4/9 medium 1/1 hard x3 0/1 easy 2/2 sovereign 4/6 aerial 3/3 counter 2/2 switcher 1/1 hard 1/1 turtle 1/1 human 1/1 rushdown 1/1 | roll 1.3s upd 13.4s
[brain] it 4115 [league 62%] R/ep 12.29 ent 2.22 kl 0.006 | hit/swing 56% dj/min 35.8 blk/min 0.3 abiHit 33 supHit 79 | medium 4/4 zoner 2/2 self 6/11 hard x3 1/1 rushdown 0/1 counter 2/2 human 4/4 expert 2/2 aerial 1/1 idle 2/2 easy 2/2 hard 1/1 turtle 1/1 sovereign 1/1 switcher 1/1 | roll 1.3s upd 13.6s
[brain] it 4116 [league 60%] R/ep 6.86 ent 2.36 kl 0.009 | hit/swing 42% dj/min 36.0 blk/min 0.0 abiHit 44 supHit 46 | hard 2/2 self 4/10 turtle 2/2 expert 2/2 counter 2/2 sovereign 2/4 zoner 1/1 idle 2/2 summoner 0/1 medium 1/1 switcher 1/1 human 1/1 | roll 1.4s upd 13.4s
[brain] it 4117 [league 59%] R/ep 11.09 ent 2.22 kl 0.008 | hit/swing 51% dj/min 35.5 blk/min 0.3 abiHit 45 supHit 78 | expert 6/6 medium 1/1 expert x2 1/1 sovereign 1/4 easy 3/3 self 9/11 summoner 1/2 aerial 1/2 human 2/2 turtle 1/1 rushdown 1/1 idle 2/2 zoner 1/1 | roll 1.4s upd 13.4s
[brain] it 4118 [league 57%] R/ep 7.74 ent 2.26 kl 0.008 | hit/swing 51% dj/min 30.0 blk/min 0.3 abiHit 57 supHit 54 | counter 3/4 sovereign 3/6 hard 6/6 idle 2/2 expert 3/3 self 3/10 switcher 3/3 zoner 1/1 turtle 1/1 medium 1/1 | roll 1.3s upd 13.4s
[brain] it 4119 [league 57%] R/ep 10.64 ent 2.17 kl 0.007 | hit/swing 55% dj/min 35.6 blk/min 0.4 abiHit 49 supHit 101 | easy 4/4 self 7/12 expert 5/5 rushdown 1/2 switcher 1/1 expert x2 2/2 human 2/2 sovereign 3/5 zoner 1/1 hard 1/1 idle 2/2 summoner 1/1 turtle 1/1 aerial 1/1 | roll 1.4s upd 13.6s
[brain] it 4120 [league 58%] R/ep 9.09 ent 2.24 kl 0.006 | hit/swing 45% dj/min 34.3 blk/min 0.1 abiHit 85 supHit 75 | medium 1/1 self 4/11 hard x3 1/2 aerial 1/1 expert 4/4 switcher 1/1 rushdown 2/2 idle 2/2 sovereign 4/5 zoner 1/1 expert x2 1/1 hard 1/1 | roll 1.5s upd 13.6s
[brain] it 4121 [league 62%] R/ep 9.47 ent 2.19 kl 0.008 | hit/swing 58% dj/min 32.9 blk/min 0.3 abiHit 32 supHit 90 | self 5/11 aerial 4/4 sovereign 7/7 medium 1/1 expert 5/5 rushdown 1/1 hard 1/1 easy 2/2 turtle 2/2 idle 4/4 human 1/2 summoner 1/1 | roll 1.4s upd 13.3s
[brain] it 4122 [league 63%] R/ep 9.26 ent 2.29 kl 0.008 | hit/swing 45% dj/min 34.1 blk/min 0.4 abiHit 54 supHit 69 | expert 3/3 switcher 1/1 self 4/9 expert x2 0/2 easy 3/3 turtle 1/1 counter 5/5 summoner 2/3 sovereign 2/3 rushdown 2/2 idle 1/1 human 1/1 | roll 1.4s upd 14.8s
[brain] it 4123 [league 64%] R/ep 9.58 ent 2.34 kl 0.008 | hit/swing 43% dj/min 34.9 blk/min 0.0 abiHit 68 supHit 58 | hard 3/3 turtle 1/1 easy 4/4 self 3/8 aerial 1/1 medium 1/1 summoner 3/3 idle 2/2 sovereign 3/3 zoner 1/1 human 1/1 switcher 1/2 expert 2/2 counter 0/1 | roll 1.5s upd 13.5s
[brain] it 4124 [league 64%] R/ep 8.12 ent 2.24 kl 0.010 | hit/swing 50% dj/min 34.4 blk/min 0.1 abiHit 58 supHit 62 | sovereign 5/7 easy 1/1 hard x3 0/1 medium 2/2 self 4/9 turtle 2/2 expert 4/4 aerial 1/1 switcher 2/2 hard 3/3 idle 1/1 rushdown 0/1 | roll 1.4s upd 13.9s
[brain] it 4125 [league 65%] R/ep 9.24 ent 2.22 kl 0.008 | hit/swing 45% dj/min 35.7 blk/min 0.0 abiHit 51 supHit 60 | expert 4/4 counter 1/2 summoner 1/2 self 2/6 turtle 3/5 aerial 1/1 rushdown 3/3 zoner 1/1 medium 2/2 sovereign 3/4 hard 1/1 human 1/1 | roll 1.4s upd 13.6s
[brain] it 4126 [league 67%] R/ep 8.05 ent 2.19 kl 0.008 | hit/swing 58% dj/min 29.7 blk/min 0.2 abiHit 42 supHit 83 | turtle 2/2 self 7/16 expert 3/3 idle 2/2 switcher 1/2 hard x3 1/2 zoner 1/1 human 1/1 medium 1/1 sovereign 5/6 easy 4/4 counter 1/1 | roll 1.4s upd 13.5s
[brain] it 4127 [league 69%] R/ep 12.81 ent 2.19 kl 0.007 | hit/swing 51% dj/min 27.2 blk/min 0.2 abiHit 101 supHit 72 | expert 9/9 rushdown 0/1 self 3/6 summoner 2/2 sovereign 6/7 aerial 2/2 switcher 1/1 medium 2/2 easy 4/4 expert x2 1/1 zoner 2/2 human 1/1 hard 1/1 | roll 1.5s upd 14.7s
[brain] it 4128 [league 69%] R/ep 11.63 ent 2.28 kl 0.007 | hit/swing 44% dj/min 33.8 blk/min 0.0 abiHit 70 supHit 76 | rushdown 1/1 self 5/10 expert 6/6 hard 1/1 sovereign 3/4 easy 2/2 counter 1/1 expert x2 1/1 switcher 2/2 summoner 2/2 human 1/1 hard x3 1/1 aerial 1/1 medium 1/1 | roll 1.4s upd 13.4s
[brain] it 4129 [league 68%] R/ep 11.99 ent 2.32 kl 0.008 | hit/swing 38% dj/min 37.7 blk/min 0.1 abiHit 63 supHit 60 | medium 1/1 expert x2 2/2 expert 5/5 self 7/10 sovereign 0/2 turtle 1/1 hard x3 1/2 aerial 3/3 idle 2/2 zoner 2/2 easy 2/2 | roll 1.6s upd 14.5s
[brain] it 4130 [league 70%] R/ep 13.57 ent 2.25 kl 0.006 | hit/swing 57% dj/min 33.7 blk/min 0.0 abiHit 48 supHit 61 | summoner 1/1 zoner 1/1 self 4/7 hard x3 1/1 aerial 3/3 rushdown 2/2 turtle 4/4 sovereign 2/2 expert 5/5 easy 1/1 medium 1/1 idle 2/2 expert x2 1/1 hard 1/1 | roll 1.2s upd 13.4s
[brain] it 4131 [league 70%] R/ep 6.18 ent 2.34 kl 0.010 | hit/swing 49% dj/min 35.9 blk/min 0.1 abiHit 33 supHit 62 | aerial 4/4 self 3/12 hard 3/3 expert 3/3 rushdown 1/1 summoner 2/2 hard x3 0/1 medium 1/1 turtle 1/1 counter 1/1 | roll 1.4s upd 13.4s
[brain] it 4132 [league 64%] R/ep 4.61 ent 2.30 kl 0.008 | hit/swing 52% dj/min 35.1 blk/min 0.1 abiHit 34 supHit 60 | sovereign 1/11 self 3/8 rushdown 2/2 expert 4/4 summoner 1/1 hard 3/3 counter 2/2 aerial 1/1 turtle 1/1 easy 1/1 human 1/1 | roll 1.4s upd 13.6s
[brain] it 4133 [league 63%] R/ep 8.30 ent 2.22 kl 0.006 | hit/swing 44% dj/min 32.8 blk/min 0.1 abiHit 96 supHit 78 | hard x3 1/2 expert 3/3 rushdown 1/2 sovereign 6/9 self 4/10 medium 2/2 switcher 2/2 easy 1/1 counter 2/2 expert x2 1/2 turtle 1/1 aerial 2/2 | roll 1.5s upd 14.7s
[brain] it 4134 [league 62%] R/ep 9.00 ent 2.33 kl 0.010 | hit/swing 52% dj/min 36.1 blk/min 0.3 abiHit 35 supHit 76 | switcher 3/3 self 8/15 turtle 2/3 zoner 2/2 expert 3/3 medium 3/3 sovereign 1/3 aerial 1/1 expert x2 2/3 idle 1/1 easy 1/1 rushdown 1/1 summoner 1/1 | roll 1.4s upd 13.4s
[brain] it 4135 [league 62%] R/ep 9.16 ent 2.15 kl 0.008 | hit/swing 67% dj/min 30.3 blk/min 0.1 abiHit 55 supHit 74 | zoner 1/1 self 6/11 human 2/2 medium 3/3 sovereign 1/4 idle 2/2 turtle 1/2 summoner 3/3 expert 5/5 hard 2/2 counter 2/2 easy 1/1 | roll 1.4s upd 13.6s
[brain] it 4136 [league 61%] R/ep 12.89 ent 2.16 kl 0.007 | hit/swing 47% dj/min 29.6 blk/min 0.0 abiHit 65 supHit 61 | aerial 1/1 self 6/8 rushdown 2/2 easy 2/2 turtle 3/3 counter 2/2 switcher 2/3 expert x2 1/1 summoner 1/1 medium 1/1 idle 2/2 expert 2/2 human 1/1 sovereign 1/2 | roll 1.4s upd 13.4s
[brain] it 4137 [league 61%] R/ep 8.85 ent 2.16 kl 0.008 | hit/swing 55% dj/min 29.9 blk/min 0.3 abiHit 67 supHit 69 | idle 1/1 self 5/17 sovereign 1/1 switcher 1/1 rushdown 1/1 zoner 2/2 medium 2/2 counter 5/5 hard x3 0/1 easy 2/2 expert 7/7 hard 2/2 human 1/1 summoner 1/1 | roll 1.4s upd 13.4s
[brain] it 4138 [league 60%] R/ep 10.65 ent 2.16 kl 0.007 | hit/swing 57% dj/min 29.4 blk/min 0.2 abiHit 48 supHit 67 | medium 3/3 zoner 1/1 idle 3/3 easy 2/2 self 7/11 switcher 2/2 sovereign 2/5 summoner 2/2 turtle 3/3 expert 1/1 rushdown 1/1 hard 1/1 human 2/2 counter 1/1 | roll 1.3s upd 13.8s
[brain] it 4139 [league 63%] R/ep 13.04 ent 2.23 kl 0.007 | hit/swing 40% dj/min 31.9 blk/min 0.1 abiHit 120 supHit 74 | zoner 2/2 hard x3 1/2 self 4/10 counter 3/4 human 1/1 sovereign 3/3 switcher 1/1 expert x2 2/2 medium 2/2 hard 2/2 expert 3/3 | roll 1.5s upd 13.7s
[brain] it 4140 [league 64%] R/ep 11.10 ent 2.16 kl 0.008 | hit/swing 57% dj/min 28.8 blk/min 0.1 abiHit 74 supHit 86 | aerial 2/3 expert 9/9 summoner 3/3 zoner 1/1 self 3/9 easy 3/3 hard 1/1 idle 4/4 medium 3/3 turtle 1/1 sovereign 4/5 expert x2 0/1 switcher 1/1 | roll 1.5s upd 15.9s
[brain] it 4141 [league 67%] R/ep 8.62 ent 2.28 kl 0.009 | hit/swing 48% dj/min 35.6 blk/min 0.1 abiHit 37 supHit 75 | sovereign 7/7 summoner 1/1 self 2/10 human 1/1 hard x3 0/2 rushdown 3/3 expert 5/5 idle 2/2 medium 1/1 easy 1/1 switcher 1/1 hard 1/1 | roll 1.5s upd 13.4s
[brain] it 4142 [league 66%] R/ep 8.36 ent 2.13 kl 0.007 | hit/swing 61% dj/min 31.0 blk/min 0.1 abiHit 59 supHit 89 | expert 9/9 self 4/13 summoner 1/1 aerial 1/1 sovereign 3/4 expert x2 2/3 idle 1/1 rushdown 1/1 medium 1/1 easy 3/3 human 1/1 hard 1/1 switcher 1/1 | roll 1.4s upd 12.5s
[brain] it 4143 [league 67%] R/ep 12.75 ent 2.30 kl 0.007 | hit/swing 50% dj/min 29.0 blk/min 0.0 abiHit 37 supHit 50 | counter 3/3 expert x2 1/1 self 4/6 summoner 1/1 rushdown 0/2 turtle 1/1 hard 2/2 expert 2/2 human 1/1 hard x3 1/1 sovereign 1/1 switcher 1/1 | roll 1.3s upd 16.0s
[brain] it 4144 [league 67%] R/ep 10.65 ent 2.13 kl 0.009 | hit/swing 45% dj/min 33.1 blk/min 0.1 abiHit 63 supHit 84 | self 6/13 switcher 2/2 hard x3 1/2 human 4/4 rushdown 2/2 medium 2/2 summoner 1/1 expert 3/3 zoner 3/3 turtle 0/1 hard 2/2 easy 1/1 sovereign 1/1 | roll 1.5s upd 15.6s
[brain] it 4145 [league 66%] R/ep 10.84 ent 2.26 kl 0.008 | hit/swing 52% dj/min 30.3 blk/min 0.3 abiHit 75 supHit 55 | aerial 0/1 self 3/6 zoner 2/2 rushdown 0/1 expert x2 2/3 turtle 3/3 hard x3 1/1 expert 3/3 switcher 2/2 summoner 1/2 sovereign 2/3 idle 1/1 easy 2/2 | roll 1.3s upd 13.9s
[brain] it 4146 [league 66%] R/ep 11.16 ent 2.15 kl 0.009 | hit/swing 62% dj/min 33.4 blk/min 0.2 abiHit 15 supHit 96 | idle 1/1 expert 7/7 self 5/11 hard 3/3 sovereign 4/5 summoner 2/2 human 2/2 medium 2/2 turtle 2/2 switcher 1/1 hard x3 1/2 aerial 2/2 expert x2 1/1 counter 1/1 | roll 1.4s upd 13.4s
[brain] it 4147 [league 64%] R/ep 10.88 ent 2.16 kl 0.008 | hit/swing 62% dj/min 29.8 blk/min 0.1 abiHit 37 supHit 75 | expert 6/6 counter 4/4 expert x2 3/3 self 3/8 sovereign 2/4 hard x3 1/1 easy 1/1 switcher 2/2 medium 1/1 idle 1/1 turtle 1/1 aerial 1/1 | roll 1.4s upd 13.4s
[brain] it 4148 [league 65%] R/ep 11.57 ent 2.26 kl 0.009 | hit/swing 50% dj/min 33.4 blk/min 0.1 abiHit 58 supHit 63 | hard x3 0/2 hard 3/3 expert x2 1/2 rushdown 0/1 turtle 2/2 counter 3/3 self 8/11 summoner 2/2 sovereign 2/2 easy 1/1 expert 1/1 zoner 1/1 idle 1/1 medium 1/1 | roll 1.4s upd 13.4s
[brain] it 4149 [league 64%] R/ep 13.49 ent 2.25 kl 0.007 | hit/swing 53% dj/min 27.5 blk/min 0.1 abiHit 74 supHit 56 | medium 2/2 self 3/6 sovereign 2/3 expert x2 2/2 zoner 2/2 summoner 3/4 counter 1/1 hard 2/2 idle 1/1 human 1/1 hard x3 1/1 easy 2/2 aerial 1/1 expert 1/1 | roll 1.3s upd 13.4s
[brain] it 4150 [league 62%] R/ep 8.21 ent 2.25 kl 0.008 | hit/swing 49% dj/min 31.8 blk/min 0.1 abiHit 72 supHit 75 | sovereign 1/4 human 3/3 medium 1/1 expert 3/3 switcher 3/3 hard x3 0/1 self 3/10 turtle 2/2 easy 1/1 expert x2 1/1 rushdown 2/2 summoner 1/1 | roll 1.6s upd 14.5s
[brain] it 4151 [league 62%] R/ep 9.99 ent 2.27 kl 0.009 | hit/swing 54% dj/min 29.4 blk/min 0.2 abiHit 57 supHit 60 | self 4/9 summoner 2/2 hard x3 1/2 medium 1/1 human 1/1 expert 3/3 sovereign 1/2 counter 3/3 zoner 1/1 rushdown 2/2 hard 1/1 switcher 1/1 | roll 1.4s upd 13.6s
[brain] it 4152 [league 61%] R/ep 11.40 ent 2.16 kl 0.007 | hit/swing 56% dj/min 29.0 blk/min 0.2 abiHit 51 supHit 76 | counter 2/2 easy 1/1 expert 6/6 idle 2/2 rushdown 4/4 hard 2/2 human 1/1 self 2/7 hard x3 2/2 sovereign 0/1 summoner 0/1 medium 2/2 turtle 1/1 | roll 1.4s upd 13.3s
[brain] it 4153 [league 61%] R/ep 14.05 ent 2.12 kl 0.007 | hit/swing 59% dj/min 32.4 blk/min 0.2 abiHit 58 supHit 68 | self 5/9 hard x3 1/2 expert 7/7 hard 2/2 idle 2/2 easy 3/3 zoner 2/2 turtle 1/1 medium 2/2 summoner 1/1 aerial 2/2 human 3/3 expert x2 1/1 | roll 1.4s upd 13.5s
[brain] it 4154 [league 61%] R/ep 6.93 ent 2.27 kl 0.009 | hit/swing 48% dj/min 33.9 blk/min 0.3 abiHit 78 supHit 80 | summoner 2/2 self 6/15 expert 5/5 counter 2/2 sovereign 3/4 rushdown 3/3 expert x2 1/1 medium 2/2 human 1/1 switcher 1/1 turtle 0/1 | roll 1.6s upd 14.5s
[brain] it 4155 [league 60%] R/ep 8.39 ent 2.22 kl 0.009 | hit/swing 51% dj/min 30.2 blk/min 0.2 abiHit 60 supHit 65 | hard 2/2 easy 3/3 expert 5/5 self 5/9 sovereign 4/6 counter 2/2 human 1/3 summoner 2/2 expert x2 0/1 hard x3 0/1 medium 1/1 | roll 1.5s upd 14.7s
[brain] it 4156 [league 60%] R/ep 14.55 ent 2.20 kl 0.007 | hit/swing 54% dj/min 32.6 blk/min 0.2 abiHit 45 supHit 69 | zoner 1/1 turtle 5/5 self 5/9 expert x2 2/2 idle 2/2 summoner 1/1 hard x3 2/2 expert 3/3 sovereign 1/1 counter 1/1 medium 2/2 hard 1/1 switcher 1/1 | roll 1.5s upd 13.5s
[brain] it 4157 [league 60%] R/ep 11.12 ent 2.10 kl 0.008 | hit/swing 64% dj/min 29.0 blk/min 0.1 abiHit 48 supHit 110 | expert 6/6 self 7/13 rushdown 1/1 human 4/4 idle 4/4 medium 3/3 hard 1/1 summoner 2/2 counter 1/1 easy 2/2 sovereign 3/4 zoner 1/1 switcher 1/1 hard x3 1/2 aerial 1/1 | roll 1.5s upd 14.9s
[brain] it 4158 [league 61%] R/ep 9.67 ent 2.19 kl 0.008 | hit/swing 60% dj/min 26.3 blk/min 0.1 abiHit 58 supHit 79 | human 1/2 expert 8/8 self 3/9 aerial 3/3 hard x3 1/1 hard 1/1 turtle 0/1 medium 2/2 idle 2/2 sovereign 4/6 zoner 1/1 switcher 1/1 summoner 2/2 easy 1/1 counter 0/1 | roll 1.4s upd 13.5s
[brain] it 4159 [league 63%] R/ep 8.02 ent 2.29 kl 0.008 | hit/swing 44% dj/min 31.5 blk/min 0.3 abiHit 104 supHit 58 | self 2/11 easy 2/2 summoner 1/1 zoner 2/2 turtle 1/1 expert 4/4 aerial 1/1 medium 3/3 human 1/1 sovereign 2/3 hard 2/2 idle 1/1 counter 1/1 switcher 1/1 rushdown 0/1 | roll 1.3s upd 12.4s
[brain] it 4160 [league 64%] R/ep 11.43 ent 2.24 kl 0.007 | hit/swing 53% dj/min 34.9 blk/min 0.3 abiHit 33 supHit 77 | self 5/6 counter 1/1 expert 3/4 turtle 1/1 sovereign 1/4 rushdown 2/2 human 2/2 hard 4/4 expert x2 1/1 hard x3 1/2 idle 2/2 easy 1/1 medium 1/1 switcher 1/1 | roll 1.5s upd 13.6s
[brain] it 4161 [league 65%] R/ep 9.81 ent 2.12 kl 0.008 | hit/swing 53% dj/min 34.1 blk/min 0.1 abiHit 57 supHit 101 | self 8/14 human 2/3 easy 3/3 medium 2/2 expert 6/6 turtle 3/3 sovereign 2/3 summoner 1/1 switcher 1/2 hard 1/1 expert x2 0/1 hard x3 2/2 aerial 1/1 | roll 1.5s upd 14.5s
[brain] it 4162 [league 66%] R/ep 10.19 ent 2.22 kl 0.008 | hit/swing 49% dj/min 31.4 blk/min 0.1 abiHit 61 supHit 70 | human 1/1 easy 5/5 sovereign 6/8 self 2/7 aerial 3/3 zoner 1/1 expert 2/2 medium 1/1 counter 1/1 idle 1/1 switcher 1/2 summoner 2/2 expert x2 1/1 hard x3 1/1 | roll 1.3s upd 13.3s
[brain] it 4163 [league 65%] R/ep 8.37 ent 2.23 kl 0.008 | hit/swing 48% dj/min 30.7 blk/min 0.2 abiHit 50 supHit 71 | self 2/9 turtle 2/2 hard x3 2/2 rushdown 2/2 zoner 1/1 sovereign 1/4 expert 4/4 summoner 2/2 hard 1/1 idle 1/1 counter 2/2 easy 2/2 switcher 0/1 | roll 1.7s upd 14.8s
[brain] it 4164 [league 66%] R/ep 9.49 ent 2.24 kl 0.007 | hit/swing 57% dj/min 34.1 blk/min 0.3 abiHit 38 supHit 84 | zoner 1/1 self 4/8 rushdown 2/2 expert 5/6 easy 4/4 summoner 1/1 aerial 1/1 idle 3/3 sovereign 4/7 expert x2 2/2 hard 1/1 counter 1/1 medium 1/1 switcher 1/3 | roll 1.6s upd 17.0s
[brain] it 4165 [league 69%] R/ep 10.78 ent 2.24 kl 0.009 | hit/swing 57% dj/min 36.5 blk/min 0.3 abiHit 26 supHit 77 | expert 4/5 self 4/12 counter 3/3 hard x3 2/2 sovereign 6/6 zoner 3/3 expert x2 2/2 aerial 1/1 turtle 1/1 easy 1/1 | roll 1.6s upd 17.5s
[brain] it 4166 [league 67%] R/ep 7.35 ent 2.22 kl 0.007 | hit/swing 57% dj/min 28.8 blk/min 0.2 abiHit 61 supHit 78 | self 3/12 switcher 1/1 rushdown 1/1 sovereign 1/3 human 1/1 expert x2 2/2 idle 2/2 expert 4/4 summoner 2/3 aerial 1/1 easy 1/1 hard 1/1 turtle 1/1 hard x3 0/1 | roll 1.6s upd 17.5s
[brain] it 4167 [league 64%] R/ep 8.26 ent 2.24 kl 0.008 | hit/swing 42% dj/min 28.4 blk/min 0.1 abiHit 74 supHit 52 | turtle 2/2 rushdown 1/2 expert 3/3 switcher 2/2 easy 1/1 zoner 2/2 counter 3/3 summoner 1/3 self 0/4 sovereign 1/5 idle 3/3 hard x3 0/1 aerial 1/1 | roll 1.4s upd 17.5s
[brain] it 4168 [league 62%] R/ep 12.12 ent 2.10 kl 0.007 | hit/swing 60% dj/min 31.1 blk/min 0.1 abiHit 38 supHit 100 | idle 1/1 hard x3 0/2 self 6/9 easy 2/2 hard 2/2 aerial 1/1 sovereign 2/4 human 4/4 zoner 1/1 expert x2 3/3 rushdown 1/1 switcher 0/1 counter 4/4 turtle 1/1 medium 1/1 expert 3/3 summoner 1/1 | roll 1.4s upd 17.3s
[brain] it 4169 [league 60%] R/ep 12.05 ent 2.14 kl 0.008 | hit/swing 63% dj/min 26.6 blk/min 0.0 abiHit 93 supHit 85 | self 6/8 easy 1/1 summoner 2/2 expert 4/4 rushdown 1/1 idle 3/3 hard x3 2/4 medium 6/6 counter 1/1 hard 2/2 sovereign 1/4 expert x2 0/1 | roll 1.5s upd 17.1s
[brain] it 4170 [league 59%] R/ep 8.53 ent 2.25 kl 0.007 | hit/swing 51% dj/min 29.8 blk/min 0.0 abiHit 56 supHit 63 | self 2/8 counter 2/2 expert 9/10 zoner 2/2 sovereign 3/4 aerial 1/2 idle 1/1 turtle 1/1 medium 3/3 switcher 1/1 summoner 1/1 hard 1/1 | roll 1.4s upd 17.7s
[brain] it 4171 [league 60%] R/ep 9.94 ent 2.17 kl 0.009 | hit/swing 54% dj/min 31.5 blk/min 0.2 abiHit 52 supHit 79 | self 3/10 switcher 4/4 summoner 3/3 rushdown 1/1 medium 2/2 idle 2/2 aerial 1/1 expert x2 0/1 human 2/2 expert 4/4 sovereign 3/3 easy 2/2 turtle 0/1 zoner 1/1 counter 1/1 | roll 1.5s upd 16.6s
[brain] it 4172 [league 60%] R/ep 14.06 ent 2.23 kl 0.006 | hit/swing 60% dj/min 33.0 blk/min 0.2 abiHit 50 supHit 75 | sovereign 3/3 easy 1/1 expert 5/5 zoner 2/2 hard x3 2/2 self 7/9 aerial 1/2 hard 1/1 expert x2 2/3 switcher 0/1 summoner 1/1 human 1/1 idle 1/1 turtle 1/1 | roll 1.5s upd 16.3s
[brain] it 4173 [league 59%] R/ep 7.42 ent 2.16 kl 0.006 | hit/swing 54% dj/min 31.4 blk/min 0.2 abiHit 28 supHit 79 | self 4/12 aerial 2/2 expert 2/2 human 2/2 switcher 2/2 sovereign 4/8 zoner 1/1 expert x2 1/1 summoner 3/3 easy 1/1 medium 2/2 idle 2/2 turtle 1/1 | roll 1.5s upd 17.4s
[brain] it 4174 [league 59%] R/ep 7.08 ent 2.31 kl 0.008 | hit/swing 54% dj/min 34.9 blk/min 0.4 abiHit 34 supHit 63 | switcher 3/3 self 5/8 aerial 1/1 expert 4/4 sovereign 2/4 summoner 1/2 rushdown 1/2 medium 2/2 counter 0/1 easy 1/1 expert x2 0/1 | roll 1.5s upd 13.6s
[brain] it 4175 [league 61%] R/ep 11.21 ent 2.08 kl 0.007 | hit/swing 61% dj/min 26.4 blk/min 0.1 abiHit 76 supHit 76 | sovereign 4/5 expert 3/3 self 7/10 summoner 4/4 medium 1/1 turtle 3/3 rushdown 2/2 hard x3 0/1 idle 4/4 expert x2 1/1 hard 1/1 switcher 1/1 zoner 1/1 | roll 1.3s upd 13.5s
[brain] it 4176 [league 62%] R/ep 12.58 ent 2.12 kl 0.008 | hit/swing 65% dj/min 27.3 blk/min 0.3 abiHit 62 supHit 86 | summoner 5/5 sovereign 4/5 human 2/2 self 5/8 aerial 1/2 medium 3/3 counter 1/1 turtle 1/1 hard x3 2/2 easy 2/2 expert 4/4 rushdown 1/1 | roll 1.3s upd 12.4s
[brain] it 4177 [league 62%] R/ep 9.42 ent 2.24 kl 0.006 | hit/swing 53% dj/min 35.2 blk/min 0.3 abiHit 56 supHit 72 | expert 5/5 self 2/12 sovereign 1/1 easy 3/3 counter 2/2 zoner 1/1 switcher 2/2 idle 2/2 medium 1/1 hard 2/2 aerial 2/2 turtle 2/2 | roll 1.4s upd 13.4s
[brain] it 4178 [league 62%] R/ep 8.85 ent 2.26 kl 0.008 | hit/swing 48% dj/min 37.8 blk/min 0.0 abiHit 42 supHit 72 | expert 3/3 aerial 2/2 medium 1/1 human 1/1 self 8/12 rushdown 3/3 idle 1/1 switcher 1/1 sovereign 4/6 expert x2 1/1 counter 2/2 | roll 1.5s upd 27.8s
[brain] it 4179 [league 63%] R/ep 11.84 ent 2.23 kl 0.008 | hit/swing 51% dj/min 31.1 blk/min 0.0 abiHit 66 supHit 55 | self 2/6 expert 3/3 sovereign 4/4 medium 1/1 easy 1/1 zoner 2/2 hard x3 0/2 hard 1/1 aerial 2/2 rushdown 1/1 switcher 1/1 expert x2 3/3 turtle 1/1 counter 1/1 human 1/1 | roll 1.5s upd 16.0s
[brain] it 4180 [league 62%] R/ep 14.30 ent 2.29 kl 0.008 | hit/swing 44% dj/min 38.1 blk/min 0.1 abiHit 63 supHit 78 | self 6/9 zoner 2/2 counter 1/1 hard x3 3/3 sovereign 3/5 expert x2 4/4 turtle 0/1 medium 2/2 expert 1/1 human 0/1 summoner 1/1 rushdown 1/1 hard 1/1 | roll 1.7s upd 18.5s
[brain] it 4181 [league 64%] R/ep 12.29 ent 2.18 kl 0.009 | hit/swing 51% dj/min 35.7 blk/min 0.0 abiHit 59 supHit 81 | counter 1/1 self 5/7 zoner 2/2 human 1/1 summoner 1/1 expert 5/5 idle 1/1 hard 2/2 sovereign 5/6 medium 3/3 aerial 2/3 easy 1/1 expert x2 1/1 hard x3 1/2 rushdown 1/1 | roll 1.6s upd 15.6s
[brain] it 4182 [league 64%] R/ep 9.50 ent 2.15 kl 0.006 | hit/swing 59% dj/min 31.0 blk/min 0.2 abiHit 54 supHit 82 | self 3/10 expert 8/8 idle 2/2 expert x2 1/1 easy 2/2 sovereign 2/4 aerial 1/1 turtle 1/1 switcher 2/2 medium 2/2 rushdown 1/1 zoner 1/1 hard 3/3 hard x3 0/1 counter 1/1 | roll 1.4s upd 13.3s
[brain] it 4183 [league 63%] R/ep 10.67 ent 2.12 kl 0.007 | hit/swing 58% dj/min 30.2 blk/min 0.4 abiHit 51 supHit 89 | self 8/14 medium 2/2 aerial 1/1 hard x3 1/2 expert 5/5 zoner 1/1 human 1/1 sovereign 2/4 hard 1/1 counter 1/1 turtle 1/1 expert x2 2/2 summoner 1/1 rushdown 1/1 switcher 1/1 | roll 1.4s upd 13.6s
[brain] it 4184 [league 64%] R/ep 9.93 ent 2.07 kl 0.007 | hit/swing 63% dj/min 27.9 blk/min 0.1 abiHit 68 supHit 89 | expert 4/4 human 3/3 summoner 4/4 switcher 0/1 zoner 3/3 sovereign 4/7 idle 3/3 self 7/13 medium 3/3 rushdown 1/1 counter 1/1 hard x3 0/1 easy 2/2 hard 1/1 turtle 1/1 | roll 1.3s upd 13.3s
[brain] it 4185 [league 63%] R/ep 9.40 ent 2.22 kl 0.008 | hit/swing 51% dj/min 30.7 blk/min 0.2 abiHit 80 supHit 67 | medium 2/2 self 5/9 summoner 4/4 switcher 2/3 counter 3/3 sovereign 2/5 expert x2 1/1 easy 4/4 aerial 0/1 zoner 2/2 rushdown 0/1 expert 3/3 hard x3 0/1 idle 1/1 | roll 1.3s upd 14.0s
[brain] it 4186 [league 64%] R/ep 10.49 ent 2.17 kl 0.008 | hit/swing 65% dj/min 34.3 blk/min 0.1 abiHit 43 supHit 100 | self 3/12 summoner 2/2 sovereign 4/5 hard x3 3/3 easy 3/3 medium 1/1 aerial 3/3 human 0/1 idle 2/2 counter 2/2 expert 2/2 turtle 1/1 expert x2 1/1 hard 1/1 | roll 1.4s upd 13.3s
[brain] it 4187 [league 62%] R/ep 10.55 ent 2.28 kl 0.008 | hit/swing 54% dj/min 28.7 blk/min 0.2 abiHit 76 supHit 52 | hard x3 2/2 self 4/7 turtle 1/1 idle 2/2 medium 2/2 counter 1/1 sovereign 1/3 summoner 1/1 expert 6/6 switcher 1/1 expert x2 0/1 hard 1/1 easy 1/1 rushdown 0/1 | roll 1.4s upd 14.6s
[brain] it 4188 [league 60%] R/ep 6.35 ent 2.28 kl 0.007 | hit/swing 47% dj/min 35.5 blk/min 0.2 abiHit 70 supHit 61 | self 2/9 sovereign 1/3 switcher 3/4 aerial 2/2 expert 5/5 expert x2 2/2 hard 1/1 easy 1/1 hard x3 1/2 rushdown 1/1 summoner 1/1 | roll 1.5s upd 14.8s
[brain] it 4189 [league 61%] R/ep 15.32 ent 2.26 kl 0.008 | hit/swing 58% dj/min 33.6 blk/min 0.1 abiHit 51 supHit 73 | expert 1/1 rushdown 3/3 expert x2 1/1 easy 2/2 medium 1/1 human 1/1 aerial 3/3 turtle 1/1 counter 2/2 zoner 1/1 sovereign 1/2 hard x3 3/4 hard 1/1 switcher 3/3 idle 1/1 self 1/3 summoner 0/1 | roll 1.3s upd 13.4s
[brain] it 4190 [league 63%] R/ep 7.64 ent 2.21 kl 0.007 | hit/swing 56% dj/min 33.0 blk/min 0.2 abiHit 39 supHit 67 | idle 3/3 counter 1/1 switcher 1/2 self 3/13 zoner 3/3 turtle 4/4 sovereign 3/6 easy 2/2 medium 3/3 rushdown 1/1 aerial 1/1 expert 2/2 | roll 1.4s upd 13.6s
[brain] it 4191 [league 62%] R/ep 9.65 ent 2.19 kl 0.009 | hit/swing 50% dj/min 32.4 blk/min 0.4 abiHit 59 supHit 65 | expert 3/3 zoner 2/2 sovereign 2/6 easy 2/2 medium 1/1 hard 2/2 summoner 2/2 self 4/9 aerial 1/1 expert x2 1/1 rushdown 1/2 hard x3 2/3 | roll 1.5s upd 13.6s
[brain] it 4192 [league 62%] R/ep 10.78 ent 2.14 kl 0.008 | hit/swing 48% dj/min 30.7 blk/min 0.1 abiHit 77 supHit 80 | self 5/12 expert 6/6 human 2/2 switcher 1/1 aerial 1/1 sovereign 1/2 turtle 3/3 hard 1/1 counter 2/3 zoner 3/3 hard x3 2/2 medium 2/2 summoner 1/1 | roll 1.3s upd 13.5s
[brain] it 4193 [league 62%] R/ep 8.15 ent 2.35 kl 0.009 | hit/swing 51% dj/min 34.0 blk/min 0.1 abiHit 46 supHit 54 | switcher 2/3 sovereign 1/2 aerial 2/2 expert 9/9 rushdown 1/1 summoner 1/1 self 2/9 idle 2/2 counter 1/1 medium 1/1 easy 2/2 zoner 2/2 human 0/1 | roll 1.4s upd 13.3s
[brain] it 4194 [league 61%] R/ep 10.88 ent 2.16 kl 0.009 | hit/swing 58% dj/min 30.1 blk/min 0.2 abiHit 47 supHit 83 | idle 4/4 self 7/12 easy 2/2 human 1/1 expert 3/3 summoner 1/1 rushdown 2/2 expert x2 2/3 hard 3/3 sovereign 4/5 turtle 1/1 switcher 1/1 | roll 1.3s upd 12.3s
[brain] it 4195 [league 62%] R/ep 12.32 ent 2.24 kl 0.007 | hit/swing 51% dj/min 32.4 blk/min 0.2 abiHit 69 supHit 67 | expert x2 2/2 self 7/11 counter 2/2 idle 1/1 sovereign 3/3 human 1/1 hard 3/3 hard x3 1/1 medium 2/2 expert 3/3 easy 1/1 zoner 1/1 aerial 1/1 summoner 1/1 | roll 1.3s upd 14.1s
[brain] it 4196 [league 65%] R/ep 14.11 ent 2.22 kl 0.007 | hit/swing 55% dj/min 28.8 blk/min 0.1 abiHit 69 supHit 72 | zoner 2/2 summoner 2/2 sovereign 5/5 self 2/5 counter 1/1 rushdown 3/3 expert 5/5 medium 1/1 hard x3 1/1 switcher 2/2 turtle 1/1 expert x2 1/1 idle 2/2 easy 1/1 | roll 1.4s upd 13.9s
[brain] it 4197 [league 64%] R/ep 9.17 ent 2.13 kl 0.006 | hit/swing 60% dj/min 31.0 blk/min 0.2 abiHit 51 supHit 77 | self 4/12 expert 3/3 easy 2/2 turtle 2/2 aerial 3/3 summoner 6/6 expert x2 1/1 rushdown 3/3 idle 3/3 sovereign 2/3 switcher 1/1 medium 1/1 | roll 1.5s upd 13.3s
[brain] it 4198 [league 65%] R/ep 10.85 ent 2.16 kl 0.007 | hit/swing 56% dj/min 28.5 blk/min 0.3 abiHit 48 supHit 79 | zoner 2/2 summoner 5/5 self 1/6 aerial 1/2 medium 2/2 human 1/2 switcher 1/1 turtle 2/2 hard 2/2 expert 4/4 rushdown 1/1 hard x3 1/1 counter 1/1 sovereign 3/4 easy 1/1 | roll 1.3s upd 13.3s
[brain] it 4199 [league 64%] R/ep 8.67 ent 2.18 kl 0.006 | hit/swing 44% dj/min 31.3 blk/min 0.2 abiHit 82 supHit 69 | medium 2/2 counter 3/3 idle 1/1 sovereign 4/6 self 4/14 hard x3 0/1 zoner 1/1 turtle 1/1 expert 5/5 hard 1/1 aerial 1/1 expert x2 2/2 | roll 1.5s upd 13.4s
[brain] it 4200 [league 65%] R/ep 8.56 ent 2.28 kl 0.006 | hit/swing 53% dj/min 31.9 blk/min 0.0 abiHit 26 supHit 65 | expert 6/6 switcher 1/1 self 9/12 idle 2/2 sovereign 4/4 summoner 1/1 expert x2 1/1 human 1/1 medium 1/1 turtle 1/1 rushdown 0/1 | roll 1.4s upd 13.4s
[brain] it 4201 [league 64%] R/ep 9.54 ent 2.20 kl 0.008 | hit/swing 56% dj/min 35.6 blk/min 0.1 abiHit 14 supHit 61 | sovereign 1/3 hard x3 1/3 self 2/5 counter 2/3 switcher 1/1 summoner 1/1 idle 1/1 easy 1/1 expert 1/1 aerial 2/2 medium 1/1 expert x2 0/1 | roll 5.1s upd 9.0s
[brain] it 4202 [league 64%] R/ep 11.19 ent 2.19 kl 0.006 | hit/swing 32% dj/min 34.5 blk/min 0.1 abiHit 72 supHit 31 | switcher 0/1 aerial 0/1 expert 3/3 zoner 1/1 rushdown 0/1 idle 1/1 turtle 4/4 self 1/2 summoner 1/1 medium 1/1 human 0/2 | roll 5.3s upd 9.3s
[brain] it 4203 [league 63%] R/ep 8.91 ent 2.30 kl 0.008 | hit/swing 48% dj/min 29.9 blk/min 0.3 abiHit 56 supHit 41 | easy 2/2 idle 2/2 expert 4/4 rushdown 0/1 medium 2/2 expert x2 2/2 self 3/6 human 1/1 sovereign 1/2 hard x3 0/1 switcher 1/1 aerial 1/1 | roll 5.1s upd 10.1s
[brain] it 4204 [league 64%] R/ep 8.30 ent 2.29 kl 0.008 | hit/swing 41% dj/min 34.2 blk/min 0.1 abiHit 68 supHit 73 | expert 3/3 sovereign 3/3 summoner 2/2 medium 2/2 self 6/14 human 1/1 rushdown 1/2 zoner 2/2 hard 1/1 hard x3 0/1 switcher 1/1 aerial 1/1 easy 2/2 turtle 0/1 | roll 1.7s upd 14.4s
[brain] it 4205 [league 64%] R/ep 8.93 ent 2.32 kl 0.007 | hit/swing 47% dj/min 35.4 blk/min 0.1 abiHit 23 supHit 55 | hard 2/2 human 1/3 self 3/6 rushdown 1/1 zoner 1/1 sovereign 3/4 counter 2/2 turtle 2/3 expert 2/2 hard x3 0/2 easy 1/1 aerial 0/2 | roll 1.5s upd 14.9s
[brain] it 4206 [league 63%] R/ep 11.14 ent 2.08 kl 0.008 | hit/swing 58% dj/min 27.2 blk/min 0.3 abiHit 77 supHit 86 | hard 2/2 sovereign 4/7 expert 7/7 self 3/10 medium 1/1 switcher 1/1 turtle 2/2 idle 3/3 zoner 1/1 hard x3 1/1 aerial 1/1 expert x2 2/2 counter 1/1 easy 3/3 | roll 1.5s upd 13.9s
[brain] it 4207 [league 63%] R/ep 11.74 ent 2.14 kl 0.007 | hit/swing 57% dj/min 28.8 blk/min 0.1 abiHit 64 supHit 70 | hard x3 2/3 counter 3/3 self 5/9 expert 5/5 switcher 2/2 expert x2 3/3 sovereign 3/3 idle 1/1 turtle 1/2 easy 1/1 hard 1/1 human 1/1 | roll 1.4s upd 13.4s
[brain] it 4208 [league 64%] R/ep 10.70 ent 2.17 kl 0.007 | hit/swing 50% dj/min 29.9 blk/min 0.4 abiHit 80 supHit 67 | self 7/11 zoner 3/3 turtle 4/4 expert 2/2 sovereign 3/4 expert x2 1/2 medium 1/1 rushdown 1/2 switcher 0/1 hard 1/1 human 1/1 idle 1/1 hard x3 1/1 | roll 1.6s upd 13.5s
[brain] it 4209 [league 65%] R/ep 8.98 ent 2.30 kl 0.009 | hit/swing 40% dj/min 32.8 blk/min 0.3 abiHit 86 supHit 53 | sovereign 3/5 aerial 2/2 expert 2/2 self 7/10 counter 2/4 turtle 1/1 rushdown 1/1 hard 3/3 switcher 1/1 medium 1/1 zoner 1/1 easy 2/2 summoner 1/1 | roll 1.4s upd 13.4s
[brain] it 4210 [league 65%] R/ep 12.32 ent 2.17 kl 0.006 | hit/swing 51% dj/min 31.7 blk/min 0.2 abiHit 77 supHit 77 | hard 2/2 turtle 2/2 summoner 2/2 counter 4/5 human 2/2 self 4/9 medium 2/2 sovereign 2/3 hard x3 2/2 idle 2/2 easy 1/1 zoner 2/2 expert 1/1 | roll 1.4s upd 13.4s
[brain] it 4211 [league 64%] R/ep 8.46 ent 2.23 kl 0.009 | hit/swing 56% dj/min 31.3 blk/min 0.3 abiHit 59 supHit 65 | self 1/9 hard x3 0/2 sovereign 1/6 expert 4/4 zoner 5/5 turtle 1/1 easy 2/2 idle 1/1 human 1/1 switcher 0/1 counter 1/1 medium 2/2 expert x2 2/2 aerial 1/1 hard 2/2 | roll 1.5s upd 13.5s
[brain] it 4212 [league 65%] R/ep 13.00 ent 2.18 kl 0.006 | hit/swing 60% dj/min 32.5 blk/min 0.5 abiHit 37 supHit 91 | summoner 3/3 medium 2/2 sovereign 6/8 human 1/1 idle 1/1 hard 2/2 self 4/4 expert 4/4 switcher 2/2 counter 1/2 hard x3 1/1 turtle 1/2 easy 2/2 expert x2 1/1 rushdown 1/1 aerial 3/3 | roll 1.5s upd 15.0s
[brain] it 4213 [league 65%] R/ep 13.59 ent 2.09 kl 0.008 | hit/swing 56% dj/min 30.4 blk/min 0.1 abiHit 64 supHit 95 | expert 6/6 self 6/11 easy 2/2 summoner 2/2 hard 4/4 human 2/2 idle 2/2 hard x3 3/3 aerial 1/1 switcher 2/2 expert x2 1/1 medium 1/1 zoner 1/1 sovereign 1/1 | roll 1.3s upd 14.6s
[brain] it 4214 [league 65%] R/ep 11.29 ent 2.15 kl 0.009 | hit/swing 51% dj/min 30.3 blk/min 0.0 abiHit 88 supHit 67 | self 2/6 expert 3/3 easy 1/1 medium 2/2 rushdown 1/1 hard x3 1/2 switcher 2/2 expert x2 1/2 human 0/1 aerial 3/3 summoner 3/3 turtle 4/4 idle 1/1 counter 2/2 hard 1/1 sovereign 1/1 | roll 1.4s upd 13.5s
[brain] it 4215 [league 67%] R/ep 10.66 ent 2.18 kl 0.006 | hit/swing 59% dj/min 29.9 blk/min 0.2 abiHit 57 supHit 80 | self 2/10 expert 8/8 hard 5/5 sovereign 2/2 aerial 1/1 counter 1/1 turtle 3/3 rushdown 2/3 idle 3/3 summoner 3/3 easy 1/1 medium 1/1 zoner 1/1 | roll 1.5s upd 14.6s
[brain] it 4216 [league 68%] R/ep 8.17 ent 2.36 kl 0.008 | hit/swing 50% dj/min 35.2 blk/min 0.2 abiHit 40 supHit 56 | self 6/12 summoner 1/1 expert 4/4 aerial 1/2 human 0/2 expert x2 2/2 sovereign 3/3 hard 1/1 easy 2/2 zoner 1/1 rushdown 1/1 switcher 1/1 | roll 1.4s upd 13.3s
[brain] it 4217 [league 70%] R/ep 9.20 ent 2.22 kl 0.006 | hit/swing 46% dj/min 34.2 blk/min 0.3 abiHit 76 supHit 67 | hard x3 0/1 self 7/13 aerial 2/2 idle 1/1 zoner 2/2 expert 3/3 turtle 1/1 sovereign 4/4 hard 1/1 easy 2/2 counter 1/1 summoner 0/1 switcher 1/1 rushdown 1/1 | roll 1.5s upd 13.5s
[brain] it 4218 [league 73%] R/ep 8.82 ent 2.25 kl 0.008 | hit/swing 53% dj/min 36.1 blk/min 0.3 abiHit 36 supHit 70 | self 2/10 summoner 0/1 expert 2/2 counter 1/1 sovereign 3/3 rushdown 3/4 hard 3/3 medium 4/4 idle 3/3 human 1/1 aerial 1/1 zoner 1/1 expert x2 1/1 easy 1/1 | roll 1.5s upd 12.7s
[brain] it 4219 [league 74%] R/ep 9.78 ent 2.35 kl 0.008 | hit/swing 46% dj/min 36.9 blk/min 0.4 abiHit 30 supHit 63 | self 8/12 sovereign 4/5 switcher 2/2 easy 1/1 turtle 1/1 expert 2/2 medium 1/1 hard 1/1 expert x2 0/1 aerial 1/1 rushdown 1/1 human 1/1 counter 1/1 summoner 1/1 | roll 1.5s upd 13.5s
[brain] it 4220 [league 74%] R/ep 11.93 ent 2.16 kl 0.009 | hit/swing 46% dj/min 28.8 blk/min 0.0 abiHit 91 supHit 71 | self 6/9 hard x3 1/2 sovereign 2/4 expert 6/6 turtle 1/1 idle 2/2 hard 3/3 counter 2/2 zoner 1/1 aerial 2/2 switcher 0/1 medium 1/1 | roll 1.6s upd 13.7s
[brain] it 4221 [league 73%] R/ep 13.42 ent 2.26 kl 0.007 | hit/swing 52% dj/min 34.1 blk/min 0.1 abiHit 31 supHit 96 | turtle 2/2 self 5/7 sovereign 4/6 switcher 3/3 summoner 3/3 zoner 2/2 rushdown 2/2 easy 2/2 hard x3 1/1 expert 3/3 expert x2 1/1 aerial 1/1 hard 1/1 counter 1/1 human 2/2 | roll 1.4s upd 13.7s
[brain] it 4222 [league 69%] R/ep 11.35 ent 2.15 kl 0.007 | hit/swing 63% dj/min 30.0 blk/min 0.5 abiHit 82 supHit 97 | summoner 3/3 self 6/9 sovereign 3/7 expert 3/3 human 2/2 hard 4/4 expert x2 1/1 medium 2/2 turtle 1/1 zoner 2/2 idle 2/2 rushdown 0/1 hard x3 1/1 aerial 1/1 counter 1/1 switcher 1/1 | roll 1.4s upd 13.5s
[brain] it 4223 [league 68%] R/ep 12.42 ent 2.25 kl 0.009 | hit/swing 59% dj/min 28.7 blk/min 0.2 abiHit 63 supHit 70 | expert 7/7 easy 2/2 idle 3/3 self 3/7 hard x3 2/2 sovereign 1/3 medium 1/1 summoner 4/4 zoner 3/3 human 2/2 counter 0/1 | roll 1.4s upd 13.5s
[brain] it 4224 [league 68%] R/ep 11.07 ent 2.24 kl 0.009 | hit/swing 59% dj/min 35.1 blk/min 0.3 abiHit 44 supHit 77 | summoner 3/3 medium 3/3 hard x3 1/3 hard 2/2 sovereign 4/7 self 6/9 rushdown 1/2 expert 2/2 zoner 2/2 switcher 3/3 turtle 2/2 expert x2 1/1 human 1/1 | roll 1.5s upd 13.2s
[brain] it 4225 [league 66%] R/ep 6.94 ent 2.26 kl 0.010 | hit/swing 52% dj/min 33.4 blk/min 0.3 abiHit 72 supHit 64 | self 3/11 summoner 2/2 rushdown 1/1 sovereign 4/6 switcher 3/3 expert x2 1/2 idle 2/2 medium 1/1 expert 2/2 hard 2/2 aerial 1/1 counter 1/1 | roll 1.5s upd 13.3s
[brain] it 4226 [league 68%] R/ep 10.82 ent 2.17 kl 0.009 | hit/swing 62% dj/min 30.4 blk/min 0.2 abiHit 55 supHit 83 | expert x2 0/1 self 3/9 hard 1/1 sovereign 3/3 easy 3/3 medium 2/2 expert 7/7 idle 4/4 summoner 3/3 human 2/2 hard x3 1/1 counter 2/2 turtle 1/1 | roll 1.3s upd 13.4s
[brain] it 4227 [league 68%] R/ep 13.04 ent 2.11 kl 0.006 | hit/swing 54% dj/min 31.2 blk/min 0.3 abiHit 51 supHit 100 | medium 1/1 zoner 5/5 self 5/9 switcher 3/4 hard 5/5 expert x2 2/2 idle 2/2 expert 2/2 easy 1/1 rushdown 3/3 human 2/2 turtle 3/3 hard x3 0/2 sovereign 2/3 summoner 1/1 aerial 1/1 | roll 1.4s upd 13.3s
[brain] it 4228 [league 67%] R/ep 10.85 ent 2.35 kl 0.008 | hit/swing 46% dj/min 37.1 blk/min 0.2 abiHit 28 supHit 61 | aerial 4/4 turtle 2/2 self 2/9 hard 3/3 expert 4/4 medium 2/2 sovereign 3/4 idle 1/1 easy 2/2 hard x3 1/1 zoner 1/1 | roll 1.5s upd 13.4s
[brain] it 4229 [league 70%] R/ep 9.31 ent 2.19 kl 0.006 | hit/swing 53% dj/min 27.0 blk/min 0.3 abiHit 69 supHit 85 | self 4/8 counter 1/2 expert 9/9 zoner 2/2 aerial 1/1 hard 1/1 sovereign 6/7 expert x2 2/3 summoner 0/1 human 1/1 medium 1/1 easy 1/1 rushdown 0/1 | roll 1.4s upd 13.4s
[brain] it 4230 [league 69%] R/ep 10.43 ent 2.14 kl 0.010 | hit/swing 58% dj/min 30.3 blk/min 1.1 abiHit 52 supHit 109 | self 6/14 medium 3/3 sovereign 6/7 hard 5/5 zoner 1/1 easy 2/2 expert 5/5 aerial 2/2 turtle 2/2 hard x3 1/1 expert x2 0/1 summoner 1/1 rushdown 3/3 human 1/1 | roll 1.4s upd 13.5s
[brain] it 4231 [league 69%] R/ep 11.18 ent 2.20 kl 0.007 | hit/swing 48% dj/min 31.8 blk/min 0.1 abiHit 80 supHit 72 | human 4/5 easy 1/1 hard 3/3 self 3/6 expert 2/2 sovereign 2/5 rushdown 2/2 counter 3/4 aerial 1/1 zoner 1/1 hard x3 1/1 medium 2/2 | roll 1.5s upd 14.5s
[brain] it 4232 [league 69%] R/ep 12.50 ent 2.26 kl 0.009 | hit/swing 44% dj/min 31.5 blk/min 0.1 abiHit 78 supHit 63 | self 7/10 counter 3/3 zoner 3/3 expert 2/2 switcher 1/1 sovereign 2/2 summoner 1/2 human 1/1 rushdown 1/1 expert x2 1/1 easy 1/1 aerial 1/2 hard x3 0/1 idle 2/2 medium 1/1 | roll 1.5s upd 13.3s
[brain] it 4233 [league 69%] R/ep 8.54 ent 2.28 kl 0.009 | hit/swing 48% dj/min 31.9 blk/min 0.2 abiHit 69 supHit 56 | self 4/12 easy 1/1 summoner 3/3 hard 2/2 expert x2 1/1 expert 7/7 turtle 2/2 counter 1/1 sovereign 2/3 zoner 1/1 rushdown 1/1 | roll 1.7s upd 13.4s
[brain] it 4234 [league 72%] R/ep 11.89 ent 2.15 kl 0.008 | hit/swing 54% dj/min 34.2 blk/min 0.1 abiHit 56 supHit 90 | sovereign 4/4 expert 9/9 counter 3/3 self 9/14 summoner 3/3 expert x2 1/1 medium 1/1 easy 4/4 idle 1/1 zoner 1/1 rushdown 1/1 human 1/1 switcher 1/1 | roll 1.4s upd 13.6s
[brain] it 4235 [league 73%] R/ep 7.24 ent 2.28 kl 0.005 | hit/swing 55% dj/min 30.4 blk/min 0.0 abiHit 32 supHit 58 | self 2/10 sovereign 4/7 idle 2/2 expert 7/7 turtle 1/1 summoner 0/1 medium 1/1 aerial 1/1 switcher 2/2 easy 1/1 hard x3 1/1 hard 1/1 | roll 1.4s upd 13.6s
[brain] it 4236 [league 71%] R/ep 10.78 ent 2.26 kl 0.006 | hit/swing 55% dj/min 33.2 blk/min 0.2 abiHit 53 supHit 74 | expert 5/5 self 6/10 hard 1/1 human 2/3 aerial 3/4 switcher 2/2 sovereign 3/5 summoner 2/2 idle 1/1 counter 3/3 zoner 2/2 easy 1/1 turtle 1/1 | roll 1.5s upd 13.3s
[brain] it 4237 [league 70%] R/ep 10.92 ent 2.25 kl 0.008 | hit/swing 60% dj/min 29.4 blk/min 0.2 abiHit 38 supHit 71 | human 1/1 self 6/10 summoner 4/4 expert 4/4 zoner 2/2 easy 4/4 aerial 2/2 sovereign 2/3 hard 1/1 counter 2/2 turtle 2/2 idle 1/1 hard x3 0/1 | roll 1.3s upd 12.6s
[brain] it 4238 [league 68%] R/ep 11.80 ent 2.16 kl 0.008 | hit/swing 52% dj/min 30.0 blk/min 0.4 abiHit 83 supHit 110 | hard x3 4/4 summoner 1/2 sovereign 2/4 self 2/12 expert 6/6 hard 1/1 expert x2 2/2 zoner 1/1 aerial 3/3 counter 1/1 easy 1/1 medium 1/1 | roll 1.4s upd 13.5s
[brain] it 4239 [league 66%] R/ep 10.44 ent 2.27 kl 0.006 | hit/swing 48% dj/min 33.8 blk/min 0.1 abiHit 74 supHit 89 | expert 6/6 human 2/3 self 4/9 zoner 1/1 aerial 3/4 switcher 1/3 sovereign 3/5 hard x3 1/1 medium 1/1 summoner 2/2 easy 3/3 turtle 2/2 | roll 1.7s upd 14.6s
[brain] it 4240 [league 64%] R/ep 8.75 ent 2.37 kl 0.007 | hit/swing 34% dj/min 37.4 blk/min 0.4 abiHit 59 supHit 63 | switcher 1/1 human 1/2 sovereign 1/3 self 3/6 zoner 1/1 turtle 1/1 rushdown 1/1 counter 2/3 expert 4/5 expert x2 0/1 aerial 1/2 idle 1/1 summoner 1/1 medium 1/1 | roll 1.7s upd 14.9s
[brain] it 4241 [league 65%] R/ep 12.90 ent 2.19 kl 0.008 | hit/swing 58% dj/min 27.4 blk/min 0.2 abiHit 61 supHit 80 | sovereign 5/8 idle 3/3 zoner 5/5 self 5/7 expert 6/6 summoner 1/1 hard x3 1/2 turtle 3/3 counter 2/2 human 1/1 rushdown 1/1 easy 1/1 | roll 1.4s upd 13.6s
[brain] it 4242 [league 64%] R/ep 9.91 ent 2.28 kl 0.009 | hit/swing 47% dj/min 36.0 blk/min 0.1 abiHit 42 supHit 94 | medium 2/2 self 6/11 hard 2/2 rushdown 1/1 switcher 4/5 expert 4/5 zoner 2/2 aerial 4/4 hard x3 1/1 sovereign 2/4 counter 1/1 idle 1/1 human 1/1 | roll 1.5s upd 14.5s
[brain] it 4243 [league 63%] R/ep 8.96 ent 2.16 kl 0.008 | hit/swing 63% dj/min 30.2 blk/min 0.1 abiHit 51 supHit 82 | sovereign 2/6 expert x2 3/3 summoner 4/4 zoner 2/2 self 4/12 expert 6/6 idle 2/2 aerial 2/2 easy 2/2 hard 1/1 human 3/3 | roll 1.4s upd 13.6s
[brain] it 4244 [league 64%] R/ep 9.76 ent 2.24 kl 0.006 | hit/swing 61% dj/min 34.8 blk/min 0.1 abiHit 45 supHit 69 | self 8/15 switcher 2/2 expert 4/4 aerial 2/2 sovereign 1/1 expert x2 2/3 easy 2/2 idle 3/3 rushdown 1/2 zoner 2/2 hard 1/1 medium 1/1 | roll 1.3s upd 12.4s
[brain] it 4245 [league 65%] R/ep 8.80 ent 2.26 kl 0.007 | hit/swing 31% dj/min 33.7 blk/min 0.0 abiHit 118 supHit 44 | sovereign 3/4 turtle 2/2 summoner 2/2 switcher 1/1 self 0/2 hard 2/2 idle 2/2 expert 2/3 aerial 0/1 hard x3 0/2 medium 2/2 | roll 1.2s upd 13.4s
[brain] it 4246 [league 65%] R/ep 7.58 ent 2.28 kl 0.008 | hit/swing 49% dj/min 34.6 blk/min 0.2 abiHit 37 supHit 62 | self 1/9 sovereign 5/8 expert x2 1/1 expert 3/3 hard 2/2 turtle 3/3 zoner 2/2 rushdown 1/2 idle 2/2 human 0/1 easy 1/1 counter 1/1 | roll 1.4s upd 13.3s
[brain] it 4247 [league 64%] R/ep 12.16 ent 2.26 kl 0.007 | hit/swing 55% dj/min 33.5 blk/min 0.1 abiHit 50 supHit 69 | self 4/6 expert 5/5 idle 2/2 sovereign 1/3 counter 2/2 hard x3 2/3 easy 4/4 zoner 1/1 human 1/2 medium 3/3 turtle 1/2 switcher 1/1 | roll 1.5s upd 14.6s
[brain] it 4248 [league 64%] R/ep 13.36 ent 2.27 kl 0.008 | hit/swing 49% dj/min 38.5 blk/min 0.2 abiHit 26 supHit 74 | self 4/5 counter 3/3 rushdown 0/1 human 1/2 hard x3 1/2 aerial 2/3 expert x2 3/3 sovereign 3/4 expert 4/4 switcher 1/1 idle 1/1 turtle 1/1 | roll 1.4s upd 13.3s
[brain] it 4249 [league 63%] R/ep 10.06 ent 2.30 kl 0.006 | hit/swing 51% dj/min 38.0 blk/min 0.3 abiHit 45 supHit 73 | summoner 0/1 sovereign 4/7 self 6/11 rushdown 0/1 medium 1/1 human 3/3 hard x3 3/4 easy 1/1 expert 3/3 turtle 1/1 | roll 1.4s upd 14.5s
[brain] it 4250 [league 62%] R/ep 10.59 ent 2.19 kl 0.007 | hit/swing 56% dj/min 34.5 blk/min 0.2 abiHit 55 supHit 84 | idle 1/1 self 7/12 switcher 3/3 hard 3/3 sovereign 2/3 expert 5/5 summoner 2/2 counter 3/3 zoner 1/1 human 1/1 turtle 3/3 medium 2/2 hard x3 0/1 easy 1/1 rushdown 0/1 | roll 1.5s upd 14.9s
[brain] it 4251 [league 59%] R/ep 10.32 ent 2.25 kl 0.007 | hit/swing 64% dj/min 33.3 blk/min 0.1 abiHit 47 supHit 86 | hard x3 3/4 expert 4/4 turtle 2/2 sovereign 5/10 hard 3/3 medium 2/2 easy 1/1 counter 3/3 self 1/4 switcher 2/2 rushdown 0/1 zoner 1/1 summoner 1/1 | roll 1.5s upd 13.8s
[brain] it 4252 [league 60%] R/ep 11.94 ent 2.17 kl 0.008 | hit/swing 55% dj/min 29.2 blk/min 0.3 abiHit 74 supHit 78 | idle 1/1 easy 4/4 self 4/7 summoner 3/4 expert 4/4 switcher 3/4 sovereign 2/3 aerial 1/1 hard x3 1/1 turtle 1/1 expert x2 2/2 medium 2/2 human 1/1 hard 2/2 zoner 1/1 | roll 1.2s upd 12.4s
[brain] it 4253 [league 59%] R/ep 11.60 ent 2.11 kl 0.007 | hit/swing 64% dj/min 30.3 blk/min 0.4 abiHit 52 supHit 92 | medium 4/4 self 3/12 expert 5/5 zoner 4/4 easy 2/2 hard 3/3 sovereign 1/3 summoner 1/1 hard x3 2/3 counter 1/1 switcher 2/2 expert x2 2/2 aerial 1/1 | roll 1.4s upd 13.6s
[brain] it 4254 [league 59%] R/ep 12.35 ent 2.26 kl 0.006 | hit/swing 43% dj/min 34.0 blk/min 0.2 abiHit 100 supHit 74 | sovereign 3/4 expert 6/6 hard x3 2/5 expert x2 1/1 turtle 1/1 self 4/7 rushdown 2/2 zoner 1/1 medium 1/1 switcher 2/2 | roll 1.6s upd 13.9s
[brain] it 4255 [league 55%] R/ep 11.10 ent 2.13 kl 0.007 | hit/swing 68% dj/min 34.2 blk/min 0.3 abiHit 31 supHit 109 | switcher 4/4 summoner 3/3 idle 3/3 self 10/14 counter 1/1 hard x3 2/2 expert x2 0/1 expert 5/5 sovereign 1/5 hard 2/2 easy 4/4 medium 1/1 rushdown 1/1 zoner 1/1 | roll 1.8s upd 13.6s
[brain] it 4256 [league 56%] R/ep 9.22 ent 2.42 kl 0.008 | hit/swing 36% dj/min 39.8 blk/min 0.1 abiHit 52 supHit 47 | self 5/8 human 1/1 sovereign 3/5 zoner 3/3 rushdown 2/2 aerial 1/2 summoner 1/1 medium 2/2 counter 2/2 switcher 1/1 expert x2 1/1 expert 1/1 | roll 1.5s upd 15.9s
[brain] it 4257 [league 55%] R/ep 13.14 ent 2.25 kl 0.007 | hit/swing 53% dj/min 37.6 blk/min 0.4 abiHit 46 supHit 76 | self 4/9 expert x2 2/3 expert 2/2 summoner 2/2 switcher 2/2 aerial 1/1 counter 1/1 hard x3 3/4 easy 1/1 turtle 1/1 human 2/2 sovereign 2/3 zoner 1/1 hard 1/1 | roll 1.5s upd 13.4s
[brain] it 4258 [league 56%] R/ep 9.43 ent 2.20 kl 0.009 | hit/swing 47% dj/min 35.9 blk/min 0.0 abiHit 57 supHit 72 | self 3/6 sovereign 3/5 expert 4/4 human 1/2 summoner 1/1 rushdown 1/1 easy 2/2 turtle 1/2 zoner 1/1 hard x3 0/1 hard 2/2 medium 1/1 counter 2/2 switcher 1/1 idle 1/1 aerial 1/1 expert x2 1/1 | roll 1.3s upd 13.5s
[brain] it 4259 [league 56%] R/ep 9.81 ent 2.27 kl 0.007 | hit/swing 42% dj/min 37.2 blk/min 0.1 abiHit 68 supHit 77 | self 6/10 sovereign 3/5 aerial 2/2 medium 1/1 turtle 2/2 idle 1/1 easy 3/3 hard 1/1 human 0/1 rushdown 2/2 expert 4/4 summoner 1/1 hard x3 1/1 | roll 1.4s upd 13.8s
[brain] it 4260 [league 55%] R/ep 10.17 ent 2.14 kl 0.008 | hit/swing 51% dj/min 35.1 blk/min 0.2 abiHit 67 supHit 87 | self 9/13 aerial 3/3 expert 3/3 medium 2/2 sovereign 2/5 summoner 2/2 hard x3 2/3 turtle 1/1 rushdown 1/1 easy 1/1 switcher 2/2 | roll 1.5s upd 14.5s
[brain] it 4261 [league 57%] R/ep 13.73 ent 2.22 kl 0.008 | hit/swing 57% dj/min 34.1 blk/min 0.1 abiHit 45 supHit 65 | hard x3 1/1 self 3/5 zoner 2/2 expert 4/4 expert x2 3/3 idle 2/2 rushdown 2/2 sovereign 4/5 turtle 1/1 switcher 1/1 human 1/1 summoner 3/3 medium 2/2 aerial 1/1 counter 1/2 | roll 1.6s upd 13.5s
[brain] it 4262 [league 56%] R/ep 13.07 ent 2.17 kl 0.007 | hit/swing 43% dj/min 34.3 blk/min 0.3 abiHit 90 supHit 83 | sovereign 3/6 self 2/4 expert 4/4 zoner 4/4 summoner 2/2 turtle 1/2 rushdown 2/4 medium 3/3 human 2/2 counter 2/2 switcher 1/1 idle 1/1 easy 1/1 expert x2 2/2 hard x3 1/1 | roll 1.3s upd 13.5s
[brain] it 4263 [league 54%] R/ep 10.68 ent 2.19 kl 0.007 | hit/swing 62% dj/min 34.8 blk/min 0.2 abiHit 54 supHit 68 | summoner 3/3 self 5/7 switcher 1/1 sovereign 1/4 aerial 2/2 hard 1/1 rushdown 2/2 expert 6/6 hard x3 1/3 easy 2/2 zoner 1/1 counter 1/2 turtle 1/1 idle 1/1 | roll 1.4s upd 13.7s
[brain] it 4264 [league 57%] R/ep 13.04 ent 2.16 kl 0.007 | hit/swing 53% dj/min 37.2 blk/min 0.1 abiHit 50 supHit 88 | self 9/12 sovereign 4/4 idle 2/2 zoner 1/1 expert 7/7 switcher 3/3 counter 2/2 hard x3 1/2 turtle 1/1 hard 3/3 easy 1/1 medium 1/1 | roll 1.5s upd 12.3s
[brain] it 4265 [league 56%] R/ep 9.39 ent 2.21 kl 0.007 | hit/swing 55% dj/min 34.5 blk/min 0.4 abiHit 69 supHit 76 | self 4/11 hard 1/1 zoner 3/3 sovereign 3/6 counter 1/1 easy 3/3 hard x3 1/2 rushdown 1/1 expert 8/8 expert x2 2/3 medium 1/1 human 1/1 aerial 1/1 | roll 1.4s upd 13.5s
[brain] it 4266 [league 57%] R/ep 9.05 ent 2.27 kl 0.009 | hit/swing 46% dj/min 38.2 blk/min 0.1 abiHit 48 supHit 57 | expert 3/3 self 6/14 human 1/1 switcher 0/1 zoner 1/1 counter 1/1 sovereign 2/2 hard 2/2 aerial 1/1 medium 3/3 idle 1/1 easy 1/1 rushdown 1/1 expert x2 1/2 | roll 1.6s upd 13.8s
[brain] it 4267 [league 58%] R/ep 8.84 ent 2.16 kl 0.008 | hit/swing 49% dj/min 33.7 blk/min 0.6 abiHit 51 supHit 87 | switcher 1/1 medium 3/3 self 11/16 aerial 2/2 expert 2/3 hard x3 2/2 turtle 0/1 idle 1/1 zoner 1/1 rushdown 1/1 sovereign 3/5 counter 1/1 hard 1/1 | roll 1.5s upd 15.2s
[brain] it 4268 [league 58%] R/ep 9.44 ent 2.23 kl 0.008 | hit/swing 56% dj/min 34.5 blk/min 0.3 abiHit 38 supHit 73 | rushdown 1/1 self 6/14 sovereign 4/6 hard 2/2 expert 5/5 counter 1/1 summoner 3/3 expert x2 1/1 aerial 1/1 easy 1/1 idle 1/1 turtle 1/1 medium 1/1 zoner 1/1 | roll 1.4s upd 14.3s
[brain] it 4269 [league 58%] R/ep 9.28 ent 2.21 kl 0.007 | hit/swing 53% dj/min 35.9 blk/min 0.1 abiHit 39 supHit 58 | sovereign 2/3 self 5/9 summoner 4/4 rushdown 0/3 switcher 4/4 expert x2 0/1 human 1/1 turtle 1/1 expert 4/4 easy 2/2 aerial 2/2 hard 1/1 medium 1/1 zoner 1/1 | roll 1.5s upd 15.3s
[brain] it 4270 [league 57%] R/ep 10.84 ent 2.16 kl 0.007 | hit/swing 52% dj/min 36.7 blk/min 0.2 abiHit 27 supHit 74 | easy 2/2 human 3/3 self 2/10 zoner 5/5 turtle 2/2 expert 5/5 sovereign 2/4 rushdown 2/4 counter 1/1 hard 2/2 idle 2/2 expert x2 2/2 switcher 1/1 | roll 1.4s upd 14.3s
[brain] it 4271 [league 59%] R/ep 10.42 ent 2.15 kl 0.007 | hit/swing 49% dj/min 32.9 blk/min 0.1 abiHit 65 supHit 74 | hard 1/1 sovereign 4/4 self 11/15 rushdown 0/1 medium 1/1 expert 3/4 idle 1/1 hard x3 1/2 aerial 1/1 counter 3/3 expert x2 1/1 switcher 1/1 easy 1/1 summoner 2/2 zoner 1/1 | roll 1.5s upd 14.3s
[brain] it 4272 [league 58%] R/ep 7.90 ent 2.21 kl 0.008 | hit/swing 57% dj/min 28.6 blk/min 0.1 abiHit 77 supHit 60 | self 3/11 sovereign 1/2 turtle 1/2 easy 1/1 hard x3 0/2 zoner 1/1 medium 3/3 idle 3/3 switcher 1/1 expert 3/3 human 1/1 hard 1/1 rushdown 1/1 summoner 2/2 | roll 1.4s upd 14.2s
[brain] it 4273 [league 59%] R/ep 10.69 ent 2.23 kl 0.005 | hit/swing 54% dj/min 32.7 blk/min 0.0 abiHit 61 supHit 64 | zoner 1/1 rushdown 2/2 switcher 1/1 hard 1/2 turtle 1/1 expert 5/6 summoner 3/3 self 4/9 idle 2/2 easy 2/2 sovereign 1/3 counter 1/1 hard x3 1/1 | roll 1.5s upd 14.3s
[brain] it 4274 [league 57%] R/ep 7.04 ent 2.27 kl 0.008 | hit/swing 53% dj/min 37.5 blk/min 0.2 abiHit 28 supHit 68 | self 5/11 sovereign 3/7 idle 1/1 aerial 2/3 rushdown 2/2 expert 4/4 hard x3 0/1 hard 1/1 zoner 1/1 human 1/1 turtle 0/1 easy 1/1 | roll 1.5s upd 14.7s
[brain] it 4275 [league 57%] R/ep 11.28 ent 2.10 kl 0.007 | hit/swing 63% dj/min 27.5 blk/min 0.1 abiHit 62 supHit 79 | expert 7/7 medium 2/2 sovereign 2/4 idle 3/3 self 5/11 hard 1/1 easy 1/1 human 1/1 turtle 1/1 expert x2 2/2 hard x3 1/2 counter 1/2 zoner 1/1 | roll 1.4s upd 15.1s
[brain] it 4276 [league 58%] R/ep 12.92 ent 2.15 kl 0.008 | hit/swing 61% dj/min 29.8 blk/min 0.2 abiHit 43 supHit 72 | self 3/8 counter 1/1 expert 6/6 medium 3/3 rushdown 2/2 hard 1/1 switcher 3/3 idle 2/2 summoner 4/4 human 1/1 sovereign 1/1 zoner 1/1 hard x3 1/1 aerial 2/2 | roll 1.5s upd 15.3s
[brain] it 4277 [league 57%] R/ep 7.72 ent 2.20 kl 0.009 | hit/swing 50% dj/min 34.0 blk/min 0.3 abiHit 78 supHit 65 | hard 4/4 medium 4/4 turtle 1/1 rushdown 0/2 sovereign 2/4 self 5/10 hard x3 0/3 expert 2/2 expert x2 1/1 human 1/1 idle 1/1 | roll 1.5s upd 15.2s
[brain] it 4278 [league 59%] R/ep 11.01 ent 2.23 kl 0.006 | hit/swing 48% dj/min 32.9 blk/min 0.1 abiHit 44 supHit 62 | counter 1/1 self 4/7 idle 3/3 expert 4/4 summoner 3/3 expert x2 1/1 zoner 2/2 aerial 1/1 human 0/1 sovereign 3/3 hard x3 0/2 easy 1/1 switcher 2/2 | roll 1.7s upd 16.3s
[brain] it 4279 [league 62%] R/ep 11.67 ent 2.27 kl 0.008 | hit/swing 43% dj/min 36.0 blk/min 0.1 abiHit 94 supHit 68 | expert x2 2/2 expert 2/2 summoner 0/1 rushdown 3/3 human 1/1 self 2/3 idle 1/1 medium 1/1 counter 1/1 sovereign 4/5 easy 2/2 hard x3 0/1 aerial 3/3 hard 2/2 | roll 1.4s upd 15.1s
[brain] it 4280 [league 62%] R/ep 8.90 ent 2.14 kl 0.008 | hit/swing 51% dj/min 31.6 blk/min 0.1 abiHit 54 supHit 97 | human 2/2 expert 6/6 sovereign 7/9 self 5/12 idle 2/2 counter 1/1 hard x3 2/3 easy 1/1 summoner 3/3 hard 1/1 | roll 1.6s upd 15.3s
[brain] it 4281 [league 64%] R/ep 10.76 ent 2.09 kl 0.007 | hit/swing 62% dj/min 31.7 blk/min 0.2 abiHit 38 supHit 78 | self 8/13 counter 2/2 idle 6/6 hard x3 1/1 expert 5/5 medium 3/3 rushdown 1/2 sovereign 5/6 hard 1/1 zoner 1/1 turtle 1/1 | roll 1.5s upd 15.1s
[brain] it 4282 [league 64%] R/ep 11.54 ent 2.11 kl 0.008 | hit/swing 60% dj/min 35.4 blk/min 0.2 abiHit 41 supHit 96 | medium 3/3 aerial 1/1 sovereign 1/5 expert 9/9 zoner 4/4 self 5/10 turtle 1/1 human 2/2 hard x3 1/3 idle 1/1 counter 1/1 rushdown 2/2 | roll 1.7s upd 14.2s
[brain] it 4283 [league 63%] R/ep 10.53 ent 2.23 kl 0.008 | hit/swing 53% dj/min 34.0 blk/min 0.1 abiHit 47 supHit 50 | expert 5/5 sovereign 1/2 self 3/8 zoner 2/2 aerial 2/2 easy 1/1 idle 1/1 hard x3 0/1 turtle 1/1 rushdown 1/1 expert x2 1/1 medium 1/1 human 1/1 hard 1/1 summoner 1/1 | roll 1.6s upd 15.5s
[brain] it 4284 [league 62%] R/ep 11.34 ent 2.23 kl 0.006 | hit/swing 47% dj/min 31.0 blk/min 0.1 abiHit 48 supHit 65 | turtle 3/3 idle 1/1 expert 4/4 easy 4/4 self 4/8 summoner 1/1 switcher 1/1 sovereign 4/6 counter 1/1 rushdown 1/1 aerial 1/1 expert x2 2/2 | roll 1.5s upd 15.3s
[brain] it 4285 [league 62%] R/ep 11.28 ent 2.26 kl 0.006 | hit/swing 53% dj/min 35.7 blk/min 0.2 abiHit 38 supHit 67 | medium 4/4 aerial 3/3 zoner 1/1 counter 4/4 hard x3 1/1 sovereign 2/7 expert 2/2 self 3/6 hard 1/1 switcher 2/2 summoner 1/1 easy 3/3 turtle 1/1 | roll 1.6s upd 15.5s
[brain] it 4286 [league 62%] R/ep 10.84 ent 2.17 kl 0.008 | hit/swing 51% dj/min 35.5 blk/min 0.1 abiHit 37 supHit 93 | hard 3/3 self 9/15 switcher 2/2 expert 4/5 aerial 3/3 turtle 3/3 summoner 1/1 sovereign 4/5 hard x3 1/1 medium 3/3 idle 1/1 | roll 1.7s upd 15.4s
[brain] it 4287 [league 61%] R/ep 10.33 ent 2.19 kl 0.009 | hit/swing 47% dj/min 28.3 blk/min 0.1 abiHit 87 supHit 79 | self 8/15 hard x3 1/3 idle 2/2 hard 1/1 expert 5/5 turtle 1/1 switcher 2/3 zoner 2/2 easy 1/1 summoner 1/1 medium 1/1 sovereign 0/2 human 1/1 expert x2 1/1 aerial 1/1 counter 1/1 | roll 1.5s upd 15.5s
[brain] it 4288 [league 61%] R/ep 10.39 ent 2.23 kl 0.008 | hit/swing 40% dj/min 36.4 blk/min 0.3 abiHit 77 supHit 67 | sovereign 3/5 zoner 3/3 expert 1/1 easy 1/1 summoner 2/2 hard 2/2 self 8/11 medium 1/1 aerial 1/2 hard x3 0/2 human 1/1 expert x2 1/1 idle 2/2 rushdown 1/1 counter 1/1 | roll 1.6s upd 15.4s
[brain] it 4289 [league 62%] R/ep 11.47 ent 2.09 kl 0.007 | hit/swing 54% dj/min 30.2 blk/min 0.2 abiHit 61 supHit 88 | human 3/3 rushdown 3/3 summoner 3/3 sovereign 4/4 medium 2/2 self 5/10 turtle 1/1 hard 1/1 hard x3 1/1 switcher 1/1 expert 2/2 idle 3/3 counter 2/2 aerial 1/1 | roll 1.4s upd 15.5s
[brain] it 4290 [league 60%] R/ep 10.49 ent 2.15 kl 0.008 | hit/swing 57% dj/min 32.1 blk/min 0.5 abiHit 37 supHit 79 | self 4/11 counter 1/2 sovereign 1/4 hard 4/4 aerial 2/2 expert x2 1/1 expert 3/3 hard x3 1/1 medium 2/2 summoner 1/1 human 1/1 rushdown 1/1 turtle 2/2 zoner 1/1 switcher 1/1 idle 1/1 | roll 1.5s upd 14.1s
[brain] it 4291 [league 60%] R/ep 8.70 ent 2.14 kl 0.007 | hit/swing 42% dj/min 35.2 blk/min 0.2 abiHit 45 supHit 80 | self 11/17 aerial 1/1 zoner 2/2 rushdown 2/4 hard 2/2 sovereign 3/4 turtle 3/3 summoner 1/1 medium 2/2 expert 1/1 idle 1/1 | roll 1.5s upd 14.1s
[brain] it 4292 [league 60%] R/ep 9.82 ent 2.20 kl 0.007 | hit/swing 56% dj/min 34.4 blk/min 0.1 abiHit 28 supHit 80 | self 7/11 counter 2/2 expert x2 2/2 sovereign 4/6 human 2/2 hard x3 1/1 rushdown 1/3 expert 4/4 easy 1/1 hard 1/1 idle 1/1 summoner 1/1 | roll 1.7s upd 15.4s
[brain] it 4293 [league 61%] R/ep 12.25 ent 2.17 kl 0.008 | hit/swing 54% dj/min 31.0 blk/min 0.1 abiHit 55 supHit 69 | hard x3 1/1 rushdown 2/3 counter 1/1 hard 4/4 human 1/1 expert 4/4 self 6/9 sovereign 2/3 turtle 1/1 summoner 3/3 zoner 1/1 easy 1/1 | roll 1.5s upd 15.3s
[brain] it 4294 [league 62%] R/ep 10.23 ent 2.11 kl 0.007 | hit/swing 62% dj/min 32.5 blk/min 0.2 abiHit 30 supHit 87 | self 4/10 sovereign 5/6 idle 2/2 hard x3 1/1 turtle 3/3 human 0/1 expert 4/4 switcher 0/1 aerial 2/3 counter 1/1 medium 2/2 rushdown 1/1 hard 3/3 summoner 2/2 expert x2 2/2 easy 1/1 | roll 1.5s upd 14.0s
[brain] it 4295 [league 62%] R/ep 8.89 ent 2.18 kl 0.008 | hit/swing 49% dj/min 30.1 blk/min 0.3 abiHit 81 supHit 65 | summoner 2/2 expert 1/1 counter 2/2 idle 4/4 sovereign 1/2 self 4/14 human 1/1 switcher 1/1 hard x3 3/3 zoner 2/2 rushdown 0/1 expert x2 1/2 aerial 1/1 | roll 1.6s upd 15.7s
[brain] it 4296 [league 62%] R/ep 9.97 ent 2.23 kl 0.007 | hit/swing 49% dj/min 33.2 blk/min 0.0 abiHit 61 supHit 91 | expert x2 1/3 summoner 2/2 hard x3 1/3 self 5/9 zoner 2/2 sovereign 1/4 idle 1/1 human 2/3 easy 2/2 expert 2/2 rushdown 1/1 medium 2/2 hard 3/3 aerial 1/1 | roll 1.7s upd 16.4s
[brain] it 4297 [league 62%] R/ep 13.36 ent 2.11 kl 0.009 | hit/swing 57% dj/min 28.9 blk/min 0.0 abiHit 58 supHit 81 | self 6/9 sovereign 3/4 idle 3/3 expert 6/6 switcher 3/3 summoner 2/2 medium 3/3 hard x3 1/2 zoner 2/2 rushdown 1/1 easy 1/1 hard 1/1 counter 1/1 | roll 1.7s upd 17.9s
[brain] it 4298 [league 63%] R/ep 8.15 ent 2.24 kl 0.006 | hit/swing 43% dj/min 32.2 blk/min 0.1 abiHit 82 supHit 69 | aerial 1/3 summoner 2/2 sovereign 4/6 expert 4/4 self 2/7 expert x2 2/3 rushdown 1/1 counter 1/1 medium 1/1 hard 3/3 easy 2/2 hard x3 0/1 switcher 1/1 | roll 1.8s upd 19.8s
[brain] it 4299 [league 62%] R/ep 9.87 ent 2.31 kl 0.008 | hit/swing 49% dj/min 36.9 blk/min 0.3 abiHit 53 supHit 60 | switcher 1/1 self 4/9 expert 3/3 summoner 2/2 sovereign 5/7 easy 2/2 expert x2 3/3 hard 1/1 hard x3 1/2 turtle 1/1 | roll 1.8s upd 16.6s
[brain] it 4300 [league 63%] R/ep 10.13 ent 2.15 kl 0.007 | hit/swing 52% dj/min 31.4 blk/min 0.1 abiHit 71 supHit 65 | expert 5/5 idle 2/2 self 5/11 turtle 2/2 switcher 2/2 hard 4/4 sovereign 1/1 summoner 1/2 medium 1/1 expert x2 0/2 rushdown 1/1 aerial 0/1 zoner 1/1 | roll 1.5s upd 15.3s
[brain] it 4301 [league 61%] R/ep 10.14 ent 2.12 kl 0.007 | hit/swing 60% dj/min 29.0 blk/min 0.2 abiHit 47 supHit 79 | expert 3/3 zoner 1/1 switcher 2/2 sovereign 3/6 idle 1/1 self 3/9 hard 2/2 summoner 3/3 turtle 3/3 counter 1/1 human 2/3 easy 2/2 expert x2 1/1 rushdown 2/2 aerial 1/1 | roll 1.5s upd 15.3s
[brain] it 4302 [league 61%] R/ep 12.49 ent 2.12 kl 0.007 | hit/swing 56% dj/min 28.1 blk/min 0.1 abiHit 63 supHit 85 | human 1/1 self 2/8 zoner 2/2 medium 5/5 expert 5/5 hard 2/2 turtle 2/2 switcher 2/2 aerial 2/2 expert x2 1/1 sovereign 4/5 summoner 2/2 idle 1/1 hard x3 1/1 counter 1/1 | roll 1.4s upd 15.4s
[brain] it 4303 [league 63%] R/ep 12.43 ent 2.14 kl 0.008 | hit/swing 54% dj/min 31.5 blk/min 0.2 abiHit 46 supHit 91 | self 7/11 switcher 1/1 expert 2/2 aerial 2/2 medium 1/1 sovereign 7/8 idle 2/2 counter 3/3 expert x2 1/1 zoner 1/1 hard 1/1 summoner 1/1 turtle 1/1 hard x3 1/1 | roll 1.6s upd 15.3s
[brain] it 4304 [league 64%] R/ep 12.52 ent 2.21 kl 0.008 | hit/swing 46% dj/min 35.2 blk/min 0.1 abiHit 70 supHit 75 | expert 3/3 human 2/2 sovereign 2/4 self 3/6 summoner 2/2 aerial 2/3 idle 1/1 zoner 3/3 hard x3 1/2 hard 2/2 switcher 2/2 counter 1/2 turtle 2/2 | roll 1.4s upd 14.1s
[brain] it 4305 [league 65%] R/ep 11.09 ent 2.13 kl 0.007 | hit/swing 62% dj/min 29.1 blk/min 0.1 abiHit 56 supHit 75 | self 3/8 sovereign 4/5 expert 4/4 idle 5/5 turtle 1/1 medium 8/8 rushdown 1/1 summoner 4/4 switcher 1/1 hard x3 0/1 counter 1/1 aerial 1/1 hard 1/1 | roll 1.4s upd 15.3s
[brain] it 4306 [league 65%] R/ep 14.39 ent 2.15 kl 0.008 | hit/swing 66% dj/min 28.3 blk/min 0.1 abiHit 51 supHit 97 | self 4/7 hard x3 4/4 sovereign 3/5 rushdown 3/3 medium 1/1 idle 3/3 expert 4/4 expert x2 1/2 hard 3/3 switcher 2/2 summoner 2/2 counter 1/1 | roll 1.5s upd 15.6s
[brain] it 4307 [league 68%] R/ep 14.69 ent 2.22 kl 0.008 | hit/swing 53% dj/min 26.9 blk/min 0.0 abiHit 91 supHit 63 | sovereign 4/4 hard 3/3 self 1/4 hard x3 2/2 expert 5/5 summoner 1/1 rushdown 2/2 easy 2/2 medium 1/1 counter 3/3 idle 2/2 zoner 1/1 turtle 1/1 expert x2 1/1 | roll 1.4s upd 15.4s
[brain] it 4308 [league 68%] R/ep 12.36 ent 2.13 kl 0.007 | hit/swing 61% dj/min 31.2 blk/min 0.2 abiHit 68 supHit 78 | hard 2/2 zoner 2/2 medium 5/5 expert 4/4 rushdown 2/2 easy 4/4 summoner 1/2 self 4/8 switcher 4/5 idle 3/3 expert x2 1/2 sovereign 3/4 human 1/1 hard x3 1/1 | roll 1.5s upd 15.3s
[brain] it 4309 [league 69%] R/ep 12.09 ent 2.22 kl 0.009 | hit/swing 54% dj/min 33.4 blk/min 0.1 abiHit 41 supHit 65 | summoner 1/1 sovereign 3/5 expert 7/7 zoner 2/2 self 2/6 switcher 2/2 hard 4/4 hard x3 2/2 turtle 1/1 aerial 1/1 rushdown 1/1 expert x2 1/1 idle 2/2 counter 1/1 | roll 1.5s upd 15.4s
[brain] it 4310 [league 69%] R/ep 13.77 ent 2.20 kl 0.008 | hit/swing 55% dj/min 30.6 blk/min 0.2 abiHit 48 supHit 83 | expert x2 3/3 expert 3/4 hard x3 2/2 sovereign 2/3 idle 1/1 rushdown 1/2 self 4/6 human 4/4 easy 1/1 medium 1/1 aerial 1/1 switcher 2/2 | roll 1.6s upd 15.2s
[brain] it 4311 [league 69%] R/ep 10.82 ent 2.20 kl 0.008 | hit/swing 55% dj/min 27.1 blk/min 0.2 abiHit 72 supHit 66 | hard 1/1 aerial 1/1 self 3/7 rushdown 0/1 easy 1/1 expert 6/6 sovereign 4/5 hard x3 2/2 summoner 1/1 idle 2/2 turtle 2/2 medium 2/2 expert x2 1/1 | roll 1.4s upd 15.3s
[brain] it 4312 [league 70%] R/ep 8.49 ent 2.19 kl 0.006 | hit/swing 61% dj/min 34.0 blk/min 0.1 abiHit 32 supHit 88 | aerial 2/2 hard 1/1 sovereign 4/6 self 8/15 human 1/1 rushdown 4/4 expert 6/6 turtle 1/1 expert x2 2/2 hard x3 1/1 counter 1/1 | roll 1.6s upd 16.9s
[brain] it 4313 [league 70%] R/ep 10.01 ent 2.25 kl 0.008 | hit/swing 56% dj/min 33.7 blk/min 0.1 abiHit 59 supHit 73 | expert 5/5 sovereign 6/8 idle 2/2 summoner 2/2 self 2/7 switcher 1/2 counter 0/1 easy 4/4 aerial 3/3 hard x3 1/1 medium 1/1 | roll 1.6s upd 15.5s
[brain] it 4314 [league 69%] R/ep 9.89 ent 2.28 kl 0.007 | hit/swing 53% dj/min 35.3 blk/min 0.1 abiHit 74 supHit 66 | self 3/8 zoner 2/2 rushdown 1/2 turtle 4/4 hard x3 0/2 sovereign 1/3 easy 3/3 expert x2 0/1 summoner 1/1 hard 2/2 expert 1/1 human 1/1 switcher 1/1 counter 1/1 | roll 1.6s upd 15.3s
[brain] it 4315 [league 69%] R/ep 12.58 ent 2.28 kl 0.010 | hit/swing 45% dj/min 32.3 blk/min 0.3 abiHit 52 supHit 94 | expert 3/3 self 3/5 turtle 2/3 counter 3/3 medium 2/2 sovereign 4/5 switcher 1/1 hard 1/1 human 0/1 zoner 2/2 hard x3 1/1 expert x2 1/3 easy 3/3 rushdown 2/2 summoner 2/2 aerial 1/1 idle 1/1 | roll 1.5s upd 18.0s
[brain] it 4316 [league 69%] R/ep 6.85 ent 2.18 kl 0.008 | hit/swing 55% dj/min 30.6 blk/min 0.0 abiHit 49 supHit 79 | summoner 1/1 sovereign 4/9 self 2/8 expert 7/8 easy 1/1 idle 1/1 turtle 1/2 hard 2/2 medium 1/1 expert x2 1/1 aerial 0/1 counter 1/1 rushdown 1/1 zoner 1/1 hard x3 0/1 switcher 1/1 | roll 1.6s upd 15.5s
[brain] it 4317 [league 68%] R/ep 7.97 ent 2.20 kl 0.009 | hit/swing 51% dj/min 32.6 blk/min 0.1 abiHit 40 supHit 74 | switcher 2/2 expert x2 1/3 self 5/12 expert 3/3 easy 5/5 zoner 1/1 sovereign 3/5 idle 1/1 summoner 4/4 human 1/1 rushdown 0/1 turtle 1/1 | roll 1.6s upd 15.4s
[brain] it 4318 [league 67%] R/ep 8.18 ent 2.24 kl 0.009 | hit/swing 47% dj/min 32.2 blk/min 0.2 abiHit 76 supHit 63 | aerial 1/1 switcher 1/2 self 3/8 hard x3 1/2 hard 5/5 expert 4/4 idle 2/2 summoner 2/3 zoner 1/1 sovereign 0/2 counter 2/3 rushdown 0/1 | roll 1.5s upd 15.5s
[brain] it 4319 [league 66%] R/ep 10.74 ent 2.21 kl 0.009 | hit/swing 51% dj/min 35.2 blk/min 0.2 abiHit 62 supHit 81 | expert 6/6 hard 2/2 self 7/12 zoner 2/2 sovereign 2/4 aerial 2/2 expert x2 2/2 idle 1/1 switcher 3/3 human 1/2 rushdown 1/1 medium 1/1 | roll 1.6s upd 15.2s
[brain] it 4320 [league 67%] R/ep 10.14 ent 2.21 kl 0.009 | hit/swing 44% dj/min 33.8 blk/min 0.1 abiHit 91 supHit 64 | medium 2/2 self 7/14 easy 1/1 rushdown 1/1 expert 1/1 switcher 2/2 counter 3/3 zoner 1/1 expert x2 2/2 human 1/1 sovereign 2/2 hard x3 1/1 turtle 1/1 | roll 1.7s upd 15.3s
[brain] it 4321 [league 68%] R/ep 8.82 ent 2.18 kl 0.007 | hit/swing 56% dj/min 31.9 blk/min 0.1 abiHit 31 supHit 82 | medium 1/1 self 8/12 turtle 1/1 sovereign 5/6 idle 2/2 summoner 2/3 switcher 1/1 expert 3/3 hard 2/2 rushdown 0/1 expert x2 1/1 easy 2/2 human 1/1 | roll 1.6s upd 15.9s
[brain] it 4322 [league 68%] R/ep 12.52 ent 2.16 kl 0.007 | hit/swing 59% dj/min 33.8 blk/min 0.1 abiHit 54 supHit 92 | easy 2/2 medium 1/1 sovereign 5/7 expert 6/6 turtle 3/3 hard x3 1/1 self 4/6 aerial 2/2 counter 1/1 summoner 1/1 idle 2/2 human 1/1 rushdown 1/2 switcher 1/1 expert x2 1/1 hard 1/1 | roll 1.6s upd 16.6s
[brain] it 4323 [league 66%] R/ep 13.18 ent 2.11 kl 0.006 | hit/swing 60% dj/min 28.9 blk/min 0.1 abiHit 72 supHit 75 | expert 9/9 rushdown 1/1 self 1/7 switcher 2/2 counter 2/2 zoner 6/6 turtle 2/2 sovereign 5/7 human 1/1 summoner 2/2 easy 1/1 expert x2 1/1 hard x3 1/1 idle 1/1 | roll 1.5s upd 15.3s
[brain] it 4324 [league 67%] R/ep 8.61 ent 2.20 kl 0.009 | hit/swing 46% dj/min 37.5 blk/min 0.5 abiHit 42 supHit 74 | zoner 2/2 aerial 0/1 human 4/4 sovereign 4/6 self 6/12 expert x2 1/1 switcher 2/2 easy 1/1 rushdown 2/2 hard 1/1 expert 2/2 medium 1/1 idle 1/1 | roll 1.6s upd 14.3s
[brain] it 4325 [league 68%] R/ep 11.93 ent 2.07 kl 0.006 | hit/swing 59% dj/min 32.4 blk/min 0.2 abiHit 38 supHit 84 | hard 3/3 switcher 1/1 summoner 3/3 self 6/8 sovereign 5/6 counter 1/1 expert x2 2/3 aerial 2/2 expert 4/4 human 1/1 medium 2/2 easy 1/1 rushdown 0/1 | roll 1.5s upd 14.1s
[brain] it 4326 [league 67%] R/ep 10.33 ent 2.27 kl 0.008 | hit/swing 47% dj/min 32.2 blk/min 0.0 abiHit 87 supHit 56 | self 3/8 expert 6/6 human 0/1 turtle 2/2 idle 4/4 sovereign 3/5 zoner 1/1 aerial 1/1 hard 1/1 hard x3 2/2 expert x2 1/1 | roll 1.5s upd 15.3s
[brain] it 4327 [league 67%] R/ep 10.81 ent 2.22 kl 0.009 | hit/swing 58% dj/min 33.7 blk/min 0.6 abiHit 46 supHit 74 | turtle 4/4 self 4/11 expert x2 2/3 sovereign 2/2 zoner 1/1 hard 1/1 medium 2/2 expert 3/3 human 1/1 summoner 3/3 rushdown 1/1 aerial 1/1 counter 2/2 easy 1/1 switcher 1/1 | roll 1.6s upd 16.8s
[brain] it 4328 [league 66%] R/ep 8.30 ent 2.32 kl 0.008 | hit/swing 45% dj/min 39.1 blk/min 0.1 abiHit 26 supHit 70 | expert 6/6 switcher 3/3 zoner 1/1 self 3/9 turtle 4/4 hard x3 0/2 aerial 1/2 idle 1/1 easy 1/1 sovereign 2/4 hard 1/1 expert x2 1/1 | roll 1.6s upd 15.6s
[brain] it 4329 [league 67%] R/ep 12.62 ent 2.10 kl 0.009 | hit/swing 63% dj/min 31.4 blk/min 0.4 abiHit 37 supHit 104 | idle 3/3 turtle 2/2 switcher 1/1 expert x2 1/1 expert 9/9 summoner 1/1 counter 1/2 self 6/10 aerial 4/4 zoner 2/2 sovereign 4/5 hard 2/2 hard x3 1/1 | roll 1.6s upd 15.6s
[brain] it 4330 [league 68%] R/ep 11.10 ent 2.08 kl 0.009 | hit/swing 65% dj/min 32.1 blk/min 0.1 abiHit 33 supHit 85 | hard 3/3 aerial 2/2 idle 2/2 rushdown 1/1 switcher 4/4 self 2/9 summoner 1/1 zoner 3/3 medium 5/5 expert 5/5 easy 2/2 expert x2 0/1 hard x3 0/1 turtle 1/1 counter 1/1 sovereign 3/3 | roll 1.6s upd 14.3s
[brain] it 4331 [league 69%] R/ep 8.51 ent 2.13 kl 0.008 | hit/swing 56% dj/min 30.8 blk/min 0.5 abiHit 70 supHit 71 | self 5/10 sovereign 7/8 human 1/1 expert 6/7 counter 3/4 summoner 4/4 medium 2/2 easy 2/2 zoner 1/1 idle 1/1 | roll 1.5s upd 14.2s
[brain] it 4332 [league 69%] R/ep 11.23 ent 2.04 kl 0.009 | hit/swing 62% dj/min 32.0 blk/min 0.3 abiHit 47 supHit 102 | idle 2/2 hard 2/2 expert 5/5 human 2/2 aerial 2/2 turtle 3/3 self 3/13 hard x3 2/2 summoner 4/4 counter 1/1 expert x2 2/2 sovereign 2/3 switcher 1/1 zoner 1/1 medium 1/1 | roll 1.5s upd 15.5s
[brain] it 4333 [league 70%] R/ep 13.99 ent 2.13 kl 0.008 | hit/swing 62% dj/min 31.5 blk/min 0.2 abiHit 25 supHit 93 | switcher 3/3 zoner 2/2 hard x3 1/1 idle 2/2 expert x2 2/2 aerial 2/2 expert 4/4 turtle 1/1 self 4/8 sovereign 3/3 counter 1/1 easy 2/2 human 2/2 medium 1/1 rushdown 1/1 summoner 1/1 | roll 1.5s upd 15.3s
[brain] it 4334 [league 68%] R/ep 12.70 ent 2.20 kl 0.008 | hit/swing 52% dj/min 31.9 blk/min 0.3 abiHit 59 supHit 81 | human 2/2 expert 6/7 self 5/7 idle 1/1 zoner 2/2 turtle 2/2 expert x2 1/1 hard 1/1 switcher 2/2 sovereign 2/4 hard x3 1/1 easy 2/2 rushdown 1/1 | roll 1.7s upd 15.6s
[brain] it 4335 [league 68%] R/ep 8.55 ent 2.22 kl 0.009 | hit/swing 55% dj/min 35.9 blk/min 0.0 abiHit 17 supHit 67 | self 4/9 summoner 1/1 sovereign 3/7 turtle 2/2 rushdown 1/1 counter 2/2 switcher 3/4 expert 4/4 hard 2/2 aerial 2/2 hard x3 0/1 zoner 1/1 idle 1/1 | roll 1.6s upd 14.1s
[brain] it 4336 [league 67%] R/ep 11.63 ent 2.10 kl 0.008 | hit/swing 53% dj/min 26.7 blk/min 0.1 abiHit 66 supHit 95 | self 5/10 summoner 3/3 switcher 1/1 expert 5/5 aerial 4/4 idle 5/5 medium 1/1 hard 2/2 sovereign 2/3 easy 1/1 expert x2 1/1 hard x3 0/1 rushdown 1/1 turtle 1/1 | roll 1.4s upd 15.6s
[brain] it 4337 [league 69%] R/ep 8.67 ent 2.18 kl 0.008 | hit/swing 57% dj/min 35.3 blk/min 0.2 abiHit 23 supHit 87 | expert 8/8 aerial 3/3 sovereign 5/6 self 7/17 turtle 1/1 counter 2/2 hard 1/1 zoner 2/2 medium 1/1 summoner 1/1 switcher 1/1 easy 2/2 rushdown 0/1 | roll 1.8s upd 16.5s
[brain] it 4338 [league 70%] R/ep 10.83 ent 2.17 kl 0.007 | hit/swing 56% dj/min 34.7 blk/min 0.3 abiHit 61 supHit 70 | expert 4/4 self 4/13 sovereign 3/4 aerial 3/4 switcher 1/1 counter 1/1 hard 2/2 medium 2/2 expert x2 1/2 zoner 3/3 hard x3 2/2 summoner 1/1 idle 1/1 | roll 1.7s upd 15.4s
[brain] it 4339 [league 71%] R/ep 11.50 ent 2.17 kl 0.008 | hit/swing 56% dj/min 32.2 blk/min 0.4 abiHit 44 supHit 72 | idle 2/2 hard 2/2 switcher 2/2 expert 3/3 self 6/14 easy 2/2 summoner 2/2 sovereign 2/3 hard x3 1/1 zoner 5/5 aerial 2/2 human 2/2 counter 1/1 turtle 1/1 | roll 1.8s upd 15.4s
[brain] it 4340 [league 71%] R/ep 11.45 ent 2.12 kl 0.008 | hit/swing 60% dj/min 33.0 blk/min 0.2 abiHit 44 supHit 77 | idle 2/2 sovereign 4/8 counter 3/3 summoner 1/2 turtle 5/5 self 2/5 medium 2/2 easy 3/3 hard 5/5 zoner 2/2 switcher 1/1 aerial 1/1 expert 3/3 rushdown 1/1 human 1/1 | roll 1.6s upd 15.6s
[brain] it 4341 [league 71%] R/ep 12.59 ent 2.17 kl 0.008 | hit/swing 50% dj/min 32.0 blk/min 0.1 abiHit 57 supHit 71 | self 6/11 switcher 1/1 hard 3/3 human 1/1 aerial 2/2 sovereign 2/2 expert 9/9 summoner 1/1 zoner 2/2 idle 1/1 medium 1/1 easy 1/1 rushdown 1/2 counter 2/2 turtle 1/1 | roll 1.6s upd 16.8s
[brain] it 4342 [league 72%] R/ep 11.25 ent 2.19 kl 0.008 | hit/swing 48% dj/min 33.6 blk/min 0.2 abiHit 82 supHit 59 | self 5/10 sovereign 4/4 expert x2 2/2 human 2/2 easy 2/2 hard x3 1/2 counter 1/1 switcher 0/1 rushdown 1/1 medium 1/1 expert 2/2 idle 1/1 | roll 1.6s upd 14.3s
[brain] it 4343 [league 72%] R/ep 11.16 ent 2.13 kl 0.008 | hit/swing 61% dj/min 28.6 blk/min 0.2 abiHit 40 supHit 83 | self 8/13 medium 1/1 hard x3 2/3 sovereign 1/1 switcher 0/1 idle 2/2 expert 6/6 expert x2 2/2 rushdown 2/2 easy 2/2 turtle 2/2 human 1/1 summoner 2/2 | roll 1.7s upd 15.7s
[brain] it 4344 [league 71%] R/ep 7.50 ent 2.21 kl 0.008 | hit/swing 57% dj/min 32.4 blk/min 0.2 abiHit 42 supHit 65 | sovereign 2/4 self 4/12 summoner 3/3 easy 2/2 idle 5/5 turtle 0/2 expert 6/6 hard 1/1 hard x3 2/2 rushdown 0/1 counter 1/1 | roll 1.6s upd 15.4s
[brain] it 4345 [league 72%] R/ep 15.35 ent 2.11 kl 0.007 | hit/swing 58% dj/min 26.0 blk/min 0.6 abiHit 41 supHit 79 | medium 3/3 hard 3/3 self 5/8 zoner 4/4 turtle 4/4 hard x3 1/1 aerial 2/2 counter 2/2 rushdown 2/2 sovereign 2/2 expert 2/2 idle 3/3 | roll 1.5s upd 15.5s
[brain] it 4346 [league 72%] R/ep 9.88 ent 2.13 kl 0.007 | hit/swing 51% dj/min 33.5 blk/min 0.2 abiHit 89 supHit 86 | self 3/10 idle 2/2 expert x2 1/1 turtle 2/2 expert 4/4 rushdown 2/2 easy 1/1 hard 3/3 counter 2/2 human 3/3 sovereign 3/4 medium 1/1 switcher 0/1 hard x3 0/1 summoner 1/1 aerial 1/1 | roll 1.5s upd 15.5s
[brain] it 4347 [league 72%] R/ep 11.22 ent 2.20 kl 0.010 | hit/swing 53% dj/min 32.5 blk/min 0.2 abiHit 67 supHit 51 | expert 3/3 sovereign 2/2 switcher 3/3 zoner 3/3 expert x2 2/3 human 1/2 self 0/6 summoner 1/1 turtle 1/1 idle 2/2 medium 1/1 hard x3 2/3 hard 2/2 | roll 1.4s upd 15.8s
[brain] it 4348 [league 71%] R/ep 13.55 ent 2.17 kl 0.008 | hit/swing 60% dj/min 32.4 blk/min 0.1 abiHit 69 supHit 79 | expert 4/4 self 1/6 medium 2/2 turtle 2/2 rushdown 3/3 sovereign 0/3 zoner 2/2 easy 1/1 hard x3 2/3 idle 1/1 aerial 3/3 counter 1/1 expert x2 1/1 switcher 1/1 human 1/1 summoner 2/2 | roll 1.6s upd 15.4s
[brain] it 4349 [league 71%] R/ep 11.88 ent 2.11 kl 0.011 | hit/swing 67% dj/min 32.2 blk/min 0.5 abiHit 33 supHit 88 | sovereign 9/11 expert 4/4 rushdown 2/2 self 4/5 hard x3 2/2 easy 3/3 summoner 3/3 counter 2/2 human 1/1 switcher 1/1 aerial 0/1 expert x2 1/1 | roll 1.5s upd 14.2s
[brain] it 4350 [league 71%] R/ep 13.39 ent 2.11 kl 0.009 | hit/swing 58% dj/min 30.8 blk/min 0.1 abiHit 58 supHit 69 | self 4/6 hard 2/2 medium 3/3 expert 2/3 idle 1/1 hard x3 2/2 easy 4/4 human 1/1 sovereign 1/2 rushdown 1/1 turtle 2/2 expert x2 2/2 aerial 1/1 summoner 1/1 | roll 1.5s upd 15.2s
[brain] it 4351 [league 71%] R/ep 5.05 ent 2.32 kl 0.010 | hit/swing 38% dj/min 39.3 blk/min 0.1 abiHit 37 supHit 27 | human 2/2 self 5/8 rushdown 0/1 zoner 1/1 sovereign 1/2 aerial 1/1 expert 2/2 | roll 5.0s upd 10.5s
[brain] it 4352 [league 68%] R/ep 10.38 ent 2.22 kl 0.007 | hit/swing 50% dj/min 30.5 blk/min 0.1 abiHit 34 supHit 55 | medium 2/2 self 3/7 rushdown 1/1 sovereign 0/3 hard x3 2/2 hard 1/1 expert 2/2 summoner 2/2 counter 1/1 human 1/1 | roll 5.3s upd 10.8s
[brain] it 4353 [league 69%] R/ep 11.98 ent 2.27 kl 0.006 | hit/swing 50% dj/min 33.3 blk/min 0.3 abiHit 28 supHit 29 | hard 1/1 zoner 2/2 summoner 1/1 self 4/6 human 1/1 counter 2/2 easy 2/2 sovereign 1/2 medium 1/1 expert 2/2 hard x3 1/1 | roll 5.1s upd 10.2s
[brain] it 4354 [league 69%] R/ep 12.15 ent 2.13 kl 0.007 | hit/swing 54% dj/min 32.5 blk/min 0.1 abiHit 49 supHit 86 | sovereign 2/3 expert 3/3 expert x2 0/1 self 6/10 idle 1/1 hard x3 1/1 counter 3/3 zoner 1/1 aerial 3/3 easy 3/3 switcher 3/3 human 1/1 hard 3/3 turtle 1/1 | roll 1.8s upd 15.7s
[brain] it 4355 [league 69%] R/ep 12.22 ent 2.10 kl 0.007 | hit/swing 59% dj/min 29.3 blk/min 0.6 abiHit 43 supHit 92 | self 3/10 summoner 3/3 zoner 2/2 aerial 3/3 expert 7/7 medium 3/3 sovereign 2/2 turtle 3/3 hard 2/2 expert x2 3/3 hard x3 0/1 easy 1/1 | roll 1.6s upd 16.3s
[brain] it 4356 [league 68%] R/ep 10.03 ent 2.18 kl 0.007 | hit/swing 57% dj/min 29.1 blk/min 0.1 abiHit 53 supHit 69 | expert 8/9 self 2/7 expert x2 1/1 human 2/2 sovereign 4/5 idle 2/2 medium 2/2 switcher 3/3 easy 3/3 counter 1/1 summoner 1/1 hard 1/1 | roll 1.6s upd 15.7s
[brain] it 4357 [league 68%] R/ep 13.10 ent 2.19 kl 0.009 | hit/swing 42% dj/min 35.5 blk/min 0.0 abiHit 81 supHit 61 | hard x3 0/1 aerial 3/3 zoner 4/4 medium 1/1 turtle 0/1 human 3/3 idle 2/2 expert 2/2 hard 2/2 self 4/7 summoner 1/1 rushdown 2/2 sovereign 2/2 easy 2/2 expert x2 1/1 | roll 1.8s upd 15.7s
[brain] it 4358 [league 68%] R/ep 13.72 ent 2.09 kl 0.007 | hit/swing 62% dj/min 27.7 blk/min 0.0 abiHit 52 supHit 81 | turtle 2/2 sovereign 3/4 hard 1/1 easy 3/3 aerial 1/1 summoner 1/1 hard x3 1/1 self 7/8 expert 3/4 switcher 2/2 expert x2 2/2 human 0/1 idle 2/2 counter 1/1 zoner 1/1 medium 1/1 rushdown 1/1 | roll 1.5s upd 15.7s
[brain] it 4359 [league 68%] R/ep 13.05 ent 2.20 kl 0.007 | hit/swing 50% dj/min 32.0 blk/min 0.2 abiHit 54 supHit 72 | switcher 1/3 self 4/9 counter 3/3 hard x3 2/3 turtle 1/1 expert x2 2/2 zoner 1/1 expert 1/1 rushdown 3/3 medium 1/1 easy 1/1 hard 1/1 | roll 1.5s upd 14.0s
[brain] it 4360 [league 68%] R/ep 11.32 ent 2.10 kl 0.009 | hit/swing 58% dj/min 28.0 blk/min 0.1 abiHit 61 supHit 83 | turtle 1/1 expert 5/5 aerial 2/2 sovereign 4/5 self 5/8 easy 2/2 switcher 1/1 hard 1/1 expert x2 0/1 summoner 2/2 counter 2/2 hard x3 2/3 | roll 1.5s upd 14.6s
[brain] it 4361 [league 67%] R/ep 11.43 ent 2.10 kl 0.007 | hit/swing 54% dj/min 31.3 blk/min 0.3 abiHit 68 supHit 72 | sovereign 2/3 expert x2 1/1 self 5/11 human 3/3 easy 2/2 idle 3/3 medium 3/3 zoner 3/3 aerial 0/2 switcher 2/2 rushdown 1/1 expert 2/2 hard 3/3 summoner 1/1 | roll 1.6s upd 15.5s
[brain] it 4362 [league 68%] R/ep 11.83 ent 2.10 kl 0.006 | hit/swing 58% dj/min 35.5 blk/min 0.3 abiHit 18 supHit 84 | sovereign 2/4 hard 2/2 idle 3/3 self 5/9 human 2/2 easy 2/2 counter 3/3 rushdown 2/2 switcher 3/3 summoner 2/2 turtle 1/1 expert 4/4 aerial 3/3 | roll 1.5s upd 14.3s
[brain] it 4363 [league 69%] R/ep 13.16 ent 2.17 kl 0.007 | hit/swing 46% dj/min 38.3 blk/min 0.1 abiHit 49 supHit 72 | self 9/10 sovereign 4/5 medium 1/1 summoner 1/1 expert 7/7 turtle 4/4 counter 1/1 hard 1/1 hard x3 3/3 | roll 1.7s upd 15.5s
[brain] it 4364 [league 68%] R/ep 12.11 ent 2.22 kl 0.009 | hit/swing 60% dj/min 26.5 blk/min 0.1 abiHit 71 supHit 56 | expert 5/5 hard x3 1/1 sovereign 1/4 easy 3/3 self 2/4 summoner 1/1 hard 3/3 idle 3/3 human 3/3 zoner 1/1 counter 2/2 | roll 1.6s upd 15.6s
[brain] it 4365 [league 67%] R/ep 9.11 ent 2.12 kl 0.008 | hit/swing 62% dj/min 31.0 blk/min 0.2 abiHit 46 supHit 88 | idle 1/1 expert 8/8 sovereign 2/3 self 8/13 switcher 2/2 hard x3 0/1 turtle 1/1 easy 2/2 summoner 2/2 medium 2/2 expert x2 1/1 aerial 1/1 hard 1/1 | roll 1.5s upd 14.1s
[brain] it 4366 [league 67%] R/ep 10.78 ent 2.19 kl 0.007 | hit/swing 57% dj/min 33.1 blk/min 0.1 abiHit 51 supHit 71 | zoner 2/2 self 8/15 expert x2 3/3 easy 2/2 expert 7/7 sovereign 1/2 switcher 2/2 hard 1/1 turtle 3/3 idle 1/1 medium 1/1 counter 1/1 summoner 1/1 | roll 1.6s upd 34.7s
[brain] it 4367 [league 67%] R/ep 9.68 ent 2.15 kl 0.006 | hit/swing 48% dj/min 29.1 blk/min 0.3 abiHit 81 supHit 65 | self 4/10 expert x2 2/2 rushdown 2/2 sovereign 4/6 human 1/1 zoner 2/2 turtle 2/2 easy 4/4 medium 1/1 expert 1/1 counter 1/2 idle 1/1 | roll 1.7s upd 20.4s
[brain] it 4368 [league 67%] R/ep 9.91 ent 2.16 kl 0.009 | hit/swing 54% dj/min 33.4 blk/min 0.5 abiHit 42 supHit 88 | expert 5/5 self 4/7 sovereign 3/5 rushdown 1/3 hard 1/1 summoner 1/1 hard x3 0/1 turtle 2/2 switcher 2/2 human 4/4 medium 1/1 idle 1/1 expert x2 1/1 | roll 1.6s upd 18.9s
[brain] it 4369 [league 69%] R/ep 8.36 ent 2.29 kl 0.008 | hit/swing 46% dj/min 36.2 blk/min 0.1 abiHit 32 supHit 62 | self 6/14 zoner 2/2 expert 2/2 sovereign 4/4 idle 3/3 easy 1/1 medium 3/3 switcher 0/1 human 1/2 turtle 2/2 counter 2/2 | roll 1.7s upd 15.5s
[brain] it 4370 [league 67%] R/ep 8.72 ent 2.15 kl 0.007 | hit/swing 55% dj/min 30.9 blk/min 0.4 abiHit 40 supHit 92 | turtle 2/2 self 13/20 zoner 3/3 summoner 3/3 idle 2/2 counter 2/2 sovereign 3/5 expert x2 1/1 medium 1/1 expert 0/1 rushdown 2/2 switcher 1/1 hard 1/1 easy 2/2 | roll 1.8s upd 16.7s
[brain] it 4371 [league 65%] R/ep 9.94 ent 2.06 kl 0.007 | hit/swing 60% dj/min 30.7 blk/min 0.3 abiHit 37 supHit 96 | turtle 5/5 summoner 2/2 idle 2/2 sovereign 2/5 self 9/14 switcher 1/1 rushdown 1/1 hard 3/3 expert 3/3 aerial 2/2 expert x2 1/1 medium 1/1 counter 1/1 | roll 1.6s upd 15.4s
[brain] it 4372 [league 66%] R/ep 11.55 ent 2.25 kl 0.008 | hit/swing 51% dj/min 33.6 blk/min 0.2 abiHit 66 supHit 74 | aerial 2/2 self 2/7 expert 4/4 medium 2/2 idle 1/1 switcher 2/2 sovereign 5/5 hard 2/2 summoner 2/2 zoner 1/1 counter 2/2 human 2/2 expert x2 1/1 | roll 1.5s upd 15.6s
[brain] it 4373 [league 64%] R/ep 8.84 ent 2.19 kl 0.009 | hit/swing 53% dj/min 33.4 blk/min 0.1 abiHit 41 supHit 75 | sovereign 2/6 medium 2/2 human 2/2 self 5/9 hard 2/2 aerial 1/1 expert 3/3 summoner 2/3 switcher 1/2 idle 1/1 easy 1/1 counter 1/1 zoner 1/1 hard x3 0/1 turtle 1/1 expert x2 1/1 | roll 1.6s upd 15.2s
[brain] it 4374 [league 65%] R/ep 9.50 ent 2.32 kl 0.008 | hit/swing 42% dj/min 37.8 blk/min 0.2 abiHit 76 supHit 65 | hard x3 0/1 expert 5/6 easy 3/3 self 6/11 switcher 1/1 zoner 2/2 human 3/3 sovereign 2/3 summoner 2/2 idle 1/1 expert x2 1/1 | roll 1.7s upd 15.4s
[brain] it 4375 [league 65%] R/ep 9.24 ent 2.23 kl 0.008 | hit/swing 49% dj/min 36.0 blk/min 0.2 abiHit 37 supHit 74 | expert 6/6 self 5/10 medium 3/3 expert x2 0/1 aerial 3/3 human 2/2 rushdown 2/2 turtle 0/1 easy 2/2 sovereign 4/6 zoner 2/2 | roll 1.6s upd 16.8s
[brain] it 4376 [league 63%] R/ep 7.73 ent 2.27 kl 0.009 | hit/swing 57% dj/min 37.5 blk/min 0.4 abiHit 24 supHit 65 | easy 2/2 sovereign 2/5 self 5/8 summoner 2/2 medium 2/2 human 1/1 aerial 1/1 expert 2/3 rushdown 3/3 switcher 1/1 hard x3 1/2 | roll 1.7s upd 15.5s
[brain] it 4377 [league 64%] R/ep 8.99 ent 2.09 kl 0.008 | hit/swing 66% dj/min 28.8 blk/min 0.4 abiHit 42 supHit 72 | idle 4/4 self 4/11 expert x2 1/1 hard x3 1/2 sovereign 4/8 turtle 2/2 rushdown 2/2 medium 2/2 expert 4/4 summoner 1/1 switcher 1/1 human 1/1 | roll 1.6s upd 15.5s
[brain] it 4378 [league 63%] R/ep 13.18 ent 2.02 kl 0.007 | hit/swing 72% dj/min 28.7 blk/min 0.3 abiHit 43 supHit 97 | turtle 2/2 expert 5/5 sovereign 4/6 zoner 3/3 medium 4/4 easy 4/4 self 6/11 hard x3 0/1 counter 3/3 rushdown 3/3 expert x2 1/1 switcher 1/1 human 1/1 aerial 1/1 idle 1/1 | roll 1.6s upd 15.3s
[brain] it 4379 [league 62%] R/ep 14.65 ent 2.13 kl 0.008 | hit/swing 61% dj/min 31.3 blk/min 0.0 abiHit 32 supHit 81 | turtle 4/4 sovereign 2/4 hard x3 1/4 expert 2/2 easy 1/1 self 4/5 rushdown 4/4 switcher 1/1 medium 2/2 human 1/1 idle 2/2 expert x2 1/1 zoner 1/1 | roll 1.5s upd 15.3s
[brain] it 4380 [league 61%] R/ep 11.53 ent 2.15 kl 0.009 | hit/swing 51% dj/min 28.9 blk/min 0.2 abiHit 75 supHit 82 | counter 1/1 easy 1/1 expert 3/3 turtle 2/3 sovereign 4/6 hard x3 2/3 self 4/7 summoner 1/1 switcher 3/3 expert x2 1/1 medium 2/2 rushdown 1/1 zoner 1/1 | roll 1.5s upd 15.5s
[brain] it 4381 [league 59%] R/ep 9.82 ent 2.19 kl 0.008 | hit/swing 55% dj/min 35.6 blk/min 0.2 abiHit 39 supHit 83 | expert x2 2/2 human 1/1 easy 3/3 rushdown 3/3 aerial 3/3 counter 3/4 self 3/7 sovereign 1/3 expert 2/3 idle 1/1 medium 1/1 hard x3 0/1 summoner 1/2 zoner 1/1 | roll 1.6s upd 17.7s
[brain] it 4382 [league 59%] R/ep 7.72 ent 2.11 kl 0.008 | hit/swing 66% dj/min 29.4 blk/min 0.4 abiHit 56 supHit 82 | self 7/16 idle 4/4 easy 2/2 hard 2/2 turtle 1/1 summoner 3/3 expert 5/5 switcher 1/1 counter 0/1 zoner 1/1 sovereign 2/3 expert x2 1/2 aerial 1/1 hard x3 0/1 | roll 1.6s upd 15.6s
[brain] it 4383 [league 60%] R/ep 10.94 ent 2.10 kl 0.007 | hit/swing 59% dj/min 32.3 blk/min 0.2 abiHit 52 supHit 76 | hard 2/2 expert 2/2 rushdown 2/3 zoner 2/2 sovereign 2/2 self 4/12 summoner 3/3 counter 4/4 hard x3 2/2 aerial 1/1 medium 1/1 expert x2 1/1 idle 1/1 | roll 1.6s upd 15.4s
[brain] it 4384 [league 62%] R/ep 9.30 ent 2.18 kl 0.006 | hit/swing 51% dj/min 34.3 blk/min 0.1 abiHit 54 supHit 69 | idle 1/1 sovereign 5/5 self 3/10 aerial 1/1 turtle 3/3 expert x2 1/1 zoner 1/1 easy 1/1 switcher 1/1 expert 5/5 summoner 2/2 human 2/2 medium 1/1 | roll 1.5s upd 14.0s
[brain] it 4385 [league 61%] R/ep 11.03 ent 2.09 kl 0.009 | hit/swing 66% dj/min 32.2 blk/min 0.1 abiHit 28 supHit 82 | expert 7/7 self 3/11 counter 3/4 zoner 1/1 easy 4/4 hard 2/2 rushdown 1/2 hard x3 2/3 turtle 1/1 sovereign 1/2 expert x2 2/2 medium 1/1 | roll 1.5s upd 15.4s
[brain] it 4386 [league 62%] R/ep 11.39 ent 2.15 kl 0.007 | hit/swing 58% dj/min 30.4 blk/min 0.0 abiHit 70 supHit 94 | idle 2/2 switcher 1/1 self 7/10 easy 3/3 sovereign 3/4 summoner 3/4 expert x2 1/1 hard x3 1/1 counter 2/2 expert 5/5 rushdown 1/2 turtle 1/1 | roll 1.7s upd 15.4s
[brain] it 4387 [league 62%] R/ep 12.18 ent 2.12 kl 0.007 | hit/swing 67% dj/min 28.5 blk/min 0.1 abiHit 63 supHit 78 | expert 5/5 human 3/3 self 3/6 sovereign 2/6 medium 4/4 idle 4/4 switcher 2/2 expert x2 3/3 hard 3/3 easy 2/2 rushdown 1/1 zoner 1/1 | roll 1.6s upd 15.6s
[brain] it 4388 [league 62%] R/ep 12.52 ent 2.15 kl 0.007 | hit/swing 49% dj/min 32.1 blk/min 0.1 abiHit 73 supHit 73 | self 3/6 counter 2/2 easy 1/1 zoner 2/2 switcher 3/3 expert 4/4 sovereign 3/5 turtle 1/2 idle 2/2 aerial 2/2 hard x3 1/2 rushdown 1/1 expert x2 1/2 medium 1/1 hard 1/1 | roll 1.5s upd 15.5s
[brain] it 4389 [league 62%] R/ep 14.42 ent 2.10 kl 0.008 | hit/swing 64% dj/min 30.7 blk/min 0.1 abiHit 65 supHit 84 | medium 2/2 expert 7/7 self 5/6 sovereign 3/5 counter 2/2 summoner 2/2 hard x3 1/1 rushdown 2/2 expert x2 3/3 hard 4/4 idle 1/1 turtle 1/1 aerial 1/1 zoner 1/1 | roll 1.5s upd 15.4s
[brain] it 4390 [league 60%] R/ep 10.52 ent 2.15 kl 0.008 | hit/swing 53% dj/min 33.3 blk/min 0.1 abiHit 45 supHit 72 | sovereign 1/3 medium 1/1 hard x3 0/1 self 7/12 expert 5/5 expert x2 2/2 easy 2/2 aerial 1/1 switcher 1/2 idle 1/1 turtle 3/3 hard 1/1 zoner 1/1 | roll 1.6s upd 15.3s
[brain] it 4391 [league 59%] R/ep 14.64 ent 2.08 kl 0.007 | hit/swing 61% dj/min 28.0 blk/min 0.0 abiHit 64 supHit 82 | self 4/8 hard x3 2/3 expert 4/4 turtle 2/2 summoner 1/1 counter 4/4 easy 2/2 zoner 3/3 switcher 2/2 idle 1/1 hard 2/2 expert x2 3/3 aerial 2/2 sovereign 1/2 | roll 1.7s upd 15.3s
[brain] it 4392 [league 61%] R/ep 12.79 ent 2.02 kl 0.009 | hit/swing 61% dj/min 27.6 blk/min 0.1 abiHit 73 supHit 90 | rushdown 1/1 hard 2/2 expert 10/10 self 6/9 easy 2/2 medium 2/2 human 1/2 hard x3 1/2 aerial 1/1 counter 2/2 sovereign 5/5 expert x2 1/1 idle 3/3 | roll 1.5s upd 15.3s
[brain] it 4393 [league 63%] R/ep 10.95 ent 2.12 kl 0.005 | hit/swing 57% dj/min 32.9 blk/min 0.2 abiHit 50 supHit 79 | summoner 3/3 self 9/15 sovereign 3/4 idle 5/5 aerial 1/1 rushdown 0/1 expert 6/6 human 1/1 turtle 1/1 medium 2/2 counter 1/1 expert x2 1/1 zoner 2/2 hard 1/1 switcher 1/1 | roll 1.5s upd 14.2s
[brain] it 4394 [league 61%] R/ep 13.79 ent 2.12 kl 0.007 | hit/swing 52% dj/min 30.2 blk/min 0.1 abiHit 78 supHit 76 | easy 2/2 human 1/1 self 5/5 turtle 3/3 expert x2 2/2 counter 1/1 sovereign 2/4 medium 1/1 switcher 2/2 rushdown 2/3 hard x3 1/2 idle 1/1 summoner 3/3 expert 1/1 hard 1/1 | roll 1.5s upd 15.1s
[brain] it 4395 [league 61%] R/ep 10.31 ent 2.19 kl 0.008 | hit/swing 63% dj/min 32.8 blk/min 0.1 abiHit 35 supHit 69 | medium 2/2 expert 5/5 self 0/5 switcher 3/3 easy 1/1 sovereign 4/6 hard x3 3/3 turtle 0/1 zoner 1/1 summoner 3/3 human 1/1 | roll 1.5s upd 15.4s
[brain] it 4396 [league 63%] R/ep 8.37 ent 2.15 kl 0.007 | hit/swing 56% dj/min 33.7 blk/min 0.4 abiHit 27 supHit 75 | turtle 3/3 aerial 3/3 expert 5/5 self 5/13 medium 2/2 summoner 1/1 idle 2/2 switcher 2/4 sovereign 3/3 rushdown 1/2 easy 1/1 | roll 1.8s upd 15.9s
[brain] it 4397 [league 65%] R/ep 10.99 ent 2.07 kl 0.007 | hit/swing 60% dj/min 31.3 blk/min 0.0 abiHit 46 supHit 91 | hard 1/1 sovereign 7/7 self 5/9 switcher 2/2 aerial 1/2 human 3/3 idle 1/1 expert x2 2/2 expert 4/4 zoner 2/2 rushdown 2/2 hard x3 0/1 medium 3/3 summoner 1/1 counter 0/1 | roll 1.5s upd 19.9s
[brain] it 4398 [league 66%] R/ep 10.17 ent 2.08 kl 0.008 | hit/swing 70% dj/min 31.3 blk/min 0.2 abiHit 33 supHit 85 | expert 6/6 turtle 3/3 easy 1/1 self 6/14 expert x2 1/1 human 1/1 counter 2/2 switcher 1/1 medium 2/2 summoner 3/3 hard x3 1/2 hard 1/1 sovereign 1/1 rushdown 1/1 | roll 1.6s upd 14.3s
[brain] it 4399 [league 66%] R/ep 10.48 ent 2.08 kl 0.009 | hit/swing 62% dj/min 34.2 blk/min 0.1 abiHit 43 supHit 100 | sovereign 2/3 switcher 2/2 idle 2/2 hard 2/2 zoner 3/3 self 4/11 expert x2 1/2 aerial 2/3 easy 3/3 summoner 3/3 expert 3/3 turtle 2/2 human 1/1 rushdown 0/1 counter 2/2 | roll 1.7s upd 16.8s
[brain] it 4400 [league 68%] R/ep 12.77 ent 2.07 kl 0.006 | hit/swing 65% dj/min 29.7 blk/min 0.2 abiHit 46 supHit 70 | rushdown 1/2 zoner 1/1 self 7/9 turtle 2/2 summoner 3/3 expert 3/3 easy 4/4 counter 1/1 sovereign 2/2 expert x2 2/2 hard 2/2 medium 1/1 hard x3 0/1 aerial 0/1 switcher 1/1 | roll 1.6s upd 15.3s
[brain] it 4401 [league 69%] R/ep 8.81 ent 2.04 kl 0.008 | hit/swing 71% dj/min 32.0 blk/min 0.6 abiHit 25 supHit 83 | self 7/13 expert 2/2 human 4/4 counter 3/3 switcher 1/1 sovereign 5/6 idle 3/3 hard 1/1 aerial 1/2 medium 1/1 hard x3 1/3 summoner 0/1 turtle 1/1 | roll 1.4s upd 13.7s
[brain] it 4402 [league 71%] R/ep 11.92 ent 2.19 kl 0.005 | hit/swing 53% dj/min 33.5 blk/min 0.1 abiHit 36 supHit 68 | sovereign 4/4 expert 2/2 summoner 2/2 human 1/2 self 4/8 counter 2/2 rushdown 1/2 aerial 0/1 hard 4/4 zoner 2/2 switcher 3/3 hard x3 1/1 turtle 2/2 medium 1/1 easy 1/1 | roll 1.6s upd 16.0s
[brain] it 4403 [league 73%] R/ep 8.88 ent 2.29 kl 0.008 | hit/swing 50% dj/min 31.8 blk/min 0.2 abiHit 31 supHit 51 | expert 3/3 self 4/10 hard 1/1 easy 2/2 human 2/3 idle 1/1 sovereign 2/2 counter 2/3 medium 3/3 zoner 1/1 | roll 1.5s upd 13.8s
[brain] it 4404 [league 71%] R/ep 10.83 ent 2.18 kl 0.008 | hit/swing 50% dj/min 35.4 blk/min 0.3 abiHit 42 supHit 76 | sovereign 1/3 easy 2/2 hard 5/5 self 4/9 expert 3/3 medium 1/1 counter 1/1 zoner 1/1 hard x3 1/1 summoner 2/2 idle 1/1 human 1/1 aerial 1/1 turtle 1/1 rushdown 0/1 | roll 1.7s upd 17.8s
[brain] it 4405 [league 72%] R/ep 7.94 ent 2.14 kl 0.007 | hit/swing 67% dj/min 31.6 blk/min 0.1 abiHit 16 supHit 76 | self 4/10 rushdown 2/3 expert 2/2 medium 4/4 sovereign 5/7 switcher 0/1 counter 2/2 hard x3 0/1 human 1/1 summoner 1/1 hard 2/2 turtle 2/2 expert x2 0/1 | roll 1.5s upd 14.6s
[brain] it 4406 [league 72%] R/ep 11.29 ent 2.20 kl 0.007 | hit/swing 60% dj/min 32.8 blk/min 0.1 abiHit 33 supHit 72 | counter 2/2 self 4/9 expert 5/5 turtle 1/2 expert x2 2/3 aerial 2/2 hard x3 1/1 rushdown 2/2 easy 3/3 medium 3/3 sovereign 2/3 | roll 1.5s upd 14.5s
[brain] it 4407 [league 73%] R/ep 11.94 ent 2.20 kl 0.009 | hit/swing 58% dj/min 31.6 blk/min 0.0 abiHit 48 supHit 73 | turtle 1/1 expert 5/5 idle 2/2 sovereign 2/3 self 4/8 easy 3/3 human 0/1 rushdown 1/1 expert x2 1/1 hard x3 0/1 counter 2/2 switcher 1/1 medium 2/2 summoner 1/1 hard 1/1 aerial 1/1 | roll 1.5s upd 17.5s
[brain] it 4408 [league 69%] R/ep 4.56 ent 2.33 kl 0.007 | hit/swing 47% dj/min 38.5 blk/min 0.4 abiHit 24 supHit 58 | self 1/7 hard 1/1 medium 2/2 sovereign 3/8 summoner 2/2 aerial 1/3 expert 4/4 switcher 1/1 hard x3 0/1 zoner 1/1 rushdown 1/1 | roll 1.6s upd 14.6s
[brain] it 4409 [league 68%] R/ep 10.96 ent 2.03 kl 0.007 | hit/swing 59% dj/min 31.4 blk/min 0.4 abiHit 62 supHit 84 | self 6/11 sovereign 2/3 expert 10/10 idle 1/1 hard x3 1/2 aerial 2/2 human 1/1 switcher 2/2 counter 2/2 easy 2/2 hard 2/2 medium 2/2 | roll 1.5s upd 15.3s
[brain] it 4410 [league 68%] R/ep 11.52 ent 2.13 kl 0.008 | hit/swing 56% dj/min 29.4 blk/min 0.3 abiHit 52 supHit 84 | switcher 3/4 summoner 3/4 hard x3 1/2 hard 2/2 self 4/7 medium 4/4 expert 6/6 sovereign 2/3 rushdown 1/1 easy 2/2 zoner 2/2 idle 1/1 turtle 1/1 | roll 1.5s upd 16.8s
[brain] it 4411 [league 70%] R/ep 9.77 ent 2.10 kl 0.008 | hit/swing 57% dj/min 30.0 blk/min 0.2 abiHit 77 supHit 66 | sovereign 3/3 self 2/8 aerial 1/2 rushdown 2/2 hard x3 0/1 expert 5/5 counter 4/4 expert x2 1/1 human 1/1 medium 3/3 idle 2/2 summoner 1/1 zoner 1/1 easy 2/2 turtle 1/1 switcher 0/1 | roll 1.4s upd 15.4s
[brain] it 4412 [league 70%] R/ep 10.62 ent 2.16 kl 0.008 | hit/swing 50% dj/min 31.5 blk/min 0.2 abiHit 50 supHit 57 | rushdown 2/2 human 3/4 switcher 0/1 medium 3/3 expert 3/4 self 4/6 hard 3/3 summoner 2/2 expert x2 1/2 turtle 2/2 sovereign 1/1 | roll 1.4s upd 15.4s
[brain] it 4413 [league 70%] R/ep 9.02 ent 2.12 kl 0.007 | hit/swing 44% dj/min 33.0 blk/min 0.2 abiHit 86 supHit 76 | idle 3/3 self 8/15 easy 3/3 expert 1/1 aerial 2/2 sovereign 1/4 rushdown 1/1 expert x2 2/2 counter 2/2 human 2/2 hard 2/2 zoner 2/2 | roll 1.8s upd 16.4s
[brain] it 4414 [league 67%] R/ep 10.08 ent 2.02 kl 0.009 | hit/swing 66% dj/min 33.3 blk/min 0.2 abiHit 8 supHit 102 | counter 6/6 self 11/16 aerial 1/1 medium 1/1 zoner 2/2 rushdown 1/1 sovereign 2/8 expert 3/3 summoner 1/1 human 1/1 turtle 2/2 easy 2/2 hard 2/2 switcher 1/1 idle 1/1 hard x3 0/1 | roll 1.5s upd 15.1s
[brain] it 4415 [league 68%] R/ep 12.66 ent 2.23 kl 0.007 | hit/swing 49% dj/min 30.9 blk/min 0.2 abiHit 76 supHit 56 | aerial 1/2 self 2/7 easy 2/2 expert x2 1/1 expert 4/4 hard x3 1/2 human 1/1 rushdown 1/2 summoner 3/3 turtle 1/1 sovereign 2/2 medium 1/1 counter 1/1 | roll 1.4s upd 15.3s
[brain] it 4416 [league 68%] R/ep 7.84 ent 2.18 kl 0.006 | hit/swing 52% dj/min 24.5 blk/min 0.2 abiHit 56 supHit 54 | self 1/8 sovereign 1/3 idle 2/2 medium 2/2 expert 3/3 switcher 3/3 easy 4/4 counter 1/1 hard 1/1 turtle 2/2 summoner 1/1 | roll 1.3s upd 15.0s
[brain] it 4417 [league 67%] R/ep 8.93 ent 2.15 kl 0.009 | hit/swing 63% dj/min 25.7 blk/min 0.1 abiHit 48 supHit 72 | hard x3 0/2 sovereign 3/5 self 5/10 medium 4/4 rushdown 1/1 summoner 1/1 easy 1/1 hard 1/1 switcher 1/1 expert 3/3 expert x2 1/1 aerial 2/2 | roll 1.6s upd 16.1s
[brain] it 4418 [league 66%] R/ep 9.67 ent 2.05 kl 0.007 | hit/swing 62% dj/min 28.1 blk/min 0.0 abiHit 46 supHit 95 | self 6/15 expert 2/2 sovereign 2/4 hard x3 2/2 switcher 1/1 aerial 1/1 idle 1/1 medium 2/2 human 3/3 easy 1/1 expert x2 1/1 summoner 3/3 rushdown 1/1 counter 1/1 turtle 1/1 | roll 1.5s upd 14.6s
[brain] it 4419 [league 65%] R/ep 9.06 ent 2.18 kl 0.007 | hit/swing 49% dj/min 32.8 blk/min 0.2 abiHit 70 supHit 63 | expert 4/4 sovereign 2/3 self 2/10 easy 3/3 turtle 1/1 switcher 3/3 hard 2/2 aerial 1/2 summoner 2/2 counter 1/1 hard x3 0/2 idle 1/1 rushdown 2/2 zoner 2/2 medium 1/1 | roll 1.4s upd 14.7s
[brain] it 4420 [league 66%] R/ep 10.75 ent 2.24 kl 0.008 | hit/swing 47% dj/min 33.4 blk/min 0.3 abiHit 68 supHit 61 | expert 5/5 switcher 3/3 self 6/8 sovereign 2/3 rushdown 2/3 counter 4/4 expert x2 1/1 easy 1/1 summoner 2/2 aerial 1/1 hard x3 0/1 | roll 1.5s upd 15.3s
[brain] it 4421 [league 66%] R/ep 10.06 ent 2.11 kl 0.009 | hit/swing 50% dj/min 33.3 blk/min 0.2 abiHit 67 supHit 69 | sovereign 1/1 self 5/14 idle 4/4 zoner 4/4 expert x2 1/2 rushdown 2/2 expert 2/2 switcher 1/1 human 3/3 easy 2/2 summoner 2/2 hard 1/1 counter 2/2 aerial 1/1 | roll 1.5s upd 15.0s
[brain] it 4422 [league 67%] R/ep 10.88 ent 2.06 kl 0.006 | hit/swing 56% dj/min 33.0 blk/min 0.1 abiHit 70 supHit 88 | self 8/12 summoner 2/2 aerial 3/3 expert 4/5 sovereign 6/7 zoner 1/1 hard 1/1 rushdown 1/1 turtle 1/1 hard x3 1/2 medium 1/1 counter 1/1 easy 2/2 idle 2/2 | roll 1.6s upd 14.9s
[brain] it 4423 [league 65%] R/ep 12.00 ent 2.10 kl 0.007 | hit/swing 57% dj/min 30.4 blk/min 0.2 abiHit 63 supHit 83 | self 5/12 zoner 2/2 expert 5/5 medium 3/3 summoner 3/3 aerial 2/2 turtle 2/2 idle 2/2 hard x3 1/1 expert x2 2/2 sovereign 1/3 human 1/1 switcher 1/1 | roll 1.5s upd 16.8s
[brain] it 4424 [league 65%] R/ep 11.88 ent 2.26 kl 0.007 | hit/swing 52% dj/min 36.1 blk/min 0.2 abiHit 62 supHit 77 | aerial 2/2 sovereign 4/4 counter 1/2 easy 2/2 self 3/6 hard x3 1/2 expert x2 2/2 summoner 1/1 rushdown 4/5 idle 1/1 hard 2/2 medium 1/1 turtle 1/2 | roll 1.6s upd 15.8s
[brain] it 4425 [league 65%] R/ep 11.16 ent 2.08 kl 0.009 | hit/swing 55% dj/min 33.3 blk/min 0.2 abiHit 71 supHit 75 | sovereign 1/1 idle 2/2 self 7/13 expert 7/7 hard 2/2 summoner 2/2 switcher 2/2 counter 2/2 easy 3/3 zoner 2/2 rushdown 1/1 turtle 1/1 medium 3/3 | roll 1.6s upd 15.7s
[brain] it 4426 [league 63%] R/ep 12.68 ent 2.10 kl 0.008 | hit/swing 53% dj/min 36.5 blk/min 0.2 abiHit 70 supHit 98 | self 9/12 easy 3/3 summoner 2/2 sovereign 1/3 hard x3 1/3 expert 4/4 aerial 3/3 idle 2/2 medium 2/2 switcher 2/2 expert x2 1/1 hard 1/1 zoner 2/2 human 1/1 turtle 1/1 rushdown 1/1 | roll 1.5s upd 15.1s
[brain] it 4427 [league 64%] R/ep 15.46 ent 2.05 kl 0.005 | hit/swing 56% dj/min 26.6 blk/min 0.3 abiHit 90 supHit 86 | sovereign 3/3 expert 8/8 medium 3/3 idle 2/2 aerial 1/1 summoner 3/4 zoner 2/2 human 3/3 switcher 1/1 easy 2/2 expert x2 2/2 self 3/4 counter 2/2 rushdown 1/1 turtle 1/1 hard 1/1 | roll 1.4s upd 13.8s
[brain] it 4428 [league 63%] R/ep 9.37 ent 2.18 kl 0.007 | hit/swing 56% dj/min 36.8 blk/min 0.1 abiHit 34 supHit 73 | sovereign 5/7 summoner 1/1 self 5/9 hard 2/2 expert 5/5 rushdown 1/2 aerial 5/5 turtle 1/1 idle 1/1 medium 2/2 switcher 1/1 human 1/2 counter 0/1 zoner 1/1 | roll 1.6s upd 15.0s
[brain] it 4429 [league 61%] R/ep 12.11 ent 2.04 kl 0.009 | hit/swing 64% dj/min 30.1 blk/min 0.2 abiHit 38 supHit 98 | easy 4/4 rushdown 2/2 self 3/8 idle 3/3 summoner 1/1 expert 4/4 expert x2 2/2 turtle 3/3 hard 5/5 sovereign 1/3 human 3/4 medium 1/1 counter 1/1 aerial 1/1 zoner 1/1 | roll 1.4s upd 13.5s
[brain] it 4430 [league 61%] R/ep 11.42 ent 2.15 kl 0.008 | hit/swing 64% dj/min 33.6 blk/min 0.4 abiHit 31 supHit 79 | expert 4/4 medium 2/2 self 5/16 counter 2/2 zoner 4/4 switcher 1/1 human 3/3 easy 1/1 idle 2/2 turtle 2/2 hard x3 1/1 sovereign 2/2 expert x2 1/1 hard 1/1 summoner 1/1 | roll 1.7s upd 13.6s
[brain] it 4431 [league 62%] R/ep 10.41 ent 2.17 kl 0.007 | hit/swing 51% dj/min 35.3 blk/min 0.1 abiHit 64 supHit 83 | switcher 2/2 idle 1/1 aerial 1/2 self 2/9 easy 4/4 medium 2/2 turtle 2/3 hard x3 3/4 expert 3/4 counter 1/1 sovereign 2/3 human 1/1 zoner 1/1 | roll 1.4s upd 15.2s
[brain] it 4432 [league 60%] R/ep 7.18 ent 2.23 kl 0.007 | hit/swing 51% dj/min 32.4 blk/min 0.2 abiHit 60 supHit 60 | turtle 2/2 expert 3/3 self 3/8 summoner 1/2 human 2/2 hard x3 0/1 switcher 0/1 sovereign 1/4 medium 2/2 rushdown 1/2 zoner 1/1 expert x2 1/1 easy 2/2 idle 1/1 | roll 1.8s upd 15.8s
[brain] it 4433 [league 59%] R/ep 7.04 ent 2.27 kl 0.009 | hit/swing 53% dj/min 36.6 blk/min 0.3 abiHit 28 supHit 59 | self 3/10 sovereign 2/5 expert 7/7 rushdown 1/2 idle 3/3 easy 1/1 hard 1/1 zoner 2/2 counter 1/1 switcher 1/1 summoner 1/1 hard x3 0/1 human 0/1 | roll 1.5s upd 13.9s
[brain] it 4434 [league 60%] R/ep 12.55 ent 2.13 kl 0.009 | hit/swing 51% dj/min 29.9 blk/min 0.1 abiHit 90 supHit 85 | expert 5/5 self 2/6 turtle 4/4 hard x3 1/2 summoner 1/1 sovereign 4/7 expert x2 5/5 human 2/2 counter 1/1 zoner 1/1 hard 2/2 | roll 1.5s upd 13.4s
[brain] it 4435 [league 61%] R/ep 10.46 ent 2.05 kl 0.006 | hit/swing 64% dj/min 26.0 blk/min 0.1 abiHit 39 supHit 70 | rushdown 3/3 self 1/8 human 1/1 expert 7/7 hard 3/3 sovereign 4/5 summoner 2/2 counter 1/1 easy 2/2 idle 4/4 aerial 1/1 turtle 1/1 | roll 1.3s upd 13.5s
[brain] it 4436 [league 62%] R/ep 9.50 ent 2.20 kl 0.007 | hit/swing 48% dj/min 34.6 blk/min 0.3 abiHit 74 supHit 68 | switcher 1/1 hard 3/3 self 7/10 sovereign 5/6 rushdown 1/2 expert x2 0/1 turtle 1/1 summoner 1/1 human 1/1 idle 1/1 expert 4/4 medium 1/1 easy 1/1 zoner 3/3 | roll 1.6s upd 13.4s
[brain] it 4437 [league 62%] R/ep 8.07 ent 2.35 kl 0.006 | hit/swing 45% dj/min 40.4 blk/min 0.3 abiHit 61 supHit 61 | counter 1/1 self 8/16 switcher 2/2 summoner 2/2 zoner 2/2 sovereign 1/1 expert x2 1/1 rushdown 1/2 hard x3 1/1 turtle 1/1 medium 1/1 idle 1/1 expert 1/1 aerial 0/1 | roll 1.5s upd 14.4s
[brain] it 4438 [league 62%] R/ep 7.74 ent 2.24 kl 0.006 | hit/swing 46% dj/min 37.1 blk/min 0.5 abiHit 40 supHit 61 | self 4/11 easy 1/1 turtle 1/1 counter 2/3 medium 1/1 expert 2/2 summoner 1/1 idle 3/3 hard 1/1 human 1/1 sovereign 1/1 switcher 2/2 rushdown 1/2 aerial 2/3 | roll 1.4s upd 13.2s
[brain] it 4439 [league 64%] R/ep 10.95 ent 2.15 kl 0.008 | hit/swing 51% dj/min 33.1 blk/min 0.2 abiHit 46 supHit 90 | zoner 2/2 hard x3 3/4 turtle 1/2 easy 2/2 self 2/10 rushdown 3/3 expert 5/5 idle 1/1 summoner 1/1 human 1/1 sovereign 5/5 switcher 1/1 aerial 1/1 | roll 1.6s upd 13.2s
[brain] it 4440 [league 65%] R/ep 15.22 ent 2.06 kl 0.007 | hit/swing 63% dj/min 30.3 blk/min 0.3 abiHit 54 supHit 96 | hard 1/1 aerial 4/4 human 3/3 turtle 4/4 self 1/3 sovereign 2/6 counter 4/4 zoner 1/1 easy 1/1 expert 2/2 summoner 2/2 hard x3 2/3 switcher 1/1 medium 1/1 idle 1/1 | roll 1.2s upd 13.4s
[brain] it 4441 [league 66%] R/ep 9.60 ent 2.12 kl 0.009 | hit/swing 58% dj/min 30.2 blk/min 0.2 abiHit 44 supHit 74 | hard 1/1 sovereign 5/7 zoner 1/1 hard x3 1/2 counter 1/1 summoner 3/3 self 6/11 expert 3/3 medium 3/3 aerial 2/2 turtle 1/1 switcher 2/3 expert x2 1/1 | roll 1.5s upd 13.4s
[brain] it 4442 [league 66%] R/ep 10.97 ent 2.20 kl 0.009 | hit/swing 58% dj/min 31.8 blk/min 0.3 abiHit 49 supHit 84 | easy 2/2 medium 1/1 sovereign 4/8 self 5/7 switcher 3/3 expert 5/5 human 1/1 counter 2/2 expert x2 1/2 hard x3 1/1 idle 2/2 rushdown 1/1 hard 1/1 | roll 1.5s upd 13.5s
[brain] it 4443 [league 66%] R/ep 7.49 ent 2.16 kl 0.007 | hit/swing 49% dj/min 32.6 blk/min 0.2 abiHit 70 supHit 75 | self 6/14 expert 3/3 idle 4/4 turtle 3/3 sovereign 2/4 human 2/3 summoner 2/2 counter 1/1 hard 1/1 medium 1/1 expert x2 1/1 | roll 1.3s upd 13.5s
[brain] it 4444 [league 66%] R/ep 10.95 ent 2.23 kl 0.008 | hit/swing 48% dj/min 36.7 blk/min 0.3 abiHit 37 supHit 66 | aerial 1/3 expert 3/3 self 4/8 human 1/1 sovereign 2/2 medium 2/2 turtle 3/3 rushdown 1/2 idle 2/2 expert x2 1/1 hard x3 1/2 hard 1/1 summoner 1/1 | roll 1.4s upd 13.3s
[brain] it 4445 [league 66%] R/ep 10.71 ent 2.04 kl 0.007 | hit/swing 63% dj/min 27.2 blk/min 0.2 abiHit 43 supHit 80 | expert 6/6 easy 3/3 self 6/11 human 1/1 summoner 4/4 sovereign 2/3 aerial 4/4 rushdown 1/2 switcher 0/1 turtle 2/2 idle 2/2 medium 1/1 zoner 3/3 hard x3 0/1 | roll 1.2s upd 13.8s
[brain] it 4446 [league 65%] R/ep 14.03 ent 2.16 kl 0.007 | hit/swing 52% dj/min 32.6 blk/min 0.6 abiHit 45 supHit 73 | zoner 4/4 counter 4/4 self 6/8 sovereign 3/5 rushdown 2/2 expert 4/4 expert x2 1/2 easy 1/1 hard x3 1/1 human 2/2 idle 1/1 turtle 1/1 | roll 1.3s upd 12.2s
[brain] it 4447 [league 63%] R/ep 11.53 ent 2.03 kl 0.008 | hit/swing 60% dj/min 26.3 blk/min 0.0 abiHit 72 supHit 97 | idle 4/4 self 9/14 expert x2 3/3 easy 1/1 expert 3/3 counter 2/2 summoner 2/2 sovereign 0/2 hard 2/2 hard x3 2/3 | roll 1.5s upd 13.3s
[brain] it 4448 [league 61%] R/ep 9.13 ent 2.14 kl 0.007 | hit/swing 42% dj/min 33.5 blk/min 0.3 abiHit 88 supHit 74 | sovereign 1/5 hard x3 0/1 easy 2/2 zoner 3/3 aerial 1/1 hard 3/3 switcher 1/1 self 9/14 expert 3/3 medium 1/1 counter 1/1 expert x2 1/1 rushdown 1/1 | roll 1.5s upd 14.9s
[brain] it 4449 [league 61%] R/ep 8.35 ent 2.18 kl 0.007 | hit/swing 53% dj/min 31.3 blk/min 0.3 abiHit 42 supHit 76 | sovereign 4/6 counter 1/1 switcher 2/2 self 5/12 expert 5/5 summoner 4/4 turtle 2/2 zoner 2/2 hard x3 1/1 medium 2/2 easy 1/1 expert x2 1/1 hard 1/1 aerial 0/1 | roll 1.6s upd 15.3s
[brain] it 4450 [league 60%] R/ep 11.15 ent 2.08 kl 0.008 | hit/swing 62% dj/min 28.4 blk/min 0.2 abiHit 53 supHit 74 | counter 2/2 hard 2/2 expert 7/7 self 2/10 sovereign 2/3 human 2/2 expert x2 1/1 idle 4/4 turtle 1/1 zoner 2/2 hard x3 1/1 switcher 1/1 medium 1/1 | roll 1.8s upd 14.2s
[brain] it 4451 [league 59%] R/ep 14.22 ent 2.05 kl 0.007 | hit/swing 61% dj/min 29.1 blk/min 0.2 abiHit 57 supHit 99 | counter 5/5 expert x2 6/7 hard x3 0/1 sovereign 3/5 idle 5/5 turtle 3/3 medium 1/1 self 0/2 expert 4/4 rushdown 0/1 summoner 1/1 easy 1/1 hard 1/1 | roll 1.4s upd 14.3s
[brain] it 4452 [league 59%] R/ep 13.92 ent 2.01 kl 0.006 | hit/swing 62% dj/min 30.7 blk/min 0.5 abiHit 59 supHit 124 | counter 2/2 expert x2 3/3 idle 2/2 self 5/8 easy 3/3 human 2/3 medium 3/3 hard x3 4/4 switcher 1/1 aerial 1/2 expert 4/5 turtle 1/1 sovereign 2/5 hard 1/1 zoner 1/1 | roll 1.3s upd 15.7s
[brain] it 4453 [league 58%] R/ep 8.03 ent 2.18 kl 0.008 | hit/swing 52% dj/min 34.3 blk/min 0.2 abiHit 51 supHit 76 | human 2/2 expert 4/4 summoner 1/1 self 2/13 expert x2 2/2 hard 1/1 sovereign 2/3 easy 1/1 counter 1/1 medium 2/2 aerial 1/1 idle 2/2 hard x3 1/1 | roll 1.5s upd 14.1s
[brain] it 4454 [league 59%] R/ep 14.20 ent 2.16 kl 0.009 | hit/swing 49% dj/min 35.3 blk/min 0.2 abiHit 73 supHit 85 | expert 5/5 rushdown 4/5 aerial 4/4 self 5/8 counter 1/1 summoner 2/2 zoner 2/2 hard x3 3/3 hard 1/1 sovereign 1/1 switcher 0/1 expert x2 1/1 | roll 1.5s upd 15.6s
[brain] it 4455 [league 59%] R/ep 8.61 ent 2.24 kl 0.008 | hit/swing 43% dj/min 36.1 blk/min 0.3 abiHit 66 supHit 48 | medium 4/4 self 4/10 rushdown 1/2 expert x2 1/1 expert 4/4 turtle 2/2 idle 2/2 counter 2/2 hard x3 0/1 sovereign 1/1 | roll 1.5s upd 14.3s
[brain] it 4456 [league 61%] R/ep 10.65 ent 2.12 kl 0.009 | hit/swing 56% dj/min 30.4 blk/min 0.1 abiHit 63 supHit 72 | expert 4/4 self 4/10 turtle 2/2 hard x3 0/1 sovereign 2/3 medium 1/1 summoner 0/1 switcher 1/1 zoner 1/1 idle 2/2 easy 2/2 counter 1/1 rushdown 2/2 human 2/2 aerial 1/1 expert x2 1/1 | roll 1.5s upd 14.7s
[brain] it 4457 [league 61%] R/ep 7.51 ent 2.19 kl 0.008 | hit/swing 51% dj/min 29.9 blk/min 0.1 abiHit 68 supHit 53 | summoner 2/2 easy 2/2 expert 6/6 self 2/7 sovereign 2/5 human 3/4 switcher 2/2 idle 2/2 rushdown 1/2 | roll 1.4s upd 14.1s
[brain] it 4458 [league 60%] R/ep 8.18 ent 2.12 kl 0.007 | hit/swing 54% dj/min 33.1 blk/min 0.3 abiHit 50 supHit 79 | self 4/10 switcher 2/2 aerial 1/1 sovereign 5/9 counter 5/5 idle 2/2 expert 3/3 human 3/3 medium 1/1 rushdown 1/2 easy 1/1 | roll 1.5s upd 14.5s
[brain] it 4459 [league 60%] R/ep 10.34 ent 2.25 kl 0.008 | hit/swing 55% dj/min 36.4 blk/min 0.3 abiHit 24 supHit 69 | self 4/10 hard x3 0/3 rushdown 1/1 sovereign 3/4 aerial 1/1 easy 1/1 expert x2 1/1 idle 1/1 hard 1/1 zoner 4/4 switcher 2/2 medium 2/2 expert 2/2 counter 1/1 | roll 1.4s upd 14.2s
[brain] it 4460 [league 60%] R/ep 11.80 ent 2.20 kl 0.009 | hit/swing 54% dj/min 32.7 blk/min 0.2 abiHit 53 supHit 72 | self 5/12 hard x3 2/2 sovereign 1/1 easy 1/1 expert 2/2 rushdown 3/3 summoner 0/1 expert x2 3/3 human 1/1 aerial 0/1 idle 2/2 medium 1/1 hard 1/1 turtle 1/1 | roll 1.4s upd 13.8s
[brain] it 4461 [league 60%] R/ep 12.01 ent 2.17 kl 0.008 | hit/swing 48% dj/min 32.8 blk/min 0.3 abiHit 40 supHit 84 | self 6/7 summoner 2/2 sovereign 4/5 human 1/2 medium 3/3 turtle 2/2 counter 2/2 switcher 3/3 easy 2/2 hard 3/3 expert x2 1/2 zoner 1/1 aerial 1/1 | roll 1.7s upd 15.2s
[brain] it 4462 [league 56%] R/ep 10.30 ent 2.01 kl 0.008 | hit/swing 64% dj/min 32.8 blk/min 0.2 abiHit 26 supHit 88 | rushdown 4/4 hard 3/3 expert x2 2/3 hard x3 1/2 self 6/10 expert 4/4 easy 5/5 sovereign 1/5 medium 1/1 idle 2/2 switcher 1/1 | roll 1.4s upd 14.1s
[brain] it 4463 [league 56%] R/ep 8.63 ent 2.16 kl 0.008 | hit/swing 49% dj/min 32.3 blk/min 0.1 abiHit 58 supHit 54 | self 3/10 easy 1/1 expert 7/7 idle 4/4 sovereign 1/1 turtle 1/1 counter 3/3 medium 2/2 summoner 1/1 aerial 2/2 human 0/1 zoner 1/1 hard 1/1 | roll 1.3s upd 14.1s
[brain] it 4464 [league 56%] R/ep 9.77 ent 2.18 kl 0.006 | hit/swing 47% dj/min 35.4 blk/min 0.1 abiHit 67 supHit 70 | expert 5/5 self 5/12 expert x2 2/2 counter 1/1 medium 2/2 hard x3 0/1 easy 2/2 turtle 1/1 zoner 2/2 human 2/2 sovereign 1/1 switcher 1/1 hard 1/1 rushdown 0/1 summoner 1/1 | roll 1.5s upd 16.0s
[brain] it 4465 [league 58%] R/ep 11.19 ent 2.07 kl 0.009 | hit/swing 63% dj/min 30.5 blk/min 0.3 abiHit 35 supHit 79 | sovereign 4/4 hard x3 1/4 self 4/9 human 0/1 rushdown 2/2 switcher 3/3 expert 4/4 counter 1/1 hard 1/1 medium 1/1 summoner 2/2 easy 2/2 zoner 1/1 turtle 1/1 | roll 1.3s upd 13.2s
[brain] it 4466 [league 59%] R/ep 12.56 ent 2.27 kl 0.008 | hit/swing 40% dj/min 38.0 blk/min 0.1 abiHit 60 supHit 57 | expert x2 2/2 medium 2/2 expert 5/6 hard 2/2 idle 2/2 sovereign 2/3 easy 2/2 self 3/4 rushdown 1/1 counter 1/1 switcher 1/1 turtle 1/1 aerial 2/2 human 0/1 | roll 1.5s upd 13.4s
[brain] it 4467 [league 59%] R/ep 7.82 ent 2.22 kl 0.008 | hit/swing 49% dj/min 34.9 blk/min 0.3 abiHit 35 supHit 66 | counter 1/1 zoner 2/2 switcher 2/3 self 5/12 sovereign 2/4 medium 1/1 expert 3/3 easy 2/2 expert x2 2/2 hard x3 0/2 human 1/1 | roll 1.5s upd 13.4s
[brain] it 4468 [league 58%] R/ep 5.74 ent 2.17 kl 0.008 | hit/swing 53% dj/min 31.9 blk/min 0.5 abiHit 24 supHit 70 | idle 2/2 self 4/13 easy 2/2 hard x3 1/2 expert 3/3 sovereign 2/4 counter 4/4 rushdown 2/2 expert x2 0/2 hard 1/1 medium 1/1 | roll 1.3s upd 12.4s
[brain] it 4469 [league 59%] R/ep 10.75 ent 2.18 kl 0.008 | hit/swing 64% dj/min 31.3 blk/min 0.0 abiHit 29 supHit 68 | sovereign 4/7 expert 6/7 hard x3 1/3 human 2/2 self 1/5 idle 3/3 medium 1/1 turtle 1/1 summoner 1/1 zoner 3/3 | roll 1.3s upd 13.4s
[brain] it 4470 [league 58%] R/ep 11.66 ent 2.05 kl 0.009 | hit/swing 50% dj/min 32.4 blk/min 0.0 abiHit 105 supHit 80 | self 7/11 hard 3/3 expert 6/6 rushdown 4/4 sovereign 3/5 human 2/2 idle 1/1 switcher 1/1 summoner 0/1 easy 1/1 turtle 1/1 hard x3 1/1 | roll 1.4s upd 13.3s
[brain] it 4471 [league 59%] R/ep 12.19 ent 2.05 kl 0.008 | hit/swing 62% dj/min 32.4 blk/min 0.3 abiHit 36 supHit 92 | self 7/12 sovereign 4/4 zoner 1/1 summoner 3/3 aerial 4/4 idle 1/1 rushdown 2/2 easy 1/1 expert 3/3 hard x3 2/2 hard 1/1 human 1/1 medium 1/1 turtle 2/2 counter 1/1 | roll 1.4s upd 13.8s
[brain] it 4472 [league 62%] R/ep 10.69 ent 2.08 kl 0.008 | hit/swing 59% dj/min 30.4 blk/min 0.2 abiHit 47 supHit 76 | self 6/12 expert 6/6 turtle 4/4 switcher 1/1 sovereign 5/6 idle 1/1 medium 3/3 hard 3/3 easy 2/2 summoner 1/1 rushdown 1/1 expert x2 1/1 counter 2/2 | roll 1.4s upd 13.3s
[brain] it 4473 [league 62%] R/ep 9.69 ent 2.08 kl 0.010 | hit/swing 53% dj/min 27.4 blk/min 0.1 abiHit 56 supHit 70 | summoner 5/5 self 4/11 turtle 3/3 human 2/2 aerial 1/1 expert 4/4 easy 1/1 rushdown 1/1 hard x3 1/2 idle 1/1 counter 1/1 | roll 1.4s upd 13.5s
[brain] it 4474 [league 66%] R/ep 11.79 ent 2.12 kl 0.008 | hit/swing 59% dj/min 32.5 blk/min 0.1 abiHit 58 supHit 82 | turtle 2/2 sovereign 5/5 expert 7/7 hard 2/2 aerial 2/3 zoner 2/2 self 1/6 rushdown 1/2 hard x3 2/2 human 3/3 summoner 1/1 expert x2 0/1 idle 1/1 | roll 1.2s upd 12.4s
[brain] it 4475 [league 64%] R/ep 10.00 ent 2.00 kl 0.008 | hit/swing 59% dj/min 27.7 blk/min 0.1 abiHit 56 supHit 105 | self 6/12 expert 5/5 sovereign 2/6 summoner 3/3 human 1/1 rushdown 2/2 idle 1/1 medium 2/2 aerial 1/1 hard x3 2/2 turtle 2/2 easy 1/1 expert x2 1/1 switcher 1/1 | roll 1.4s upd 13.3s
[brain] it 4476 [league 65%] R/ep 7.61 ent 2.39 kl 0.008 | hit/swing 47% dj/min 37.4 blk/min 0.5 abiHit 38 supHit 57 | self 5/12 sovereign 5/5 expert 3/3 counter 1/1 rushdown 1/2 summoner 2/2 easy 1/1 switcher 2/2 medium 0/1 hard 2/2 zoner 1/1 | roll 1.6s upd 14.5s
[brain] it 4477 [league 67%] R/ep 9.63 ent 2.19 kl 0.009 | hit/swing 51% dj/min 33.2 blk/min 0.3 abiHit 34 supHit 66 | zoner 1/1 sovereign 2/2 expert 4/4 self 4/9 expert x2 2/2 aerial 0/2 hard x3 1/3 rushdown 1/3 summoner 2/2 easy 2/2 hard 1/1 medium 1/1 | roll 1.3s upd 14.5s
[brain] it 4478 [league 67%] R/ep 13.65 ent 2.08 kl 0.008 | hit/swing 52% dj/min 31.0 blk/min 0.2 abiHit 87 supHit 67 | aerial 2/2 medium 2/2 turtle 2/2 idle 2/2 self 2/6 human 3/3 expert 2/2 switcher 2/2 hard 2/2 counter 3/3 expert x2 1/1 hard x3 1/2 easy 1/1 zoner 1/1 rushdown 2/2 | roll 1.2s upd 13.4s
[brain] it 4479 [league 68%] R/ep 11.09 ent 2.12 kl 0.008 | hit/swing 52% dj/min 36.3 blk/min 0.3 abiHit 46 supHit 94 | self 13/18 zoner 1/1 medium 3/3 counter 2/2 expert x2 1/1 sovereign 4/5 expert 7/7 turtle 1/1 rushdown 1/1 easy 2/2 idle 2/2 aerial 2/3 | roll 1.5s upd 14.3s
[brain] it 4480 [league 68%] R/ep 7.81 ent 2.15 kl 0.007 | hit/swing 44% dj/min 31.1 blk/min 0.1 abiHit 81 supHit 68 | medium 2/2 zoner 2/2 summoner 1/2 self 3/11 counter 3/3 aerial 3/3 easy 1/1 expert x2 2/2 expert 3/3 rushdown 1/1 turtle 1/1 sovereign 0/2 idle 1/1 | roll 1.3s upd 13.3s
[brain] it 4481 [league 66%] R/ep 11.98 ent 2.18 kl 0.008 | hit/swing 48% dj/min 31.2 blk/min 0.1 abiHit 63 supHit 76 | zoner 1/1 counter 2/2 human 2/2 expert x2 4/4 hard 3/3 self 4/8 rushdown 1/1 idle 4/4 turtle 4/4 sovereign 0/2 expert 2/2 aerial 1/1 medium 1/1 switcher 0/1 | roll 1.6s upd 14.9s
[brain] it 4482 [league 65%] R/ep 11.12 ent 2.13 kl 0.010 | hit/swing 60% dj/min 29.0 blk/min 0.1 abiHit 48 supHit 72 | expert x2 3/4 self 2/5 medium 2/2 idle 2/2 sovereign 5/9 human 1/1 aerial 1/1 turtle 1/1 expert 2/2 hard x3 1/2 switcher 1/1 summoner 1/1 easy 4/4 counter 1/1 | roll 1.4s upd 12.1s
[brain] it 4483 [league 65%] R/ep 12.92 ent 2.04 kl 0.008 | hit/swing 58% dj/min 28.6 blk/min 0.1 abiHit 69 supHit 74 | easy 6/6 rushdown 2/2 zoner 1/1 idle 3/3 self 2/9 human 1/1 expert x2 1/1 switcher 3/3 expert 2/2 hard 4/4 counter 1/1 hard x3 1/1 summoner 2/2 turtle 1/1 aerial 1/1 | roll 1.3s upd 13.3s
[brain] it 4484 [league 65%] R/ep 8.73 ent 2.23 kl 0.008 | hit/swing 44% dj/min 32.5 blk/min 0.2 abiHit 72 supHit 52 | self 6/11 expert 1/1 rushdown 0/2 human 1/2 aerial 1/1 counter 1/1 idle 4/4 zoner 2/2 easy 2/2 summoner 3/3 switcher 1/1 sovereign 0/2 hard 1/1 | roll 1.3s upd 13.5s
[brain] it 4485 [league 63%] R/ep 10.57 ent 2.14 kl 0.007 | hit/swing 60% dj/min 33.6 blk/min 0.2 abiHit 37 supHit 88 | sovereign 1/3 self 9/14 switcher 2/2 rushdown 2/2 expert 2/2 summoner 3/3 aerial 2/3 hard 1/1 easy 3/3 medium 1/1 human 1/1 idle 2/2 zoner 1/1 expert x2 2/2 counter 0/1 | roll 1.4s upd 14.4s
[brain] it 4486 [league 66%] R/ep 11.44 ent 2.11 kl 0.007 | hit/swing 54% dj/min 31.2 blk/min 0.3 abiHit 74 supHit 85 | medium 5/5 sovereign 5/6 self 3/9 counter 1/1 expert x2 1/1 human 2/3 expert 3/3 turtle 2/2 hard x3 3/3 rushdown 0/1 hard 1/1 idle 1/1 | roll 1.3s upd 13.3s
[brain] it 4487 [league 66%] R/ep 13.34 ent 2.02 kl 0.007 | hit/swing 68% dj/min 27.3 blk/min 0.3 abiHit 22 supHit 76 | human 1/1 self 5/9 hard 2/2 expert 6/6 idle 4/4 summoner 3/3 sovereign 1/1 turtle 1/2 aerial 2/2 hard x3 2/2 medium 2/2 counter 1/1 zoner 1/1 | roll 1.3s upd 13.4s
[brain] it 4488 [league 64%] R/ep 9.08 ent 2.16 kl 0.008 | hit/swing 52% dj/min 33.2 blk/min 0.1 abiHit 72 supHit 73 | rushdown 3/5 summoner 2/2 sovereign 5/7 easy 1/1 counter 1/1 hard 5/5 zoner 1/1 switcher 2/2 self 1/6 idle 1/1 aerial 1/1 hard x3 0/1 expert 4/4 expert x2 0/1 turtle 1/1 | roll 1.3s upd 13.3s
[brain] it 4489 [league 66%] R/ep 8.04 ent 2.21 kl 0.008 | hit/swing 46% dj/min 29.5 blk/min 0.2 abiHit 69 supHit 58 | human 0/1 self 3/10 zoner 2/2 sovereign 3/3 medium 1/1 expert 4/4 summoner 2/2 counter 2/2 hard x3 1/2 aerial 1/1 turtle 0/1 expert x2 1/1 | roll 1.3s upd 13.4s
[brain] it 4490 [league 65%] R/ep 6.80 ent 2.26 kl 0.009 | hit/swing 57% dj/min 34.3 blk/min 0.5 abiHit 33 supHit 61 | expert 6/6 self 7/10 rushdown 0/2 hard x3 1/2 sovereign 4/8 aerial 1/1 medium 2/2 expert x2 1/1 | roll 1.5s upd 13.6s
[brain] it 4491 [league 61%] R/ep 11.13 ent 2.14 kl 0.008 | hit/swing 66% dj/min 31.0 blk/min 0.2 abiHit 21 supHit 71 | hard 2/2 turtle 3/3 self 5/7 switcher 2/2 zoner 2/2 sovereign 1/6 human 3/3 hard x3 1/1 rushdown 0/1 summoner 1/1 expert x2 1/1 expert 3/3 | roll 1.3s upd 12.4s
[brain] it 4492 [league 62%] R/ep 9.99 ent 2.14 kl 0.007 | hit/swing 59% dj/min 33.2 blk/min 0.3 abiHit 42 supHit 86 | self 5/8 sovereign 3/6 human 4/5 hard 1/1 hard x3 1/2 summoner 4/4 medium 4/4 expert x2 0/1 expert 3/3 aerial 3/3 rushdown 1/1 zoner 1/1 idle 1/1 | roll 1.3s upd 13.3s
[brain] it 4493 [league 60%] R/ep 12.40 ent 2.11 kl 0.008 | hit/swing 56% dj/min 35.4 blk/min 0.2 abiHit 56 supHit 82 | self 6/10 switcher 2/2 turtle 3/3 medium 2/2 hard x3 2/2 human 3/3 hard 2/2 rushdown 1/1 sovereign 2/5 expert x2 1/1 aerial 2/2 zoner 2/2 idle 1/1 summoner 1/1 | roll 1.3s upd 13.7s
[brain] it 4494 [league 62%] R/ep 13.48 ent 2.00 kl 0.008 | hit/swing 57% dj/min 31.1 blk/min 0.2 abiHit 71 supHit 102 | rushdown 3/3 expert 6/6 hard 2/2 idle 3/3 turtle 6/6 sovereign 2/3 medium 4/4 summoner 1/1 self 2/9 hard x3 2/3 human 1/1 zoner 2/2 switcher 1/1 aerial 1/1 | roll 1.5s upd 14.3s
[brain] it 4495 [league 61%] R/ep 8.94 ent 2.17 kl 0.008 | hit/swing 53% dj/min 31.5 blk/min 0.0 abiHit 32 supHit 72 | sovereign 3/5 aerial 1/1 summoner 4/4 switcher 1/1 self 5/10 zoner 2/2 expert 1/2 rushdown 2/3 idle 1/1 human 2/2 hard 1/1 counter 1/1 | roll 1.4s upd 13.3s
[brain] it 4496 [league 60%] R/ep 9.81 ent 2.14 kl 0.009 | hit/swing 61% dj/min 32.7 blk/min 0.1 abiHit 33 supHit 76 | self 2/8 hard x3 0/3 summoner 1/1 easy 5/5 aerial 2/2 expert 8/8 zoner 1/1 sovereign 1/2 idle 2/2 counter 1/1 human 1/1 switcher 1/2 expert x2 1/1 turtle 1/1 | roll 1.2s upd 13.4s
[brain] it 4497 [league 59%] R/ep 11.29 ent 2.09 kl 0.006 | hit/swing 62% dj/min 29.2 blk/min 0.5 abiHit 40 supHit 76 | self 6/12 hard x3 0/1 expert 4/4 zoner 2/2 sovereign 3/5 medium 5/5 hard 2/2 expert x2 1/1 aerial 1/1 easy 1/1 human 2/2 summoner 1/1 switcher 2/2 idle 1/1 | roll 1.3s upd 13.4s
[brain] it 4498 [league 59%] R/ep 13.33 ent 2.14 kl 0.009 | hit/swing 51% dj/min 33.3 blk/min 0.0 abiHit 54 supHit 74 | hard 2/2 expert 6/6 zoner 3/3 easy 1/1 aerial 2/2 rushdown 2/2 sovereign 4/4 self 3/7 idle 3/3 turtle 2/2 counter 2/2 summoner 1/1 human 1/1 expert x2 1/1 | roll 1.3s upd 14.0s
[brain] it 4499 [league 59%] R/ep 12.23 ent 2.07 kl 0.007 | hit/swing 65% dj/min 30.7 blk/min 0.1 abiHit 40 supHit 95 | expert 9/9 idle 5/5 self 3/4 sovereign 5/8 hard 2/2 medium 1/1 human 2/3 summoner 2/3 switcher 2/2 aerial 2/2 turtle 1/1 zoner 1/1 easy 3/3 counter 1/1 rushdown 1/1 | roll 1.2s upd 13.8s
[brain] it 4500 [league 57%] R/ep 9.54 ent 2.07 kl 0.009 | hit/swing 59% dj/min 31.7 blk/min 0.2 abiHit 62 supHit 80 | expert 6/6 self 8/12 hard x3 1/4 summoner 2/2 sovereign 4/7 hard 2/2 medium 1/1 turtle 1/1 human 1/1 switcher 1/1 zoner 2/2 counter 1/1 easy 1/1 | roll 1.4s upd 13.6s
[brain] it 4501 [league 57%] R/ep 6.52 ent 2.22 kl 0.007 | hit/swing 54% dj/min 28.8 blk/min 0.2 abiHit 50 supHit 40 | self 2/6 sovereign 2/3 summoner 1/1 medium 2/2 expert 1/1 rushdown 0/1 aerial 1/1 idle 2/2 turtle 1/1 human 0/1 expert x2 1/2 easy 1/1 hard x3 0/1 | roll 4.9s upd 9.2s
[brain] it 4502 [league 57%] R/ep 13.12 ent 2.10 kl 0.006 | hit/swing 57% dj/min 32.4 blk/min 0.4 abiHit 50 supHit 51 | expert x2 2/2 human 2/2 counter 3/3 hard x3 1/1 aerial 1/2 sovereign 3/4 medium 1/1 self 5/6 expert 1/1 switcher 1/1 easy 1/1 idle 1/1 | roll 4.8s upd 9.0s
[brain] it 4503 [league 59%] R/ep 11.44 ent 2.04 kl 0.009 | hit/swing 57% dj/min 27.9 blk/min 0.3 abiHit 41 supHit 60 | self 4/6 expert x2 2/3 hard x3 0/1 counter 2/2 turtle 2/2 expert 2/2 rushdown 1/1 switcher 1/1 medium 1/1 sovereign 2/4 idle 1/1 easy 2/2 | roll 5.4s upd 9.2s
[brain] it 4504 [league 60%] R/ep 9.03 ent 2.37 kl 0.008 | hit/swing 40% dj/min 37.8 blk/min 0.1 abiHit 46 supHit 54 | self 4/10 sovereign 3/4 expert 3/3 rushdown 2/2 aerial 3/3 counter 2/2 hard 2/2 medium 2/2 idle 1/1 zoner 3/3 switcher 0/1 easy 1/1 turtle 0/1 summoner 1/1 | roll 1.6s upd 13.7s
[brain] it 4505 [league 59%] R/ep 10.43 ent 2.19 kl 0.008 | hit/swing 48% dj/min 35.3 blk/min 0.3 abiHit 62 supHit 72 | aerial 3/3 self 0/7 switcher 4/4 expert 2/2 medium 3/3 summoner 2/2 idle 1/1 counter 1/1 hard x3 3/3 sovereign 1/3 hard 1/1 zoner 1/1 turtle 1/1 rushdown 0/1 | roll 1.3s upd 14.2s
[brain] it 4506 [league 60%] R/ep 12.97 ent 2.16 kl 0.007 | hit/swing 52% dj/min 34.4 blk/min 0.2 abiHit 55 supHit 75 | hard x3 0/1 sovereign 2/4 expert 4/4 hard 1/1 summoner 4/4 human 2/2 self 5/6 aerial 2/4 medium 1/1 rushdown 1/1 easy 1/1 counter 1/1 idle 1/1 expert x2 1/1 | roll 1.4s upd 13.9s
[brain] it 4507 [league 59%] R/ep 10.34 ent 2.17 kl 0.008 | hit/swing 50% dj/min 32.5 blk/min 0.1 abiHit 71 supHit 70 | easy 2/2 expert 4/5 turtle 1/1 human 5/5 self 2/7 expert x2 3/3 aerial 2/2 medium 1/1 idle 4/4 rushdown 0/1 sovereign 0/2 | roll 1.4s upd 14.8s
[brain] it 4508 [league 59%] R/ep 8.93 ent 2.22 kl 0.007 | hit/swing 44% dj/min 33.6 blk/min 0.2 abiHit 78 supHit 65 | sovereign 4/5 rushdown 0/1 idle 1/1 human 3/4 self 2/8 expert 6/6 easy 1/1 turtle 1/1 switcher 3/3 medium 1/1 aerial 0/1 expert x2 1/1 | roll 1.4s upd 14.5s
[brain] it 4509 [league 58%] R/ep 10.42 ent 2.28 kl 0.008 | hit/swing 51% dj/min 31.5 blk/min 0.0 abiHit 40 supHit 71 | self 3/9 idle 5/5 hard 2/2 hard x3 1/1 expert 4/4 summoner 4/4 sovereign 3/5 turtle 1/1 switcher 1/1 expert x2 1/2 zoner 1/1 | roll 1.6s upd 14.4s
[brain] it 4510 [league 58%] R/ep 10.50 ent 2.16 kl 0.006 | hit/swing 59% dj/min 30.3 blk/min 0.0 abiHit 54 supHit 62 | expert 5/5 turtle 4/4 sovereign 4/5 summoner 1/1 switcher 1/1 self 3/8 idle 2/2 easy 1/1 hard 2/2 aerial 2/2 hard x3 1/1 rushdown 1/1 counter 1/1 medium 1/1 | roll 1.3s upd 13.6s
[brain] it 4511 [league 58%] R/ep 10.94 ent 2.19 kl 0.007 | hit/swing 57% dj/min 30.7 blk/min 0.2 abiHit 37 supHit 64 | easy 3/3 switcher 2/2 self 5/9 zoner 1/1 hard 3/3 expert 2/2 expert x2 2/2 sovereign 2/4 turtle 2/2 human 1/1 idle 2/2 | roll 1.4s upd 13.3s
[brain] it 4512 [league 59%] R/ep 11.98 ent 2.11 kl 0.007 | hit/swing 69% dj/min 32.3 blk/min 0.3 abiHit 30 supHit 99 | sovereign 5/6 self 5/10 human 3/4 expert x2 1/1 medium 1/1 hard 1/1 summoner 1/1 switcher 1/1 expert 5/5 zoner 1/1 rushdown 1/1 counter 3/3 idle 1/1 aerial 2/2 easy 3/3 hard x3 1/1 | roll 1.3s upd 13.4s
[brain] it 4513 [league 60%] R/ep 10.16 ent 2.27 kl 0.006 | hit/swing 52% dj/min 30.9 blk/min 0.5 abiHit 68 supHit 56 | medium 4/4 self 5/8 easy 4/4 expert 3/3 expert x2 1/1 sovereign 2/7 hard x3 1/1 turtle 2/2 zoner 1/1 rushdown 1/1 aerial 0/1 counter 1/1 | roll 1.5s upd 13.4s
[brain] it 4514 [league 60%] R/ep 11.83 ent 2.08 kl 0.009 | hit/swing 66% dj/min 29.1 blk/min 0.3 abiHit 33 supHit 93 | sovereign 3/4 easy 5/5 hard x3 0/1 hard 4/4 idle 2/2 medium 3/3 rushdown 0/1 self 3/8 expert 3/3 expert x2 3/3 zoner 1/1 switcher 1/1 human 1/1 counter 2/2 turtle 1/1 | roll 1.3s upd 14.0s
[brain] it 4515 [league 61%] R/ep 11.94 ent 2.20 kl 0.007 | hit/swing 53% dj/min 33.6 blk/min 0.6 abiHit 53 supHit 72 | self 5/10 expert 4/4 sovereign 3/4 switcher 4/4 rushdown 1/1 counter 1/1 turtle 3/3 zoner 1/1 medium 2/2 hard x3 1/2 easy 1/1 | roll 1.4s upd 14.6s
[brain] it 4516 [league 61%] R/ep 11.26 ent 2.16 kl 0.007 | hit/swing 61% dj/min 34.5 blk/min 0.6 abiHit 33 supHit 82 | easy 1/1 idle 1/1 sovereign 4/7 summoner 6/6 self 5/7 expert 3/3 hard x3 2/2 aerial 2/2 medium 3/3 counter 1/1 zoner 1/1 human 1/1 rushdown 1/1 | roll 1.5s upd 13.9s
[brain] it 4517 [league 63%] R/ep 12.86 ent 2.06 kl 0.007 | hit/swing 66% dj/min 33.5 blk/min 0.1 abiHit 46 supHit 86 | expert 10/10 hard x3 0/1 self 3/6 switcher 2/2 rushdown 2/2 hard 3/3 medium 1/1 expert x2 1/3 idle 1/1 sovereign 4/5 aerial 1/1 zoner 1/1 turtle 1/1 human 1/1 | roll 1.3s upd 13.4s
[brain] it 4518 [league 63%] R/ep 9.46 ent 2.19 kl 0.007 | hit/swing 52% dj/min 35.1 blk/min 0.1 abiHit 62 supHit 57 | hard 1/1 self 8/12 summoner 1/1 easy 1/1 hard x3 2/2 rushdown 0/1 sovereign 1/3 idle 2/2 human 2/2 expert 4/4 aerial 0/1 medium 1/1 counter 1/1 | roll 1.5s upd 13.4s
[brain] it 4519 [league 63%] R/ep 11.90 ent 2.19 kl 0.007 | hit/swing 54% dj/min 33.4 blk/min 0.0 abiHit 59 supHit 86 | self 4/11 sovereign 4/4 human 1/1 switcher 1/2 expert 4/4 turtle 3/3 easy 3/3 medium 1/1 zoner 2/2 aerial 3/3 hard x3 1/2 counter 1/1 rushdown 1/1 hard 1/1 | roll 1.2s upd 13.7s
[brain] it 4520 [league 63%] R/ep 9.32 ent 2.25 kl 0.009 | hit/swing 55% dj/min 36.4 blk/min 0.3 abiHit 28 supHit 57 | expert 5/5 rushdown 1/2 hard x3 0/2 self 4/6 idle 1/1 aerial 2/2 summoner 2/2 counter 2/2 sovereign 4/6 expert x2 1/1 easy 1/1 medium 1/1 hard 1/1 | roll 1.6s upd 13.5s
[brain] it 4521 [league 61%] R/ep 9.17 ent 2.21 kl 0.007 | hit/swing 45% dj/min 34.2 blk/min 0.3 abiHit 77 supHit 63 | self 5/13 expert 2/2 idle 3/3 hard x3 3/4 easy 3/3 human 2/2 sovereign 0/2 zoner 2/2 switcher 0/1 medium 2/2 turtle 1/1 counter 1/1 | roll 1.3s upd 13.3s
[brain] it 4522 [league 61%] R/ep 11.38 ent 2.14 kl 0.008 | hit/swing 58% dj/min 29.5 blk/min 0.4 abiHit 40 supHit 75 | sovereign 2/4 self 3/6 turtle 2/2 expert x2 2/2 zoner 3/3 rushdown 2/2 idle 2/2 medium 1/1 summoner 1/1 human 3/4 expert 5/5 hard 3/3 easy 1/1 counter 1/1 hard x3 0/1 aerial 1/1 | roll 1.2s upd 13.3s
[brain] it 4523 [league 61%] R/ep 11.28 ent 2.07 kl 0.008 | hit/swing 53% dj/min 32.9 blk/min 0.2 abiHit 50 supHit 71 | sovereign 3/4 expert 5/5 counter 4/4 zoner 3/3 self 5/8 easy 2/2 human 0/1 aerial 2/2 idle 3/3 turtle 3/3 medium 2/2 expert x2 1/1 hard 3/3 | roll 1.3s upd 13.5s
[brain] it 4524 [league 60%] R/ep 10.90 ent 2.12 kl 0.009 | hit/swing 55% dj/min 33.2 blk/min 0.0 abiHit 45 supHit 80 | easy 4/4 self 6/11 sovereign 1/4 medium 3/3 zoner 2/2 idle 2/2 expert x2 2/2 rushdown 2/2 hard 1/1 expert 3/3 aerial 1/1 turtle 2/2 human 1/1 | roll 1.3s upd 13.4s
[brain] it 4525 [league 61%] R/ep 8.09 ent 2.16 kl 0.008 | hit/swing 55% dj/min 29.5 blk/min 0.0 abiHit 69 supHit 82 | self 2/12 sovereign 6/8 easy 4/4 idle 2/2 expert 3/3 medium 4/4 human 1/1 turtle 2/2 zoner 2/2 switcher 1/1 expert x2 1/2 hard x3 1/1 | roll 1.4s upd 13.6s
[brain] it 4526 [league 61%] R/ep 14.31 ent 2.01 kl 0.007 | hit/swing 67% dj/min 31.7 blk/min 0.2 abiHit 18 supHit 105 | hard 2/2 self 4/8 expert x2 2/3 sovereign 3/4 easy 2/2 switcher 3/3 medium 3/3 counter 1/1 turtle 2/2 expert 2/2 rushdown 1/1 idle 3/3 human 3/3 summoner 2/2 aerial 1/1 hard x3 2/2 | roll 1.2s upd 13.3s
[brain] it 4527 [league 64%] R/ep 13.68 ent 2.00 kl 0.008 | hit/swing 70% dj/min 26.8 blk/min 0.1 abiHit 73 supHit 109 | hard 2/2 idle 3/3 self 6/7 sovereign 7/10 easy 2/2 counter 1/1 expert 10/10 switcher 4/4 summoner 2/2 zoner 2/2 medium 1/1 hard x3 1/2 | roll 1.4s upd 13.6s
[brain] it 4528 [league 63%] R/ep 11.00 ent 2.11 kl 0.008 | hit/swing 59% dj/min 31.8 blk/min 0.1 abiHit 32 supHit 83 | self 10/16 medium 3/3 hard x3 2/3 rushdown 1/2 expert 5/5 counter 1/1 easy 1/1 aerial 2/2 human 1/1 sovereign 0/1 switcher 1/1 summoner 1/1 expert x2 1/1 | roll 1.3s upd 13.3s
[brain] it 4529 [league 63%] R/ep 14.31 ent 2.18 kl 0.008 | hit/swing 55% dj/min 33.8 blk/min 0.2 abiHit 67 supHit 79 | zoner 2/2 switcher 1/1 counter 3/3 sovereign 4/5 expert 8/8 hard 2/2 idle 3/3 self 1/5 expert x2 2/2 easy 3/3 aerial 2/2 hard x3 1/1 rushdown 1/1 summoner 1/1 | roll 1.3s upd 14.6s
[brain] it 4530 [league 64%] R/ep 9.10 ent 2.10 kl 0.007 | hit/swing 52% dj/min 30.4 blk/min 0.0 abiHit 83 supHit 83 | rushdown 1/1 idle 1/1 self 5/14 sovereign 3/4 aerial 2/2 turtle 2/2 expert 2/2 easy 2/2 summoner 1/1 medium 2/2 counter 2/2 hard x3 1/2 switcher 1/1 human 2/2 | roll 1.4s upd 13.6s
[brain] it 4531 [league 64%] R/ep 9.79 ent 2.21 kl 0.009 | hit/swing 53% dj/min 30.4 blk/min 0.3 abiHit 59 supHit 60 | expert 5/5 sovereign 2/3 self 2/6 summoner 2/4 medium 1/1 aerial 4/5 hard x3 0/2 switcher 2/2 counter 1/1 expert x2 1/1 easy 1/1 | roll 1.3s upd 13.4s
[brain] it 4532 [league 63%] R/ep 8.50 ent 2.14 kl 0.007 | hit/swing 51% dj/min 31.1 blk/min 0.3 abiHit 67 supHit 85 | switcher 2/3 sovereign 2/4 medium 2/2 self 6/13 summoner 1/1 expert 7/7 aerial 1/1 hard x3 0/2 idle 2/2 easy 3/3 rushdown 2/2 hard 1/1 zoner 1/1 | roll 1.4s upd 13.4s
[brain] it 4533 [league 64%] R/ep 9.16 ent 2.09 kl 0.006 | hit/swing 60% dj/min 34.4 blk/min 0.1 abiHit 31 supHit 75 | self 5/11 expert 5/5 switcher 1/1 human 2/2 aerial 1/1 sovereign 4/5 rushdown 2/3 easy 2/2 idle 2/2 medium 2/2 hard 4/4 summoner 1/1 | roll 1.3s upd 12.4s
[brain] it 4534 [league 65%] R/ep 12.59 ent 2.17 kl 0.008 | hit/swing 40% dj/min 30.3 blk/min 0.1 abiHit 90 supHit 54 | rushdown 0/1 expert 3/3 self 4/6 counter 1/1 sovereign 5/6 hard x3 2/2 human 1/1 zoner 1/1 easy 1/1 hard 1/1 aerial 1/1 turtle 2/2 expert x2 1/1 summoner 1/2 | roll 1.3s upd 13.4s
[brain] it 4535 [league 67%] R/ep 10.39 ent 2.15 kl 0.009 | hit/swing 52% dj/min 33.6 blk/min 0.1 abiHit 60 supHit 69 | hard x3 2/2 human 2/2 sovereign 4/5 turtle 1/1 idle 5/5 summoner 1/1 self 6/11 expert x2 1/1 medium 1/1 expert 4/5 switcher 1/1 hard 1/1 | roll 1.3s upd 13.3s
[brain] it 4536 [league 67%] R/ep 11.84 ent 2.15 kl 0.007 | hit/swing 60% dj/min 32.2 blk/min 0.3 abiHit 45 supHit 66 | expert 7/7 hard x3 3/3 self 4/9 sovereign 2/3 aerial 1/3 idle 1/1 zoner 2/2 counter 1/1 medium 3/3 hard 2/2 switcher 0/1 easy 1/1 turtle 1/1 rushdown 1/1 | roll 1.3s upd 14.5s
[brain] it 4537 [league 64%] R/ep 9.48 ent 2.15 kl 0.007 | hit/swing 57% dj/min 30.3 blk/min 0.1 abiHit 65 supHit 67 | rushdown 1/2 easy 5/5 sovereign 0/4 medium 3/3 expert 6/6 self 2/8 hard x3 0/1 idle 4/4 aerial 2/2 switcher 2/2 turtle 1/1 expert x2 1/1 human 1/1 | roll 1.4s upd 13.5s
[brain] it 4538 [league 64%] R/ep 11.23 ent 2.07 kl 0.007 | hit/swing 58% dj/min 27.3 blk/min 0.2 abiHit 75 supHit 83 | switcher 7/7 hard 4/4 aerial 2/2 rushdown 3/3 expert 2/2 sovereign 1/3 hard x3 0/2 self 4/8 idle 1/1 summoner 2/2 easy 2/2 expert x2 1/1 medium 1/1 | roll 1.4s upd 13.2s
[brain] it 4539 [league 65%] R/ep 9.06 ent 2.18 kl 0.007 | hit/swing 53% dj/min 31.8 blk/min 0.0 abiHit 53 supHit 58 | expert 3/4 self 5/8 sovereign 4/5 zoner 1/1 hard x3 1/2 turtle 1/1 rushdown 2/2 expert x2 1/1 idle 1/1 aerial 0/1 switcher 1/1 easy 2/2 | roll 1.3s upd 13.4s
[brain] it 4540 [league 64%] R/ep 13.98 ent 2.08 kl 0.008 | hit/swing 61% dj/min 31.5 blk/min 0.0 abiHit 40 supHit 90 | switcher 4/4 hard 2/2 self 4/6 sovereign 4/7 idle 1/1 zoner 1/1 easy 4/4 expert 3/3 rushdown 2/2 aerial 1/1 hard x3 2/2 summoner 1/1 turtle 1/1 human 1/1 | roll 1.2s upd 13.4s
[brain] it 4541 [league 64%] R/ep 13.26 ent 2.01 kl 0.006 | hit/swing 62% dj/min 29.2 blk/min 0.0 abiHit 77 supHit 83 | self 4/10 easy 4/4 idle 3/3 human 3/3 medium 1/1 zoner 2/2 turtle 2/2 switcher 1/1 summoner 1/1 rushdown 2/2 expert x2 2/2 hard x3 0/1 aerial 1/1 expert 4/4 hard 1/1 | roll 1.2s upd 13.4s
[brain] it 4542 [league 63%] R/ep 11.56 ent 2.16 kl 0.008 | hit/swing 51% dj/min 32.1 blk/min 0.1 abiHit 64 supHit 77 | self 7/12 expert 10/10 switcher 1/2 summoner 3/3 hard x3 1/2 zoner 2/2 human 3/3 medium 1/1 sovereign 0/1 hard 1/1 turtle 1/1 counter 1/1 | roll 1.4s upd 13.4s
[brain] it 4543 [league 64%] R/ep 8.93 ent 2.20 kl 0.009 | hit/swing 47% dj/min 32.4 blk/min 0.1 abiHit 52 supHit 58 | sovereign 4/5 zoner 2/2 turtle 1/1 self 2/9 human 4/4 expert 4/4 switcher 1/1 counter 2/2 summoner 1/1 idle 2/2 medium 1/1 expert x2 1/1 | roll 1.3s upd 13.3s
[brain] it 4544 [league 64%] R/ep 11.50 ent 1.97 kl 0.008 | hit/swing 63% dj/min 32.1 blk/min 0.1 abiHit 36 supHit 102 | expert 8/8 sovereign 4/6 turtle 2/3 hard x3 1/1 aerial 1/1 hard 2/2 self 4/7 rushdown 2/3 zoner 1/1 easy 5/5 idle 3/3 medium 1/1 switcher 0/1 expert x2 1/1 human 1/1 | roll 1.2s upd 12.3s
[brain] it 4545 [league 66%] R/ep 11.76 ent 2.10 kl 0.007 | hit/swing 64% dj/min 30.1 blk/min 0.1 abiHit 46 supHit 76 | summoner 2/2 hard 2/2 medium 2/2 easy 2/2 self 6/11 expert 2/2 rushdown 2/2 expert x2 1/2 human 2/2 sovereign 3/4 hard x3 1/1 zoner 1/1 switcher 1/1 turtle 2/2 aerial 1/1 idle 1/1 | roll 1.2s upd 13.3s
[brain] it 4546 [league 66%] R/ep 12.26 ent 2.12 kl 0.008 | hit/swing 54% dj/min 32.0 blk/min 0.2 abiHit 73 supHit 89 | expert 5/5 zoner 2/2 expert x2 2/2 self 7/13 sovereign 4/6 hard x3 2/2 aerial 3/3 counter 1/1 easy 1/1 hard 1/1 idle 2/2 summoner 1/1 rushdown 1/1 | roll 1.4s upd 13.2s
[brain] it 4547 [league 66%] R/ep 8.93 ent 2.26 kl 0.008 | hit/swing 43% dj/min 36.0 blk/min 0.1 abiHit 55 supHit 49 | self 3/8 sovereign 4/6 expert 2/2 rushdown 0/1 summoner 3/3 aerial 1/1 hard 1/1 idle 2/2 turtle 2/2 zoner 1/1 hard x3 1/1 easy 1/1 | roll 1.3s upd 12.2s
[brain] it 4548 [league 65%] R/ep 10.92 ent 2.20 kl 0.007 | hit/swing 45% dj/min 31.5 blk/min 0.1 abiHit 76 supHit 65 | expert 4/4 expert x2 1/1 zoner 2/2 sovereign 4/7 self 4/6 aerial 4/4 medium 2/2 human 1/1 rushdown 1/1 counter 1/1 hard x3 0/1 hard 1/1 summoner 1/1 easy 1/1 | roll 1.5s upd 14.6s
[brain] it 4549 [league 64%] R/ep 9.44 ent 2.13 kl 0.006 | hit/swing 50% dj/min 35.3 blk/min 0.2 abiHit 50 supHit 75 | self 5/12 hard 2/2 sovereign 2/5 switcher 2/2 human 4/4 idle 1/1 easy 2/2 expert 2/2 turtle 1/2 aerial 1/1 zoner 1/1 rushdown 0/1 | roll 1.2s upd 13.4s
[brain] it 4550 [league 63%] R/ep 7.58 ent 2.16 kl 0.008 | hit/swing 49% dj/min 31.4 blk/min 0.1 abiHit 67 supHit 62 | sovereign 4/7 summoner 2/2 rushdown 1/1 zoner 1/1 hard x3 0/1 self 4/10 expert x2 1/2 switcher 1/2 expert 4/4 easy 1/1 hard 1/1 aerial 0/1 medium 2/2 turtle 1/1 | roll 1.3s upd 13.3s
[brain] it 4551 [league 62%] R/ep 11.27 ent 2.03 kl 0.008 | hit/swing 64% dj/min 30.1 blk/min 0.2 abiHit 40 supHit 87 | idle 1/1 summoner 2/2 self 4/11 expert 7/7 turtle 2/2 easy 3/3 sovereign 0/1 human 1/1 aerial 1/2 medium 2/2 counter 2/2 hard 1/1 switcher 1/1 expert x2 1/1 rushdown 2/2 hard x3 1/1 | roll 1.2s upd 13.4s
[brain] it 4552 [league 60%] R/ep 9.04 ent 2.15 kl 0.008 | hit/swing 53% dj/min 29.8 blk/min 0.0 abiHit 57 supHit 72 | self 2/8 idle 2/2 zoner 2/2 medium 4/4 summoner 1/1 human 1/2 turtle 1/1 sovereign 1/5 expert 4/4 aerial 3/3 expert x2 2/2 hard 1/1 counter 1/1 easy 1/1 rushdown 1/1 | roll 1.4s upd 14.7s
[brain] it 4553 [league 60%] R/ep 14.81 ent 2.09 kl 0.007 | hit/swing 58% dj/min 30.4 blk/min 0.5 abiHit 71 supHit 96 | expert x2 2/2 summoner 3/3 self 7/7 expert 5/5 switcher 2/2 easy 2/2 medium 3/3 aerial 1/2 human 4/4 sovereign 2/3 counter 2/2 rushdown 1/1 hard 2/2 turtle 1/1 zoner 1/1 | roll 1.3s upd 14.4s
[brain] it 4554 [league 58%] R/ep 12.88 ent 2.00 kl 0.007 | hit/swing 71% dj/min 27.9 blk/min 0.1 abiHit 39 supHit 108 | expert 8/8 human 2/2 summoner 3/3 medium 4/4 self 5/9 hard 3/3 easy 2/2 counter 3/3 switcher 3/3 hard x3 1/1 idle 3/3 sovereign 1/3 expert x2 1/1 zoner 1/1 | roll 1.3s upd 13.6s
[brain] it 4555 [league 58%] R/ep 12.36 ent 2.11 kl 0.009 | hit/swing 60% dj/min 32.5 blk/min 0.0 abiHit 31 supHit 86 | idle 4/4 sovereign 3/5 turtle 2/2 expert 5/5 self 4/8 human 3/3 zoner 1/1 aerial 4/4 counter 1/1 hard 1/1 rushdown 2/3 medium 2/2 expert x2 1/1 easy 1/1 | roll 1.4s upd 13.2s
[brain] it 4556 [league 60%] R/ep 15.34 ent 2.03 kl 0.007 | hit/swing 60% dj/min 24.5 blk/min 0.0 abiHit 82 supHit 78 | sovereign 4/4 self 5/6 switcher 1/2 expert 5/5 counter 2/2 turtle 2/2 easy 3/3 medium 2/2 zoner 3/3 idle 3/3 summoner 2/2 expert x2 3/3 aerial 1/1 rushdown 1/1 hard 1/1 | roll 1.2s upd 19.4s
[brain] it 4557 [league 58%] R/ep 9.64 ent 2.14 kl 0.008 | hit/swing 65% dj/min 34.1 blk/min 0.1 abiHit 37 supHit 82 | self 6/14 easy 1/1 idle 1/1 expert 3/3 sovereign 3/5 hard x3 1/2 zoner 3/3 aerial 1/1 rushdown 2/3 hard 2/2 counter 2/2 medium 2/2 expert x2 2/2 | roll 2.0s upd 22.5s
[brain] it 4558 [league 59%] R/ep 10.56 ent 2.17 kl 0.006 | hit/swing 52% dj/min 30.6 blk/min 0.1 abiHit 47 supHit 67 | sovereign 3/3 medium 3/3 aerial 2/2 summoner 1/3 human 1/1 expert 6/6 self 2/10 turtle 2/2 rushdown 1/1 hard 4/4 zoner 1/1 idle 1/1 hard x3 1/1 | roll 1.5s upd 17.2s
[brain] it 4559 [league 59%] R/ep 11.66 ent 2.09 kl 0.009 | hit/swing 55% dj/min 31.5 blk/min 0.4 abiHit 76 supHit 89 | expert 5/5 hard x3 1/2 zoner 1/1 switcher 2/2 self 4/12 turtle 1/1 aerial 1/1 sovereign 3/3 expert x2 1/1 counter 4/4 hard 1/1 rushdown 1/1 easy 2/2 idle 1/1 medium 1/1 | roll 1.3s upd 14.6s
[brain] it 4560 [league 61%] R/ep 6.69 ent 2.19 kl 0.007 | hit/swing 48% dj/min 34.1 blk/min 0.2 abiHit 46 supHit 65 | self 4/12 counter 1/1 sovereign 4/7 zoner 1/1 idle 2/2 summoner 1/1 rushdown 3/3 medium 1/1 hard 2/2 human 1/1 expert 1/1 | roll 1.6s upd 13.4s
[brain] it 4561 [league 62%] R/ep 11.34 ent 2.12 kl 0.007 | hit/swing 46% dj/min 31.0 blk/min 0.3 abiHit 82 supHit 71 | self 9/11 hard x3 1/2 rushdown 0/1 hard 1/1 turtle 2/2 sovereign 2/4 human 3/3 idle 3/3 zoner 1/1 expert 5/5 switcher 1/1 easy 1/1 aerial 1/1 | roll 1.3s upd 13.6s
[brain] it 4562 [league 63%] R/ep 10.01 ent 2.08 kl 0.007 | hit/swing 62% dj/min 28.6 blk/min 0.1 abiHit 43 supHit 90 | self 6/14 expert 3/3 idle 3/3 summoner 2/2 sovereign 5/5 medium 2/2 human 2/2 hard 4/4 switcher 2/2 expert x2 2/3 counter 1/1 rushdown 1/1 hard x3 0/2 zoner 1/1 | roll 1.5s upd 15.7s
[brain] it 4563 [league 64%] R/ep 7.11 ent 2.20 kl 0.007 | hit/swing 45% dj/min 34.2 blk/min 0.1 abiHit 45 supHit 75 | self 3/10 sovereign 4/6 expert 6/6 expert x2 1/2 medium 1/1 switcher 1/1 turtle 2/2 hard x3 1/1 rushdown 0/1 idle 1/1 hard 1/1 aerial 2/2 human 1/1 | roll 1.5s upd 15.5s
[brain] it 4564 [league 64%] R/ep 9.01 ent 2.18 kl 0.007 | hit/swing 53% dj/min 35.5 blk/min 0.2 abiHit 51 supHit 68 | medium 3/3 expert 5/5 self 6/14 aerial 2/3 sovereign 2/2 zoner 3/3 switcher 1/1 easy 3/3 counter 3/3 hard 1/1 rushdown 1/1 human 1/1 | roll 1.5s upd 13.6s
[brain] it 4565 [league 64%] R/ep 13.14 ent 2.06 kl 0.007 | hit/swing 63% dj/min 27.7 blk/min 0.1 abiHit 76 supHit 91 | summoner 3/3 expert 5/5 easy 1/1 self 5/10 turtle 1/1 human 2/2 sovereign 3/4 counter 3/3 medium 2/2 hard x3 2/3 hard 2/2 aerial 1/1 zoner 1/1 expert x2 1/1 | roll 1.4s upd 14.4s
[brain] it 4566 [league 66%] R/ep 11.36 ent 2.07 kl 0.006 | hit/swing 59% dj/min 28.7 blk/min 0.3 abiHit 66 supHit 81 | sovereign 6/6 self 6/10 turtle 1/1 idle 2/2 hard 2/2 expert 8/8 medium 2/2 zoner 2/2 aerial 2/2 human 2/2 summoner 3/3 easy 1/1 switcher 0/1 rushdown 0/1 expert x2 1/1 | roll 1.5s upd 13.4s
[brain] it 4567 [league 65%] R/ep 8.59 ent 2.17 kl 0.007 | hit/swing 50% dj/min 28.7 blk/min 0.2 abiHit 77 supHit 60 | summoner 2/2 self 4/9 sovereign 4/7 easy 1/1 turtle 1/1 expert 6/6 counter 2/2 zoner 1/1 idle 1/1 hard 2/2 medium 1/1 aerial 1/1 expert x2 0/1 | roll 1.3s upd 13.4s
[brain] it 4568 [league 66%] R/ep 10.78 ent 2.24 kl 0.007 | hit/swing 41% dj/min 33.5 blk/min 0.1 abiHit 77 supHit 52 | summoner 1/1 idle 2/2 expert 6/6 medium 1/1 zoner 3/3 self 6/8 expert x2 1/2 switcher 1/2 rushdown 0/1 sovereign 2/3 turtle 1/1 | roll 1.3s upd 13.3s
[brain] it 4569 [league 66%] R/ep 12.85 ent 2.17 kl 0.007 | hit/swing 56% dj/min 30.9 blk/min 0.1 abiHit 36 supHit 78 | self 6/8 human 4/4 zoner 2/2 sovereign 4/5 expert 2/2 aerial 2/2 counter 2/2 switcher 3/3 turtle 3/3 summoner 1/2 easy 2/2 rushdown 1/1 | roll 1.3s upd 13.4s
[brain] it 4570 [league 67%] R/ep 8.07 ent 2.16 kl 0.006 | hit/swing 52% dj/min 32.9 blk/min 0.2 abiHit 25 supHit 55 | human 2/2 expert 5/6 expert x2 1/1 self 3/9 rushdown 1/1 aerial 2/2 easy 1/1 medium 1/1 sovereign 4/4 hard 2/2 switcher 0/1 turtle 1/1 idle 1/1 | roll 1.3s upd 13.3s
[brain] it 4571 [league 70%] R/ep 13.27 ent 2.09 kl 0.006 | hit/swing 63% dj/min 26.2 blk/min 0.3 abiHit 63 supHit 91 | expert 5/5 self 4/6 sovereign 5/6 idle 5/5 zoner 1/1 medium 2/2 easy 2/2 hard x3 1/3 aerial 1/1 switcher 1/1 expert x2 1/2 turtle 2/2 hard 2/2 human 1/1 rushdown 0/1 | roll 1.2s upd 13.6s
[brain] it 4572 [league 71%] R/ep 10.56 ent 2.10 kl 0.007 | hit/swing 52% dj/min 29.6 blk/min 0.3 abiHit 74 supHit 89 | rushdown 2/2 counter 1/1 self 6/12 hard x3 1/3 hard 3/3 idle 2/2 medium 2/2 sovereign 3/4 expert 6/6 aerial 1/1 human 0/1 | roll 1.2s upd 12.6s
[brain] it 4573 [league 72%] R/ep 11.95 ent 2.14 kl 0.007 | hit/swing 53% dj/min 31.0 blk/min 0.1 abiHit 60 supHit 76 | easy 5/5 self 3/6 hard 2/2 expert 3/3 rushdown 3/3 summoner 1/2 idle 1/1 medium 1/1 sovereign 4/5 human 1/2 switcher 1/1 zoner 1/1 counter 1/1 aerial 2/2 expert x2 1/1 hard x3 0/1 | roll 1.3s upd 14.6s
[brain] it 4574 [league 75%] R/ep 7.91 ent 2.15 kl 0.008 | hit/swing 52% dj/min 37.4 blk/min 0.3 abiHit 35 supHit 64 | counter 1/1 sovereign 7/10 self 6/11 expert 6/6 summoner 1/1 medium 1/1 easy 3/3 zoner 1/1 hard 1/1 idle 1/1 switcher 1/1 human 2/2 | roll 1.3s upd 13.2s
[brain] it 4575 [league 76%] R/ep 12.83 ent 2.14 kl 0.008 | hit/swing 46% dj/min 33.9 blk/min 0.2 abiHit 87 supHit 90 | human 5/5 self 3/8 turtle 2/2 expert 2/2 idle 3/3 sovereign 2/4 summoner 2/2 counter 2/2 easy 2/2 hard x3 2/2 aerial 1/1 hard 1/1 zoner 1/1 rushdown 2/2 expert x2 1/1 | roll 1.5s upd 15.5s
[brain] it 4576 [league 76%] R/ep 9.49 ent 2.11 kl 0.007 | hit/swing 65% dj/min 30.4 blk/min 0.1 abiHit 24 supHit 82 | self 3/10 expert x2 2/2 medium 2/2 sovereign 7/9 expert 3/3 idle 1/1 turtle 2/2 counter 2/2 hard 3/3 easy 1/1 switcher 3/3 | roll 1.3s upd 13.5s
[brain] it 4577 [league 76%] R/ep 13.68 ent 2.19 kl 0.008 | hit/swing 58% dj/min 28.3 blk/min 0.2 abiHit 68 supHit 65 | aerial 3/3 turtle 3/3 expert x2 3/4 sovereign 4/5 self 4/5 expert 4/4 switcher 1/1 human 1/1 idle 2/2 easy 1/1 medium 3/3 counter 1/1 | roll 1.3s upd 14.3s
[brain] it 4578 [league 75%] R/ep 11.43 ent 2.11 kl 0.007 | hit/swing 58% dj/min 35.0 blk/min 0.2 abiHit 31 supHit 94 | idle 1/1 counter 3/3 expert x2 3/3 summoner 0/1 zoner 4/4 aerial 3/3 easy 4/4 self 6/12 expert 3/3 turtle 2/2 rushdown 3/3 sovereign 3/4 hard x3 0/1 medium 1/1 switcher 1/1 | roll 1.4s upd 14.4s
[brain] it 4579 [league 77%] R/ep 15.42 ent 1.99 kl 0.006 | hit/swing 71% dj/min 25.6 blk/min 0.0 abiHit 45 supHit 108 | expert 8/8 hard 1/1 self 5/8 sovereign 6/6 easy 7/7 summoner 3/4 rushdown 3/3 hard x3 2/2 zoner 2/2 switcher 1/1 turtle 1/1 expert x2 1/1 counter 1/1 medium 1/1 | roll 1.2s upd 13.3s
[brain] it 4580 [league 79%] R/ep 12.11 ent 2.13 kl 0.007 | hit/swing 51% dj/min 30.5 blk/min 0.0 abiHit 69 supHit 75 | expert 9/9 sovereign 4/5 aerial 1/2 idle 2/2 self 2/6 summoner 2/2 turtle 1/1 rushdown 2/2 medium 1/1 expert x2 2/2 easy 2/2 counter 2/2 human 1/1 switcher 1/1 | roll 1.3s upd 13.3s
[brain] it 4581 [league 79%] R/ep 8.79 ent 2.12 kl 0.007 | hit/swing 52% dj/min 29.7 blk/min 0.0 abiHit 70 supHit 86 | sovereign 5/5 hard 4/4 self 5/12 idle 3/3 aerial 3/3 easy 3/3 expert 3/3 summoner 2/2 turtle 1/1 zoner 1/1 hard x3 0/2 | roll 1.3s upd 13.4s
[brain] it 4582 [league 79%] R/ep 10.45 ent 2.17 kl 0.006 | hit/swing 45% dj/min 30.7 blk/min 0.3 abiHit 74 supHit 58 | medium 3/3 self 4/7 hard x3 1/1 aerial 0/1 turtle 1/2 switcher 1/1 expert x2 1/1 rushdown 1/1 counter 1/1 expert 3/4 sovereign 1/1 human 1/2 hard 1/1 summoner 1/1 | roll 1.3s upd 13.6s
[brain] it 4583 [league 80%] R/ep 6.84 ent 2.23 kl 0.006 | hit/swing 50% dj/min 32.0 blk/min 0.3 abiHit 72 supHit 52 | expert 4/4 sovereign 5/6 self 2/12 easy 2/2 rushdown 0/1 counter 3/3 turtle 1/1 idle 1/1 expert x2 1/1 switcher 1/1 human 1/1 hard 1/1 | roll 1.3s upd 13.3s
[brain] it 4584 [league 81%] R/ep 11.68 ent 2.20 kl 0.006 | hit/swing 60% dj/min 34.3 blk/min 0.2 abiHit 49 supHit 66 | expert 8/9 self 5/11 expert x2 1/1 medium 3/3 human 1/1 rushdown 0/1 aerial 1/1 summoner 1/1 hard x3 1/1 zoner 2/2 sovereign 3/3 idle 1/1 hard 1/1 | roll 1.3s upd 13.4s
[brain] it 4585 [league 80%] R/ep 9.53 ent 2.34 kl 0.010 | hit/swing 43% dj/min 35.3 blk/min 0.0 abiHit 63 supHit 36 | summoner 3/3 human 4/4 sovereign 2/3 rushdown 1/1 self 2/5 aerial 1/1 switcher 0/1 hard 1/1 zoner 1/1 turtle 1/1 counter 1/1 medium 1/1 easy 2/2 expert x2 0/1 | roll 1.3s upd 13.2s
[brain] it 4586 [league 77%] R/ep 10.28 ent 2.07 kl 0.008 | hit/swing 62% dj/min 34.4 blk/min 0.1 abiHit 19 supHit 94 | sovereign 1/4 hard 4/4 turtle 3/3 self 5/12 summoner 2/2 switcher 2/2 expert 4/4 medium 1/1 counter 1/1 easy 1/1 aerial 4/4 idle 3/3 human 1/1 zoner 1/1 rushdown 1/1 | roll 1.2s upd 13.6s
[brain] it 4587 [league 77%] R/ep 8.37 ent 2.31 kl 0.008 | hit/swing 40% dj/min 40.7 blk/min 0.3 abiHit 54 supHit 61 | self 4/11 aerial 2/2 rushdown 2/3 zoner 1/1 medium 4/4 expert 4/4 idle 1/1 easy 2/2 expert x2 1/1 summoner 1/1 sovereign 1/1 counter 1/1 | roll 1.3s upd 13.2s
[brain] it 4588 [league 78%] R/ep 10.49 ent 2.11 kl 0.008 | hit/swing 62% dj/min 31.7 blk/min 0.4 abiHit 37 supHit 92 | turtle 1/1 self 8/12 hard 3/3 switcher 3/3 sovereign 4/6 expert 4/4 expert x2 2/2 rushdown 1/1 counter 2/2 easy 2/2 aerial 1/1 human 0/1 idle 2/2 hard x3 0/1 | roll 1.3s upd 13.3s
[brain] it 4589 [league 77%] R/ep 7.24 ent 2.32 kl 0.007 | hit/swing 44% dj/min 33.2 blk/min 0.1 abiHit 68 supHit 36 | self 4/9 sovereign 2/5 summoner 2/2 expert 2/2 turtle 2/2 easy 1/1 aerial 2/2 zoner 1/1 counter 1/1 hard 1/1 expert x2 1/1 | roll 1.6s upd 14.3s
[brain] it 4590 [league 77%] R/ep 11.59 ent 2.05 kl 0.007 | hit/swing 65% dj/min 30.8 blk/min 0.1 abiHit 63 supHit 94 | human 2/3 self 0/6 idle 3/3 counter 1/1 aerial 1/1 easy 4/4 sovereign 5/5 expert 8/9 turtle 1/1 expert x2 2/2 medium 1/1 summoner 1/1 rushdown 2/3 switcher 2/2 hard x3 0/1 | roll 1.2s upd 13.8s
[brain] it 4591 [league 76%] R/ep 9.17 ent 2.23 kl 0.009 | hit/swing 60% dj/min 35.6 blk/min 0.1 abiHit 21 supHit 69 | expert 5/5 hard 3/3 self 7/11 idle 2/2 sovereign 3/4 human 3/3 expert x2 1/2 medium 1/1 summoner 4/4 turtle 1/1 easy 1/1 | roll 1.3s upd 14.1s
[brain] it 4592 [league 76%] R/ep 10.37 ent 2.22 kl 0.010 | hit/swing 57% dj/min 33.1 blk/min 0.5 abiHit 60 supHit 87 | self 7/11 summoner 2/2 aerial 3/3 expert x2 1/3 hard x3 1/2 expert 2/2 hard 4/4 idle 2/2 counter 1/1 turtle 2/2 human 1/1 zoner 1/1 sovereign 4/6 | roll 1.5s upd 13.3s
[brain] it 4593 [league 74%] R/ep 9.42 ent 2.22 kl 0.007 | hit/swing 58% dj/min 33.7 blk/min 0.1 abiHit 40 supHit 72 | self 2/8 aerial 1/1 sovereign 5/8 expert x2 3/3 switcher 1/1 turtle 2/2 expert 4/4 human 2/2 summoner 1/1 medium 1/1 hard 2/2 counter 1/1 | roll 1.3s upd 13.3s
[brain] it 4594 [league 72%] R/ep 9.74 ent 2.18 kl 0.007 | hit/swing 52% dj/min 30.2 blk/min 0.1 abiHit 92 supHit 58 | self 4/7 counter 1/1 expert 6/6 hard 1/1 medium 2/2 switcher 2/3 zoner 1/1 sovereign 2/5 summoner 1/1 aerial 2/2 idle 1/1 expert x2 0/1 human 2/2 rushdown 1/2 | roll 1.2s upd 13.5s
[brain] it 4595 [league 71%] R/ep 9.06 ent 2.14 kl 0.007 | hit/swing 46% dj/min 32.8 blk/min 0.3 abiHit 76 supHit 84 | expert x2 1/1 hard 3/3 expert 5/5 idle 4/4 summoner 2/2 self 5/12 aerial 2/2 switcher 2/3 human 1/1 sovereign 2/4 counter 1/1 medium 1/1 rushdown 1/1 | roll 1.3s upd 13.1s
[brain] it 4596 [league 70%] R/ep 4.67 ent 2.29 kl 0.007 | hit/swing 40% dj/min 34.2 blk/min 0.3 abiHit 65 supHit 48 | idle 1/1 self 2/5 sovereign 2/6 switcher 2/2 aerial 0/1 expert x2 0/1 easy 1/1 medium 2/2 hard 1/1 human 2/3 rushdown 1/1 hard x3 0/1 summoner 1/1 | roll 1.3s upd 13.2s
[brain] it 4597 [league 70%] R/ep 14.26 ent 2.15 kl 0.007 | hit/swing 47% dj/min 30.6 blk/min 0.1 abiHit 93 supHit 73 | aerial 1/2 self 5/9 expert 11/11 hard 3/3 sovereign 2/3 zoner 3/3 medium 2/2 turtle 3/3 expert x2 1/1 hard x3 1/1 | roll 1.2s upd 13.4s
[brain] it 4598 [league 71%] R/ep 13.39 ent 2.22 kl 0.008 | hit/swing 54% dj/min 33.4 blk/min 0.1 abiHit 65 supHit 70 | zoner 3/3 expert 5/5 self 3/9 easy 2/2 counter 2/3 human 1/1 rushdown 1/2 aerial 2/2 expert x2 2/2 turtle 1/1 summoner 2/2 sovereign 1/1 hard x3 2/2 medium 1/1 hard 1/1 | roll 1.6s upd 13.6s
[brain] it 4599 [league 71%] R/ep 11.76 ent 2.16 kl 0.010 | hit/swing 56% dj/min 33.3 blk/min 0.1 abiHit 50 supHit 94 | expert x2 1/1 self 9/13 switcher 4/4 sovereign 5/5 aerial 2/2 easy 1/1 idle 1/1 hard x3 1/2 turtle 2/2 expert 3/3 counter 1/1 medium 1/1 hard 1/1 | roll 1.4s upd 13.3s
[brain] it 4600 [league 72%] R/ep 10.77 ent 2.24 kl 0.009 | hit/swing 46% dj/min 35.8 blk/min 0.2 abiHit 119 supHit 67 | expert x2 2/2 sovereign 5/5 easy 5/5 self 4/8 idle 1/1 counter 2/3 rushdown 1/1 expert 4/4 aerial 1/1 hard 1/1 summoner 1/1 human 2/2 turtle 1/1 | roll 1.3s upd 13.3s
[brain] it 4601 [league 68%] R/ep 11.96 ent 2.09 kl 0.008 | hit/swing 61% dj/min 31.6 blk/min 0.2 abiHit 27 supHit 93 | hard x3 1/1 sovereign 2/7 expert 2/2 expert x2 4/4 turtle 1/1 zoner 1/1 self 5/9 medium 3/3 easy 2/2 human 4/4 hard 1/1 idle 1/1 rushdown 1/1 | roll 1.4s upd 13.5s
[brain] it 4602 [league 67%] R/ep 10.22 ent 2.13 kl 0.010 | hit/swing 60% dj/min 31.9 blk/min 0.2 abiHit 55 supHit 75 | rushdown 3/3 counter 3/3 expert 3/3 hard x3 0/2 summoner 2/2 turtle 2/2 self 3/7 sovereign 4/6 switcher 1/1 medium 2/2 easy 2/2 hard 1/1 expert x2 1/1 | roll 1.3s upd 13.5s
[brain] it 4603 [league 65%] R/ep 13.66 ent 2.11 kl 0.007 | hit/swing 64% dj/min 29.6 blk/min 0.4 abiHit 66 supHit 80 | expert 10/10 expert x2 2/2 self 7/9 counter 1/1 summoner 1/1 aerial 1/1 hard x3 2/3 hard 3/3 medium 1/1 easy 3/3 zoner 1/1 human 1/1 sovereign 0/2 | roll 1.3s upd 13.4s
[brain] it 4604 [league 62%] R/ep 10.39 ent 2.14 kl 0.008 | hit/swing 54% dj/min 35.8 blk/min 0.2 abiHit 49 supHit 95 | sovereign 5/9 self 6/10 idle 2/2 switcher 3/3 hard 2/2 expert x2 1/1 expert 3/3 summoner 1/1 easy 2/2 hard x3 1/1 human 1/1 counter 1/1 aerial 2/2 turtle 2/2 | roll 1.3s upd 13.7s
[brain] it 4605 [league 62%] R/ep 11.98 ent 2.21 kl 0.008 | hit/swing 47% dj/min 34.0 blk/min 0.0 abiHit 54 supHit 59 | zoner 2/2 easy 4/4 rushdown 0/1 expert 4/4 idle 2/2 switcher 3/3 self 4/7 sovereign 2/2 medium 2/2 summoner 1/1 human 0/1 expert x2 1/1 aerial 2/2 | roll 1.3s upd 13.1s
[brain] it 4606 [league 61%] R/ep 11.35 ent 2.25 kl 0.006 | hit/swing 46% dj/min 38.6 blk/min 0.2 abiHit 54 supHit 58 | self 4/7 sovereign 3/4 aerial 1/3 idle 2/2 rushdown 1/2 medium 1/1 expert 4/4 switcher 2/2 hard x3 1/1 turtle 1/1 easy 1/1 summoner 1/1 expert x2 2/2 | roll 1.2s upd 13.5s
[brain] it 4607 [league 61%] R/ep 9.71 ent 2.22 kl 0.007 | hit/swing 61% dj/min 34.8 blk/min 0.4 abiHit 36 supHit 71 | sovereign 2/6 hard x3 2/3 self 8/15 zoner 3/3 turtle 1/1 easy 2/2 expert 3/3 hard 1/1 expert x2 0/1 medium 1/1 aerial 1/1 idle 2/2 | roll 1.4s upd 13.4s
[brain] it 4608 [league 62%] R/ep 11.92 ent 2.06 kl 0.009 | hit/swing 62% dj/min 26.5 blk/min 0.2 abiHit 79 supHit 88 | sovereign 7/8 hard x3 1/2 summoner 2/2 self 5/11 hard 3/3 human 2/2 aerial 2/2 easy 1/1 rushdown 1/1 zoner 1/1 counter 1/1 switcher 1/1 expert 2/2 expert x2 1/1 medium 2/2 turtle 1/1 | roll 1.3s upd 13.4s
[brain] it 4609 [league 61%] R/ep 11.91 ent 2.17 kl 0.009 | hit/swing 57% dj/min 32.9 blk/min 0.2 abiHit 33 supHit 58 | turtle 2/2 easy 1/1 sovereign 0/2 self 5/10 hard x3 2/2 aerial 3/3 counter 2/2 rushdown 0/1 expert 4/4 hard 3/3 human 1/1 idle 1/1 switcher 2/2 | roll 1.3s upd 13.1s
[brain] it 4610 [league 62%] R/ep 9.26 ent 2.20 kl 0.007 | hit/swing 58% dj/min 34.9 blk/min 0.3 abiHit 36 supHit 78 | idle 2/2 medium 2/2 self 6/11 easy 5/5 hard x3 1/1 expert x2 1/2 rushdown 1/3 hard 1/1 sovereign 5/6 expert 1/1 turtle 1/1 zoner 1/1 summoner 2/2 counter 0/1 | roll 1.4s upd 13.6s
[brain] it 4611 [league 64%] R/ep 10.73 ent 2.28 kl 0.007 | hit/swing 48% dj/min 35.5 blk/min 0.6 abiHit 64 supHit 55 | self 3/5 medium 3/3 expert 3/3 sovereign 9/10 summoner 1/1 idle 2/2 rushdown 1/2 human 1/1 zoner 2/2 easy 2/2 aerial 1/1 switcher 0/1 | roll 1.4s upd 13.7s
[brain] it 4612 [league 63%] R/ep 8.26 ent 2.20 kl 0.009 | hit/swing 61% dj/min 36.0 blk/min 0.2 abiHit 15 supHit 74 | self 2/10 idle 2/2 medium 2/2 hard x3 2/3 expert x2 2/2 switcher 1/1 aerial 2/2 expert 4/4 sovereign 1/2 turtle 2/2 human 2/3 summoner 2/2 rushdown 0/1 | roll 1.4s upd 13.5s
[brain] it 4613 [league 66%] R/ep 8.05 ent 2.19 kl 0.008 | hit/swing 50% dj/min 35.4 blk/min 0.3 abiHit 44 supHit 80 | sovereign 8/11 turtle 1/1 medium 2/2 self 6/12 expert x2 0/1 switcher 1/1 rushdown 1/1 zoner 2/2 idle 1/1 easy 3/3 counter 1/1 expert 1/1 hard x3 0/1 summoner 2/2 | roll 1.4s upd 13.4s
[brain] it 4614 [league 67%] R/ep 12.63 ent 2.13 kl 0.006 | hit/swing 63% dj/min 28.3 blk/min 0.0 abiHit 55 supHit 66 | turtle 1/1 expert 4/5 sovereign 4/5 easy 4/4 aerial 1/1 medium 3/3 idle 1/1 self 1/3 hard 3/3 hard x3 1/2 switcher 2/2 counter 1/1 zoner 1/1 human 1/1 rushdown 0/1 | roll 1.2s upd 13.4s
[brain] it 4615 [league 68%] R/ep 9.63 ent 2.21 kl 0.007 | hit/swing 45% dj/min 32.0 blk/min 0.2 abiHit 103 supHit 74 | self 9/13 expert x2 2/2 human 2/2 switcher 2/2 counter 0/1 hard x3 0/1 expert 4/4 rushdown 1/1 easy 3/3 medium 1/1 sovereign 1/2 turtle 1/1 idle 1/1 hard 1/1 | roll 1.6s upd 14.3s
[brain] it 4616 [league 66%] R/ep 7.30 ent 2.30 kl 0.008 | hit/swing 49% dj/min 37.2 blk/min 0.2 abiHit 51 supHit 53 | self 0/6 sovereign 2/7 zoner 1/1 hard 2/2 aerial 2/2 expert 5/5 idle 2/2 hard x3 0/1 switcher 1/1 summoner 1/1 rushdown 3/3 medium 1/1 counter 1/1 | roll 1.4s upd 14.3s
[brain] it 4617 [league 63%] R/ep 10.36 ent 2.13 kl 0.006 | hit/swing 58% dj/min 35.8 blk/min 0.2 abiHit 42 supHit 107 | sovereign 2/5 summoner 2/2 expert 4/4 zoner 3/3 self 5/14 expert x2 1/1 human 2/2 hard x3 3/6 turtle 2/2 aerial 1/1 medium 1/1 hard 1/1 idle 1/1 | roll 1.4s upd 13.4s
[brain] it 4618 [league 61%] R/ep 11.25 ent 2.24 kl 0.006 | hit/swing 49% dj/min 36.9 blk/min 0.1 abiHit 58 supHit 91 | self 5/9 zoner 1/1 rushdown 5/5 expert x2 2/2 sovereign 4/6 medium 1/1 expert 5/5 counter 1/1 turtle 1/2 easy 1/1 aerial 1/1 summoner 1/1 switcher 0/1 hard x3 0/1 | roll 1.4s upd 13.7s
[brain] it 4619 [league 62%] R/ep 11.31 ent 2.17 kl 0.009 | hit/swing 58% dj/min 35.9 blk/min 0.2 abiHit 37 supHit 77 | self 7/13 zoner 2/2 expert 3/4 rushdown 3/4 easy 2/2 idle 2/2 switcher 1/1 hard 3/3 sovereign 2/3 summoner 1/1 turtle 1/1 aerial 2/2 expert x2 2/2 counter 1/1 | roll 1.6s upd 14.5s
[brain] it 4620 [league 64%] R/ep 10.85 ent 2.03 kl 0.008 | hit/swing 61% dj/min 33.9 blk/min 0.4 abiHit 23 supHit 113 | self 11/21 sovereign 3/4 hard x3 2/2 counter 2/2 expert 7/7 human 2/2 hard 1/1 easy 1/1 zoner 2/2 medium 1/1 switcher 1/1 rushdown 2/2 summoner 2/2 turtle 1/1 idle 2/2 | roll 1.4s upd 13.5s
[brain] it 4621 [league 65%] R/ep 10.96 ent 2.14 kl 0.008 | hit/swing 68% dj/min 34.7 blk/min 0.2 abiHit 27 supHit 83 | self 3/9 human 2/2 sovereign 6/9 expert 2/2 hard 2/2 expert x2 0/1 idle 2/2 rushdown 2/2 zoner 2/2 hard x3 2/2 easy 2/2 medium 2/2 switcher 1/1 aerial 1/1 turtle 1/1 counter 0/1 | roll 1.3s upd 13.3s
[brain] it 4622 [league 64%] R/ep 9.11 ent 2.22 kl 0.008 | hit/swing 47% dj/min 34.2 blk/min 0.1 abiHit 48 supHit 69 | rushdown 2/2 turtle 1/1 switcher 1/1 idle 3/3 expert 3/3 self 8/15 easy 3/3 medium 1/1 aerial 2/2 sovereign 0/2 counter 2/2 | roll 1.4s upd 13.3s
[brain] it 4623 [league 65%] R/ep 10.81 ent 2.24 kl 0.010 | hit/swing 58% dj/min 37.8 blk/min 0.1 abiHit 57 supHit 70 | self 3/9 rushdown 2/3 zoner 1/1 hard 2/2 medium 1/1 switcher 3/3 expert 10/10 hard x3 1/1 human 1/1 sovereign 3/3 aerial 1/2 easy 1/1 turtle 1/1 counter 2/2 | roll 1.4s upd 14.5s
[brain] it 4624 [league 66%] R/ep 7.94 ent 2.27 kl 0.007 | hit/swing 48% dj/min 34.6 blk/min 0.2 abiHit 59 supHit 50 | self 5/11 expert 4/5 expert x2 1/1 counter 2/2 hard 2/2 summoner 3/3 sovereign 1/1 medium 1/1 turtle 0/1 zoner 1/1 idle 1/1 switcher 1/1 | roll 1.5s upd 13.3s
[brain] it 4625 [league 67%] R/ep 10.46 ent 2.19 kl 0.006 | hit/swing 52% dj/min 34.4 blk/min 0.2 abiHit 46 supHit 74 | summoner 3/3 zoner 4/4 expert 7/7 self 6/12 hard 2/2 sovereign 5/6 hard x3 1/1 turtle 1/1 medium 3/3 idle 1/1 switcher 1/1 easy 1/1 rushdown 1/2 | roll 1.3s upd 13.3s
[brain] it 4626 [league 65%] R/ep 8.42 ent 2.15 kl 0.006 | hit/swing 54% dj/min 32.1 blk/min 0.0 abiHit 65 supHit 74 | expert 5/5 self 2/9 idle 2/2 summoner 7/7 hard 1/1 hard x3 1/2 sovereign 2/4 human 1/1 easy 1/1 aerial 3/3 rushdown 1/1 switcher 1/1 | roll 1.3s upd 13.4s
[brain] it 4627 [league 67%] R/ep 13.65 ent 2.14 kl 0.007 | hit/swing 50% dj/min 32.6 blk/min 0.0 abiHit 84 supHit 85 | self 5/7 medium 3/3 human 2/2 expert 7/7 sovereign 3/5 idle 5/5 zoner 2/2 turtle 1/1 expert x2 1/1 summoner 1/1 aerial 1/1 easy 1/1 rushdown 0/1 hard x3 1/1 counter 1/1 | roll 1.2s upd 13.4s
[brain] it 4628 [league 66%] R/ep 10.75 ent 2.11 kl 0.007 | hit/swing 65% dj/min 27.3 blk/min 0.4 abiHit 78 supHit 81 | turtle 3/5 hard 2/2 expert x2 3/3 idle 3/3 sovereign 3/5 self 6/11 medium 1/1 summoner 3/3 rushdown 1/1 easy 1/1 expert 3/3 counter 1/1 zoner 1/1 | roll 1.3s upd 13.5s
[brain] it 4629 [league 67%] R/ep 11.27 ent 2.17 kl 0.007 | hit/swing 59% dj/min 31.5 blk/min 0.1 abiHit 66 supHit 68 | self 2/8 sovereign 4/5 counter 4/4 human 1/1 hard 1/1 zoner 3/3 idle 3/3 expert 2/2 expert x2 2/3 aerial 2/2 summoner 1/1 rushdown 1/1 turtle 1/1 medium 1/1 easy 1/1 | roll 1.3s upd 13.4s
[brain] it 4630 [league 65%] R/ep 12.86 ent 2.17 kl 0.009 | hit/swing 58% dj/min 34.1 blk/min 0.2 abiHit 31 supHit 75 | expert 6/6 self 3/7 medium 2/2 turtle 2/2 zoner 5/5 rushdown 2/2 idle 3/3 sovereign 2/4 expert x2 1/1 summoner 1/1 hard 1/1 switcher 2/3 aerial 1/1 counter 1/1 easy 1/1 | roll 1.3s upd 13.8s
[brain] it 4631 [league 66%] R/ep 14.25 ent 2.22 kl 0.010 | hit/swing 60% dj/min 28.9 blk/min 0.0 abiHit 88 supHit 62 | hard 1/1 human 2/3 expert 4/4 switcher 2/2 self 5/7 turtle 1/1 zoner 1/1 counter 1/1 expert x2 4/4 summoner 2/2 medium 1/1 sovereign 1/1 easy 2/2 | roll 1.3s upd 13.5s
[brain] it 4632 [league 63%] R/ep 10.20 ent 2.27 kl 0.008 | hit/swing 49% dj/min 33.4 blk/min 0.2 abiHit 71 supHit 66 | zoner 1/1 turtle 2/2 self 4/9 hard x3 1/2 idle 1/1 easy 2/2 summoner 2/2 expert x2 1/1 hard 1/1 sovereign 3/6 rushdown 1/1 medium 1/1 switcher 1/1 human 2/2 | roll 1.4s upd 13.5s
[brain] it 4633 [league 63%] R/ep 10.94 ent 2.17 kl 0.009 | hit/swing 50% dj/min 35.5 blk/min 0.2 abiHit 34 supHit 92 | expert 2/2 self 5/13 human 2/2 counter 2/2 easy 3/3 sovereign 2/3 zoner 1/1 switcher 1/1 hard x3 3/3 expert x2 1/1 medium 1/1 rushdown 1/1 | roll 1.6s upd 13.5s
[brain] it 4634 [league 64%] R/ep 7.72 ent 2.20 kl 0.008 | hit/swing 48% dj/min 33.5 blk/min 0.2 abiHit 58 supHit 69 | medium 1/1 turtle 1/3 expert 4/4 self 4/10 easy 2/2 sovereign 3/3 hard x3 2/3 idle 1/1 human 0/1 rushdown 1/2 summoner 1/1 aerial 1/1 | roll 1.3s upd 13.3s
[brain] it 4635 [league 63%] R/ep 12.47 ent 2.18 kl 0.009 | hit/swing 52% dj/min 33.1 blk/min 0.2 abiHit 55 supHit 77 | sovereign 2/4 turtle 1/1 zoner 2/2 expert x2 3/3 expert 6/6 easy 4/4 hard 2/2 self 4/8 medium 1/1 counter 1/1 summoner 1/1 aerial 2/2 idle 2/2 | roll 1.2s upd 13.4s
[brain] it 4636 [league 63%] R/ep 8.42 ent 2.41 kl 0.008 | hit/swing 53% dj/min 35.8 blk/min 0.0 abiHit 45 supHit 61 | hard 2/2 turtle 1/1 self 2/7 expert 1/1 counter 1/1 sovereign 4/6 hard x3 2/2 summoner 2/2 switcher 2/2 aerial 0/1 easy 2/2 rushdown 1/1 | roll 1.3s upd 13.2s
[brain] it 4637 [league 62%] R/ep 10.88 ent 2.14 kl 0.008 | hit/swing 54% dj/min 32.7 blk/min 0.1 abiHit 48 supHit 89 | medium 3/3 sovereign 3/5 self 7/12 expert 4/5 hard 4/4 switcher 3/3 easy 2/2 zoner 1/1 expert x2 2/2 summoner 2/2 rushdown 1/1 aerial 1/1 counter 1/1 | roll 1.3s upd 13.3s
[brain] it 4638 [league 64%] R/ep 12.57 ent 2.15 kl 0.008 | hit/swing 57% dj/min 30.6 blk/min 0.1 abiHit 62 supHit 84 | aerial 2/2 idle 3/3 hard 2/2 sovereign 4/6 self 5/9 expert 4/4 medium 2/2 summoner 1/1 easy 1/1 counter 1/1 zoner 1/1 hard x3 3/3 rushdown 2/2 switcher 0/1 human 0/1 | roll 1.3s upd 13.4s
[brain] it 4639 [league 65%] R/ep 10.68 ent 2.20 kl 0.008 | hit/swing 59% dj/min 32.9 blk/min 0.1 abiHit 35 supHit 76 | sovereign 4/8 expert 5/5 idle 1/1 self 6/9 rushdown 4/4 turtle 3/3 medium 1/1 zoner 1/1 human 1/1 counter 1/1 switcher 1/1 | roll 1.3s upd 13.5s
[brain] it 4640 [league 66%] R/ep 13.03 ent 2.15 kl 0.007 | hit/swing 59% dj/min 26.6 blk/min 0.1 abiHit 52 supHit 77 | expert x2 2/2 self 2/9 idle 3/3 aerial 1/1 summoner 2/2 easy 5/5 hard x3 1/1 expert 5/5 turtle 2/2 zoner 3/3 sovereign 2/2 hard 1/1 | roll 1.2s upd 13.3s
[brain] it 4641 [league 67%] R/ep 11.67 ent 2.10 kl 0.009 | hit/swing 62% dj/min 27.9 blk/min 0.4 abiHit 53 supHit 79 | hard 3/3 self 7/11 idle 2/2 expert 6/6 human 2/2 counter 2/2 medium 2/2 summoner 2/2 rushdown 2/2 sovereign 2/2 expert x2 1/2 turtle 0/1 easy 1/1 zoner 2/2 | roll 1.2s upd 13.3s
[brain] it 4642 [league 67%] R/ep 7.19 ent 2.30 kl 0.008 | hit/swing 52% dj/min 33.7 blk/min 0.0 abiHit 53 supHit 49 | self 4/13 aerial 0/1 expert 3/3 idle 2/2 rushdown 1/1 hard 1/1 hard x3 1/1 expert x2 2/2 turtle 1/1 summoner 1/1 sovereign 3/3 medium 1/1 | roll 1.5s upd 13.3s
[brain] it 4643 [league 66%] R/ep 9.06 ent 2.10 kl 0.009 | hit/swing 60% dj/min 28.8 blk/min 0.1 abiHit 45 supHit 79 | self 8/14 easy 4/4 switcher 2/2 sovereign 3/5 hard x3 0/1 medium 2/2 counter 2/2 expert 2/2 expert x2 1/1 idle 3/3 zoner 1/1 aerial 0/1 rushdown 1/1 summoner 1/1 hard 1/1 | roll 1.4s upd 13.3s
[brain] it 4644 [league 68%] R/ep 12.83 ent 2.08 kl 0.009 | hit/swing 63% dj/min 30.0 blk/min 0.2 abiHit 51 supHit 87 | idle 2/2 medium 1/1 summoner 1/2 turtle 1/1 hard x3 0/1 easy 2/2 self 4/8 expert x2 1/1 expert 6/6 sovereign 4/4 hard 2/2 human 3/3 aerial 1/1 counter 1/1 zoner 2/2 switcher 1/1 | roll 1.3s upd 13.4s
[brain] it 4645 [league 68%] R/ep 11.94 ent 2.30 kl 0.006 | hit/swing 51% dj/min 35.6 blk/min 0.2 abiHit 39 supHit 56 | easy 5/5 summoner 2/2 expert 4/4 switcher 2/2 turtle 1/1 self 2/4 expert x2 1/1 aerial 0/3 zoner 1/1 hard x3 1/1 sovereign 2/3 hard 2/2 medium 1/1 | roll 1.2s upd 13.2s
[brain] it 4646 [league 69%] R/ep 8.52 ent 2.28 kl 0.007 | hit/swing 40% dj/min 31.2 blk/min 0.2 abiHit 76 supHit 64 | zoner 2/2 easy 2/2 self 3/12 hard 1/1 summoner 2/2 expert 7/7 sovereign 2/2 turtle 3/3 medium 4/4 hard x3 1/1 counter 1/1 switcher 1/1 rushdown 0/2 | roll 1.5s upd 14.3s
[brain] it 4647 [league 70%] R/ep 12.16 ent 2.24 kl 0.006 | hit/swing 49% dj/min 32.9 blk/min 0.1 abiHit 59 supHit 78 | human 2/2 easy 1/1 self 4/9 sovereign 3/4 expert 5/5 medium 2/2 rushdown 1/2 summoner 1/1 hard x3 1/1 idle 3/3 counter 1/1 expert x2 2/2 zoner 1/1 turtle 1/1 | roll 1.5s upd 14.7s
[brain] it 4648 [league 67%] R/ep 7.44 ent 2.18 kl 0.008 | hit/swing 47% dj/min 33.8 blk/min 0.4 abiHit 27 supHit 85 | self 6/13 rushdown 1/2 sovereign 2/5 expert 5/5 easy 2/2 switcher 2/3 hard x3 1/2 zoner 1/1 summoner 0/1 idle 1/1 aerial 0/1 human 1/1 | roll 1.4s upd 13.3s
[brain] it 4649 [league 65%] R/ep 8.81 ent 2.22 kl 0.007 | hit/swing 52% dj/min 30.1 blk/min 0.0 abiHit 56 supHit 68 | idle 4/4 sovereign 4/9 switcher 1/2 self 3/6 summoner 3/3 human 3/3 easy 1/1 expert 2/2 hard 2/2 turtle 1/1 medium 2/2 aerial 1/1 | roll 1.3s upd 13.4s
[brain] it 4650 [league 64%] R/ep 8.69 ent 2.10 kl 0.009 | hit/swing 53% dj/min 27.1 blk/min 0.3 abiHit 77 supHit 88 | self 9/15 expert 4/4 sovereign 5/9 human 2/2 counter 1/1 summoner 2/2 hard 2/2 rushdown 2/2 idle 2/2 zoner 1/1 expert x2 1/1 easy 2/2 | roll 1.3s upd 13.5s
[brain] it 4651 [league 65%] R/ep 12.95 ent 2.17 kl 0.007 | hit/swing 56% dj/min 37.4 blk/min 0.2 abiHit 16 supHit 56 | expert x2 3/3 expert 4/4 idle 2/2 self 2/6 easy 2/2 switcher 1/1 summoner 4/4 zoner 1/1 hard 1/1 sovereign 1/1 rushdown 1/1 human 1/1 | roll 4.9s upd 9.0s
[brain] it 4652 [league 66%] R/ep 11.79 ent 2.17 kl 0.007 | hit/swing 58% dj/min 31.0 blk/min 0.2 abiHit 36 supHit 46 | switcher 2/2 hard 1/1 sovereign 3/3 zoner 1/1 medium 1/1 expert 4/5 self 3/6 easy 1/1 turtle 2/2 idle 1/1 rushdown 1/1 hard x3 0/1 | roll 4.9s upd 9.0s
[brain] it 4653 [league 65%] R/ep 13.59 ent 2.13 kl 0.008 | hit/swing 44% dj/min 29.0 blk/min 0.6 abiHit 75 supHit 40 | counter 2/2 sovereign 1/2 expert 4/4 self 1/3 zoner 3/3 hard 1/1 summoner 1/1 human 2/2 rushdown 1/2 easy 2/2 hard x3 0/1 idle 2/2 switcher 1/1 | roll 4.9s upd 8.9s
[brain] it 4654 [league 65%] R/ep 10.76 ent 2.29 kl 0.005 | hit/swing 45% dj/min 36.8 blk/min 0.2 abiHit 46 supHit 56 | self 1/7 turtle 1/1 zoner 1/1 hard x3 2/2 expert 4/5 rushdown 3/4 summoner 1/1 counter 1/1 hard 1/1 easy 1/1 sovereign 1/2 switcher 1/1 | roll 1.4s upd 13.8s
[brain] it 4655 [league 65%] R/ep 12.83 ent 2.13 kl 0.008 | hit/swing 56% dj/min 31.0 blk/min 0.2 abiHit 39 supHit 91 | easy 3/3 self 4/9 human 2/2 sovereign 2/3 rushdown 2/2 switcher 3/3 expert 5/5 idle 1/1 zoner 1/1 aerial 1/2 summoner 1/1 hard 2/2 counter 2/2 hard x3 1/1 expert x2 1/2 medium 1/1 | roll 1.5s upd 13.8s
[brain] it 4656 [league 65%] R/ep 11.72 ent 2.11 kl 0.008 | hit/swing 64% dj/min 30.2 blk/min 0.4 abiHit 37 supHit 91 | counter 2/2 hard 2/2 rushdown 1/2 switcher 1/1 hard x3 1/1 sovereign 2/4 expert 6/6 self 1/6 human 3/3 idle 1/1 turtle 2/2 easy 4/4 aerial 2/2 expert x2 1/1 summoner 1/1 | roll 1.2s upd 13.8s
[brain] it 4657 [league 65%] R/ep 10.41 ent 2.17 kl 0.009 | hit/swing 59% dj/min 29.7 blk/min 0.3 abiHit 75 supHit 74 | counter 2/2 self 3/9 expert x2 1/2 hard x3 1/1 human 2/2 expert 7/7 zoner 3/3 sovereign 4/6 easy 3/3 hard 2/2 idle 1/1 medium 1/1 aerial 1/1 | roll 1.3s upd 13.7s
[brain] it 4658 [league 63%] R/ep 9.11 ent 2.22 kl 0.006 | hit/swing 54% dj/min 30.6 blk/min 0.2 abiHit 41 supHit 72 | expert 4/4 expert x2 2/3 medium 1/1 zoner 1/1 hard 3/3 turtle 1/1 self 3/9 sovereign 1/4 easy 3/3 aerial 1/1 switcher 2/2 counter 1/1 | roll 1.5s upd 13.3s
[brain] it 4659 [league 63%] R/ep 15.50 ent 2.13 kl 0.008 | hit/swing 56% dj/min 32.6 blk/min 0.1 abiHit 42 supHit 101 | expert 6/6 expert x2 1/1 zoner 1/1 aerial 3/4 easy 2/2 self 1/4 counter 2/2 idle 5/5 hard x3 3/3 human 4/5 hard 1/1 summoner 2/2 | roll 1.3s upd 13.6s
[brain] it 4660 [league 63%] R/ep 9.25 ent 2.27 kl 0.007 | hit/swing 38% dj/min 30.1 blk/min 0.1 abiHit 85 supHit 51 | self 5/9 counter 3/3 summoner 2/2 zoner 2/2 sovereign 5/8 medium 3/3 hard 1/1 human 0/1 switcher 2/2 expert 3/3 | roll 1.4s upd 13.2s
[brain] it 4661 [league 62%] R/ep 11.17 ent 2.16 kl 0.009 | hit/swing 64% dj/min 31.0 blk/min 0.1 abiHit 47 supHit 85 | sovereign 2/5 self 3/7 hard 2/2 hard x3 1/2 rushdown 3/3 zoner 1/1 expert 7/7 medium 1/1 aerial 2/2 switcher 4/4 idle 2/2 turtle 2/2 expert x2 1/1 human 1/1 | roll 1.3s upd 13.9s
[brain] it 4662 [league 64%] R/ep 9.68 ent 2.26 kl 0.009 | hit/swing 52% dj/min 32.7 blk/min 0.1 abiHit 60 supHit 64 | sovereign 4/4 self 5/11 summoner 2/2 zoner 2/2 medium 1/1 counter 1/2 hard 1/1 hard x3 1/1 turtle 2/2 rushdown 0/2 expert x2 1/1 expert 2/2 idle 1/1 easy 2/2 | roll 1.4s upd 13.4s
[brain] it 4663 [league 63%] R/ep 12.48 ent 2.18 kl 0.008 | hit/swing 54% dj/min 31.5 blk/min 0.1 abiHit 33 supHit 80 | self 9/10 switcher 1/1 summoner 1/1 hard 1/1 sovereign 2/4 rushdown 1/2 turtle 3/3 expert 4/4 easy 1/1 human 2/2 medium 1/1 hard x3 1/1 counter 1/1 | roll 1.3s upd 13.2s
[brain] it 4664 [league 63%] R/ep 11.17 ent 2.18 kl 0.007 | hit/swing 61% dj/min 33.6 blk/min 0.7 abiHit 44 supHit 74 | summoner 2/2 hard 3/3 idle 2/2 rushdown 0/1 counter 1/1 sovereign 2/4 hard x3 3/3 expert 4/4 aerial 1/1 self 4/12 switcher 4/4 expert x2 1/1 zoner 2/2 medium 1/1 | roll 1.4s upd 12.5s
[brain] it 4665 [league 62%] R/ep 11.09 ent 2.21 kl 0.008 | hit/swing 55% dj/min 30.6 blk/min 0.2 abiHit 65 supHit 80 | human 3/3 hard 2/2 sovereign 2/4 switcher 2/2 aerial 2/2 expert x2 3/4 medium 2/2 self 1/6 easy 3/3 expert 6/6 summoner 1/1 hard x3 1/1 | roll 1.4s upd 13.4s
[brain] it 4666 [league 61%] R/ep 10.71 ent 2.15 kl 0.008 | hit/swing 56% dj/min 32.4 blk/min 0.1 abiHit 36 supHit 88 | self 6/12 sovereign 4/5 turtle 1/1 medium 1/1 aerial 3/3 summoner 4/4 switcher 2/3 rushdown 1/1 human 1/1 expert 2/2 expert x2 2/2 idle 1/1 hard x3 1/1 easy 1/1 | roll 1.3s upd 13.6s
[brain] it 4667 [league 61%] R/ep 12.28 ent 2.06 kl 0.007 | hit/swing 68% dj/min 28.8 blk/min 0.5 abiHit 30 supHit 84 | summoner 1/1 hard 1/1 self 8/12 easy 3/3 turtle 3/3 idle 2/2 hard x3 1/4 expert 6/6 switcher 2/2 human 1/1 counter 1/1 rushdown 1/1 expert x2 1/1 | roll 1.3s upd 13.6s
[brain] it 4668 [league 62%] R/ep 11.96 ent 2.11 kl 0.007 | hit/swing 65% dj/min 30.3 blk/min 0.2 abiHit 66 supHit 89 | expert 10/10 self 5/11 aerial 1/1 expert x2 2/2 idle 2/2 rushdown 1/3 hard 2/2 sovereign 3/4 hard x3 1/1 turtle 1/1 easy 1/1 switcher 1/1 medium 1/1 summoner 1/1 | roll 1.3s upd 13.4s
[brain] it 4669 [league 58%] R/ep 9.07 ent 2.10 kl 0.007 | hit/swing 60% dj/min 27.3 blk/min 0.2 abiHit 37 supHit 88 | sovereign 3/8 counter 2/2 self 3/6 hard 3/3 medium 5/5 human 1/1 easy 1/1 summoner 1/1 expert 6/6 expert x2 1/1 rushdown 1/1 switcher 0/1 hard x3 1/1 idle 2/2 aerial 1/1 turtle 0/1 | roll 1.2s upd 13.3s
[brain] it 4670 [league 56%] R/ep 8.75 ent 2.22 kl 0.006 | hit/swing 54% dj/min 31.4 blk/min 0.1 abiHit 51 supHit 70 | expert 6/6 self 4/9 sovereign 3/7 hard 1/1 easy 3/3 medium 1/1 aerial 1/1 turtle 1/1 summoner 1/1 human 1/1 counter 2/2 idle 4/4 switcher 1/1 | roll 1.3s upd 12.1s
[brain] it 4671 [league 57%] R/ep 9.09 ent 2.28 kl 0.007 | hit/swing 42% dj/min 33.9 blk/min 0.0 abiHit 48 supHit 61 | sovereign 5/8 expert 4/4 rushdown 1/1 easy 2/2 self 5/8 counter 1/1 summoner 1/1 human 0/1 zoner 2/2 switcher 1/1 idle 3/3 | roll 1.5s upd 13.3s
[brain] it 4672 [league 56%] R/ep 7.85 ent 2.28 kl 0.010 | hit/swing 56% dj/min 33.8 blk/min 0.2 abiHit 25 supHit 57 | sovereign 0/3 switcher 2/2 medium 3/3 self 3/12 idle 2/2 easy 3/3 hard 2/2 zoner 2/2 expert 5/5 turtle 2/2 human 1/2 summoner 1/1 | roll 1.3s upd 14.4s
[brain] it 4673 [league 57%] R/ep 10.53 ent 2.23 kl 0.008 | hit/swing 47% dj/min 26.5 blk/min 0.3 abiHit 83 supHit 49 | self 0/5 idle 2/2 hard x3 2/3 switcher 1/1 counter 2/3 medium 2/2 hard 2/2 sovereign 2/2 summoner 4/4 easy 2/2 expert 1/1 turtle 1/1 | roll 1.3s upd 13.6s
[brain] it 4674 [league 55%] R/ep 12.08 ent 2.20 kl 0.006 | hit/swing 59% dj/min 29.2 blk/min 0.3 abiHit 41 supHit 53 | sovereign 3/7 human 2/3 self 0/1 expert 6/6 switcher 2/2 rushdown 2/2 zoner 3/3 hard 1/1 idle 1/1 hard x3 0/2 aerial 1/1 turtle 2/2 summoner 1/1 | roll 1.3s upd 13.7s
[brain] it 4675 [league 57%] R/ep 9.65 ent 2.10 kl 0.007 | hit/swing 65% dj/min 28.0 blk/min 0.1 abiHit 19 supHit 94 | aerial 1/1 sovereign 5/5 medium 2/2 self 6/13 easy 3/3 turtle 2/2 expert 4/5 human 3/3 counter 2/2 summoner 1/1 hard 1/1 rushdown 2/2 expert x2 1/1 | roll 1.3s upd 13.5s
[brain] it 4676 [league 57%] R/ep 11.69 ent 2.12 kl 0.007 | hit/swing 63% dj/min 33.4 blk/min 0.0 abiHit 20 supHit 84 | medium 1/1 self 7/12 switcher 3/3 sovereign 3/5 expert x2 2/2 turtle 2/2 hard x3 0/2 expert 4/4 zoner 2/2 easy 2/2 aerial 2/2 hard 1/1 counter 1/1 idle 1/1 | roll 1.4s upd 12.1s
[brain] it 4677 [league 56%] R/ep 11.36 ent 2.13 kl 0.009 | hit/swing 56% dj/min 30.7 blk/min 0.2 abiHit 25 supHit 73 | self 9/12 hard x3 2/3 sovereign 2/5 turtle 3/3 counter 3/3 hard 1/1 rushdown 1/1 easy 1/1 expert 2/2 switcher 1/1 aerial 0/1 summoner 1/1 | roll 1.4s upd 13.2s
[brain] it 4678 [league 58%] R/ep 9.17 ent 2.23 kl 0.007 | hit/swing 50% dj/min 32.7 blk/min 0.2 abiHit 79 supHit 85 | rushdown 1/1 sovereign 4/4 self 5/11 expert 3/3 aerial 3/4 summoner 1/2 medium 3/3 easy 5/5 turtle 1/1 counter 1/1 hard x3 1/1 idle 1/1 hard 1/1 | roll 1.3s upd 13.4s
[brain] it 4679 [league 59%] R/ep 10.48 ent 2.16 kl 0.007 | hit/swing 57% dj/min 26.9 blk/min 0.5 abiHit 66 supHit 78 | self 4/10 expert 6/6 counter 1/1 hard x3 1/2 sovereign 4/4 turtle 2/2 switcher 1/1 summoner 2/2 idle 1/1 hard 1/1 aerial 2/2 human 1/1 rushdown 1/1 medium 1/1 | roll 1.2s upd 13.4s
[brain] it 4680 [league 62%] R/ep 10.62 ent 2.12 kl 0.010 | hit/swing 56% dj/min 33.4 blk/min 0.0 abiHit 42 supHit 75 | easy 2/2 medium 3/3 expert 4/5 sovereign 5/5 human 2/2 aerial 3/3 hard 2/2 switcher 1/1 self 5/9 counter 0/1 zoner 1/1 rushdown 1/1 hard x3 1/2 turtle 1/2 idle 1/1 | roll 1.2s upd 12.3s
[brain] it 4681 [league 63%] R/ep 8.48 ent 2.12 kl 0.008 | hit/swing 56% dj/min 30.1 blk/min 0.1 abiHit 37 supHit 81 | sovereign 5/6 self 9/17 zoner 2/2 expert 5/5 hard 1/1 turtle 1/1 idle 2/2 counter 1/1 rushdown 0/1 easy 2/2 human 1/1 aerial 1/1 expert x2 1/1 | roll 1.4s upd 13.4s
[brain] it 4682 [league 63%] R/ep 13.67 ent 2.13 kl 0.008 | hit/swing 65% dj/min 31.2 blk/min 0.3 abiHit 42 supHit 75 | medium 2/2 self 1/5 idle 1/1 hard x3 3/3 hard 2/2 rushdown 3/3 sovereign 1/2 aerial 1/2 human 3/3 summoner 2/2 easy 2/2 expert x2 2/2 expert 2/2 turtle 1/1 switcher 2/2 | roll 1.3s upd 13.4s
[brain] it 4683 [league 65%] R/ep 12.56 ent 2.02 kl 0.009 | hit/swing 63% dj/min 27.6 blk/min 0.2 abiHit 55 supHit 102 | counter 1/2 zoner 2/2 easy 3/3 summoner 2/2 rushdown 1/1 sovereign 7/8 hard x3 1/2 self 4/8 expert 7/7 idle 2/2 medium 2/2 switcher 2/2 turtle 1/1 expert x2 1/1 human 1/1 aerial 1/1 | roll 1.3s upd 13.5s
[brain] it 4684 [league 66%] R/ep 12.02 ent 2.08 kl 0.007 | hit/swing 60% dj/min 29.6 blk/min 0.0 abiHit 45 supHit 104 | medium 2/2 expert 4/4 self 4/6 sovereign 6/10 expert x2 1/2 hard 2/2 switcher 1/1 rushdown 2/2 summoner 1/1 turtle 3/3 hard x3 1/2 counter 1/1 aerial 1/1 easy 1/1 | roll 1.3s upd 13.7s
[brain] it 4685 [league 67%] R/ep 9.84 ent 2.23 kl 0.008 | hit/swing 52% dj/min 28.1 blk/min 0.2 abiHit 64 supHit 59 | sovereign 3/4 summoner 1/1 self 4/8 hard x3 2/4 turtle 2/2 easy 2/2 expert x2 1/1 idle 3/3 switcher 1/1 counter 2/2 aerial 2/2 | roll 1.3s upd 13.4s
[brain] it 4686 [league 65%] R/ep 10.13 ent 2.12 kl 0.008 | hit/swing 60% dj/min 30.2 blk/min 0.3 abiHit 47 supHit 82 | self 9/12 summoner 2/2 switcher 2/2 rushdown 2/2 medium 2/2 expert 3/3 hard 4/4 zoner 2/2 sovereign 2/4 idle 1/1 turtle 1/1 human 0/1 hard x3 0/1 easy 1/1 counter 0/1 aerial 1/1 | roll 1.3s upd 13.4s
[brain] it 4687 [league 66%] R/ep 12.72 ent 2.12 kl 0.007 | hit/swing 54% dj/min 29.7 blk/min 0.1 abiHit 68 supHit 78 | sovereign 4/4 self 3/9 zoner 2/2 human 3/3 counter 1/2 rushdown 1/2 aerial 1/1 hard x3 1/1 hard 4/4 idle 3/3 expert 4/4 easy 2/2 summoner 1/1 turtle 2/2 medium 1/1 | roll 1.2s upd 13.4s
[brain] it 4688 [league 68%] R/ep 12.27 ent 2.17 kl 0.008 | hit/swing 50% dj/min 30.7 blk/min 0.2 abiHit 73 supHit 65 | summoner 4/4 expert 10/10 counter 2/2 idle 1/1 expert x2 1/1 sovereign 3/3 medium 4/4 self 2/4 easy 2/2 rushdown 0/1 human 1/1 switcher 2/2 | roll 1.1s upd 13.4s
[brain] it 4689 [league 68%] R/ep 10.50 ent 2.14 kl 0.010 | hit/swing 64% dj/min 28.2 blk/min 0.7 abiHit 48 supHit 69 | idle 2/2 human 4/4 self 5/10 hard 7/7 hard x3 1/2 switcher 0/1 medium 2/2 summoner 1/1 expert 5/5 aerial 1/1 zoner 1/1 sovereign 0/1 counter 2/2 | roll 1.3s upd 13.4s
[brain] it 4690 [league 70%] R/ep 12.06 ent 2.22 kl 0.009 | hit/swing 46% dj/min 32.0 blk/min 0.2 abiHit 86 supHit 64 | summoner 2/2 expert 5/5 self 3/6 switcher 2/2 counter 1/1 medium 2/2 sovereign 4/4 hard x3 0/1 aerial 1/1 expert x2 1/1 human 0/1 zoner 1/1 turtle 1/1 hard 1/1 easy 1/1 rushdown 1/1 | roll 1.3s upd 13.3s
[brain] it 4691 [league 71%] R/ep 9.73 ent 2.19 kl 0.009 | hit/swing 50% dj/min 33.5 blk/min 0.2 abiHit 37 supHit 84 | human 1/1 zoner 4/4 self 8/14 expert 6/6 idle 2/2 sovereign 3/5 aerial 0/1 hard 1/1 rushdown 1/1 hard x3 0/1 expert x2 2/2 summoner 2/2 easy 2/2 | roll 1.3s upd 13.2s
[brain] it 4692 [league 73%] R/ep 12.30 ent 2.24 kl 0.008 | hit/swing 52% dj/min 30.4 blk/min 0.4 abiHit 43 supHit 59 | self 3/7 zoner 1/1 summoner 3/3 sovereign 4/4 expert 6/6 counter 1/1 human 2/2 expert x2 2/2 rushdown 1/1 idle 2/2 switcher 1/1 medium 1/1 turtle 1/1 | roll 1.4s upd 13.2s
[brain] it 4693 [league 74%] R/ep 9.77 ent 2.11 kl 0.008 | hit/swing 52% dj/min 28.2 blk/min 0.3 abiHit 54 supHit 81 | summoner 3/3 self 4/13 expert 4/4 expert x2 1/1 hard 5/5 turtle 3/3 sovereign 3/4 human 1/1 idle 1/1 zoner 1/1 aerial 1/1 counter 1/1 easy 1/1 rushdown 1/1 | roll 1.3s upd 13.4s
[brain] it 4694 [league 77%] R/ep 10.26 ent 2.13 kl 0.006 | hit/swing 64% dj/min 30.7 blk/min 0.3 abiHit 28 supHit 87 | medium 2/2 self 9/15 zoner 2/2 summoner 2/2 switcher 1/1 expert 7/7 hard x3 1/2 easy 1/1 aerial 1/1 hard 1/1 sovereign 4/4 expert x2 0/2 | roll 1.3s upd 14.3s
[brain] it 4695 [league 76%] R/ep 5.12 ent 2.23 kl 0.007 | hit/swing 47% dj/min 36.0 blk/min 0.3 abiHit 49 supHit 57 | rushdown 1/2 sovereign 1/3 aerial 2/2 self 2/10 hard 3/3 expert 4/4 easy 1/1 human 0/1 medium 1/1 idle 1/1 switcher 0/1 counter 1/1 summoner 1/1 | roll 1.4s upd 13.3s
[brain] it 4696 [league 77%] R/ep 11.00 ent 2.06 kl 0.009 | hit/swing 61% dj/min 27.3 blk/min 0.3 abiHit 59 supHit 89 | summoner 5/6 hard x3 1/3 self 3/9 turtle 3/3 easy 1/1 expert 3/3 sovereign 2/4 switcher 1/1 idle 2/2 human 1/1 expert x2 2/2 zoner 1/1 counter 3/3 aerial 1/1 hard 1/1 | roll 1.3s upd 13.5s
[brain] it 4697 [league 74%] R/ep 9.82 ent 2.04 kl 0.008 | hit/swing 62% dj/min 27.4 blk/min 0.3 abiHit 56 supHit 78 | self 2/7 sovereign 3/6 expert 4/4 human 2/2 switcher 2/3 easy 2/2 turtle 2/2 counter 1/2 rushdown 2/2 idle 2/2 zoner 2/2 hard x3 0/2 medium 3/3 hard 1/1 expert x2 1/1 | roll 1.2s upd 13.2s
[brain] it 4698 [league 74%] R/ep 11.45 ent 2.04 kl 0.008 | hit/swing 67% dj/min 28.0 blk/min 0.3 abiHit 34 supHit 96 | self 9/11 expert 6/7 aerial 3/3 easy 2/2 human 4/4 switcher 1/3 medium 2/2 zoner 2/2 counter 2/2 turtle 3/4 hard x3 0/1 hard 1/1 | roll 1.3s upd 13.8s
[brain] it 4699 [league 75%] R/ep 13.39 ent 2.21 kl 0.008 | hit/swing 62% dj/min 28.8 blk/min 0.4 abiHit 31 supHit 78 | turtle 1/1 summoner 1/1 sovereign 3/3 idle 4/4 self 4/9 aerial 3/3 expert x2 3/3 expert 2/2 zoner 1/1 human 1/2 easy 2/2 hard x3 1/1 medium 1/1 | roll 1.3s upd 13.3s
[brain] it 4700 [league 77%] R/ep 13.75 ent 2.08 kl 0.006 | hit/swing 65% dj/min 23.9 blk/min 0.2 abiHit 83 supHit 71 | idle 5/5 sovereign 4/5 aerial 2/2 hard 2/2 summoner 1/1 human 5/5 expert x2 3/3 rushdown 1/1 turtle 1/1 switcher 1/1 easy 1/1 self 1/4 zoner 1/1 hard x3 1/1 expert 1/1 | roll 1.2s upd 13.3s
[brain] it 4701 [league 77%] R/ep 13.85 ent 2.04 kl 0.007 | hit/swing 55% dj/min 26.1 blk/min 0.1 abiHit 65 supHit 84 | sovereign 2/3 easy 5/5 human 4/4 expert 7/8 hard x3 1/1 self 5/6 hard 1/1 counter 2/2 summoner 2/2 zoner 2/2 turtle 2/2 medium 1/1 aerial 2/2 switcher 1/1 | roll 1.2s upd 13.3s
[brain] it 4702 [league 76%] R/ep 11.24 ent 2.19 kl 0.007 | hit/swing 56% dj/min 29.1 blk/min 0.2 abiHit 62 supHit 76 | sovereign 5/6 self 2/5 rushdown 4/4 aerial 1/2 idle 4/4 summoner 2/2 switcher 2/2 expert x2 1/1 zoner 1/1 turtle 2/2 medium 1/1 easy 1/1 hard 1/1 expert 2/2 hard x3 0/1 | roll 1.4s upd 14.5s
[brain] it 4703 [league 76%] R/ep 13.14 ent 2.12 kl 0.008 | hit/swing 51% dj/min 30.0 blk/min 0.5 abiHit 87 supHit 73 | medium 3/3 sovereign 2/2 turtle 4/5 self 2/5 counter 1/1 expert 9/9 rushdown 1/1 summoner 3/3 expert x2 1/1 human 1/1 hard 1/1 easy 2/2 zoner 1/1 hard x3 1/1 aerial 1/1 idle 1/1 | roll 1.2s upd 13.5s
[brain] it 4704 [league 74%] R/ep 9.60 ent 2.08 kl 0.008 | hit/swing 47% dj/min 30.6 blk/min 0.1 abiHit 46 supHit 86 | expert x2 1/2 counter 1/1 turtle 6/6 self 7/10 sovereign 3/5 idle 2/2 expert 4/6 hard 1/1 aerial 1/1 easy 1/1 summoner 1/1 switcher 2/2 | roll 1.3s upd 13.3s
[brain] it 4705 [league 74%] R/ep 11.33 ent 2.06 kl 0.007 | hit/swing 60% dj/min 27.1 blk/min 0.0 abiHit 51 supHit 84 | sovereign 5/6 rushdown 2/2 self 4/9 expert 7/7 hard 3/3 counter 2/2 turtle 3/3 idle 1/1 medium 1/1 aerial 2/2 easy 1/1 summoner 2/2 | roll 1.2s upd 13.6s
[brain] it 4706 [league 71%] R/ep 10.26 ent 2.16 kl 0.008 | hit/swing 55% dj/min 28.9 blk/min 0.1 abiHit 72 supHit 80 | easy 3/3 zoner 2/2 expert x2 2/3 hard 3/3 sovereign 5/10 self 2/5 counter 2/3 expert 3/3 summoner 1/1 idle 1/1 hard x3 0/2 aerial 1/1 medium 2/2 | roll 1.3s upd 13.2s
[brain] it 4707 [league 70%] R/ep 8.46 ent 2.16 kl 0.008 | hit/swing 60% dj/min 31.2 blk/min 0.1 abiHit 22 supHit 76 | expert 5/5 self 6/15 sovereign 0/1 rushdown 5/5 hard x3 1/1 hard 1/1 easy 4/4 human 1/2 zoner 1/1 turtle 0/1 summoner 1/1 switcher 1/1 expert x2 1/1 | roll 1.4s upd 13.5s
[brain] it 4708 [league 71%] R/ep 10.31 ent 2.26 kl 0.007 | hit/swing 39% dj/min 33.6 blk/min 0.2 abiHit 82 supHit 70 | expert 3/3 aerial 3/3 idle 4/4 self 5/9 sovereign 2/2 summoner 2/2 turtle 2/2 hard 2/2 easy 2/2 medium 1/1 expert x2 0/1 human 1/1 | roll 1.2s upd 13.2s
[brain] it 4709 [league 71%] R/ep 9.55 ent 2.16 kl 0.009 | hit/swing 50% dj/min 28.2 blk/min 0.1 abiHit 86 supHit 72 | easy 4/4 idle 1/1 expert 3/3 hard 1/1 self 8/13 rushdown 2/3 summoner 2/2 expert x2 1/1 counter 3/3 sovereign 2/3 medium 1/1 aerial 1/1 | roll 1.3s upd 13.3s
[brain] it 4710 [league 71%] R/ep 10.67 ent 2.14 kl 0.006 | hit/swing 58% dj/min 34.7 blk/min 0.3 abiHit 40 supHit 77 | self 3/6 aerial 1/2 expert 2/2 counter 2/2 summoner 1/1 rushdown 3/4 switcher 1/1 turtle 1/2 idle 1/1 human 4/4 sovereign 3/5 expert x2 2/3 hard x3 1/1 medium 1/1 | roll 1.3s upd 13.3s
[brain] it 4711 [league 71%] R/ep 11.84 ent 2.07 kl 0.010 | hit/swing 67% dj/min 30.4 blk/min 0.1 abiHit 12 supHit 75 | idle 4/4 expert 9/9 easy 3/3 summoner 3/3 self 4/7 turtle 3/3 rushdown 1/1 sovereign 4/7 aerial 2/2 zoner 2/2 expert x2 1/1 human 1/1 | roll 1.3s upd 13.3s
[brain] it 4712 [league 69%] R/ep 10.60 ent 2.12 kl 0.008 | hit/swing 55% dj/min 25.6 blk/min 0.1 abiHit 84 supHit 71 | expert 10/10 turtle 1/2 aerial 2/2 switcher 2/2 idle 4/4 self 1/8 sovereign 2/4 summoner 1/1 medium 3/3 hard x3 1/1 human 1/1 zoner 1/1 expert x2 1/1 | roll 1.3s upd 13.2s
[brain] it 4713 [league 66%] R/ep 9.62 ent 2.23 kl 0.007 | hit/swing 52% dj/min 35.2 blk/min 0.1 abiHit 29 supHit 64 | sovereign 1/5 aerial 1/3 expert 5/5 self 3/7 turtle 0/1 hard x3 1/1 hard 1/1 summoner 1/1 rushdown 2/2 switcher 1/1 human 3/3 expert x2 1/1 medium 1/1 easy 1/1 | roll 1.3s upd 13.3s
[brain] it 4714 [league 65%] R/ep 8.58 ent 2.18 kl 0.009 | hit/swing 57% dj/min 31.1 blk/min 0.2 abiHit 50 supHit 58 | expert 6/6 easy 2/2 self 9/14 aerial 2/3 human 0/1 expert x2 1/1 switcher 1/1 medium 1/1 hard 1/1 sovereign 0/1 | roll 1.3s upd 13.4s
[brain] it 4715 [league 65%] R/ep 9.91 ent 2.19 kl 0.009 | hit/swing 61% dj/min 30.4 blk/min 0.0 abiHit 51 supHit 57 | idle 1/1 counter 1/1 self 7/12 rushdown 1/1 expert 4/4 hard 2/2 expert x2 1/1 zoner 1/1 sovereign 4/4 aerial 0/1 human 1/1 turtle 2/2 easy 1/1 summoner 1/1 | roll 1.3s upd 13.4s
[brain] it 4716 [league 65%] R/ep 9.45 ent 2.10 kl 0.008 | hit/swing 53% dj/min 28.1 blk/min 0.4 abiHit 51 supHit 65 | self 3/10 turtle 3/3 aerial 0/1 expert x2 1/1 sovereign 2/4 expert 7/7 counter 2/2 summoner 1/1 easy 1/1 human 1/1 hard 2/2 idle 1/1 | roll 1.3s upd 13.5s
[brain] it 4717 [league 63%] R/ep 12.38 ent 2.17 kl 0.009 | hit/swing 55% dj/min 31.0 blk/min 0.1 abiHit 56 supHit 78 | expert x2 1/1 sovereign 1/3 rushdown 2/2 self 4/10 hard 3/3 medium 1/1 expert 6/6 summoner 3/3 zoner 3/3 switcher 1/1 hard x3 1/1 easy 1/1 idle 3/3 turtle 1/1 | roll 1.3s upd 13.5s
[brain] it 4718 [league 63%] R/ep 10.23 ent 2.11 kl 0.009 | hit/swing 55% dj/min 30.8 blk/min 0.2 abiHit 41 supHit 80 | human 2/2 expert 6/6 aerial 2/3 self 5/10 medium 3/3 sovereign 1/2 switcher 1/2 hard x3 1/2 rushdown 1/1 counter 2/2 idle 1/1 easy 1/1 summoner 1/1 | roll 1.3s upd 13.3s
[brain] it 4719 [league 63%] R/ep 12.47 ent 2.08 kl 0.006 | hit/swing 59% dj/min 27.8 blk/min 0.1 abiHit 81 supHit 75 | expert 6/6 hard 2/2 counter 3/3 medium 2/2 sovereign 2/2 turtle 1/1 expert x2 1/2 human 2/2 idle 4/4 easy 2/2 self 3/8 aerial 1/1 zoner 1/1 hard x3 1/2 | roll 1.3s upd 13.4s
[brain] it 4720 [league 62%] R/ep 11.44 ent 2.14 kl 0.007 | hit/swing 51% dj/min 32.3 blk/min 0.2 abiHit 47 supHit 81 | human 2/3 aerial 3/3 summoner 1/1 expert 5/5 self 4/8 turtle 3/3 idle 1/1 hard x3 1/1 easy 3/3 sovereign 2/3 switcher 1/1 medium 2/2 | roll 1.3s upd 13.2s
[brain] it 4721 [league 61%] R/ep 14.25 ent 2.02 kl 0.009 | hit/swing 52% dj/min 28.7 blk/min 0.2 abiHit 75 supHit 69 | expert 11/11 self 4/6 turtle 3/3 sovereign 1/3 hard 1/1 zoner 3/3 summoner 2/2 medium 3/3 counter 3/3 aerial 1/1 hard x3 2/2 expert x2 1/1 | roll 1.2s upd 13.4s
[brain] it 4722 [league 62%] R/ep 9.71 ent 2.16 kl 0.008 | hit/swing 54% dj/min 33.7 blk/min 0.3 abiHit 35 supHit 81 | medium 3/3 easy 1/1 zoner 3/3 self 4/13 sovereign 3/5 aerial 2/2 hard x3 2/3 human 1/1 hard 2/2 expert x2 1/1 expert 3/3 rushdown 1/2 | roll 1.4s upd 13.3s
[brain] it 4723 [league 61%] R/ep 9.54 ent 2.10 kl 0.008 | hit/swing 52% dj/min 28.1 blk/min 0.4 abiHit 86 supHit 73 | easy 1/1 self 4/10 idle 2/2 hard 2/2 summoner 1/1 expert x2 3/3 expert 4/4 sovereign 2/4 medium 1/1 turtle 3/3 hard x3 0/1 human 2/2 zoner 1/1 rushdown 0/1 switcher 0/1 | roll 1.3s upd 13.3s
[brain] it 4724 [league 62%] R/ep 11.62 ent 2.23 kl 0.009 | hit/swing 51% dj/min 33.5 blk/min 0.2 abiHit 51 supHit 60 | easy 1/1 zoner 4/4 rushdown 1/3 sovereign 1/2 expert x2 2/2 self 2/6 idle 2/2 counter 3/3 human 1/1 summoner 3/3 expert 1/1 hard 3/3 hard x3 0/1 | roll 1.3s upd 13.4s
[brain] it 4725 [league 60%] R/ep 11.76 ent 2.08 kl 0.008 | hit/swing 66% dj/min 27.2 blk/min 0.4 abiHit 46 supHit 73 | sovereign 6/10 expert 5/5 easy 3/3 self 4/5 idle 2/2 medium 4/4 expert x2 2/2 zoner 2/2 aerial 1/1 summoner 2/2 switcher 2/2 hard 1/1 | roll 1.3s upd 13.4s
[brain] it 4726 [league 60%] R/ep 10.54 ent 2.00 kl 0.010 | hit/swing 65% dj/min 26.3 blk/min 0.1 abiHit 68 supHit 91 | expert 5/5 counter 2/2 sovereign 5/5 switcher 2/3 human 1/1 medium 3/3 self 5/13 hard 2/2 idle 2/2 hard x3 0/1 turtle 1/1 expert x2 2/2 easy 3/3 aerial 1/1 rushdown 1/1 zoner 1/1 | roll 1.2s upd 12.2s
[brain] it 4727 [league 61%] R/ep 8.60 ent 2.20 kl 0.008 | hit/swing 50% dj/min 31.6 blk/min 0.1 abiHit 58 supHit 69 | hard 3/3 self 6/13 rushdown 3/3 sovereign 5/5 expert 3/3 idle 2/2 switcher 3/3 counter 0/1 medium 1/1 zoner 1/1 expert x2 0/1 easy 1/1 | roll 1.3s upd 13.3s
[brain] it 4728 [league 60%] R/ep 8.73 ent 2.06 kl 0.010 | hit/swing 63% dj/min 30.9 blk/min 0.3 abiHit 24 supHit 84 | easy 3/3 self 7/12 sovereign 4/8 expert 7/7 expert x2 2/2 rushdown 1/1 summoner 1/1 aerial 1/1 hard 1/1 human 3/3 medium 1/1 switcher 2/2 idle 1/1 counter 1/1 hard x3 0/1 | roll 1.4s upd 13.4s
[brain] it 4729 [league 61%] R/ep 10.28 ent 2.16 kl 0.008 | hit/swing 55% dj/min 30.7 blk/min 0.0 abiHit 46 supHit 83 | zoner 3/3 expert 3/3 self 2/8 counter 4/4 expert x2 1/1 human 2/3 medium 1/1 sovereign 6/9 summoner 2/2 easy 1/1 hard x3 1/1 turtle 1/2 hard 1/1 idle 1/1 | roll 1.4s upd 13.3s
[brain] it 4730 [league 62%] R/ep 13.40 ent 2.05 kl 0.007 | hit/swing 59% dj/min 27.8 blk/min 0.1 abiHit 67 supHit 83 | zoner 4/4 idle 2/2 self 4/10 expert 9/9 human 2/2 medium 2/2 sovereign 4/5 easy 1/1 hard 2/2 switcher 2/2 counter 1/1 rushdown 1/1 expert x2 1/1 hard x3 1/1 turtle 1/1 | roll 1.2s upd 13.4s
[brain] it 4731 [league 62%] R/ep 7.52 ent 2.22 kl 0.007 | hit/swing 51% dj/min 34.6 blk/min 0.2 abiHit 62 supHit 71 | self 5/11 hard 3/3 expert 2/2 rushdown 1/1 human 1/2 aerial 1/1 medium 3/3 expert x2 2/2 zoner 1/1 sovereign 2/2 summoner 3/3 hard x3 0/1 switcher 0/1 | roll 1.4s upd 13.3s
[brain] it 4732 [league 62%] R/ep 11.85 ent 2.14 kl 0.008 | hit/swing 59% dj/min 31.3 blk/min 0.1 abiHit 34 supHit 75 | human 2/3 self 6/11 sovereign 1/2 expert 5/5 zoner 1/1 hard x3 1/2 easy 3/3 expert x2 1/1 turtle 1/1 counter 1/1 rushdown 1/1 summoner 1/1 idle 1/1 hard 1/1 | roll 1.3s upd 13.5s
[brain] it 4733 [league 61%] R/ep 8.23 ent 2.23 kl 0.008 | hit/swing 48% dj/min 33.4 blk/min 0.2 abiHit 53 supHit 44 | expert 3/3 self 5/9 sovereign 2/5 hard 1/1 human 5/5 counter 1/1 turtle 1/1 idle 2/2 zoner 1/1 easy 1/1 summoner 1/1 | roll 1.3s upd 13.3s
[brain] it 4734 [league 59%] R/ep 9.48 ent 2.19 kl 0.007 | hit/swing 51% dj/min 37.0 blk/min 0.1 abiHit 20 supHit 79 | sovereign 2/4 self 5/12 human 1/1 expert 7/7 zoner 1/1 turtle 2/2 hard 2/2 counter 2/2 easy 1/1 summoner 3/3 idle 1/1 rushdown 1/1 hard x3 1/1 | roll 1.4s upd 13.4s
[brain] it 4735 [league 62%] R/ep 12.05 ent 2.11 kl 0.008 | hit/swing 56% dj/min 28.7 blk/min 0.1 abiHit 53 supHit 85 | hard x3 1/3 sovereign 3/4 expert 3/3 turtle 1/1 self 6/10 hard 3/3 summoner 2/2 aerial 1/1 zoner 2/2 expert x2 1/1 switcher 1/1 human 1/1 rushdown 2/2 idle 2/2 medium 1/1 easy 1/1 | roll 1.3s upd 13.5s
[brain] it 4736 [league 62%] R/ep 10.11 ent 2.18 kl 0.006 | hit/swing 55% dj/min 30.7 blk/min 0.3 abiHit 73 supHit 64 | human 0/1 self 5/9 counter 1/1 idle 1/1 turtle 1/1 switcher 2/2 sovereign 2/4 hard 3/3 summoner 1/1 zoner 3/3 expert 2/2 hard x3 1/3 expert x2 1/1 easy 1/1 aerial 1/1 | roll 1.3s upd 14.0s
[brain] it 4737 [league 61%] R/ep 8.87 ent 2.17 kl 0.009 | hit/swing 49% dj/min 32.6 blk/min 0.1 abiHit 47 supHit 78 | rushdown 2/3 summoner 2/2 medium 2/2 self 7/10 turtle 2/3 counter 0/1 sovereign 0/5 easy 1/1 hard 1/1 idle 2/2 switcher 1/1 expert 4/4 aerial 1/1 zoner 1/1 | roll 1.4s upd 13.4s
[brain] it 4738 [league 58%] R/ep 12.79 ent 2.08 kl 0.008 | hit/swing 61% dj/min 29.9 blk/min 0.1 abiHit 54 supHit 71 | zoner 5/5 self 3/6 sovereign 3/7 human 3/3 hard 2/2 aerial 1/1 counter 2/2 medium 3/3 expert 4/4 summoner 1/1 switcher 1/1 expert x2 1/1 turtle 1/1 rushdown 1/1 | roll 1.3s upd 12.3s
[brain] it 4739 [league 59%] R/ep 13.72 ent 2.04 kl 0.009 | hit/swing 65% dj/min 32.6 blk/min 0.1 abiHit 26 supHit 104 | self 4/11 hard x3 1/2 summoner 4/4 counter 4/4 sovereign 1/2 zoner 5/5 hard 3/3 turtle 3/3 rushdown 2/3 idle 2/2 expert 5/5 aerial 2/2 medium 2/2 switcher 1/1 human 1/1 | roll 1.3s upd 13.3s
[brain] it 4740 [league 59%] R/ep 11.51 ent 2.19 kl 0.008 | hit/swing 54% dj/min 37.5 blk/min 0.0 abiHit 16 supHit 74 | self 4/8 idle 2/2 sovereign 1/2 human 3/3 hard 3/3 medium 1/1 zoner 2/2 switcher 2/2 expert 3/3 turtle 2/2 hard x3 0/1 rushdown 1/1 aerial 1/3 | roll 1.4s upd 13.3s
[brain] it 4741 [league 58%] R/ep 10.52 ent 2.18 kl 0.007 | hit/swing 64% dj/min 30.9 blk/min 0.3 abiHit 62 supHit 71 | summoner 1/1 expert x2 1/2 sovereign 2/4 zoner 2/2 expert 3/3 hard x3 1/2 turtle 3/3 self 4/9 easy 1/1 aerial 2/2 medium 1/1 counter 2/2 hard 3/3 | roll 1.3s upd 13.5s
[brain] it 4742 [league 60%] R/ep 8.85 ent 2.25 kl 0.006 | hit/swing 49% dj/min 33.2 blk/min 0.5 abiHit 60 supHit 63 | self 2/9 expert 7/7 medium 2/2 aerial 2/2 sovereign 6/9 counter 1/1 summoner 1/1 zoner 3/3 switcher 1/1 human 0/1 easy 3/3 hard 1/1 idle 1/1 | roll 1.4s upd 13.5s
[brain] it 4743 [league 61%] R/ep 11.07 ent 2.13 kl 0.009 | hit/swing 62% dj/min 29.9 blk/min 0.3 abiHit 37 supHit 97 | self 2/13 sovereign 5/6 zoner 3/3 expert 4/4 medium 2/2 expert x2 2/2 rushdown 1/1 aerial 1/1 summoner 1/1 easy 3/3 hard x3 0/1 hard 1/1 idle 3/3 turtle 1/1 | roll 1.4s upd 13.2s
[brain] it 4744 [league 61%] R/ep 6.44 ent 2.16 kl 0.007 | hit/swing 56% dj/min 32.0 blk/min 0.1 abiHit 31 supHit 65 | self 9/15 sovereign 1/3 summoner 2/2 human 2/2 rushdown 3/4 easy 1/1 expert 6/6 switcher 1/1 aerial 0/1 hard 1/1 | roll 1.4s upd 13.4s
[brain] it 4745 [league 60%] R/ep 13.35 ent 2.04 kl 0.007 | hit/swing 62% dj/min 28.7 blk/min 0.2 abiHit 60 supHit 91 | human 1/1 rushdown 3/3 sovereign 2/3 hard 1/1 self 3/7 summoner 3/3 hard x3 1/1 expert x2 2/2 medium 1/1 switcher 3/3 expert 6/6 idle 2/2 easy 3/3 zoner 1/1 turtle 2/2 | roll 1.3s upd 13.4s
[brain] it 4746 [league 59%] R/ep 10.33 ent 2.08 kl 0.008 | hit/swing 56% dj/min 29.3 blk/min 0.2 abiHit 64 supHit 82 | self 5/14 aerial 1/1 expert 7/7 sovereign 1/2 summoner 5/5 hard x3 1/2 counter 2/2 human 2/2 easy 3/3 expert x2 2/2 medium 1/1 zoner 1/1 turtle 1/1 | roll 1.5s upd 13.3s
[brain] it 4747 [league 61%] R/ep 15.62 ent 2.09 kl 0.006 | hit/swing 53% dj/min 29.5 blk/min 0.2 abiHit 63 supHit 68 | medium 2/2 sovereign 3/4 self 3/6 zoner 5/5 human 2/2 hard 3/3 expert 5/5 hard x3 1/1 summoner 2/2 idle 1/1 counter 2/2 aerial 1/1 turtle 1/1 switcher 1/1 expert x2 1/1 | roll 1.4s upd 13.3s
[brain] it 4748 [league 60%] R/ep 11.37 ent 2.18 kl 0.008 | hit/swing 53% dj/min 30.6 blk/min 0.5 abiHit 79 supHit 77 | zoner 2/2 expert x2 2/3 rushdown 2/2 medium 1/1 hard 2/2 idle 3/3 expert 3/3 sovereign 1/2 easy 2/2 switcher 1/1 hard x3 0/3 summoner 2/2 self 3/9 human 0/1 | roll 1.3s upd 13.3s
[brain] it 4749 [league 59%] R/ep 10.57 ent 2.11 kl 0.009 | hit/swing 58% dj/min 28.8 blk/min 0.0 abiHit 74 supHit 74 | zoner 1/1 self 6/14 rushdown 1/1 hard x3 2/2 aerial 2/2 sovereign 4/5 hard 2/2 idle 1/1 expert 4/4 summoner 3/3 medium 2/2 expert x2 1/1 human 1/1 | roll 1.4s upd 13.4s
[brain] it 4750 [league 58%] R/ep 11.59 ent 2.07 kl 0.007 | hit/swing 60% dj/min 29.7 blk/min 0.1 abiHit 42 supHit 87 | sovereign 3/5 counter 2/2 switcher 4/4 hard 1/1 expert 7/7 easy 2/2 self 8/12 idle 1/1 expert x2 1/1 medium 2/2 zoner 1/1 turtle 1/1 summoner 1/1 hard x3 1/1 | roll 1.4s upd 13.2s
[brain] it 4751 [league 57%] R/ep 12.69 ent 2.09 kl 0.008 | hit/swing 63% dj/min 31.1 blk/min 0.3 abiHit 31 supHit 83 | human 3/3 rushdown 1/1 easy 2/2 sovereign 1/4 aerial 1/1 medium 4/4 self 3/8 switcher 1/1 hard 2/2 counter 2/2 hard x3 2/3 expert 4/4 turtle 1/1 summoner 1/1 | roll 1.4s upd 13.5s
[brain] it 4752 [league 57%] R/ep 12.83 ent 2.14 kl 0.009 | hit/swing 52% dj/min 28.8 blk/min 0.3 abiHit 55 supHit 75 | zoner 5/5 hard 5/5 sovereign 4/5 self 5/8 easy 1/1 summoner 2/3 rushdown 2/2 hard x3 0/1 turtle 3/4 switcher 1/1 expert 5/5 counter 1/1 medium 1/1 idle 1/1 | roll 1.4s upd 13.3s
[brain] it 4753 [league 57%] R/ep 11.10 ent 2.15 kl 0.009 | hit/swing 50% dj/min 30.7 blk/min 0.1 abiHit 68 supHit 66 | self 5/10 expert x2 1/1 zoner 3/3 easy 3/3 counter 3/3 expert 4/4 sovereign 2/3 aerial 0/2 human 1/1 switcher 1/1 rushdown 1/1 hard 1/1 summoner 2/2 turtle 1/1 idle 2/2 medium 1/1 | roll 1.2s upd 13.3s
[brain] it 4754 [league 59%] R/ep 12.78 ent 2.03 kl 0.008 | hit/swing 61% dj/min 30.4 blk/min 0.6 abiHit 48 supHit 102 | self 8/10 switcher 3/3 easy 4/4 sovereign 6/7 expert 4/4 summoner 3/3 hard 2/2 rushdown 2/2 hard x3 0/2 expert x2 2/2 idle 2/2 counter 1/2 medium 1/1 zoner 1/1 | roll 1.3s upd 12.3s
[brain] it 4755 [league 59%] R/ep 10.23 ent 2.20 kl 0.008 | hit/swing 51% dj/min 33.1 blk/min 0.5 abiHit 28 supHit 68 | expert 7/7 human 4/4 self 4/7 medium 2/2 idle 1/1 sovereign 4/6 aerial 1/1 hard x3 0/1 rushdown 2/2 summoner 1/1 zoner 1/1 | roll 1.4s upd 13.5s
[brain] it 4756 [league 61%] R/ep 9.44 ent 2.12 kl 0.008 | hit/swing 56% dj/min 30.0 blk/min 0.5 abiHit 60 supHit 84 | turtle 3/3 switcher 2/2 sovereign 5/6 hard x3 0/2 medium 6/6 self 4/11 expert 4/4 zoner 2/2 easy 2/2 summoner 1/1 human 1/1 | roll 1.4s upd 13.1s
[brain] it 4757 [league 62%] R/ep 13.62 ent 2.12 kl 0.008 | hit/swing 66% dj/min 31.0 blk/min 0.0 abiHit 49 supHit 88 | expert 8/8 self 5/9 medium 2/2 hard 1/1 expert x2 1/2 sovereign 2/2 rushdown 2/2 turtle 4/4 easy 1/1 counter 3/3 human 1/1 zoner 1/1 hard x3 1/1 | roll 1.2s upd 13.5s
[brain] it 4758 [league 62%] R/ep 13.18 ent 2.05 kl 0.005 | hit/swing 60% dj/min 28.8 blk/min 0.4 abiHit 38 supHit 95 | hard 2/2 counter 1/1 self 8/10 switcher 1/1 expert 5/5 sovereign 3/6 summoner 2/2 rushdown 1/2 easy 1/1 expert x2 2/2 zoner 2/2 medium 2/2 hard x3 1/1 idle 1/1 turtle 2/2 human 1/1 | roll 1.3s upd 25.2s
[brain] it 4759 [league 63%] R/ep 13.05 ent 2.20 kl 0.008 | hit/swing 54% dj/min 32.1 blk/min 0.1 abiHit 41 supHit 62 | self 2/6 summoner 2/2 hard x3 1/1 zoner 3/3 turtle 2/2 expert 6/6 medium 2/2 human 1/1 aerial 1/2 counter 2/2 expert x2 0/1 hard 4/4 sovereign 3/3 easy 2/2 | roll 1.7s upd 20.9s
[brain] it 4760 [league 66%] R/ep 10.60 ent 2.24 kl 0.008 | hit/swing 47% dj/min 36.9 blk/min 0.0 abiHit 44 supHit 70 | rushdown 3/4 self 7/11 zoner 2/2 idle 2/2 easy 3/3 hard 1/1 switcher 1/1 aerial 1/1 expert x2 1/1 medium 1/1 sovereign 3/4 human 1/1 summoner 1/1 expert 1/1 | roll 1.4s upd 15.6s
[brain] it 4761 [league 66%] R/ep 13.26 ent 2.17 kl 0.007 | hit/swing 57% dj/min 33.7 blk/min 0.4 abiHit 42 supHit 86 | hard 5/5 self 6/8 sovereign 2/4 human 1/1 turtle 5/5 switcher 3/3 expert x2 1/1 expert 4/4 hard x3 2/2 summoner 2/2 medium 1/1 zoner 1/1 counter 1/1 | roll 1.3s upd 13.5s
[brain] it 4762 [league 67%] R/ep 13.35 ent 2.12 kl 0.008 | hit/swing 58% dj/min 30.4 blk/min 0.3 abiHit 69 supHit 80 | expert 4/5 sovereign 2/2 medium 1/1 counter 4/4 summoner 3/3 rushdown 2/2 self 3/8 idle 3/3 human 0/1 turtle 2/2 expert x2 1/1 zoner 3/3 hard 1/1 hard x3 1/3 | roll 1.3s upd 13.5s
[brain] it 4763 [league 68%] R/ep 11.52 ent 2.21 kl 0.008 | hit/swing 48% dj/min 32.7 blk/min 0.3 abiHit 91 supHit 73 | switcher 1/1 expert 3/3 human 1/2 hard x3 1/2 self 7/11 sovereign 2/2 hard 2/2 aerial 1/1 counter 2/2 easy 2/2 idle 2/2 medium 1/1 turtle 2/2 expert x2 1/1 | roll 1.4s upd 14.3s
[brain] it 4764 [league 67%] R/ep 12.67 ent 2.07 kl 0.007 | hit/swing 66% dj/min 30.5 blk/min 0.3 abiHit 29 supHit 83 | idle 3/3 self 5/9 turtle 3/4 rushdown 1/1 hard x3 2/2 expert x2 1/1 summoner 3/3 switcher 2/2 hard 2/2 sovereign 2/5 expert 4/4 easy 2/2 counter 2/2 zoner 1/1 | roll 1.3s upd 13.4s
[brain] it 4765 [league 69%] R/ep 11.21 ent 2.08 kl 0.007 | hit/swing 61% dj/min 29.7 blk/min 0.2 abiHit 24 supHit 85 | self 11/15 expert 2/2 counter 3/3 zoner 1/1 hard x3 1/1 summoner 5/5 rushdown 2/2 hard 2/2 aerial 2/3 sovereign 3/3 idle 1/1 expert x2 1/1 medium 1/1 | roll 1.3s upd 13.5s
[brain] it 4766 [league 70%] R/ep 13.19 ent 2.03 kl 0.009 | hit/swing 67% dj/min 26.9 blk/min 0.1 abiHit 65 supHit 95 | zoner 2/2 self 4/7 counter 3/3 summoner 4/4 human 2/2 expert 6/6 idle 4/4 switcher 2/2 hard 2/2 sovereign 5/6 medium 3/3 aerial 1/1 easy 2/2 rushdown 1/1 | roll 1.2s upd 13.2s
[brain] it 4767 [league 70%] R/ep 12.37 ent 2.05 kl 0.008 | hit/swing 57% dj/min 29.8 blk/min 0.3 abiHit 58 supHit 102 | turtle 2/2 human 3/3 self 5/11 hard 3/3 summoner 3/4 sovereign 2/3 expert x2 3/3 expert 3/3 aerial 2/2 idle 2/2 zoner 1/1 counter 2/2 easy 2/2 switcher 1/1 | roll 1.4s upd 13.5s
[brain] it 4768 [league 70%] R/ep 10.22 ent 2.21 kl 0.009 | hit/swing 56% dj/min 30.3 blk/min 0.3 abiHit 68 supHit 73 | hard 3/3 aerial 3/3 expert 5/5 self 1/6 switcher 2/2 turtle 1/2 sovereign 3/3 idle 1/1 summoner 1/2 expert x2 3/3 hard x3 0/2 rushdown 1/1 medium 1/1 easy 1/1 | roll 1.3s upd 13.3s
[brain] it 4769 [league 68%] R/ep 10.14 ent 2.11 kl 0.008 | hit/swing 64% dj/min 31.4 blk/min 0.0 abiHit 10 supHit 86 | switcher 1/1 rushdown 2/2 easy 5/5 hard 1/1 sovereign 2/8 self 7/9 expert 3/3 turtle 4/4 expert x2 0/1 medium 1/1 counter 0/1 summoner 1/1 hard x3 1/1 idle 1/1 | roll 1.4s upd 12.0s
[brain] it 4770 [league 69%] R/ep 8.76 ent 2.25 kl 0.007 | hit/swing 59% dj/min 31.8 blk/min 0.2 abiHit 47 supHit 53 | expert 7/7 sovereign 2/3 aerial 0/2 self 2/9 hard x3 2/2 turtle 1/1 rushdown 1/1 hard 1/1 idle 2/2 summoner 1/1 zoner 1/1 easy 1/1 expert x2 0/1 | roll 1.3s upd 13.2s
[brain] it 4771 [league 69%] R/ep 9.17 ent 2.25 kl 0.011 | hit/swing 53% dj/min 33.2 blk/min 0.5 abiHit 37 supHit 67 | switcher 1/1 summoner 7/7 self 5/10 sovereign 4/4 expert 2/2 medium 2/2 easy 1/1 hard 1/1 idle 1/1 expert x2 1/1 counter 1/1 turtle 1/1 rushdown 0/1 | roll 1.4s upd 13.3s
[brain] it 4772 [league 68%] R/ep 8.08 ent 2.19 kl 0.008 | hit/swing 52% dj/min 34.6 blk/min 0.1 abiHit 43 supHit 67 | switcher 4/4 self 3/10 easy 2/2 sovereign 0/2 hard x3 0/2 expert x2 1/2 expert 5/5 summoner 3/3 zoner 1/1 idle 1/1 hard 1/1 | roll 1.2s upd 13.3s
[brain] it 4773 [league 68%] R/ep 13.34 ent 2.06 kl 0.008 | hit/swing 61% dj/min 29.3 blk/min 0.3 abiHit 53 supHit 105 | expert 5/5 zoner 1/1 sovereign 6/8 expert x2 2/2 medium 2/2 turtle 1/1 human 2/3 hard 3/3 summoner 5/5 self 3/7 easy 3/3 rushdown 2/2 idle 2/2 aerial 1/1 | roll 1.5s upd 13.2s
[brain] it 4774 [league 69%] R/ep 8.46 ent 2.15 kl 0.008 | hit/swing 50% dj/min 32.3 blk/min 0.0 abiHit 61 supHit 74 | self 4/10 sovereign 3/6 expert x2 0/1 hard 4/4 human 2/2 switcher 2/2 expert 6/6 medium 1/1 rushdown 1/1 easy 2/2 aerial 1/1 counter 2/2 idle 1/1 | roll 1.4s upd 13.5s
[brain] it 4775 [league 68%] R/ep 10.60 ent 2.11 kl 0.010 | hit/swing 72% dj/min 28.5 blk/min 0.3 abiHit 48 supHit 74 | expert 10/10 hard x3 0/2 idle 3/3 expert x2 1/1 human 1/1 sovereign 2/5 hard 2/2 summoner 1/1 easy 1/1 self 5/8 switcher 1/1 turtle 1/1 | roll 1.2s upd 13.4s
[brain] it 4776 [league 64%] R/ep 5.86 ent 2.24 kl 0.008 | hit/swing 46% dj/min 32.6 blk/min 0.0 abiHit 34 supHit 56 | self 3/9 sovereign 2/6 hard 1/1 aerial 1/1 turtle 4/4 human 1/1 medium 1/1 idle 1/1 expert 1/1 rushdown 2/2 easy 1/1 | roll 1.5s upd 13.3s
[brain] it 4777 [league 64%] R/ep 10.18 ent 2.14 kl 0.008 | hit/swing 58% dj/min 32.0 blk/min 0.1 abiHit 50 supHit 77 | expert x2 1/1 self 5/12 sovereign 4/5 expert 6/7 hard x3 3/3 turtle 1/1 idle 1/1 counter 1/1 human 2/2 easy 1/1 summoner 1/1 zoner 1/1 hard 1/1 aerial 1/3 medium 1/1 | roll 1.3s upd 12.2s
[brain] it 4778 [league 62%] R/ep 9.02 ent 2.25 kl 0.008 | hit/swing 49% dj/min 33.8 blk/min 0.1 abiHit 49 supHit 45 | self 4/8 turtle 1/2 expert x2 2/2 sovereign 2/6 hard 4/4 easy 2/2 medium 2/2 human 1/1 zoner 1/1 | roll 1.4s upd 12.2s
[brain] it 4779 [league 64%] R/ep 13.00 ent 2.14 kl 0.006 | hit/swing 57% dj/min 30.3 blk/min 0.0 abiHit 42 supHit 89 | hard 3/3 aerial 2/2 medium 3/3 self 6/9 turtle 2/2 summoner 1/1 switcher 1/1 easy 3/3 expert 2/2 expert x2 1/1 counter 2/2 sovereign 7/7 zoner 1/1 rushdown 1/1 | roll 1.2s upd 13.3s
[brain] it 4780 [league 64%] R/ep 10.26 ent 2.10 kl 0.006 | hit/swing 57% dj/min 30.2 blk/min 0.1 abiHit 60 supHit 85 | medium 3/3 hard x3 2/3 self 3/12 turtle 1/1 expert 5/5 sovereign 1/3 aerial 1/1 easy 3/3 counter 1/1 switcher 3/3 idle 2/2 summoner 1/1 hard 2/2 human 1/1 | roll 1.3s upd 13.2s
[brain] it 4781 [league 62%] R/ep 10.59 ent 2.18 kl 0.008 | hit/swing 58% dj/min 28.2 blk/min 0.0 abiHit 48 supHit 65 | self 4/9 turtle 4/4 switcher 2/3 expert 2/2 hard x3 1/2 human 1/1 summoner 1/1 idle 2/2 sovereign 0/2 rushdown 2/2 aerial 2/2 hard 1/1 counter 1/1 medium 1/1 zoner 1/1 | roll 1.4s upd 13.2s
[brain] it 4782 [league 61%] R/ep 15.26 ent 2.13 kl 0.008 | hit/swing 64% dj/min 29.7 blk/min 0.3 abiHit 41 supHit 84 | medium 1/1 easy 2/2 self 4/7 counter 3/3 hard x3 0/2 sovereign 6/8 expert x2 5/5 hard 1/1 zoner 4/4 turtle 2/2 summoner 2/2 idle 2/2 switcher 1/1 expert 1/1 | roll 1.3s upd 13.5s
[brain] it 4783 [league 62%] R/ep 11.19 ent 2.05 kl 0.008 | hit/swing 61% dj/min 29.1 blk/min 0.1 abiHit 58 supHit 90 | sovereign 2/3 expert 8/8 idle 1/1 hard 3/3 medium 3/3 self 5/12 switcher 2/2 easy 3/3 turtle 2/2 summoner 1/1 expert x2 1/1 rushdown 3/3 hard x3 1/1 | roll 1.3s upd 12.2s
[brain] it 4784 [league 60%] R/ep 9.40 ent 2.21 kl 0.008 | hit/swing 51% dj/min 30.5 blk/min 0.2 abiHit 68 supHit 62 | expert 5/5 hard 2/2 sovereign 2/4 self 3/8 summoner 1/1 hard x3 2/3 turtle 2/3 human 1/1 expert x2 1/1 zoner 1/1 medium 1/1 switcher 1/1 easy 1/1 aerial 1/1 | roll 1.4s upd 13.4s
[brain] it 4785 [league 62%] R/ep 14.04 ent 2.13 kl 0.008 | hit/swing 65% dj/min 28.9 blk/min 0.3 abiHit 73 supHit 70 | zoner 3/3 turtle 2/2 hard 3/3 hard x3 1/2 human 1/1 expert x2 0/2 expert 5/5 self 4/6 rushdown 1/1 switcher 2/2 medium 2/2 idle 1/1 aerial 1/1 sovereign 2/3 summoner 1/1 counter 1/1 | roll 1.2s upd 13.4s
[brain] it 4786 [league 58%] R/ep 9.87 ent 2.05 kl 0.007 | hit/swing 57% dj/min 30.0 blk/min 0.2 abiHit 40 supHit 103 | sovereign 4/9 self 7/12 turtle 1/1 expert x2 2/2 summoner 3/3 switcher 0/2 easy 1/1 hard 4/4 human 3/3 expert 7/7 idle 1/1 zoner 3/3 aerial 1/1 | roll 1.4s upd 13.3s
[brain] it 4787 [league 57%] R/ep 12.01 ent 2.23 kl 0.007 | hit/swing 54% dj/min 35.4 blk/min 0.1 abiHit 44 supHit 71 | hard 2/2 sovereign 3/5 self 6/8 turtle 1/1 medium 2/2 human 1/1 expert 3/3 idle 1/1 rushdown 1/1 summoner 1/1 aerial 2/2 expert x2 2/2 hard x3 1/2 zoner 1/1 easy 1/1 | roll 1.5s upd 14.4s
[brain] it 4788 [league 56%] R/ep 13.80 ent 2.09 kl 0.006 | hit/swing 66% dj/min 27.8 blk/min 0.1 abiHit 49 supHit 81 | summoner 4/4 hard 2/2 medium 3/3 sovereign 1/2 easy 2/2 zoner 1/1 human 2/3 expert 3/3 expert x2 2/2 hard x3 1/1 self 4/6 rushdown 1/1 turtle 3/3 idle 1/1 | roll 1.2s upd 13.4s
[brain] it 4789 [league 57%] R/ep 9.80 ent 2.16 kl 0.010 | hit/swing 60% dj/min 31.7 blk/min 0.2 abiHit 31 supHit 81 | self 3/11 idle 2/2 switcher 3/4 hard 4/4 medium 2/2 expert 6/6 turtle 1/1 expert x2 1/2 rushdown 2/2 sovereign 4/5 summoner 1/1 zoner 1/1 hard x3 0/1 easy 2/2 counter 2/2 | roll 1.4s upd 14.5s
[brain] it 4790 [league 59%] R/ep 9.80 ent 2.14 kl 0.008 | hit/swing 60% dj/min 31.5 blk/min 0.3 abiHit 68 supHit 77 | easy 2/2 expert x2 2/2 idle 3/3 self 6/15 medium 3/3 expert 4/4 summoner 2/2 turtle 2/2 aerial 2/2 sovereign 2/3 counter 1/1 rushdown 1/1 zoner 1/1 | roll 1.4s upd 13.2s
[brain] it 4791 [league 60%] R/ep 12.73 ent 2.10 kl 0.009 | hit/swing 68% dj/min 30.6 blk/min 0.5 abiHit 38 supHit 90 | expert 6/6 hard x3 1/2 turtle 4/4 self 5/11 aerial 2/2 counter 2/2 rushdown 1/1 hard 2/2 sovereign 2/3 easy 1/1 idle 1/1 human 1/1 expert x2 1/1 summoner 1/1 medium 1/1 | roll 1.3s upd 13.4s
[brain] it 4792 [league 58%] R/ep 10.77 ent 2.08 kl 0.007 | hit/swing 58% dj/min 29.2 blk/min 0.2 abiHit 58 supHit 96 | easy 3/3 idle 4/4 self 6/11 expert 7/7 summoner 2/2 sovereign 3/6 medium 2/2 rushdown 1/1 aerial 1/1 counter 2/2 switcher 1/1 hard 1/1 zoner 1/1 human 2/2 | roll 1.3s upd 13.7s
[brain] it 4793 [league 58%] R/ep 11.64 ent 2.06 kl 0.008 | hit/swing 63% dj/min 25.6 blk/min 0.2 abiHit 61 supHit 97 | medium 3/3 sovereign 4/5 switcher 2/3 self 8/13 expert 5/5 idle 4/4 rushdown 1/1 zoner 2/2 hard x3 1/2 aerial 1/1 expert x2 2/2 human 1/1 | roll 1.3s upd 13.7s
[brain] it 4794 [league 59%] R/ep 11.54 ent 2.13 kl 0.006 | hit/swing 65% dj/min 28.0 blk/min 0.0 abiHit 57 supHit 65 | idle 3/3 easy 4/4 medium 2/2 expert 5/5 self 5/10 sovereign 3/3 switcher 1/1 counter 2/2 turtle 2/2 rushdown 1/1 hard x3 0/1 summoner 1/1 zoner 1/1 human 1/1 | roll 1.5s upd 13.5s
[brain] it 4795 [league 59%] R/ep 8.16 ent 2.24 kl 0.008 | hit/swing 51% dj/min 32.4 blk/min 0.2 abiHit 43 supHit 60 | expert 9/9 self 6/14 easy 3/3 sovereign 2/4 human 1/1 zoner 1/1 expert x2 0/1 counter 3/3 hard 1/1 | roll 1.3s upd 13.2s
[brain] it 4796 [league 63%] R/ep 10.39 ent 2.05 kl 0.007 | hit/swing 62% dj/min 29.9 blk/min 0.2 abiHit 42 supHit 92 | self 9/14 easy 2/2 sovereign 7/7 turtle 1/1 idle 3/3 summoner 2/2 aerial 3/3 human 1/1 hard 3/3 rushdown 2/3 expert 3/3 | roll 1.5s upd 12.1s
[brain] it 4797 [league 64%] R/ep 12.46 ent 2.04 kl 0.008 | hit/swing 66% dj/min 29.6 blk/min 0.3 abiHit 41 supHit 108 | sovereign 5/9 expert 7/7 counter 1/1 zoner 3/3 expert x2 1/2 easy 5/5 switcher 2/2 summoner 3/3 rushdown 2/2 medium 1/1 hard x3 1/1 self 6/8 idle 2/2 hard 1/1 | roll 1.2s upd 12.2s
[brain] it 4798 [league 63%] R/ep 9.84 ent 2.34 kl 0.008 | hit/swing 44% dj/min 33.6 blk/min 0.4 abiHit 56 supHit 47 | zoner 5/5 idle 2/2 self 7/14 expert 4/4 aerial 0/1 expert x2 0/1 sovereign 0/1 medium 2/2 human 1/1 easy 2/2 hard 1/1 | roll 1.4s upd 13.4s
[brain] it 4799 [league 67%] R/ep 12.06 ent 2.07 kl 0.009 | hit/swing 56% dj/min 30.4 blk/min 0.2 abiHit 77 supHit 89 | self 2/5 rushdown 4/5 sovereign 6/7 easy 3/3 expert 4/4 idle 3/3 hard 3/3 turtle 3/3 aerial 3/3 medium 1/1 switcher 1/1 human 1/1 hard x3 0/1 | roll 1.2s upd 13.5s
[brain] it 4800 [league 65%] R/ep 8.73 ent 2.20 kl 0.010 | hit/swing 53% dj/min 35.6 blk/min 0.2 abiHit 19 supHit 72 | aerial 2/2 self 6/12 zoner 2/2 expert 3/3 sovereign 3/5 summoner 2/2 idle 1/1 rushdown 1/1 expert x2 1/2 hard x3 0/1 counter 2/2 medium 1/1 switcher 2/2 turtle 1/1 hard 1/1 | roll 1.3s upd 13.4s
[brain] it 4801 [league 64%] R/ep 10.09 ent 2.13 kl 0.008 | hit/swing 50% dj/min 32.7 blk/min 0.1 abiHit 24 supHit 53 | turtle 1/1 self 3/7 rushdown 1/1 zoner 1/1 sovereign 2/3 expert 3/3 expert x2 1/1 counter 1/1 medium 1/1 human 1/1 switcher 1/2 idle 1/1 easy 1/1 | roll 5.4s upd 7.9s
[brain] it 4802 [league 67%] R/ep 10.75 ent 2.09 kl 0.008 | hit/swing 67% dj/min 30.7 blk/min 0.4 abiHit 34 supHit 60 | idle 1/1 counter 2/2 switcher 1/1 expert x2 1/1 hard 1/1 self 2/9 expert 4/4 aerial 1/1 sovereign 4/5 medium 3/3 turtle 1/1 human 1/1 zoner 2/2 | roll 5.0s upd 8.9s
[brain] it 4803 [league 68%] R/ep 14.88 ent 2.14 kl 0.009 | hit/swing 71% dj/min 24.4 blk/min 0.0 abiHit 48 supHit 41 | aerial 2/2 expert 3/3 expert x2 1/1 sovereign 1/1 zoner 1/1 self 3/5 hard x3 1/1 summoner 1/1 easy 4/4 medium 3/3 idle 1/1 hard 1/1 | roll 4.8s upd 9.2s
[brain] it 4804 [league 67%] R/ep 11.70 ent 2.24 kl 0.008 | hit/swing 44% dj/min 29.7 blk/min 0.1 abiHit 77 supHit 56 | counter 1/1 sovereign 3/5 turtle 2/2 self 3/5 summoner 4/4 hard 2/2 expert 3/3 medium 1/1 rushdown 2/2 easy 2/2 idle 1/1 zoner 1/1 expert x2 1/1 aerial 1/1 | roll 1.4s upd 13.7s
[brain] it 4805 [league 65%] R/ep 13.05 ent 2.28 kl 0.008 | hit/swing 56% dj/min 31.9 blk/min 0.3 abiHit 57 supHit 47 | medium 2/2 self 2/2 expert 9/9 idle 4/4 human 1/1 zoner 2/2 sovereign 2/5 aerial 1/1 hard 1/1 switcher 1/1 rushdown 0/1 expert x2 1/1 summoner 1/1 | roll 1.3s upd 13.7s
[brain] it 4806 [league 65%] R/ep 8.37 ent 2.22 kl 0.007 | hit/swing 54% dj/min 32.8 blk/min 0.1 abiHit 72 supHit 54 | self 3/8 sovereign 4/8 expert 5/5 medium 2/2 aerial 2/2 easy 3/3 zoner 2/2 idle 2/2 hard x3 0/1 summoner 1/1 hard 1/1 counter 1/1 rushdown 0/1 | roll 1.4s upd 13.5s
[brain] it 4807 [league 66%] R/ep 9.65 ent 2.18 kl 0.007 | hit/swing 46% dj/min 33.9 blk/min 0.1 abiHit 65 supHit 79 | self 8/14 hard 2/2 expert 5/5 human 1/1 counter 1/1 easy 1/1 zoner 1/1 turtle 3/3 rushdown 1/2 switcher 3/3 summoner 2/2 sovereign 3/4 | roll 1.5s upd 13.2s
[brain] it 4808 [league 66%] R/ep 11.37 ent 2.07 kl 0.009 | hit/swing 72% dj/min 30.2 blk/min 0.2 abiHit 27 supHit 75 | self 4/8 expert 10/10 hard x3 1/3 counter 2/2 sovereign 2/4 aerial 1/1 switcher 2/2 human 2/2 easy 2/2 hard 2/2 expert x2 1/2 idle 1/1 medium 1/1 | roll 1.3s upd 13.2s
[brain] it 4809 [league 66%] R/ep 9.66 ent 2.19 kl 0.008 | hit/swing 50% dj/min 31.5 blk/min 0.2 abiHit 88 supHit 67 | sovereign 4/7 hard x3 0/2 medium 3/3 hard 3/3 self 7/9 switcher 4/4 expert 4/4 idle 2/2 | roll 1.4s upd 13.4s
[brain] it 4810 [league 64%] R/ep 7.35 ent 2.22 kl 0.009 | hit/swing 47% dj/min 32.3 blk/min 0.2 abiHit 36 supHit 62 | self 10/12 sovereign 1/3 expert 2/2 aerial 2/3 expert x2 0/1 hard 1/1 easy 2/2 rushdown 0/1 hard x3 0/1 medium 2/2 switcher 1/1 turtle 1/1 | roll 1.3s upd 13.5s
[brain] it 4811 [league 64%] R/ep 12.14 ent 2.16 kl 0.007 | hit/swing 58% dj/min 29.2 blk/min 0.4 abiHit 60 supHit 72 | summoner 5/5 expert 6/6 rushdown 2/2 self 2/7 hard x3 1/2 zoner 1/1 sovereign 2/3 hard 4/4 aerial 3/3 human 2/2 easy 3/3 counter 1/1 turtle 1/1 | roll 1.3s upd 14.5s
[brain] it 4812 [league 66%] R/ep 10.81 ent 2.06 kl 0.007 | hit/swing 53% dj/min 34.4 blk/min 0.2 abiHit 49 supHit 82 | medium 2/2 turtle 2/2 hard 3/3 sovereign 6/8 zoner 2/2 switcher 2/2 self 7/10 easy 2/2 idle 1/1 counter 1/1 aerial 1/1 rushdown 1/1 expert 3/3 human 2/2 summoner 1/1 hard x3 0/1 | roll 1.3s upd 12.3s
[brain] it 4813 [league 66%] R/ep 7.93 ent 2.21 kl 0.008 | hit/swing 49% dj/min 34.3 blk/min 0.0 abiHit 31 supHit 68 | aerial 2/3 counter 4/4 self 4/12 turtle 2/2 sovereign 5/6 human 1/1 idle 3/3 zoner 2/2 summoner 1/1 expert 3/3 switcher 1/1 | roll 1.3s upd 13.3s
[brain] it 4814 [league 66%] R/ep 10.00 ent 2.16 kl 0.007 | hit/swing 61% dj/min 32.4 blk/min 0.7 abiHit 39 supHit 71 | self 6/10 hard x3 1/1 aerial 1/2 sovereign 4/6 easy 2/2 medium 1/1 expert 3/3 idle 2/2 expert x2 1/2 hard 3/3 switcher 1/1 summoner 1/1 human 1/1 | roll 1.3s upd 13.3s
[brain] it 4815 [league 65%] R/ep 11.26 ent 2.07 kl 0.008 | hit/swing 61% dj/min 31.7 blk/min 0.0 abiHit 50 supHit 79 | human 1/1 sovereign 3/5 expert 4/4 self 5/11 expert x2 1/1 counter 1/1 rushdown 2/2 easy 1/1 aerial 1/2 summoner 1/1 switcher 1/1 idle 3/3 hard x3 2/2 zoner 1/1 hard 2/2 | roll 1.3s upd 13.2s
[brain] it 4816 [league 64%] R/ep 9.20 ent 2.13 kl 0.008 | hit/swing 55% dj/min 33.0 blk/min 0.3 abiHit 60 supHit 96 | idle 2/2 hard x3 0/2 self 4/12 zoner 2/2 switcher 4/5 summoner 5/5 turtle 1/1 expert 5/5 expert x2 1/1 counter 1/1 sovereign 3/4 easy 3/3 rushdown 1/1 hard 1/1 aerial 1/1 | roll 1.3s upd 13.5s
[brain] it 4817 [league 63%] R/ep 11.24 ent 2.22 kl 0.006 | hit/swing 52% dj/min 34.9 blk/min 0.3 abiHit 51 supHit 65 | human 5/5 switcher 2/2 self 5/7 sovereign 2/5 expert 3/3 expert x2 2/2 aerial 2/2 idle 1/1 counter 2/2 medium 1/1 easy 1/1 zoner 1/1 summoner 1/1 | roll 1.3s upd 13.4s
[brain] it 4818 [league 64%] R/ep 10.87 ent 2.19 kl 0.010 | hit/swing 57% dj/min 30.2 blk/min 0.3 abiHit 47 supHit 59 | sovereign 2/2 counter 3/3 easy 2/2 aerial 1/1 expert 4/4 hard x3 0/2 summoner 0/1 zoner 1/1 self 5/9 human 1/1 expert x2 1/1 switcher 1/1 idle 2/2 medium 1/1 | roll 1.4s upd 14.6s
[brain] it 4819 [league 64%] R/ep 13.47 ent 2.01 kl 0.007 | hit/swing 70% dj/min 32.8 blk/min 0.1 abiHit 30 supHit 96 | rushdown 4/5 expert 8/8 turtle 2/2 human 2/2 switcher 4/5 medium 1/1 zoner 1/1 self 4/8 hard x3 1/1 sovereign 2/3 hard 2/2 expert x2 1/1 idle 1/1 aerial 1/1 | roll 1.3s upd 13.4s
[brain] it 4820 [league 65%] R/ep 13.14 ent 2.03 kl 0.009 | hit/swing 67% dj/min 33.1 blk/min 0.6 abiHit 37 supHit 97 | self 10/12 hard x3 2/2 hard 3/3 aerial 2/2 sovereign 4/4 rushdown 2/2 summoner 3/3 expert 9/9 medium 1/1 turtle 1/1 expert x2 0/1 counter 1/1 switcher 1/1 | roll 1.3s upd 13.3s
[brain] it 4821 [league 65%] R/ep 10.85 ent 2.19 kl 0.007 | hit/swing 54% dj/min 31.1 blk/min 0.2 abiHit 72 supHit 58 | self 4/10 rushdown 1/1 easy 2/2 hard 2/2 zoner 2/2 idle 1/1 expert x2 1/1 expert 4/4 hard x3 0/1 turtle 2/2 switcher 0/1 aerial 1/1 human 2/2 medium 1/1 counter 1/1 | roll 1.3s upd 13.2s
[brain] it 4822 [league 64%] R/ep 9.26 ent 2.17 kl 0.008 | hit/swing 49% dj/min 30.1 blk/min 0.1 abiHit 74 supHit 72 | self 5/11 rushdown 2/2 sovereign 3/5 expert 4/4 summoner 4/5 easy 1/1 hard 2/2 counter 1/1 medium 1/1 expert x2 3/3 aerial 1/1 | roll 1.4s upd 13.4s
[brain] it 4823 [league 65%] R/ep 12.73 ent 2.12 kl 0.008 | hit/swing 51% dj/min 31.3 blk/min 0.3 abiHit 70 supHit 91 | self 4/6 zoner 1/1 sovereign 4/6 summoner 2/3 expert 6/8 idle 2/2 rushdown 1/1 hard x3 1/1 medium 3/3 aerial 1/1 expert x2 2/2 human 1/1 hard 1/1 easy 1/1 counter 2/2 | roll 1.2s upd 13.3s
[brain] it 4824 [league 65%] R/ep 13.24 ent 2.09 kl 0.006 | hit/swing 65% dj/min 29.2 blk/min 0.2 abiHit 43 supHit 101 | expert 5/5 sovereign 8/9 expert x2 2/2 counter 2/2 summoner 5/5 switcher 1/1 easy 1/1 medium 3/3 self 4/6 zoner 1/1 aerial 1/1 hard x3 1/1 hard 1/1 idle 1/1 rushdown 1/1 | roll 1.3s upd 13.3s
[brain] it 4825 [league 67%] R/ep 11.89 ent 2.14 kl 0.007 | hit/swing 53% dj/min 32.3 blk/min 0.5 abiHit 62 supHit 78 | summoner 1/1 turtle 3/3 medium 2/2 sovereign 5/7 self 6/10 zoner 2/2 expert x2 2/2 human 1/1 aerial 1/1 expert 5/5 counter 1/1 idle 1/1 rushdown 2/2 easy 1/1 switcher 1/1 | roll 1.7s upd 14.5s
[brain] it 4826 [league 71%] R/ep 12.70 ent 2.04 kl 0.009 | hit/swing 64% dj/min 28.8 blk/min 0.3 abiHit 38 supHit 96 | self 8/12 counter 1/1 medium 1/1 sovereign 6/7 hard x3 1/2 expert x2 1/1 zoner 2/2 summoner 1/1 expert 3/3 easy 3/3 switcher 2/2 rushdown 1/1 hard 3/3 human 1/1 idle 2/2 aerial 1/1 | roll 1.4s upd 12.2s
[brain] it 4827 [league 70%] R/ep 9.12 ent 2.17 kl 0.009 | hit/swing 58% dj/min 28.0 blk/min 0.1 abiHit 73 supHit 54 | expert 6/7 summoner 1/1 sovereign 2/3 human 1/2 switcher 2/2 idle 1/1 expert x2 0/1 self 3/8 hard x3 0/1 zoner 1/1 medium 3/3 counter 1/1 | roll 1.2s upd 13.4s
[brain] it 4828 [league 70%] R/ep 12.59 ent 2.14 kl 0.009 | hit/swing 54% dj/min 34.6 blk/min 0.3 abiHit 95 supHit 102 | hard x3 2/3 expert 5/5 self 10/14 expert x2 1/2 medium 2/2 idle 1/1 summoner 3/3 rushdown 1/1 sovereign 2/3 switcher 1/1 aerial 2/2 zoner 1/1 human 1/1 | roll 1.4s upd 14.3s
[brain] it 4829 [league 70%] R/ep 12.54 ent 2.09 kl 0.008 | hit/swing 52% dj/min 31.2 blk/min 0.1 abiHit 85 supHit 83 | self 5/9 easy 2/2 turtle 2/2 expert 11/11 human 2/2 counter 1/1 zoner 3/3 medium 1/1 idle 2/2 sovereign 2/4 hard 1/1 aerial 1/1 summoner 2/2 expert x2 2/2 | roll 1.4s upd 14.5s
[brain] it 4830 [league 70%] R/ep 11.02 ent 2.15 kl 0.006 | hit/swing 64% dj/min 32.7 blk/min 0.1 abiHit 36 supHit 72 | counter 1/1 sovereign 4/7 aerial 1/1 easy 1/1 switcher 2/3 medium 3/3 human 1/1 self 3/6 zoner 3/3 expert 5/5 turtle 2/2 expert x2 1/1 hard x3 0/2 hard 2/2 | roll 1.2s upd 12.1s
[brain] it 4831 [league 71%] R/ep 9.94 ent 2.04 kl 0.009 | hit/swing 72% dj/min 29.9 blk/min 0.3 abiHit 29 supHit 95 | sovereign 3/5 expert x2 5/5 self 9/16 easy 2/2 counter 1/1 idle 2/2 aerial 2/3 expert 7/7 hard x3 1/1 turtle 1/1 rushdown 1/1 | roll 1.3s upd 13.2s
[brain] it 4832 [league 70%] R/ep 11.68 ent 2.09 kl 0.007 | hit/swing 62% dj/min 33.9 blk/min 0.2 abiHit 16 supHit 77 | easy 1/1 expert 3/3 sovereign 4/7 hard 5/5 summoner 0/1 counter 3/3 expert x2 2/2 zoner 2/2 self 6/8 rushdown 1/1 idle 3/3 human 2/2 | roll 1.3s upd 13.2s
[brain] it 4833 [league 69%] R/ep 12.19 ent 2.09 kl 0.007 | hit/swing 62% dj/min 30.3 blk/min 0.3 abiHit 83 supHit 84 | easy 1/1 self 4/10 expert 6/6 summoner 1/1 zoner 2/2 sovereign 4/6 hard x3 3/3 expert x2 1/1 counter 1/1 medium 1/1 switcher 1/1 aerial 3/3 human 1/2 idle 1/1 hard 1/1 | roll 1.4s upd 13.5s
[brain] it 4834 [league 67%] R/ep 6.91 ent 2.24 kl 0.008 | hit/swing 42% dj/min 34.0 blk/min 0.2 abiHit 69 supHit 44 | sovereign 3/7 hard x3 0/1 expert x2 1/1 summoner 1/1 hard 2/2 idle 1/1 self 3/6 turtle 2/2 human 1/1 counter 1/2 zoner 3/3 rushdown 1/1 aerial 1/1 expert 1/1 switcher 0/1 | roll 1.4s upd 14.5s
[brain] stopped at iteration 4834; saved to data/brain/
