[brain] server :8120, launching 3 workers
[brain] resumed at iteration 151, stage league
[brain] it 152 [league 42%] R/ep 4.12 ent 2.71 kl 0.007 | hit/swing 48% dj/min 47.8 blk/min 0.2 abiHit 10 supHit 45 | sovereign 1/3 medium 3/3 self 7/10 expert 3/6 hard 1/1 easy 1/1 | roll 6.2s upd 14.9s
[brain] it 153 [league 42%] R/ep 6.39 ent 2.74 kl 0.005 | hit/swing 47% dj/min 49.9 blk/min 0.1 abiHit 7 supHit 44 | sovereign 1/4 expert 8/9 easy 2/2 self 2/5 idle 1/1 | roll 6.4s upd 13.2s
[brain] it 154 [league 40%] R/ep 6.40 ent 2.71 kl 0.004 | hit/swing 50% dj/min 51.2 blk/min 0.2 abiHit 14 supHit 59 | self 4/9 sovereign 2/6 easy 4/4 idle 2/2 expert 7/8 medium 1/1 hard 2/2 | roll 1.5s upd 19.0s
[brain] it 155 [league 41%] R/ep 4.92 ent 2.68 kl 0.004 | hit/swing 49% dj/min 50.9 blk/min 0.2 abiHit 11 supHit 67 | self 11/15 expert 6/6 sovereign 3/9 hard 1/1 easy 1/1 medium 1/1 idle 1/1 | roll 1.6s upd 18.6s
[brain] it 156 [league 41%] R/ep 9.33 ent 2.70 kl 0.006 | hit/swing 59% dj/min 51.7 blk/min 0.3 abiHit 7 supHit 73 | expert 11/11 self 13/15 easy 2/2 idle 2/2 sovereign 2/5 | roll 1.5s upd 17.3s
[brain] it 157 [league 38%] R/ep 9.48 ent 2.69 kl 0.004 | hit/swing 53% dj/min 51.2 blk/min 0.1 abiHit 4 supHit 78 | expert 9/9 self 10/11 hard 4/4 idle 2/2 medium 3/3 sovereign 1/4 | roll 1.5s upd 18.1s
[brain] it 158 [league 41%] R/ep 7.26 ent 2.66 kl 0.007 | hit/swing 53% dj/min 50.8 blk/min 0.1 abiHit 11 supHit 66 | expert 8/8 self 9/15 sovereign 4/4 medium 1/1 idle 3/3 | roll 1.4s upd 17.7s
[brain] it 159 [league 40%] R/ep 4.08 ent 2.66 kl 0.005 | hit/swing 34% dj/min 48.1 blk/min 0.2 abiHit 15 supHit 54 | sovereign 3/9 self 9/10 expert 5/7 idle 1/1 hard 1/1 | roll 1.6s upd 18.1s
[brain] it 160 [league 41%] R/ep 9.39 ent 2.61 kl 0.005 | hit/swing 50% dj/min 49.4 blk/min 0.5 abiHit 11 supHit 71 | self 14/16 easy 3/3 medium 4/4 sovereign 2/2 idle 1/1 expert 4/5 | roll 1.4s upd 17.3s
[brain] it 161 [league 41%] R/ep 5.18 ent 2.64 kl 0.004 | hit/swing 50% dj/min 47.2 blk/min 0.2 abiHit 8 supHit 76 | self 8/13 expert 7/7 medium 1/1 sovereign 3/7 easy 2/2 idle 1/1 hard 1/1 | roll 1.7s upd 17.4s
[brain] it 162 [league 42%] R/ep 3.50 ent 2.68 kl 0.005 | hit/swing 40% dj/min 48.7 blk/min 0.0 abiHit 12 supHit 51 | self 5/13 expert 8/11 medium 2/2 easy 1/1 sovereign 1/3 hard 1/1 idle 2/2 | roll 1.6s upd 20.7s
[brain] it 163 [league 46%] R/ep 6.64 ent 2.68 kl 0.006 | hit/swing 49% dj/min 49.6 blk/min 0.4 abiHit 9 supHit 73 | self 6/11 sovereign 8/9 easy 2/2 expert 4/4 medium 1/1 hard 1/1 idle 2/2 | roll 1.7s upd 19.1s
[brain] it 164 [league 45%] R/ep 6.52 ent 2.67 kl 0.005 | hit/swing 55% dj/min 50.1 blk/min 0.0 abiHit 9 supHit 58 | self 6/12 expert 9/9 easy 2/2 hard 2/2 idle 2/2 sovereign 1/4 | roll 1.4s upd 21.6s
[brain] it 165 [league 44%] R/ep 7.69 ent 2.71 kl 0.004 | hit/swing 49% dj/min 52.6 blk/min 0.1 abiHit 5 supHit 55 | sovereign 1/3 idle 5/5 self 6/10 medium 2/2 expert 5/6 easy 1/1 | roll 1.5s upd 19.6s
[brain] it 166 [league 43%] R/ep 6.05 ent 2.65 kl 0.006 | hit/swing 53% dj/min 47.0 blk/min 0.2 abiHit 5 supHit 74 | expert 9/11 self 7/11 medium 1/1 sovereign 2/7 hard 1/1 easy 3/3 | roll 1.5s upd 16.8s
[brain] it 167 [league 45%] R/ep 7.15 ent 2.66 kl 0.005 | hit/swing 52% dj/min 49.3 blk/min 0.0 abiHit 5 supHit 82 | self 13/17 sovereign 3/4 expert 7/10 hard 2/2 easy 2/2 idle 1/1 | roll 1.5s upd 21.4s
[brain] it 168 [league 46%] R/ep 5.91 ent 2.65 kl 0.003 | hit/swing 57% dj/min 47.4 blk/min 0.4 abiHit 13 supHit 88 | idle 2/2 self 12/16 expert 6/8 sovereign 4/8 hard 1/1 easy 2/2 | roll 1.7s upd 22.8s
[brain] it 169 [league 46%] R/ep 7.06 ent 2.67 kl 0.006 | hit/swing 54% dj/min 51.1 blk/min 0.0 abiHit 8 supHit 67 | expert 4/6 self 9/14 medium 2/2 sovereign 2/4 easy 3/3 hard 1/1 idle 2/2 | roll 1.6s upd 20.5s
[brain] it 170 [league 46%] R/ep 7.76 ent 2.70 kl 0.006 | hit/swing 52% dj/min 50.2 blk/min 0.1 abiHit 8 supHit 74 | expert 12/14 sovereign 3/7 self 7/9 idle 1/1 hard 1/1 medium 3/3 | roll 1.6s upd 19.7s
[brain] it 171 [league 47%] R/ep 7.91 ent 2.71 kl 0.006 | hit/swing 56% dj/min 49.6 blk/min 0.1 abiHit 14 supHit 81 | sovereign 3/8 medium 2/2 easy 2/2 idle 3/3 self 10/12 expert 8/8 hard 2/2 | roll 1.5s upd 19.0s
[brain] it 172 [league 48%] R/ep 8.86 ent 2.71 kl 0.006 | hit/swing 53% dj/min 50.9 blk/min 0.1 abiHit 14 supHit 86 | expert 13/13 sovereign 3/8 hard 1/1 self 9/11 medium 4/4 idle 1/1 easy 1/1 | roll 1.6s upd 19.4s
[brain] it 173 [league 47%] R/ep 5.87 ent 2.65 kl 0.006 | hit/swing 53% dj/min 49.4 blk/min 0.1 abiHit 9 supHit 75 | sovereign 3/9 self 14/18 expert 5/5 medium 2/2 hard 2/2 idle 1/1 easy 1/1 | roll 1.6s upd 18.9s
[brain] it 174 [league 48%] R/ep 7.01 ent 2.64 kl 0.006 | hit/swing 52% dj/min 51.2 blk/min 0.3 abiHit 14 supHit 77 | expert 5/5 self 18/19 sovereign 4/6 medium 2/2 hard 1/1 idle 1/1 | roll 1.6s upd 20.9s
[brain] it 175 [league 48%] R/ep 3.53 ent 2.64 kl 0.006 | hit/swing 51% dj/min 49.9 blk/min 0.1 abiHit 8 supHit 81 | expert 5/6 self 10/18 easy 2/2 sovereign 4/10 idle 1/1 | roll 1.6s upd 22.5s
[brain] it 176 [league 46%] R/ep 4.75 ent 2.65 kl 0.006 | hit/swing 56% dj/min 49.0 blk/min 0.3 abiHit 10 supHit 71 | expert 6/9 sovereign 4/8 self 14/17 hard 1/1 idle 1/1 | roll 1.7s upd 20.9s
[brain] it 177 [league 47%] R/ep 9.51 ent 2.64 kl 0.005 | hit/swing 56% dj/min 52.2 blk/min 0.1 abiHit 11 supHit 75 | self 11/15 easy 4/4 hard 2/2 expert 8/9 sovereign 1/2 idle 2/2 medium 1/1 | roll 1.8s upd 22.6s
[brain] it 178 [league 45%] R/ep 6.00 ent 2.68 kl 0.006 | hit/swing 43% dj/min 50.7 blk/min 0.4 abiHit 19 supHit 70 | expert 8/9 sovereign 5/9 self 12/14 easy 1/1 hard 1/1 | roll 1.8s upd 22.0s
[brain] it 179 [league 46%] R/ep 7.18 ent 2.61 kl 0.006 | hit/swing 53% dj/min 50.0 blk/min 0.1 abiHit 20 supHit 75 | self 12/15 expert 8/8 sovereign 4/7 medium 3/3 easy 1/1 | roll 1.5s upd 17.9s
[brain] it 180 [league 48%] R/ep 7.47 ent 2.66 kl 0.007 | hit/swing 55% dj/min 50.4 blk/min 0.0 abiHit 16 supHit 82 | medium 2/2 self 9/11 hard 1/1 expert 10/10 sovereign 5/10 easy 1/1 | roll 1.6s upd 19.6s
[brain] it 181 [league 46%] R/ep 8.78 ent 2.68 kl 0.006 | hit/swing 50% dj/min 50.9 blk/min 0.2 abiHit 8 supHit 68 | expert 13/14 easy 2/2 self 7/9 idle 1/1 sovereign 2/5 | roll 1.5s upd 18.1s
[brain] it 182 [league 44%] R/ep 7.54 ent 2.66 kl 0.005 | hit/swing 53% dj/min 52.4 blk/min 0.2 abiHit 11 supHit 74 | hard 3/3 sovereign 1/6 self 12/15 easy 2/2 expert 4/6 idle 2/2 medium 2/2 | roll 1.4s upd 21.8s
[brain] it 183 [league 44%] R/ep 8.05 ent 2.68 kl 0.005 | hit/swing 59% dj/min 52.7 blk/min 0.0 abiHit 14 supHit 73 | expert 10/10 sovereign 2/4 self 6/12 idle 2/2 hard 2/2 easy 1/1 medium 2/2 | roll 1.3s upd 22.5s
[brain] it 184 [league 45%] R/ep 6.81 ent 2.60 kl 0.005 | hit/swing 46% dj/min 51.0 blk/min 0.1 abiHit 6 supHit 85 | self 15/20 easy 2/2 sovereign 3/4 expert 6/8 medium 2/2 | roll 1.7s upd 17.1s
[brain] it 185 [league 45%] R/ep 6.47 ent 2.62 kl 0.006 | hit/swing 56% dj/min 50.0 blk/min 0.0 abiHit 15 supHit 81 | self 16/18 expert 10/12 idle 1/1 sovereign 1/5 | roll 1.6s upd 18.8s
[brain] it 186 [league 45%] R/ep 6.59 ent 2.63 kl 0.006 | hit/swing 44% dj/min 51.7 blk/min 0.1 abiHit 19 supHit 72 | medium 1/1 expert 6/7 hard 4/4 self 12/16 idle 2/2 sovereign 3/7 | roll 1.7s upd 22.1s
[brain] it 187 [league 47%] R/ep 7.62 ent 2.59 kl 0.004 | hit/swing 50% dj/min 51.5 blk/min 0.2 abiHit 7 supHit 67 | self 9/12 sovereign 5/8 expert 8/8 easy 1/1 idle 2/2 | roll 1.5s upd 18.4s
[brain] it 188 [league 47%] R/ep 6.02 ent 2.59 kl 0.007 | hit/swing 55% dj/min 48.5 blk/min 0.2 abiHit 18 supHit 91 | self 13/17 sovereign 6/12 expert 7/7 easy 2/2 medium 2/2 | roll 1.7s upd 16.5s
[brain] it 189 [league 52%] R/ep 9.22 ent 2.59 kl 0.007 | hit/swing 56% dj/min 50.3 blk/min 0.1 abiHit 7 supHit 83 | expert 9/9 self 9/12 hard 3/3 sovereign 7/8 medium 2/2 easy 1/1 | roll 1.4s upd 20.3s
[brain] it 190 [league 53%] R/ep 6.80 ent 2.58 kl 0.008 | hit/swing 55% dj/min 50.3 blk/min 0.1 abiHit 7 supHit 78 | expert 9/9 self 8/13 sovereign 4/7 easy 2/2 idle 2/2 hard 2/2 medium 1/1 | roll 1.6s upd 19.7s
[brain] it 191 [league 53%] R/ep 5.65 ent 2.56 kl 0.005 | hit/swing 54% dj/min 48.9 blk/min 0.1 abiHit 7 supHit 80 | hard 4/4 sovereign 4/6 expert 4/5 easy 2/2 self 12/18 | roll 1.6s upd 18.0s
[brain] it 192 [league 55%] R/ep 11.04 ent 2.66 kl 0.006 | hit/swing 64% dj/min 50.8 blk/min 0.1 abiHit 5 supHit 77 | sovereign 6/9 expert 13/13 self 7/7 hard 1/1 medium 3/3 easy 2/2 idle 1/1 | roll 1.4s upd 19.0s
[brain] it 193 [league 54%] R/ep 9.13 ent 2.62 kl 0.005 | hit/swing 58% dj/min 49.8 blk/min 0.4 abiHit 20 supHit 78 | self 5/8 expert 9/11 medium 3/3 easy 4/4 sovereign 3/5 idle 1/1 hard 1/1 | roll 1.4s upd 20.3s
[brain] it 194 [league 53%] R/ep 6.14 ent 2.54 kl 0.005 | hit/swing 56% dj/min 49.2 blk/min 0.2 abiHit 12 supHit 82 | self 12/18 sovereign 2/5 expert 6/6 hard 2/2 idle 2/2 medium 1/1 | roll 1.5s upd 18.8s
[brain] it 195 [league 52%] R/ep 6.57 ent 2.62 kl 0.006 | hit/swing 56% dj/min 50.5 blk/min 0.1 abiHit 13 supHit 67 | expert 5/7 hard 2/2 sovereign 4/11 self 10/12 medium 4/4 idle 1/1 | roll 1.7s upd 19.4s
[brain] it 196 [league 53%] R/ep 5.63 ent 2.57 kl 0.006 | hit/swing 42% dj/min 50.3 blk/min 0.2 abiHit 9 supHit 67 | self 7/13 expert 8/9 sovereign 3/5 easy 1/1 hard 2/2 medium 2/2 | roll 1.6s upd 22.2s
[brain] it 197 [league 55%] R/ep 8.64 ent 2.57 kl 0.006 | hit/swing 58% dj/min 49.5 blk/min 0.1 abiHit 14 supHit 85 | self 13/17 hard 5/5 sovereign 2/4 expert 9/9 easy 1/1 idle 1/1 | roll 1.6s upd 20.8s
[brain] it 198 [league 52%] R/ep 7.39 ent 2.58 kl 0.007 | hit/swing 53% dj/min 50.0 blk/min 0.1 abiHit 4 supHit 76 | self 11/13 expert 11/12 sovereign 2/8 easy 2/2 hard 1/1 | roll 1.6s upd 19.6s
[brain] it 199 [league 53%] R/ep 8.32 ent 2.58 kl 0.006 | hit/swing 52% dj/min 50.6 blk/min 0.0 abiHit 20 supHit 71 | self 11/14 sovereign 1/3 expert 12/12 medium 1/1 easy 3/3 hard 1/1 | roll 1.5s upd 17.5s
[brain] it 200 [league 51%] R/ep 4.78 ent 2.61 kl 0.006 | hit/swing 49% dj/min 49.8 blk/min 0.2 abiHit 7 supHit 71 | hard 1/1 sovereign 1/7 medium 2/2 expert 7/9 self 13/13 idle 2/2 | roll 1.6s upd 23.1s
[brain] it 201 [league 48%] R/ep 6.76 ent 2.60 kl 0.006 | hit/swing 57% dj/min 51.7 blk/min 0.1 abiHit 12 supHit 72 | self 12/16 sovereign 1/6 medium 4/4 expert 4/4 idle 3/3 easy 1/1 | roll 1.5s upd 22.7s
[brain] it 202 [league 50%] R/ep 7.95 ent 2.57 kl 0.007 | hit/swing 62% dj/min 49.1 blk/min 0.1 abiHit 8 supHit 91 | sovereign 5/8 expert 9/9 self 14/19 easy 4/4 idle 1/1 medium 1/1 | roll 1.7s upd 21.0s
[brain] it 203 [league 49%] R/ep 6.25 ent 2.57 kl 0.006 | hit/swing 48% dj/min 50.7 blk/min 0.0 abiHit 8 supHit 74 | self 12/16 expert 5/5 easy 4/4 sovereign 4/8 medium 1/1 idle 1/1 | roll 1.8s upd 17.9s
[brain] it 204 [league 46%] R/ep 5.95 ent 2.56 kl 0.005 | hit/swing 55% dj/min 49.7 blk/min 0.1 abiHit 12 supHit 96 | sovereign 7/13 expert 6/6 self 13/17 medium 1/1 idle 1/1 easy 1/1 | roll 1.6s upd 22.0s
[brain] it 205 [league 46%] R/ep 6.50 ent 2.58 kl 0.005 | hit/swing 44% dj/min 51.7 blk/min 0.3 abiHit 10 supHit 62 | self 10/16 sovereign 1/3 expert 5/5 easy 1/1 idle 2/2 hard 2/2 medium 1/1 | roll 1.6s upd 23.1s
[brain] it 206 [league 44%] R/ep 5.08 ent 2.63 kl 0.006 | hit/swing 46% dj/min 51.8 blk/min 0.0 abiHit 8 supHit 57 | self 7/10 expert 8/10 sovereign 1/4 medium 2/2 idle 2/2 | roll 1.5s upd 19.4s
[brain] it 207 [league 43%] R/ep 4.67 ent 2.63 kl 0.005 | hit/swing 48% dj/min 50.8 blk/min 0.1 abiHit 14 supHit 67 | sovereign 6/11 self 7/11 expert 4/6 easy 2/2 hard 1/1 idle 2/2 | roll 1.6s upd 23.3s
[brain] it 208 [league 43%] R/ep 7.52 ent 2.61 kl 0.006 | hit/swing 55% dj/min 50.7 blk/min 0.0 abiHit 10 supHit 70 | self 11/16 sovereign 3/6 expert 5/5 idle 2/2 medium 1/1 hard 1/1 | roll 1.5s upd 19.1s
[brain] it 209 [league 42%] R/ep 4.09 ent 2.61 kl 0.006 | hit/swing 53% dj/min 48.9 blk/min 0.0 abiHit 12 supHit 63 | self 3/12 expert 6/7 idle 3/3 sovereign 3/8 medium 3/3 hard 2/2 easy 1/1 | roll 1.8s upd 31.2s
[brain] it 210 [league 43%] R/ep 4.99 ent 2.59 kl 0.006 | hit/swing 48% dj/min 50.8 blk/min 0.2 abiHit 30 supHit 68 | self 8/16 expert 9/9 sovereign 4/8 medium 3/3 idle 2/2 | roll 1.9s upd 33.3s
[brain] it 211 [league 44%] R/ep 3.36 ent 2.58 kl 0.005 | hit/swing 45% dj/min 47.6 blk/min 0.4 abiHit 3 supHit 80 | self 11/16 idle 1/1 medium 1/1 sovereign 5/9 expert 5/7 | roll 1.9s upd 20.4s
[brain] it 212 [league 43%] R/ep 5.04 ent 2.66 kl 0.006 | hit/swing 45% dj/min 52.1 blk/min 0.1 abiHit 9 supHit 50 | sovereign 2/7 easy 2/2 self 5/9 idle 5/5 expert 0/1 hard 2/2 medium 1/1 | roll 1.5s upd 19.4s
[brain] it 213 [league 48%] R/ep 5.64 ent 2.55 kl 0.005 | hit/swing 47% dj/min 47.0 blk/min 0.3 abiHit 16 supHit 80 | sovereign 5/6 self 9/17 expert 4/5 medium 4/4 easy 2/2 | roll 1.6s upd 17.4s
[brain] it 214 [league 47%] R/ep 7.38 ent 2.62 kl 0.005 | hit/swing 56% dj/min 48.0 blk/min 0.0 abiHit 22 supHit 81 | self 12/13 expert 9/9 sovereign 1/8 easy 1/1 hard 2/2 idle 1/1 medium 1/1 | roll 1.5s upd 19.0s
[brain] it 215 [league 47%] R/ep 8.56 ent 2.65 kl 0.006 | hit/swing 55% dj/min 50.1 blk/min 0.1 abiHit 14 supHit 70 | sovereign 4/6 idle 1/1 self 11/15 expert 7/8 medium 2/2 easy 2/2 hard 1/1 | roll 1.5s upd 110.0s
[brain] worker 0 failed (Attempted to use detached Frame '8ECA9791C67C4205381B5560F0C93A72'.); relaunching
[brain] worker 1 failed (Attempted to use detached Frame '41957745E2002625168ABAC4E46064EA'.); relaunching
[brain] worker 2 failed (Attempted to use detached Frame 'E2C62E3BA0D9D00E8A38D1D457583650'.); relaunching
[brain] no worker returned data this iteration
[brain] it 216 [league 46%] R/ep 6.97 ent 2.64 kl 0.006 | hit/swing 56% dj/min 48.7 blk/min 0.2 abiHit 14 supHit 75 | hard 2/2 expert 5/6 self 15/19 sovereign 0/3 idle 2/2 medium 1/1 easy 1/1 | roll 1.4s upd 16.6s
[brain] it 217 [league 47%] R/ep 7.99 ent 2.66 kl 0.006 | hit/swing 48% dj/min 49.2 blk/min 0.2 abiHit 5 supHit 69 | easy 1/1 expert 8/8 self 11/16 hard 2/2 idle 2/2 sovereign 2/4 | roll 1.3s upd 17.9s
[brain] it 218 [league 47%] R/ep 7.02 ent 2.66 kl 0.006 | hit/swing 53% dj/min 49.6 blk/min 0.0 abiHit 11 supHit 57 | expert 11/11 easy 1/1 idle 3/3 sovereign 2/3 self 5/12 medium 1/1 hard 2/2 | roll 1.2s upd 20.8s
[brain] it 219 [league 47%] R/ep 8.31 ent 2.66 kl 0.004 | hit/swing 61% dj/min 48.6 blk/min 0.0 abiHit 12 supHit 73 | easy 4/4 sovereign 3/8 medium 1/1 expert 7/7 idle 3/3 hard 1/1 self 9/12 | roll 1.1s upd 14.9s
[brain] it 220 [league 46%] R/ep 8.60 ent 2.60 kl 0.005 | hit/swing 56% dj/min 49.0 blk/min 0.0 abiHit 15 supHit 75 | sovereign 4/6 expert 10/10 self 9/13 hard 3/3 easy 2/2 | roll 1.2s upd 15.2s
[brain] it 221 [league 47%] R/ep 7.85 ent 2.63 kl 0.005 | hit/swing 57% dj/min 48.8 blk/min 0.1 abiHit 15 supHit 76 | sovereign 3/6 hard 1/1 expert 10/10 medium 1/1 idle 2/2 easy 3/3 self 8/13 | roll 1.2s upd 21.0s
[brain] it 222 [league 49%] R/ep 7.58 ent 2.60 kl 0.005 | hit/swing 52% dj/min 50.0 blk/min 0.1 abiHit 21 supHit 84 | expert 11/11 self 9/13 sovereign 4/7 hard 2/2 idle 1/1 easy 1/1 | roll 1.5s upd 22.6s
[brain] it 223 [league 48%] R/ep 5.70 ent 2.59 kl 0.004 | hit/swing 51% dj/min 47.7 blk/min 0.2 abiHit 8 supHit 70 | expert 12/14 self 4/12 medium 1/1 hard 4/4 sovereign 2/4 easy 1/1 | roll 1.4s upd 12.1s
[brain] it 224 [league 45%] R/ep 5.74 ent 2.63 kl 0.006 | hit/swing 57% dj/min 48.8 blk/min 0.2 abiHit 11 supHit 80 | sovereign 4/12 expert 10/11 idle 2/2 medium 1/1 self 9/11 | roll 1.0s upd 30.6s
[brain] it 225 [league 48%] R/ep 10.52 ent 2.63 kl 0.006 | hit/swing 57% dj/min 50.2 blk/min 0.3 abiHit 10 supHit 87 | expert 14/14 sovereign 3/5 self 11/14 idle 2/2 hard 2/2 | roll 1.3s upd 19.1s
[brain] it 226 [league 45%] R/ep 4.79 ent 2.64 kl 0.005 | hit/swing 47% dj/min 49.7 blk/min 0.2 abiHit 14 supHit 55 | sovereign 2/8 self 5/8 idle 2/2 hard 1/1 expert 8/9 medium 1/1 | roll 1.3s upd 14.6s
[brain] it 227 [league 44%] R/ep 8.39 ent 2.55 kl 0.006 | hit/swing 59% dj/min 47.8 blk/min 0.3 abiHit 13 supHit 91 | self 15/18 expert 14/14 sovereign 3/7 hard 1/1 | roll 1.3s upd 12.8s
[brain] it 228 [league 45%] R/ep 3.96 ent 2.61 kl 0.005 | hit/swing 44% dj/min 48.6 blk/min 0.1 abiHit 15 supHit 60 | self 8/12 sovereign 3/7 expert 4/6 idle 3/3 hard 2/2 medium 1/1 easy 2/2 | roll 1.2s upd 15.0s
[brain] it 229 [league 40%] R/ep 7.65 ent 2.60 kl 0.006 | hit/swing 49% dj/min 49.4 blk/min 0.3 abiHit 23 supHit 75 | expert 10/11 self 9/10 sovereign 1/8 hard 4/4 medium 1/1 | roll 1.5s upd 14.4s
[brain] it 230 [league 43%] R/ep 6.52 ent 2.60 kl 0.006 | hit/swing 45% dj/min 48.0 blk/min 0.3 abiHit 29 supHit 66 | expert 10/13 self 6/7 idle 1/1 sovereign 4/8 easy 2/2 medium 1/1 | roll 1.1s upd 11.6s
[brain] it 231 [league 43%] R/ep 6.55 ent 2.57 kl 0.007 | hit/swing 58% dj/min 47.8 blk/min 0.1 abiHit 8 supHit 72 | self 7/12 expert 11/11 sovereign 3/6 idle 2/2 hard 1/1 medium 1/1 easy 1/1 | roll 1.0s upd 13.1s
[brain] worker 0 failed (Attempted to use detached Frame '6E971950EE6DDDD484AB8BBF83F41A22'.); relaunching
[brain] worker 1 failed (Attempted to use detached Frame '5B152E655293C9B547752CE525FD26D1'.); relaunching
[brain] worker 2 failed (Attempted to use detached Frame '0819833ACB7ED16E2292BBEB0A0882F7'.); relaunching
[brain] no worker returned data this iteration
[brain] it 232 [league 43%] R/ep 8.14 ent 2.54 kl 0.006 | hit/swing 57% dj/min 47.6 blk/min 0.1 abiHit 10 supHit 96 | self 15/16 expert 10/11 sovereign 4/7 idle 1/1 hard 2/2 medium 1/1 | roll 1.0s upd 18.4s
[brain] worker 0 failed (Runtime.callFunctionOn timed out. Increase the 'protocolTimeout' setting in laun); relaunching
[brain] worker 1 failed (Runtime.callFunctionOn timed out. Increase the 'protocolTimeout' setting in laun); relaunching
[brain] worker 2 failed (Runtime.callFunctionOn timed out. Increase the 'protocolTimeout' setting in laun); relaunching
[brain] no worker returned data this iteration
[brain] it 233 [league 44%] R/ep 6.24 ent 2.60 kl 0.007 | hit/swing 46% dj/min 49.2 blk/min 0.0 abiHit 8 supHit 78 | expert 7/10 self 14/16 sovereign 3/8 idle 1/1 medium 3/3 | roll 100.1s upd 10.4s
[brain] it 234 [league 43%] R/ep 6.80 ent 2.56 kl 0.005 | hit/swing 48% dj/min 48.0 blk/min 0.2 abiHit 12 supHit 81 | self 11/13 expert 8/9 medium 2/2 sovereign 4/7 hard 3/3 | roll 0.9s upd 13.5s
[brain] it 235 [league 43%] R/ep 3.91 ent 2.51 kl 0.006 | hit/swing 49% dj/min 48.1 blk/min 0.1 abiHit 10 supHit 76 | expert 7/7 hard 1/1 self 10/17 sovereign 4/10 medium 2/2 easy 1/1 | roll 1.0s upd 9.9s
[brain] it 236 [league 43%] R/ep 8.85 ent 2.63 kl 0.004 | hit/swing 56% dj/min 49.0 blk/min 0.0 abiHit 8 supHit 74 | self 3/6 expert 13/15 sovereign 4/6 hard 2/2 easy 2/2 medium 3/3 idle 1/1 | roll 0.9s upd 11.2s
[brain] it 237 [league 41%] R/ep 4.83 ent 2.59 kl 0.006 | hit/swing 53% dj/min 49.5 blk/min 0.3 abiHit 24 supHit 76 | expert 7/10 sovereign 3/9 self 7/13 medium 4/4 idle 2/2 easy 1/1 hard 1/1 | roll 0.9s upd 12.6s
[brain] it 238 [league 44%] R/ep 3.62 ent 2.52 kl 0.005 | hit/swing 53% dj/min 46.4 blk/min 0.3 abiHit 10 supHit 87 | sovereign 4/7 self 10/19 expert 5/7 hard 1/1 medium 1/1 easy 2/2 | roll 1.1s upd 11.0s
[brain] it 239 [league 43%] R/ep 6.90 ent 2.55 kl 0.005 | hit/swing 58% dj/min 47.9 blk/min 0.2 abiHit 17 supHit 85 | sovereign 3/6 self 8/15 easy 2/2 expert 11/11 medium 2/2 hard 1/1 idle 1/1 | roll 0.9s upd 10.7s
[brain] it 240 [league 43%] R/ep 5.31 ent 2.65 kl 0.005 | hit/swing 49% dj/min 50.3 blk/min 0.2 abiHit 17 supHit 50 | medium 4/4 self 6/8 expert 7/10 idle 3/3 sovereign 0/4 easy 1/1 | roll 0.8s upd 11.2s
[brain] it 241 [league 46%] R/ep 4.94 ent 2.60 kl 0.005 | hit/swing 43% dj/min 47.9 blk/min 0.1 abiHit 12 supHit 73 | sovereign 7/10 expert 6/6 self 7/11 idle 1/1 easy 1/1 hard 2/2 | roll 1.1s upd 12.1s
[brain] it 242 [league 47%] R/ep 6.84 ent 2.53 kl 0.006 | hit/swing 54% dj/min 46.5 blk/min 0.0 abiHit 11 supHit 84 | self 10/15 medium 2/2 expert 9/9 sovereign 3/6 easy 1/1 hard 1/1 idle 1/1 | roll 1.0s upd 10.6s
[brain] it 243 [league 46%] R/ep 6.03 ent 2.57 kl 0.006 | hit/swing 60% dj/min 46.7 blk/min 0.2 abiHit 13 supHit 74 | expert 9/9 self 5/12 sovereign 2/9 hard 2/2 easy 2/2 medium 3/3 idle 1/1 | roll 0.9s upd 10.3s
[brain] it 244 [league 47%] R/ep 11.05 ent 2.58 kl 0.007 | hit/swing 58% dj/min 49.6 blk/min 0.1 abiHit 12 supHit 80 | self 11/14 idle 3/3 expert 11/11 sovereign 2/2 medium 4/4 easy 1/1 hard 1/1 | roll 0.9s upd 10.0s
[brain] it 245 [league 48%] R/ep 6.36 ent 2.59 kl 0.005 | hit/swing 51% dj/min 48.1 blk/min 0.2 abiHit 13 supHit 69 | self 8/13 sovereign 5/10 expert 8/8 easy 3/3 idle 2/2 | roll 1.0s upd 10.0s
[brain] it 246 [league 45%] R/ep 3.70 ent 2.56 kl 0.004 | hit/swing 51% dj/min 49.4 blk/min 0.1 abiHit 13 supHit 66 | self 6/14 expert 8/8 sovereign 0/5 easy 1/1 idle 1/1 | roll 0.9s upd 9.1s
[brain] it 247 [league 47%] R/ep 6.56 ent 2.52 kl 0.007 | hit/swing 57% dj/min 46.1 blk/min 0.4 abiHit 12 supHit 94 | sovereign 5/7 expert 6/6 medium 2/2 self 13/20 easy 2/2 idle 1/1 | roll 1.0s upd 10.0s
[brain] it 248 [league 44%] R/ep 5.10 ent 2.56 kl 0.005 | hit/swing 52% dj/min 47.2 blk/min 0.2 abiHit 9 supHit 76 | self 11/14 sovereign 2/10 idle 1/1 medium 1/1 expert 7/7 hard 3/3 | roll 1.1s upd 10.2s
[brain] it 249 [league 46%] R/ep 8.15 ent 2.60 kl 0.006 | hit/swing 57% dj/min 49.2 blk/min 0.1 abiHit 11 supHit 78 | self 9/12 medium 3/3 expert 6/6 sovereign 6/9 idle 2/2 easy 1/1 hard 2/2 | roll 0.9s upd 10.1s
[brain] it 250 [league 47%] R/ep 7.63 ent 2.59 kl 0.004 | hit/swing 59% dj/min 48.9 blk/min 0.4 abiHit 13 supHit 90 | expert 10/10 self 10/11 hard 4/4 sovereign 8/15 idle 1/1 | roll 0.9s upd 10.3s
[brain] it 251 [league 48%] R/ep 9.80 ent 2.58 kl 0.005 | hit/swing 53% dj/min 48.6 blk/min 0.2 abiHit 17 supHit 74 | expert 9/10 self 12/13 sovereign 5/7 idle 2/2 hard 1/1 medium 1/1 | roll 0.9s upd 9.8s
[brain] it 252 [league 51%] R/ep 5.52 ent 2.59 kl 0.005 | hit/swing 50% dj/min 48.7 blk/min 0.1 abiHit 19 supHit 73 | expert 7/9 idle 2/2 sovereign 9/14 easy 2/2 hard 1/1 self 4/7 | roll 1.0s upd 10.2s
[brain] it 253 [league 50%] R/ep 5.64 ent 2.55 kl 0.006 | hit/swing 53% dj/min 47.4 blk/min 0.1 abiHit 11 supHit 67 | expert 6/7 sovereign 2/5 self 6/13 hard 6/6 idle 1/1 | roll 1.0s upd 10.2s
[brain] it 254 [league 48%] R/ep 10.42 ent 2.60 kl 0.005 | hit/swing 57% dj/min 50.3 blk/min 0.2 abiHit 12 supHit 75 | idle 3/3 expert 10/10 sovereign 1/4 self 7/10 hard 3/3 easy 3/3 | roll 0.9s upd 11.3s
[brain] it 255 [league 50%] R/ep 8.77 ent 2.58 kl 0.006 | hit/swing 55% dj/min 49.6 blk/min 0.1 abiHit 11 supHit 71 | sovereign 4/8 easy 3/3 expert 15/15 self 7/12 medium 1/1 idle 1/1 hard 1/1 | roll 1.0s upd 11.6s
[brain] it 256 [league 48%] R/ep 7.52 ent 2.58 kl 0.005 | hit/swing 55% dj/min 49.0 blk/min 0.4 abiHit 25 supHit 80 | sovereign 2/8 expert 8/9 hard 2/2 self 14/15 idle 2/2 easy 1/1 | roll 1.0s upd 9.9s
[brain] it 257 [league 47%] R/ep 5.16 ent 2.53 kl 0.005 | hit/swing 48% dj/min 48.1 blk/min 0.3 abiHit 5 supHit 83 | sovereign 2/5 self 11/19 expert 9/10 idle 1/1 hard 1/1 | roll 0.9s upd 10.0s
[brain] it 258 [league 50%] R/ep 4.72 ent 2.56 kl 0.006 | hit/swing 48% dj/min 48.3 blk/min 0.1 abiHit 15 supHit 74 | self 8/16 expert 11/11 sovereign 4/7 medium 1/1 easy 1/1 idle 1/1 | roll 1.0s upd 10.2s
[brain] it 259 [league 52%] R/ep 5.01 ent 2.58 kl 0.005 | hit/swing 52% dj/min 48.7 blk/min 0.3 abiHit 11 supHit 67 | expert 7/7 self 5/12 idle 2/2 sovereign 8/10 medium 3/3 | roll 1.0s upd 9.9s
[brain] it 260 [league 53%] R/ep 4.70 ent 2.57 kl 0.006 | hit/swing 47% dj/min 47.4 blk/min 0.3 abiHit 13 supHit 66 | idle 3/3 sovereign 1/6 self 9/13 expert 8/11 hard 2/2 easy 1/1 | roll 1.0s upd 10.2s
[brain] it 261 [league 51%] R/ep 6.34 ent 2.53 kl 0.006 | hit/swing 53% dj/min 48.4 blk/min 0.1 abiHit 15 supHit 74 | self 9/15 sovereign 4/9 idle 1/1 expert 9/9 easy 2/2 medium 2/2 hard 1/1 | roll 1.0s upd 10.1s
[brain] it 262 [league 51%] R/ep 6.65 ent 2.51 kl 0.005 | hit/swing 60% dj/min 47.0 blk/min 0.1 abiHit 13 supHit 89 | self 8/15 expert 8/8 idle 2/2 sovereign 4/7 medium 4/4 hard 4/4 | roll 0.9s upd 10.1s
[brain] it 263 [league 48%] R/ep 5.70 ent 2.55 kl 0.006 | hit/swing 58% dj/min 47.7 blk/min 0.2 abiHit 15 supHit 72 | easy 3/3 sovereign 2/9 self 5/11 expert 10/10 idle 2/2 medium 1/1 hard 2/2 | roll 0.9s upd 10.5s
[brain] it 264 [league 47%] R/ep 7.21 ent 2.56 kl 0.004 | hit/swing 46% dj/min 49.3 blk/min 0.1 abiHit 13 supHit 56 | self 8/11 expert 5/5 medium 3/3 sovereign 1/5 idle 3/3 hard 1/1 | roll 1.2s upd 14.8s
[brain] it 265 [league 46%] R/ep 4.63 ent 2.51 kl 0.005 | hit/swing 55% dj/min 46.6 blk/min 0.3 abiHit 12 supHit 91 | idle 1/1 hard 2/2 sovereign 7/11 expert 4/5 easy 2/2 self 10/15 medium 1/1 | roll 1.0s upd 11.9s
[brain] it 266 [league 47%] R/ep 8.00 ent 2.57 kl 0.005 | hit/swing 53% dj/min 49.9 blk/min 0.1 abiHit 11 supHit 71 | medium 5/5 self 5/11 sovereign 5/8 expert 5/5 hard 1/1 easy 1/1 idle 3/3 | roll 1.1s upd 11.1s
[brain] it 267 [league 48%] R/ep 9.19 ent 2.50 kl 0.006 | hit/swing 48% dj/min 49.4 blk/min 0.0 abiHit 33 supHit 78 | self 17/19 hard 2/2 sovereign 4/5 expert 5/6 medium 2/2 | roll 1.0s upd 10.4s
[brain] it 268 [league 48%] R/ep 6.96 ent 2.47 kl 0.006 | hit/swing 45% dj/min 49.2 blk/min 0.3 abiHit 26 supHit 65 | easy 2/2 self 13/17 expert 7/9 medium 2/2 sovereign 0/1 | roll 1.0s upd 10.2s
[brain] it 269 [league 51%] R/ep 9.07 ent 2.54 kl 0.006 | hit/swing 54% dj/min 47.5 blk/min 0.3 abiHit 8 supHit 85 | self 8/12 sovereign 5/7 expert 8/8 easy 5/5 idle 1/1 medium 3/3 | roll 1.0s upd 10.5s
[brain] it 270 [league 50%] R/ep 5.90 ent 2.53 kl 0.007 | hit/swing 51% dj/min 48.1 blk/min 0.3 abiHit 5 supHit 66 | expert 10/10 sovereign 3/9 easy 2/2 self 7/12 hard 1/1 medium 1/1 | roll 1.0s upd 10.3s
[brain] it 271 [league 52%] R/ep 3.52 ent 2.52 kl 0.005 | hit/swing 49% dj/min 47.0 blk/min 0.2 abiHit 10 supHit 66 | expert 2/7 self 10/16 easy 3/3 sovereign 4/7 idle 2/2 hard 1/1 | roll 1.0s upd 10.0s
[brain] it 272 [league 49%] R/ep 6.89 ent 2.56 kl 0.007 | hit/swing 50% dj/min 49.7 blk/min 0.0 abiHit 6 supHit 75 | idle 3/3 self 9/13 expert 7/7 hard 4/4 medium 2/2 sovereign 1/6 | roll 1.0s upd 10.3s
[brain] it 273 [league 48%] R/ep 4.73 ent 2.49 kl 0.005 | hit/swing 45% dj/min 49.2 blk/min 0.3 abiHit 17 supHit 61 | sovereign 4/6 expert 6/6 self 9/17 hard 1/1 medium 1/1 idle 1/1 | roll 1.0s upd 10.0s
[brain] it 274 [league 47%] R/ep 7.32 ent 2.50 kl 0.006 | hit/swing 59% dj/min 46.2 blk/min 0.2 abiHit 12 supHit 87 | sovereign 2/5 self 12/19 expert 11/11 medium 5/5 hard 1/1 | roll 0.9s upd 10.1s
[brain] it 275 [league 48%] R/ep 5.27 ent 2.49 kl 0.005 | hit/swing 56% dj/min 46.1 blk/min 0.4 abiHit 11 supHit 74 | expert 6/9 self 12/19 easy 2/2 medium 3/3 sovereign 2/5 hard 2/2 | roll 1.0s upd 10.3s
[brain] it 276 [league 45%] R/ep 6.96 ent 2.53 kl 0.005 | hit/swing 49% dj/min 48.7 blk/min 0.3 abiHit 8 supHit 62 | medium 2/2 self 6/12 expert 7/7 sovereign 1/7 hard 2/2 easy 4/4 | roll 0.9s upd 9.9s
[brain] it 277 [league 47%] R/ep 6.79 ent 2.49 kl 0.006 | hit/swing 45% dj/min 48.8 blk/min 0.0 abiHit 12 supHit 66 | self 10/17 expert 9/9 idle 1/1 easy 2/2 sovereign 3/3 | roll 1.2s upd 14.5s
[brain] it 278 [league 46%] R/ep 4.92 ent 2.52 kl 0.008 | hit/swing 51% dj/min 46.9 blk/min 0.3 abiHit 20 supHit 83 | sovereign 4/13 self 8/11 expert 8/8 hard 4/4 idle 1/1 | roll 1.0s upd 11.7s
[brain] it 279 [league 50%] R/ep 6.80 ent 2.49 kl 0.004 | hit/swing 54% dj/min 47.3 blk/min 0.1 abiHit 12 supHit 82 | self 10/14 sovereign 6/9 easy 2/2 expert 7/8 medium 2/2 hard 3/3 | roll 1.0s upd 13.3s
[brain] it 280 [league 51%] R/ep 7.63 ent 2.47 kl 0.006 | hit/swing 54% dj/min 45.4 blk/min 0.1 abiHit 13 supHit 88 | sovereign 10/14 expert 9/9 self 9/13 medium 1/1 hard 1/1 idle 1/1 | roll 1.0s upd 9.6s
[brain] it 281 [league 48%] R/ep 6.94 ent 2.46 kl 0.006 | hit/swing 57% dj/min 45.0 blk/min 0.2 abiHit 11 supHit 82 | self 8/14 expert 11/11 sovereign 2/7 easy 1/1 hard 3/3 medium 3/3 | roll 0.9s upd 11.8s
[brain] it 282 [league 49%] R/ep 7.73 ent 2.55 kl 0.005 | hit/swing 45% dj/min 49.9 blk/min 0.0 abiHit 7 supHit 57 | idle 2/2 sovereign 6/8 expert 9/10 self 5/8 medium 2/2 hard 1/1 | roll 1.0s upd 12.0s
[brain] it 283 [league 50%] R/ep 7.52 ent 2.51 kl 0.006 | hit/swing 45% dj/min 49.3 blk/min 0.1 abiHit 15 supHit 66 | self 15/18 medium 1/1 idle 2/2 expert 6/7 hard 1/1 sovereign 2/4 | roll 1.1s upd 11.4s
[brain] it 284 [league 48%] R/ep 4.13 ent 2.45 kl 0.005 | hit/swing 50% dj/min 46.5 blk/min 0.1 abiHit 13 supHit 72 | sovereign 1/5 easy 2/2 self 11/18 idle 2/2 expert 5/6 hard 2/2 medium 1/1 | roll 1.1s upd 10.6s
[brain] it 285 [league 46%] R/ep 6.30 ent 2.56 kl 0.006 | hit/swing 46% dj/min 48.1 blk/min 0.0 abiHit 9 supHit 68 | sovereign 2/10 self 3/6 expert 11/11 medium 3/3 idle 2/2 hard 1/1 easy 1/1 | roll 1.0s upd 11.5s
[brain] it 286 [league 43%] R/ep 7.11 ent 2.52 kl 0.005 | hit/swing 60% dj/min 46.8 blk/min 0.2 abiHit 9 supHit 88 | expert 11/12 idle 1/1 sovereign 2/10 self 12/13 hard 2/2 medium 1/1 easy 1/1 | roll 0.9s upd 11.0s
[brain] it 287 [league 45%] R/ep 8.30 ent 2.55 kl 0.006 | hit/swing 53% dj/min 50.3 blk/min 0.1 abiHit 14 supHit 67 | hard 4/4 self 7/14 expert 9/9 medium 1/1 easy 1/1 idle 2/2 sovereign 3/4 | roll 0.9s upd 11.2s
[brain] it 288 [league 47%] R/ep 7.79 ent 2.47 kl 0.005 | hit/swing 61% dj/min 46.2 blk/min 0.1 abiHit 11 supHit 94 | expert 6/6 sovereign 5/7 easy 2/2 self 12/20 medium 1/1 idle 1/1 hard 2/2 | roll 1.0s upd 9.6s
[brain] it 289 [league 46%] R/ep 5.15 ent 2.50 kl 0.006 | hit/swing 46% dj/min 47.5 blk/min 0.1 abiHit 19 supHit 77 | expert 8/9 self 12/18 sovereign 0/4 easy 1/1 idle 1/1 medium 1/1 | roll 1.2s upd 20.7s
[brain] it 290 [league 46%] R/ep 4.20 ent 2.50 kl 0.005 | hit/swing 46% dj/min 46.2 blk/min 0.5 abiHit 9 supHit 69 | sovereign 3/8 self 13/19 expert 6/7 easy 1/1 medium 1/1 | roll 1.2s upd 11.6s
[brain] it 291 [league 47%] R/ep 5.96 ent 2.52 kl 0.005 | hit/swing 50% dj/min 46.3 blk/min 0.0 abiHit 4 supHit 83 | sovereign 2/4 idle 2/2 expert 8/9 self 12/18 medium 2/2 hard 2/2 easy 1/1 | roll 1.2s upd 12.9s
[brain] it 292 [league 47%] R/ep 6.48 ent 2.52 kl 0.005 | hit/swing 60% dj/min 44.8 blk/min 0.2 abiHit 7 supHit 82 | self 8/16 expert 13/14 sovereign 3/6 easy 1/1 medium 2/2 hard 2/2 | roll 1.1s upd 10.3s
[brain] it 293 [league 46%] R/ep 5.29 ent 2.50 kl 0.007 | hit/swing 47% dj/min 46.3 blk/min 0.1 abiHit 18 supHit 78 | expert 9/9 self 12/17 hard 1/1 sovereign 2/6 | roll 1.0s upd 10.5s
[brain] it 294 [league 43%] R/ep 6.49 ent 2.59 kl 0.006 | hit/swing 52% dj/min 48.0 blk/min 0.1 abiHit 13 supHit 71 | self 8/12 idle 4/4 expert 6/6 sovereign 4/8 hard 1/1 medium 1/1 easy 1/1 | roll 0.9s upd 11.9s
[brain] it 295 [league 41%] R/ep 1.01 ent 2.52 kl 0.007 | hit/swing 40% dj/min 46.1 blk/min 0.3 abiHit 18 supHit 62 | self 6/13 sovereign 4/12 idle 3/3 expert 1/1 easy 1/1 | roll 1.1s upd 15.0s
[brain] it 296 [league 40%] R/ep 7.24 ent 2.53 kl 0.005 | hit/swing 51% dj/min 47.0 blk/min 0.3 abiHit 18 supHit 78 | self 11/15 expert 7/7 sovereign 1/5 hard 1/1 idle 2/2 medium 3/3 easy 1/1 | roll 1.0s upd 11.5s
[brain] it 297 [league 36%] R/ep 2.08 ent 2.49 kl 0.006 | hit/swing 51% dj/min 43.6 blk/min 0.3 abiHit 20 supHit 78 | self 11/16 medium 3/3 expert 4/8 sovereign 4/11 | roll 1.0s upd 11.6s
[brain] it 298 [league 39%] R/ep 5.80 ent 2.56 kl 0.005 | hit/swing 49% dj/min 45.6 blk/min 0.0 abiHit 16 supHit 74 | expert 3/5 sovereign 5/9 self 10/12 idle 4/4 medium 1/1 hard 3/3 easy 1/1 | roll 0.9s upd 10.7s
[brain] it 299 [league 45%] R/ep 6.75 ent 2.55 kl 0.006 | hit/swing 52% dj/min 46.0 blk/min 0.1 abiHit 19 supHit 80 | hard 1/1 expert 6/6 sovereign 8/12 self 12/16 medium 1/1 idle 1/1 | roll 1.0s upd 10.9s
[brain] it 300 [league 46%] R/ep 4.80 ent 2.47 kl 0.007 | hit/swing 47% dj/min 43.8 blk/min 0.4 abiHit 13 supHit 82 | self 9/16 medium 2/2 hard 5/5 sovereign 3/5 expert 5/7 | roll 1.0s upd 10.7s
[brain] it 301 [league 45%] R/ep 6.71 ent 2.49 kl 0.007 | hit/swing 53% dj/min 46.2 blk/min 0.1 abiHit 11 supHit 49 | self 7/11 expert 5/6 sovereign 1/3 hard 3/3 medium 1/1 idle 1/1 | roll 5.1s upd 6.2s
[brain] it 302 [league 44%] R/ep 4.94 ent 2.52 kl 0.006 | hit/swing 54% dj/min 46.7 blk/min 0.1 abiHit 3 supHit 46 | sovereign 1/3 medium 1/1 self 9/11 expert 3/6 idle 2/2 easy 2/2 | roll 5.1s upd 6.2s
[brain] it 303 [league 43%] R/ep 5.92 ent 2.49 kl 0.006 | hit/swing 59% dj/min 43.5 blk/min 0.1 abiHit 6 supHit 64 | sovereign 2/7 expert 5/6 idle 1/1 self 10/11 hard 1/1 | roll 5.3s upd 7.4s
[brain] it 304 [league 47%] R/ep 7.17 ent 2.50 kl 0.007 | hit/swing 58% dj/min 45.4 blk/min 0.0 abiHit 10 supHit 92 | sovereign 7/10 expert 7/7 self 12/15 idle 1/1 hard 5/5 medium 1/1 easy 1/1 | roll 1.0s upd 10.6s
[brain] it 305 [league 48%] R/ep 8.07 ent 2.48 kl 0.005 | hit/swing 58% dj/min 45.1 blk/min 0.1 abiHit 14 supHit 88 | self 13/18 expert 9/11 hard 2/2 easy 3/3 sovereign 4/5 idle 2/2 | roll 0.9s upd 10.8s
[brain] it 306 [league 48%] R/ep 5.67 ent 2.50 kl 0.006 | hit/swing 53% dj/min 46.0 blk/min 0.2 abiHit 19 supHit 80 | self 7/13 expert 12/12 easy 1/1 sovereign 3/9 hard 2/2 medium 2/2 | roll 1.0s upd 11.2s
[brain] it 307 [league 48%] R/ep 5.84 ent 2.45 kl 0.008 | hit/swing 50% dj/min 44.8 blk/min 0.2 abiHit 13 supHit 83 | self 7/11 expert 11/15 medium 1/1 sovereign 4/6 hard 2/2 easy 1/1 | roll 1.0s upd 10.9s
[brain] it 308 [league 50%] R/ep 4.55 ent 2.41 kl 0.005 | hit/swing 54% dj/min 44.2 blk/min 0.1 abiHit 6 supHit 86 | self 10/18 expert 5/5 sovereign 4/8 easy 2/2 hard 3/3 idle 1/1 | roll 1.2s upd 10.9s
[brain] it 309 [league 51%] R/ep 5.85 ent 2.45 kl 0.005 | hit/swing 49% dj/min 45.6 blk/min 0.1 abiHit 10 supHit 78 | expert 13/14 self 6/10 sovereign 4/8 easy 2/2 | roll 1.0s upd 10.6s
[brain] it 310 [league 53%] R/ep 6.96 ent 2.45 kl 0.006 | hit/swing 47% dj/min 45.8 blk/min 0.1 abiHit 5 supHit 65 | expert 4/5 self 7/14 hard 4/4 easy 4/4 idle 2/2 medium 1/1 sovereign 2/2 | roll 0.9s upd 10.7s
[brain] it 311 [league 54%] R/ep 3.97 ent 2.50 kl 0.006 | hit/swing 40% dj/min 47.8 blk/min 0.2 abiHit 17 supHit 54 | self 7/10 sovereign 5/11 easy 2/2 expert 7/8 idle 1/1 | roll 1.2s upd 14.4s
[brain] it 312 [league 55%] R/ep 9.46 ent 2.52 kl 0.006 | hit/swing 57% dj/min 48.4 blk/min 0.1 abiHit 11 supHit 78 | hard 1/1 easy 2/2 self 9/13 expert 11/12 idle 3/3 sovereign 2/2 medium 1/1 | roll 1.0s upd 13.0s
[brain] it 313 [league 56%] R/ep 7.30 ent 2.52 kl 0.007 | hit/swing 43% dj/min 49.8 blk/min 0.1 abiHit 13 supHit 56 | self 8/12 sovereign 4/5 medium 3/3 idle 2/2 expert 4/5 hard 2/2 | roll 1.2s upd 10.8s
[brain] it 314 [league 55%] R/ep 8.78 ent 2.56 kl 0.007 | hit/swing 58% dj/min 48.5 blk/min 0.1 abiHit 10 supHit 70 | easy 3/3 hard 7/7 expert 6/8 self 6/9 idle 2/2 sovereign 2/5 medium 2/2 | roll 1.0s upd 10.6s
[brain] it 315 [league 53%] R/ep 5.41 ent 2.47 kl 0.007 | hit/swing 57% dj/min 45.7 blk/min 0.2 abiHit 7 supHit 94 | sovereign 6/14 expert 13/14 self 6/10 hard 3/3 medium 1/1 | roll 1.0s upd 9.8s
[brain] it 316 [league 53%] R/ep 6.66 ent 2.44 kl 0.006 | hit/swing 43% dj/min 46.7 blk/min 0.1 abiHit 13 supHit 79 | self 13/16 expert 10/10 sovereign 3/6 hard 1/1 idle 1/1 | roll 1.1s upd 10.4s
[brain] it 317 [league 50%] R/ep 7.01 ent 2.47 kl 0.007 | hit/swing 61% dj/min 45.1 blk/min 0.0 abiHit 12 supHit 99 | sovereign 2/11 self 11/13 expert 14/14 easy 2/2 medium 1/1 | roll 1.0s upd 10.6s
[brain] it 318 [league 47%] R/ep 6.88 ent 2.58 kl 0.004 | hit/swing 47% dj/min 49.9 blk/min 0.0 abiHit 8 supHit 60 | expert 6/8 sovereign 2/7 self 7/8 idle 3/3 easy 1/1 hard 2/2 | roll 0.9s upd 10.4s
[brain] it 319 [league 45%] R/ep 4.52 ent 2.50 kl 0.007 | hit/swing 43% dj/min 47.1 blk/min 0.1 abiHit 20 supHit 65 | self 8/12 expert 7/8 hard 2/2 sovereign 3/8 medium 2/2 idle 1/1 | roll 1.0s upd 9.9s
[brain] it 320 [league 47%] R/ep 6.02 ent 2.46 kl 0.007 | hit/swing 43% dj/min 47.2 blk/min 0.1 abiHit 29 supHit 78 | expert 4/4 self 16/21 sovereign 3/5 medium 2/2 idle 2/2 | roll 1.0s upd 10.4s
[brain] it 321 [league 46%] R/ep 6.00 ent 2.52 kl 0.008 | hit/swing 47% dj/min 47.4 blk/min 0.1 abiHit 13 supHit 69 | sovereign 1/3 hard 2/2 self 8/13 expert 6/9 idle 3/3 easy 1/1 | roll 1.0s upd 11.5s
[brain] it 322 [league 44%] R/ep 4.92 ent 2.54 kl 0.006 | hit/swing 52% dj/min 47.9 blk/min 0.0 abiHit 16 supHit 68 | self 7/14 hard 3/3 easy 4/4 sovereign 3/7 medium 1/1 expert 7/10 idle 1/1 | roll 1.0s upd 10.7s
[brain] it 323 [league 46%] R/ep 8.41 ent 2.61 kl 0.004 | hit/swing 54% dj/min 50.2 blk/min 0.3 abiHit 22 supHit 75 | expert 10/10 self 8/11 medium 2/2 easy 3/3 sovereign 4/7 hard 1/1 idle 2/2 | roll 1.0s upd 10.8s
[brain] it 324 [league 44%] R/ep 5.11 ent 2.53 kl 0.007 | hit/swing 48% dj/min 48.6 blk/min 0.0 abiHit 13 supHit 78 | self 14/19 sovereign 3/8 expert 9/9 idle 1/1 easy 1/1 | roll 1.0s upd 11.0s
[brain] it 325 [league 43%] R/ep 7.26 ent 2.60 kl 0.006 | hit/swing 46% dj/min 48.8 blk/min 0.3 abiHit 22 supHit 65 | self 6/12 expert 10/11 medium 2/2 sovereign 3/4 hard 1/1 idle 2/2 easy 1/1 | roll 1.0s upd 11.0s
[brain] it 326 [league 42%] R/ep 6.86 ent 2.52 kl 0.005 | hit/swing 50% dj/min 47.4 blk/min 0.2 abiHit 13 supHit 74 | self 16/18 expert 5/6 easy 3/3 sovereign 1/5 medium 2/2 idle 1/1 | roll 1.0s upd 10.9s
[brain] it 327 [league 43%] R/ep 6.45 ent 2.54 kl 0.006 | hit/swing 48% dj/min 47.5 blk/min 0.1 abiHit 16 supHit 65 | idle 3/3 self 9/12 easy 2/2 expert 5/5 medium 1/1 sovereign 3/5 | roll 1.0s upd 11.2s
[brain] it 328 [league 43%] R/ep 4.19 ent 2.49 kl 0.007 | hit/swing 51% dj/min 46.5 blk/min 0.2 abiHit 13 supHit 73 | self 10/17 hard 2/2 expert 8/9 idle 2/2 sovereign 4/5 | roll 1.0s upd 11.2s
[brain] it 329 [league 45%] R/ep 9.74 ent 2.58 kl 0.004 | hit/swing 55% dj/min 50.3 blk/min 0.1 abiHit 17 supHit 76 | sovereign 4/5 self 11/13 expert 8/9 hard 2/2 idle 3/3 | roll 1.1s upd 11.4s
[brain] it 330 [league 43%] R/ep 8.55 ent 2.48 kl 0.004 | hit/swing 59% dj/min 46.4 blk/min 0.1 abiHit 6 supHit 94 | self 9/13 easy 1/1 hard 2/2 expert 14/15 sovereign 3/5 medium 2/2 | roll 1.0s upd 11.3s
[brain] it 331 [league 46%] R/ep 4.89 ent 2.44 kl 0.006 | hit/swing 52% dj/min 43.7 blk/min 0.3 abiHit 17 supHit 97 | self 16/22 hard 2/2 sovereign 4/7 expert 5/6 easy 1/1 | roll 1.1s upd 11.3s
[brain] it 332 [league 47%] R/ep 7.58 ent 2.52 kl 0.006 | hit/swing 55% dj/min 45.8 blk/min 0.1 abiHit 14 supHit 83 | self 6/14 expert 12/12 medium 2/2 sovereign 1/4 idle 3/3 hard 1/1 easy 1/1 | roll 0.9s upd 11.6s
[brain] it 333 [league 48%] R/ep 5.80 ent 2.54 kl 0.005 | hit/swing 53% dj/min 46.1 blk/min 0.2 abiHit 13 supHit 73 | expert 8/9 self 8/14 sovereign 6/9 hard 3/3 idle 1/1 easy 1/1 | roll 1.0s upd 11.2s
[brain] it 334 [league 51%] R/ep 4.91 ent 2.47 kl 0.009 | hit/swing 54% dj/min 45.7 blk/min 0.2 abiHit 10 supHit 85 | self 12/20 expert 6/6 easy 2/2 sovereign 3/7 idle 1/1 medium 1/1 hard 1/1 | roll 1.0s upd 10.4s
[brain] it 335 [league 53%] R/ep 4.53 ent 2.48 kl 0.006 | hit/swing 49% dj/min 44.7 blk/min 0.1 abiHit 18 supHit 72 | self 11/17 sovereign 3/5 expert 6/8 medium 1/1 idle 2/2 hard 1/1 | roll 1.0s upd 10.4s
[brain] it 336 [league 55%] R/ep 9.51 ent 2.53 kl 0.006 | hit/swing 52% dj/min 46.7 blk/min 0.0 abiHit 7 supHit 72 | expert 10/10 hard 5/5 sovereign 6/7 easy 1/1 self 5/8 medium 2/2 idle 1/1 | roll 0.9s upd 11.2s
[brain] it 337 [league 57%] R/ep 7.50 ent 2.49 kl 0.005 | hit/swing 54% dj/min 47.7 blk/min 0.1 abiHit 16 supHit 73 | sovereign 4/5 self 9/15 medium 4/4 idle 2/2 expert 6/7 hard 1/1 | roll 1.0s upd 11.2s
[brain] it 338 [league 56%] R/ep 4.23 ent 2.55 kl 0.005 | hit/swing 37% dj/min 47.9 blk/min 0.2 abiHit 12 supHit 56 | self 8/14 idle 2/2 sovereign 2/6 expert 6/6 easy 2/2 hard 1/1 | roll 1.0s upd 11.0s
[brain] it 339 [league 55%] R/ep 6.79 ent 2.52 kl 0.006 | hit/swing 48% dj/min 46.2 blk/min 0.1 abiHit 22 supHit 74 | expert 10/10 self 13/15 sovereign 3/9 easy 1/1 idle 1/1 | roll 1.1s upd 11.9s
[brain] it 340 [league 57%] R/ep 4.98 ent 2.43 kl 0.006 | hit/swing 55% dj/min 45.0 blk/min 0.1 abiHit 16 supHit 93 | sovereign 7/12 self 15/19 idle 1/1 expert 5/5 medium 2/2 hard 1/1 | roll 1.0s upd 10.9s
[brain] it 341 [league 59%] R/ep 5.15 ent 2.51 kl 0.009 | hit/swing 46% dj/min 46.0 blk/min 0.2 abiHit 18 supHit 72 | self 13/18 sovereign 6/10 medium 1/1 expert 5/8 hard 2/2 | roll 1.2s upd 11.9s
[brain] it 342 [league 57%] R/ep 6.19 ent 2.51 kl 0.006 | hit/swing 48% dj/min 47.3 blk/min 0.1 abiHit 21 supHit 69 | self 8/15 expert 9/9 easy 1/1 sovereign 2/5 idle 2/2 medium 1/1 | roll 1.0s upd 10.8s
[brain] it 343 [league 55%] R/ep 6.00 ent 2.53 kl 0.006 | hit/swing 41% dj/min 47.8 blk/min 0.2 abiHit 17 supHit 63 | self 10/15 sovereign 3/7 expert 7/8 idle 2/2 hard 2/2 | roll 1.1s upd 11.2s
[brain] it 344 [league 55%] R/ep 9.62 ent 2.51 kl 0.006 | hit/swing 53% dj/min 46.4 blk/min 0.4 abiHit 13 supHit 76 | expert 11/11 self 9/14 sovereign 2/2 medium 4/4 easy 4/4 hard 1/1 | roll 0.9s upd 10.9s
[brain] it 345 [league 55%] R/ep 5.20 ent 2.49 kl 0.007 | hit/swing 50% dj/min 46.2 blk/min 0.0 abiHit 12 supHit 82 | sovereign 4/7 self 13/18 expert 9/11 medium 1/1 | roll 0.9s upd 10.0s
[brain] it 346 [league 56%] R/ep 6.68 ent 2.53 kl 0.007 | hit/swing 44% dj/min 48.2 blk/min 0.2 abiHit 19 supHit 70 | self 9/14 sovereign 4/6 idle 2/2 expert 4/5 hard 1/1 easy 2/2 medium 1/1 | roll 1.1s upd 11.1s
[brain] it 347 [league 56%] R/ep 5.78 ent 2.49 kl 0.007 | hit/swing 56% dj/min 46.0 blk/min 0.3 abiHit 19 supHit 84 | hard 1/1 self 10/16 sovereign 6/10 medium 2/2 expert 8/8 idle 2/2 | roll 1.0s upd 10.9s
[brain] it 348 [league 59%] R/ep 8.22 ent 2.49 kl 0.006 | hit/swing 62% dj/min 45.9 blk/min 0.4 abiHit 12 supHit 87 | self 8/13 expert 10/10 sovereign 7/8 idle 2/2 medium 1/1 hard 3/3 | roll 0.9s upd 10.0s
[brain] it 349 [league 61%] R/ep 6.49 ent 2.49 kl 0.005 | hit/swing 46% dj/min 46.4 blk/min 0.1 abiHit 11 supHit 74 | expert 6/7 self 10/16 idle 1/1 sovereign 5/6 hard 3/3 | roll 1.0s upd 11.1s
[brain] it 350 [league 60%] R/ep 6.98 ent 2.51 kl 0.007 | hit/swing 53% dj/min 48.2 blk/min 0.1 abiHit 15 supHit 70 | medium 4/4 self 8/15 expert 7/7 idle 2/2 sovereign 3/5 hard 1/1 | roll 1.0s upd 10.9s
[brain] it 351 [league 55%] R/ep 4.69 ent 2.54 kl 0.006 | hit/swing 49% dj/min 45.2 blk/min 0.2 abiHit 27 supHit 72 | expert 8/12 sovereign 1/7 idle 2/2 medium 1/1 self 8/11 easy 1/1 | roll 0.9s upd 11.1s
[brain] it 352 [league 58%] R/ep 8.53 ent 2.55 kl 0.007 | hit/swing 50% dj/min 45.3 blk/min 0.1 abiHit 13 supHit 82 | hard 4/4 self 7/11 expert 12/12 sovereign 6/9 medium 1/1 easy 1/1 | roll 0.9s upd 10.9s
[brain] it 353 [league 58%] R/ep 6.95 ent 2.54 kl 0.008 | hit/swing 51% dj/min 47.0 blk/min 0.1 abiHit 16 supHit 68 | hard 1/1 medium 1/1 easy 4/4 expert 11/11 self 3/8 sovereign 5/11 idle 1/1 | roll 1.0s upd 11.5s
[brain] it 354 [league 58%] R/ep 4.49 ent 2.45 kl 0.006 | hit/swing 52% dj/min 45.1 blk/min 0.4 abiHit 7 supHit 96 | self 16/22 sovereign 5/9 medium 1/1 easy 2/2 expert 2/2 hard 3/3 | roll 1.0s upd 11.2s
[brain] it 355 [league 54%] R/ep 4.58 ent 2.49 kl 0.006 | hit/swing 55% dj/min 44.6 blk/min 0.3 abiHit 17 supHit 84 | expert 10/10 sovereign 1/8 easy 2/2 self 9/16 hard 1/1 medium 1/1 | roll 0.9s upd 11.6s
[brain] it 356 [league 54%] R/ep 6.91 ent 2.49 kl 0.006 | hit/swing 50% dj/min 45.6 blk/min 0.2 abiHit 21 supHit 77 | sovereign 2/7 self 14/17 expert 7/7 hard 2/2 easy 3/3 | roll 1.1s upd 11.4s
[brain] it 357 [league 54%] R/ep 7.99 ent 2.54 kl 0.006 | hit/swing 53% dj/min 46.9 blk/min 0.2 abiHit 8 supHit 85 | self 7/12 sovereign 5/7 expert 10/12 idle 3/3 easy 2/2 medium 1/1 | roll 0.9s upd 11.3s
[brain] it 358 [league 53%] R/ep 3.63 ent 2.47 kl 0.006 | hit/swing 53% dj/min 44.2 blk/min 0.3 abiHit 20 supHit 79 | sovereign 7/13 self 7/13 expert 5/7 easy 3/3 hard 2/2 medium 1/1 | roll 1.0s upd 11.3s
[brain] it 359 [league 53%] R/ep 6.38 ent 2.48 kl 0.007 | hit/swing 49% dj/min 47.2 blk/min 0.1 abiHit 10 supHit 80 | self 17/22 expert 8/8 sovereign 2/5 hard 1/1 idle 1/1 | roll 1.0s upd 11.3s
[brain] it 360 [league 49%] R/ep 4.01 ent 2.49 kl 0.006 | hit/swing 49% dj/min 44.2 blk/min 0.1 abiHit 22 supHit 84 | sovereign 6/12 self 12/18 expert 5/5 hard 1/1 easy 1/1 idle 1/1 | roll 1.1s upd 11.3s
[brain] it 361 [league 48%] R/ep 8.26 ent 2.53 kl 0.005 | hit/swing 53% dj/min 46.3 blk/min 0.2 abiHit 20 supHit 78 | hard 1/1 idle 3/3 self 8/11 sovereign 6/9 easy 1/1 expert 10/10 | roll 0.9s upd 11.4s
[brain] it 362 [league 48%] R/ep 4.66 ent 2.42 kl 0.006 | hit/swing 57% dj/min 43.1 blk/min 0.3 abiHit 6 supHit 98 | self 11/16 sovereign 5/13 medium 1/1 easy 2/2 expert 7/7 idle 1/1 | roll 1.0s upd 11.7s
[brain] it 363 [league 47%] R/ep 7.68 ent 2.48 kl 0.006 | hit/swing 53% dj/min 46.7 blk/min 0.3 abiHit 12 supHit 82 | self 9/15 sovereign 3/6 expert 6/6 idle 3/3 hard 3/3 medium 1/1 easy 3/3 | roll 1.1s upd 11.6s
[brain] it 364 [league 49%] R/ep 5.99 ent 2.44 kl 0.005 | hit/swing 54% dj/min 44.4 blk/min 0.2 abiHit 21 supHit 93 | sovereign 7/11 self 14/18 idle 2/2 medium 1/1 hard 3/3 easy 1/1 expert 2/2 | roll 1.0s upd 11.8s
[brain] it 365 [league 47%] R/ep 6.12 ent 2.51 kl 0.006 | hit/swing 50% dj/min 47.8 blk/min 0.0 abiHit 10 supHit 66 | hard 3/3 self 3/11 expert 9/9 sovereign 3/8 easy 2/2 idle 1/1 | roll 1.0s upd 11.5s
[brain] it 366 [league 51%] R/ep 7.14 ent 2.41 kl 0.005 | hit/swing 56% dj/min 45.0 blk/min 0.0 abiHit 17 supHit 91 | sovereign 5/9 self 16/19 expert 6/7 medium 3/3 easy 1/1 | roll 1.1s upd 11.6s
[brain] it 367 [league 51%] R/ep 9.01 ent 2.52 kl 0.006 | hit/swing 63% dj/min 47.4 blk/min 0.0 abiHit 17 supHit 71 | self 10/13 expert 6/7 idle 3/3 sovereign 2/5 hard 1/1 easy 3/3 medium 3/3 | roll 1.0s upd 11.3s
[brain] it 368 [league 48%] R/ep 5.27 ent 2.43 kl 0.005 | hit/swing 49% dj/min 44.3 blk/min 0.1 abiHit 17 supHit 85 | sovereign 1/7 self 15/20 easy 3/3 expert 5/6 hard 2/2 medium 3/3 | roll 1.1s upd 11.4s
[brain] it 369 [league 48%] R/ep 6.47 ent 2.48 kl 0.006 | hit/swing 59% dj/min 47.2 blk/min 0.2 abiHit 14 supHit 85 | expert 8/9 self 13/16 sovereign 5/10 easy 2/2 idle 1/1 medium 2/2 | roll 1.0s upd 12.1s
[brain] it 370 [league 50%] R/ep 5.19 ent 2.51 kl 0.007 | hit/swing 51% dj/min 45.8 blk/min 0.2 abiHit 8 supHit 78 | sovereign 9/12 hard 2/2 expert 6/8 self 6/9 idle 2/2 easy 1/1 | roll 1.0s upd 10.5s
[brain] it 371 [league 51%] R/ep 11.16 ent 2.58 kl 0.007 | hit/swing 60% dj/min 48.1 blk/min 0.2 abiHit 11 supHit 68 | self 5/7 expert 12/13 sovereign 3/5 medium 3/3 easy 4/4 idle 3/3 | roll 0.9s upd 11.6s
[brain] it 372 [league 53%] R/ep 5.64 ent 2.49 kl 0.006 | hit/swing 55% dj/min 44.7 blk/min 0.4 abiHit 11 supHit 91 | self 8/13 sovereign 8/11 expert 7/9 hard 2/2 idle 1/1 easy 1/1 | roll 1.0s upd 11.4s
[brain] it 373 [league 55%] R/ep 8.02 ent 2.50 kl 0.006 | hit/swing 58% dj/min 45.6 blk/min 0.0 abiHit 14 supHit 89 | self 7/10 expert 14/15 sovereign 6/10 medium 1/1 hard 1/1 | roll 1.0s upd 10.6s
[brain] it 374 [league 55%] R/ep 6.65 ent 2.51 kl 0.006 | hit/swing 58% dj/min 45.0 blk/min 0.1 abiHit 11 supHit 81 | expert 6/9 hard 2/2 self 13/17 medium 4/4 sovereign 2/5 easy 2/2 idle 1/1 | roll 1.0s upd 12.5s
[brain] it 375 [league 58%] R/ep 6.29 ent 2.52 kl 0.006 | hit/swing 58% dj/min 46.4 blk/min 0.5 abiHit 19 supHit 71 | idle 3/3 sovereign 8/9 self 7/14 expert 6/7 easy 1/1 medium 1/1 hard 2/2 | roll 1.0s upd 11.9s
[brain] it 376 [league 58%] R/ep 5.40 ent 2.51 kl 0.007 | hit/swing 53% dj/min 44.1 blk/min 0.1 abiHit 16 supHit 86 | expert 9/9 self 10/17 sovereign 7/10 hard 2/2 easy 1/1 idle 1/1 | roll 1.1s upd 13.2s
[brain] it 377 [league 58%] R/ep 5.28 ent 2.53 kl 0.006 | hit/swing 52% dj/min 46.5 blk/min 0.3 abiHit 11 supHit 70 | sovereign 2/7 expert 2/3 self 7/12 medium 3/3 easy 2/2 idle 2/2 hard 2/2 | roll 1.0s upd 12.2s
[brain] it 378 [league 56%] R/ep 7.54 ent 2.59 kl 0.006 | hit/swing 41% dj/min 46.8 blk/min 0.2 abiHit 10 supHit 50 | self 6/8 expert 10/11 sovereign 3/6 idle 1/1 | roll 1.2s upd 12.1s
[brain] it 379 [league 59%] R/ep 9.59 ent 2.52 kl 0.007 | hit/swing 62% dj/min 46.2 blk/min 0.2 abiHit 15 supHit 85 | self 6/9 sovereign 4/6 hard 3/3 expert 14/15 easy 2/2 idle 2/2 | roll 0.9s upd 12.4s
[brain] it 380 [league 60%] R/ep 3.79 ent 2.48 kl 0.005 | hit/swing 50% dj/min 46.1 blk/min 0.4 abiHit 26 supHit 61 | self 10/18 idle 2/2 expert 4/6 sovereign 3/6 hard 2/2 easy 1/1 medium 1/1 | roll 1.1s upd 16.8s
[brain] it 381 [league 64%] R/ep 5.63 ent 2.51 kl 0.005 | hit/swing 42% dj/min 46.1 blk/min 0.1 abiHit 21 supHit 78 | self 10/18 expert 7/7 sovereign 7/9 easy 1/1 medium 1/1 | roll 1.2s upd 16.0s
[brain] it 382 [league 65%] R/ep 9.94 ent 2.54 kl 0.005 | hit/swing 61% dj/min 47.7 blk/min 0.1 abiHit 9 supHit 92 | self 12/13 expert 11/11 medium 4/4 hard 1/1 easy 1/1 idle 2/2 sovereign 3/6 | roll 1.1s upd 12.8s
[brain] it 383 [league 61%] R/ep 6.17 ent 2.50 kl 0.006 | hit/swing 53% dj/min 45.0 blk/min 0.4 abiHit 19 supHit 93 | self 15/19 expert 10/12 medium 1/1 sovereign 3/7 idle 1/1 | roll 1.2s upd 12.1s
[brain] it 384 [league 60%] R/ep 7.35 ent 2.60 kl 0.006 | hit/swing 51% dj/min 49.2 blk/min 0.3 abiHit 16 supHit 64 | sovereign 3/7 idle 6/6 medium 2/2 expert 5/6 self 6/10 hard 1/1 | roll 1.1s upd 12.8s
[brain] it 385 [league 56%] R/ep 6.61 ent 2.57 kl 0.006 | hit/swing 52% dj/min 46.9 blk/min 0.2 abiHit 8 supHit 71 | expert 7/9 easy 3/3 hard 1/1 self 6/10 sovereign 2/7 medium 3/3 | roll 1.0s upd 13.9s
[brain] it 386 [league 53%] R/ep 5.85 ent 2.49 kl 0.004 | hit/swing 53% dj/min 45.3 blk/min 0.2 abiHit 7 supHit 83 | self 12/21 expert 6/6 sovereign 0/4 medium 3/3 easy 1/1 hard 2/2 | roll 1.1s upd 13.7s
[brain] it 387 [league 54%] R/ep 7.57 ent 2.53 kl 0.005 | hit/swing 57% dj/min 44.9 blk/min 0.2 abiHit 14 supHit 78 | sovereign 4/8 self 9/12 expert 11/12 easy 4/4 idle 1/1 | roll 1.0s upd 11.3s
[brain] it 388 [league 53%] R/ep 8.02 ent 2.52 kl 0.006 | hit/swing 54% dj/min 48.4 blk/min 0.1 abiHit 14 supHit 87 | expert 6/6 sovereign 2/5 self 14/19 idle 1/1 hard 2/2 medium 3/3 easy 2/2 | roll 1.1s upd 11.6s
[brain] it 389 [league 51%] R/ep 8.46 ent 2.49 kl 0.006 | hit/swing 57% dj/min 47.9 blk/min 0.1 abiHit 8 supHit 89 | expert 15/15 sovereign 1/4 self 14/18 idle 1/1 medium 1/1 | roll 1.0s upd 14.1s
[brain] it 390 [league 51%] R/ep 8.14 ent 2.50 kl 0.007 | hit/swing 61% dj/min 47.8 blk/min 0.1 abiHit 24 supHit 84 | sovereign 3/3 expert 7/7 easy 2/2 self 10/17 hard 1/1 idle 4/4 medium 2/2 | roll 1.0s upd 14.9s
[brain] it 391 [league 52%] R/ep 7.65 ent 2.50 kl 0.005 | hit/swing 49% dj/min 46.3 blk/min 0.3 abiHit 22 supHit 77 | easy 2/2 sovereign 9/12 self 8/11 hard 2/2 expert 7/8 medium 1/1 | roll 1.2s upd 14.2s
[brain] it 392 [league 51%] R/ep 7.86 ent 2.56 kl 0.005 | hit/swing 49% dj/min 47.6 blk/min 0.2 abiHit 18 supHit 65 | self 9/11 expert 11/12 sovereign 3/5 idle 1/1 hard 1/1 medium 1/1 easy 1/1 | roll 1.0s upd 14.2s
[brain] it 393 [league 55%] R/ep 7.49 ent 2.53 kl 0.005 | hit/swing 55% dj/min 46.4 blk/min 0.2 abiHit 14 supHit 88 | expert 10/12 self 8/11 sovereign 7/9 easy 3/3 hard 1/1 medium 1/1 | roll 1.0s upd 13.5s
[brain] it 394 [league 51%] R/ep 3.47 ent 2.56 kl 0.008 | hit/swing 45% dj/min 47.3 blk/min 0.2 abiHit 21 supHit 72 | self 5/12 idle 3/3 expert 8/8 sovereign 3/10 | roll 1.1s upd 13.4s
[brain] it 395 [league 51%] R/ep 5.53 ent 2.51 kl 0.007 | hit/swing 53% dj/min 43.6 blk/min 0.4 abiHit 8 supHit 91 | self 13/18 sovereign 5/8 expert 10/10 medium 1/1 | roll 1.0s upd 12.3s
[brain] it 396 [league 47%] R/ep 4.47 ent 2.53 kl 0.006 | hit/swing 53% dj/min 45.9 blk/min 0.3 abiHit 14 supHit 74 | expert 10/11 self 7/12 medium 2/2 idle 2/2 easy 1/1 sovereign 0/6 | roll 0.9s upd 12.2s
[brain] it 397 [league 47%] R/ep 6.14 ent 2.59 kl 0.007 | hit/swing 39% dj/min 49.3 blk/min 0.0 abiHit 21 supHit 55 | expert 9/9 self 7/12 sovereign 2/5 idle 1/1 hard 3/3 medium 2/2 | roll 1.1s upd 14.2s
[brain] it 398 [league 48%] R/ep 4.84 ent 2.50 kl 0.008 | hit/swing 53% dj/min 44.9 blk/min 0.1 abiHit 20 supHit 86 | expert 8/11 idle 2/2 self 12/17 sovereign 4/7 easy 3/3 | roll 1.0s upd 13.3s
[brain] it 399 [league 50%] R/ep 5.32 ent 2.57 kl 0.006 | hit/swing 55% dj/min 46.9 blk/min 0.0 abiHit 15 supHit 75 | sovereign 5/10 expert 9/10 hard 3/3 self 5/9 idle 1/1 easy 1/1 | roll 1.0s upd 13.2s
[brain] it 400 [league 49%] R/ep 7.64 ent 2.59 kl 0.006 | hit/swing 51% dj/min 47.8 blk/min 0.1 abiHit 14 supHit 74 | self 10/14 easy 4/4 expert 5/6 sovereign 1/6 medium 2/2 hard 3/3 | roll 1.1s upd 13.0s
[brain] it 401 [league 49%] R/ep 5.10 ent 2.53 kl 0.006 | hit/swing 46% dj/min 47.5 blk/min 0.3 abiHit 13 supHit 69 | self 10/15 sovereign 4/8 expert 6/8 idle 1/1 hard 1/1 easy 1/1 medium 1/1 | roll 1.1s upd 13.3s
[brain] it 402 [league 54%] R/ep 6.63 ent 2.50 kl 0.007 | hit/swing 60% dj/min 46.6 blk/min 0.2 abiHit 13 supHit 96 | expert 6/6 sovereign 8/11 medium 2/2 self 13/15 hard 2/2 idle 1/1 easy 2/2 | roll 1.1s upd 13.2s
[brain] it 403 [league 52%] R/ep 5.19 ent 2.59 kl 0.006 | hit/swing 39% dj/min 47.2 blk/min 0.4 abiHit 21 supHit 60 | expert 6/10 sovereign 2/4 self 9/11 hard 3/3 idle 1/1 | roll 1.0s upd 13.3s
[brain] it 404 [league 51%] R/ep 5.43 ent 2.53 kl 0.007 | hit/swing 58% dj/min 47.7 blk/min 0.1 abiHit 24 supHit 83 | medium 1/1 sovereign 6/10 expert 10/12 self 6/12 hard 2/2 idle 2/2 | roll 1.1s upd 13.2s
[brain] it 405 [league 47%] R/ep 6.47 ent 2.58 kl 0.007 | hit/swing 48% dj/min 47.0 blk/min 0.2 abiHit 14 supHit 77 | expert 7/8 self 11/13 sovereign 1/7 hard 2/2 idle 1/1 easy 2/2 | roll 1.0s upd 13.0s
[brain] it 406 [league 47%] R/ep 7.04 ent 2.58 kl 0.006 | hit/swing 50% dj/min 47.2 blk/min 0.0 abiHit 9 supHit 73 | expert 10/12 self 9/12 sovereign 3/5 hard 4/4 easy 1/1 | roll 1.2s upd 13.3s
[brain] it 407 [league 45%] R/ep 3.25 ent 2.55 kl 0.007 | hit/swing 55% dj/min 46.0 blk/min 0.1 abiHit 11 supHit 83 | sovereign 4/12 hard 3/3 self 9/17 expert 3/3 easy 3/3 | roll 1.1s upd 13.0s
[brain] it 408 [league 45%] R/ep 6.79 ent 2.58 kl 0.006 | hit/swing 57% dj/min 47.5 blk/min 0.2 abiHit 12 supHit 84 | sovereign 5/9 expert 14/14 self 4/10 hard 2/2 idle 1/1 medium 1/1 | roll 1.0s upd 13.0s
[brain] it 409 [league 48%] R/ep 5.62 ent 2.58 kl 0.005 | hit/swing 50% dj/min 48.1 blk/min 0.2 abiHit 22 supHit 77 | expert 7/8 self 9/15 easy 2/2 sovereign 3/6 medium 1/1 idle 1/1 hard 1/1 | roll 0.9s upd 11.9s
[brain] it 410 [league 48%] R/ep 4.76 ent 2.59 kl 0.005 | hit/swing 50% dj/min 48.6 blk/min 0.1 abiHit 12 supHit 68 | sovereign 3/6 expert 7/9 self 8/14 medium 2/2 idle 2/2 | roll 1.0s upd 13.1s
[brain] it 411 [league 46%] R/ep 6.43 ent 2.63 kl 0.006 | hit/swing 51% dj/min 49.4 blk/min 0.1 abiHit 10 supHit 71 | idle 2/2 expert 8/8 self 8/12 sovereign 4/10 hard 2/2 | roll 1.1s upd 12.9s
[brain] it 412 [league 47%] R/ep 8.31 ent 2.52 kl 0.007 | hit/swing 58% dj/min 47.5 blk/min 0.3 abiHit 9 supHit 90 | expert 8/8 sovereign 3/5 self 15/19 medium 2/2 easy 2/2 hard 1/1 idle 1/1 | roll 1.1s upd 13.1s
[brain] it 413 [league 48%] R/ep 6.93 ent 2.56 kl 0.006 | hit/swing 57% dj/min 49.9 blk/min 0.2 abiHit 10 supHit 88 | idle 3/3 sovereign 3/8 easy 3/3 self 13/18 expert 6/6 | roll 1.0s upd 13.6s
[brain] it 414 [league 50%] R/ep 9.77 ent 2.56 kl 0.004 | hit/swing 66% dj/min 48.4 blk/min 0.1 abiHit 18 supHit 88 | self 9/14 expert 13/13 hard 3/3 easy 4/4 sovereign 3/5 medium 1/1 idle 1/1 | roll 1.1s upd 13.4s
[brain] it 415 [league 48%] R/ep 7.42 ent 2.60 kl 0.007 | hit/swing 55% dj/min 48.9 blk/min 0.2 abiHit 9 supHit 73 | self 7/14 idle 4/4 expert 6/6 easy 4/4 sovereign 3/5 hard 2/2 medium 1/1 | roll 1.0s upd 13.5s
[brain] it 416 [league 49%] R/ep 6.76 ent 2.56 kl 0.005 | hit/swing 56% dj/min 50.0 blk/min 0.1 abiHit 13 supHit 76 | idle 3/3 self 10/18 expert 6/7 sovereign 3/5 hard 4/4 easy 2/2 | roll 1.0s upd 12.9s
[brain] it 417 [league 50%] R/ep 6.67 ent 2.56 kl 0.007 | hit/swing 53% dj/min 47.8 blk/min 0.0 abiHit 18 supHit 96 | sovereign 8/10 expert 10/12 idle 1/1 self 8/13 easy 2/2 medium 2/2 | roll 1.0s upd 13.1s
[brain] it 418 [league 50%] R/ep 9.86 ent 2.61 kl 0.005 | hit/swing 52% dj/min 50.9 blk/min 0.1 abiHit 17 supHit 77 | expert 8/8 self 10/11 easy 3/3 sovereign 4/8 idle 4/4 hard 2/2 | roll 1.1s upd 14.2s
[brain] it 419 [league 55%] R/ep 5.40 ent 2.55 kl 0.007 | hit/swing 53% dj/min 47.8 blk/min 0.1 abiHit 23 supHit 84 | self 10/17 sovereign 7/9 medium 2/2 easy 1/1 idle 2/2 expert 5/6 hard 1/1 | roll 1.0s upd 13.0s
[brain] it 420 [league 55%] R/ep 5.64 ent 2.55 kl 0.006 | hit/swing 54% dj/min 47.5 blk/min 0.2 abiHit 11 supHit 77 | hard 1/1 self 7/17 expert 9/9 sovereign 2/5 medium 3/3 easy 2/2 | roll 1.0s upd 13.4s
[brain] it 421 [league 56%] R/ep 6.00 ent 2.52 kl 0.006 | hit/swing 58% dj/min 48.0 blk/min 0.2 abiHit 17 supHit 91 | self 10/19 expert 6/6 sovereign 4/8 easy 2/2 idle 2/2 medium 2/2 | roll 1.0s upd 13.4s
[brain] it 422 [league 57%] R/ep 8.67 ent 2.51 kl 0.007 | hit/swing 60% dj/min 46.9 blk/min 0.0 abiHit 21 supHit 93 | self 12/18 expert 8/8 sovereign 3/5 medium 3/3 hard 3/3 idle 1/1 easy 1/1 | roll 1.0s upd 13.5s
[brain] it 423 [league 57%] R/ep 5.69 ent 2.50 kl 0.005 | hit/swing 58% dj/min 47.1 blk/min 0.2 abiHit 3 supHit 77 | self 12/18 sovereign 5/8 expert 7/7 idle 2/2 easy 1/1 medium 1/1 | roll 1.0s upd 12.3s
[brain] it 424 [league 56%] R/ep 5.21 ent 2.55 kl 0.005 | hit/swing 51% dj/min 47.9 blk/min 0.3 abiHit 10 supHit 98 | self 10/17 expert 8/10 sovereign 5/10 easy 2/2 medium 3/3 | roll 1.0s upd 13.7s
[brain] it 425 [league 55%] R/ep 7.03 ent 2.54 kl 0.007 | hit/swing 58% dj/min 47.2 blk/min 0.2 abiHit 16 supHit 81 | sovereign 2/7 expert 11/12 self 10/14 hard 2/2 easy 2/2 medium 3/3 idle 1/1 | roll 1.0s upd 13.4s
[brain] it 426 [league 56%] R/ep 6.71 ent 2.55 kl 0.006 | hit/swing 47% dj/min 49.0 blk/min 0.0 abiHit 12 supHit 79 | expert 6/7 self 11/17 easy 2/2 sovereign 4/6 medium 1/1 hard 2/2 | roll 1.1s upd 13.5s
[brain] it 427 [league 56%] R/ep 5.78 ent 2.59 kl 0.006 | hit/swing 52% dj/min 50.6 blk/min 0.0 abiHit 19 supHit 81 | medium 1/1 idle 2/2 expert 9/10 hard 2/2 sovereign 4/10 easy 1/1 self 7/11 | roll 1.0s upd 13.8s
[brain] it 428 [league 55%] R/ep 5.37 ent 2.54 kl 0.004 | hit/swing 57% dj/min 47.3 blk/min 0.2 abiHit 15 supHit 86 | self 11/17 hard 1/1 expert 8/9 sovereign 4/9 medium 1/1 easy 2/2 | roll 1.0s upd 14.5s
[brain] it 429 [league 51%] R/ep 7.83 ent 2.55 kl 0.009 | hit/swing 58% dj/min 49.1 blk/min 0.1 abiHit 13 supHit 81 | sovereign 3/9 hard 1/1 medium 2/2 expert 9/9 self 10/13 easy 2/2 idle 1/1 | roll 1.0s upd 13.7s
[brain] it 430 [league 51%] R/ep 5.99 ent 2.53 kl 0.007 | hit/swing 56% dj/min 48.0 blk/min 0.3 abiHit 5 supHit 89 | sovereign 5/7 self 9/14 expert 12/15 medium 1/1 idle 1/1 hard 1/1 | roll 1.1s upd 13.9s
[brain] it 431 [league 53%] R/ep 7.18 ent 2.54 kl 0.006 | hit/swing 49% dj/min 47.5 blk/min 0.1 abiHit 16 supHit 92 | hard 1/1 medium 2/2 self 11/17 sovereign 5/8 idle 1/1 expert 5/5 easy 4/4 | roll 1.1s upd 14.0s
[brain] it 432 [league 54%] R/ep 6.32 ent 2.55 kl 0.007 | hit/swing 50% dj/min 48.5 blk/min 0.1 abiHit 7 supHit 88 | self 10/16 hard 3/3 sovereign 9/11 easy 1/1 expert 4/4 idle 2/2 | roll 1.1s upd 13.8s
[brain] it 433 [league 55%] R/ep 7.21 ent 2.58 kl 0.006 | hit/swing 58% dj/min 49.1 blk/min 0.1 abiHit 18 supHit 72 | idle 2/2 expert 11/12 medium 4/4 sovereign 3/5 self 5/12 easy 1/1 hard 1/1 | roll 1.1s upd 13.9s
[brain] it 434 [league 54%] R/ep 7.26 ent 2.55 kl 0.005 | hit/swing 56% dj/min 49.4 blk/min 0.1 abiHit 9 supHit 90 | self 9/12 sovereign 4/9 expert 8/8 easy 2/2 idle 2/2 hard 1/1 medium 2/2 | roll 1.1s upd 13.6s
[brain] it 435 [league 49%] R/ep 4.42 ent 2.53 kl 0.006 | hit/swing 57% dj/min 48.8 blk/min 0.4 abiHit 11 supHit 70 | hard 4/4 self 8/15 sovereign 1/8 expert 5/5 idle 5/5 | roll 1.0s upd 13.5s
[brain] it 436 [league 48%] R/ep 8.62 ent 2.62 kl 0.007 | hit/swing 50% dj/min 51.0 blk/min 0.1 abiHit 6 supHit 67 | sovereign 3/7 expert 13/15 self 8/9 hard 2/2 easy 1/1 idle 1/1 | roll 1.1s upd 13.2s
[brain] it 437 [league 53%] R/ep 8.14 ent 2.58 kl 0.006 | hit/swing 52% dj/min 49.0 blk/min 0.1 abiHit 10 supHit 74 | expert 10/10 sovereign 8/10 easy 1/1 self 5/8 medium 2/2 idle 1/1 | roll 1.0s upd 13.9s
[brain] it 438 [league 54%] R/ep 9.21 ent 2.52 kl 0.005 | hit/swing 61% dj/min 48.4 blk/min 0.1 abiHit 12 supHit 87 | expert 15/15 self 8/16 hard 1/1 sovereign 2/2 idle 3/3 easy 1/1 medium 1/1 | roll 1.0s upd 14.3s
[brain] it 439 [league 55%] R/ep 7.37 ent 2.53 kl 0.006 | hit/swing 52% dj/min 48.8 blk/min 0.0 abiHit 11 supHit 79 | sovereign 5/8 expert 6/7 self 14/16 medium 1/1 hard 1/1 easy 1/1 | roll 1.1s upd 13.6s
[brain] it 440 [league 55%] R/ep 5.39 ent 2.51 kl 0.007 | hit/swing 45% dj/min 47.2 blk/min 0.2 abiHit 28 supHit 70 | self 14/19 hard 1/1 idle 2/2 expert 5/6 sovereign 2/4 medium 1/1 | roll 1.1s upd 13.0s
[brain] it 441 [league 57%] R/ep 5.25 ent 2.48 kl 0.006 | hit/swing 47% dj/min 47.9 blk/min 0.2 abiHit 20 supHit 87 | self 15/19 hard 1/1 medium 1/1 sovereign 6/9 expert 3/6 idle 2/2 | roll 1.1s upd 13.6s
[brain] it 442 [league 57%] R/ep 7.32 ent 2.48 kl 0.006 | hit/swing 58% dj/min 48.0 blk/min 0.1 abiHit 18 supHit 85 | self 11/17 expert 11/11 sovereign 1/3 medium 4/4 hard 1/1 idle 1/1 | roll 1.0s upd 14.0s
[brain] it 443 [league 59%] R/ep 6.75 ent 2.43 kl 0.009 | hit/swing 57% dj/min 46.0 blk/min 0.2 abiHit 8 supHit 95 | sovereign 5/10 expert 7/7 self 12/18 medium 1/1 hard 1/1 idle 1/1 | roll 1.0s upd 12.4s
[brain] it 444 [league 59%] R/ep 5.64 ent 2.46 kl 0.006 | hit/swing 48% dj/min 46.1 blk/min 0.1 abiHit 18 supHit 80 | sovereign 5/7 expert 9/9 self 8/15 easy 2/2 hard 1/1 idle 1/1 | roll 1.1s upd 14.4s
[brain] it 445 [league 61%] R/ep 7.47 ent 2.49 kl 0.006 | hit/swing 58% dj/min 47.0 blk/min 0.2 abiHit 19 supHit 89 | hard 3/3 self 9/14 easy 4/4 medium 1/1 idle 2/2 sovereign 8/9 expert 3/4 | roll 1.1s upd 13.8s
[brain] it 446 [league 56%] R/ep 7.07 ent 2.53 kl 0.006 | hit/swing 52% dj/min 48.3 blk/min 0.1 abiHit 14 supHit 70 | expert 8/8 self 8/10 idle 2/2 sovereign 3/9 hard 1/1 easy 4/4 | roll 1.0s upd 13.9s
[brain] it 447 [league 55%] R/ep 7.10 ent 2.48 kl 0.005 | hit/swing 58% dj/min 45.8 blk/min 0.3 abiHit 11 supHit 79 | easy 3/3 self 9/14 sovereign 2/7 expert 9/10 hard 3/3 | roll 1.0s upd 13.4s
[brain] it 448 [league 53%] R/ep 7.76 ent 2.50 kl 0.005 | hit/swing 56% dj/min 48.7 blk/min 0.1 abiHit 12 supHit 77 | self 12/18 medium 4/4 hard 1/1 expert 9/10 sovereign 2/4 idle 2/2 | roll 1.1s upd 13.4s
[brain] it 449 [league 57%] R/ep 7.27 ent 2.52 kl 0.006 | hit/swing 46% dj/min 45.4 blk/min 0.3 abiHit 13 supHit 80 | easy 4/4 self 9/13 sovereign 4/5 expert 11/13 idle 1/1 medium 1/1 | roll 1.1s upd 15.0s
[brain] it 450 [league 62%] R/ep 5.41 ent 2.49 kl 0.006 | hit/swing 48% dj/min 47.6 blk/min 0.1 abiHit 24 supHit 79 | self 10/15 sovereign 8/10 easy 1/1 idle 4/4 expert 3/3 hard 1/1 | roll 1.2s upd 13.7s
[brain] it 451 [league 63%] R/ep 7.27 ent 2.52 kl 0.006 | hit/swing 50% dj/min 48.0 blk/min 0.2 abiHit 13 supHit 54 | idle 1/1 expert 11/12 self 4/9 sovereign 2/3 easy 1/1 | roll 5.5s upd 9.3s
[brain] it 452 [league 61%] R/ep 9.06 ent 2.48 kl 0.005 | hit/swing 59% dj/min 45.8 blk/min 0.3 abiHit 16 supHit 54 | expert 10/10 easy 1/1 self 8/9 sovereign 0/2 medium 1/1 | roll 5.4s upd 9.6s
[brain] it 453 [league 58%] R/ep 5.36 ent 2.57 kl 0.007 | hit/swing 43% dj/min 46.0 blk/min 0.4 abiHit 9 supHit 36 | expert 3/4 self 5/6 sovereign 2/6 medium 1/1 easy 1/1 idle 1/1 | roll 5.2s upd 9.5s
[brain] it 454 [league 54%] R/ep 6.51 ent 2.49 kl 0.008 | hit/swing 52% dj/min 46.7 blk/min 0.2 abiHit 18 supHit 79 | self 15/19 expert 5/6 sovereign 2/7 hard 4/4 easy 1/1 idle 2/2 | roll 1.3s upd 14.1s
[brain] it 455 [league 53%] R/ep 5.01 ent 2.46 kl 0.005 | hit/swing 50% dj/min 47.8 blk/min 0.3 abiHit 14 supHit 70 | self 10/15 sovereign 3/8 expert 6/6 medium 2/2 idle 2/2 | roll 1.2s upd 14.6s
[brain] it 456 [league 52%] R/ep 8.12 ent 2.56 kl 0.007 | hit/swing 41% dj/min 48.2 blk/min 0.1 abiHit 24 supHit 60 | sovereign 3/6 medium 1/1 easy 2/2 expert 5/6 self 8/10 idle 3/3 | roll 1.1s upd 14.9s
[brain] it 457 [league 52%] R/ep 4.55 ent 2.43 kl 0.007 | hit/swing 50% dj/min 45.5 blk/min 0.2 abiHit 12 supHit 89 | self 12/23 hard 3/3 expert 6/6 sovereign 2/5 easy 2/2 | roll 1.3s upd 14.0s
[brain] it 458 [league 51%] R/ep 1.43 ent 2.51 kl 0.006 | hit/swing 40% dj/min 48.1 blk/min 0.3 abiHit 27 supHit 60 | self 9/16 expert 4/4 sovereign 3/7 hard 1/1 | roll 1.2s upd 14.4s
[brain] it 459 [league 52%] R/ep 8.65 ent 2.50 kl 0.004 | hit/swing 55% dj/min 48.1 blk/min 0.2 abiHit 8 supHit 78 | sovereign 5/8 expert 3/5 self 9/12 hard 3/3 idle 5/5 medium 3/3 | roll 1.0s upd 14.9s
[brain] it 460 [league 51%] R/ep 6.88 ent 2.45 kl 0.007 | hit/swing 55% dj/min 46.4 blk/min 0.2 abiHit 17 supHit 73 | expert 9/10 self 11/16 hard 1/1 medium 2/2 sovereign 5/7 easy 2/2 | roll 1.1s upd 14.4s
[brain] it 461 [league 51%] R/ep 8.05 ent 2.48 kl 0.006 | hit/swing 45% dj/min 47.6 blk/min 0.1 abiHit 8 supHit 81 | self 14/17 expert 5/6 sovereign 4/5 hard 2/2 easy 1/1 medium 1/1 idle 1/1 | roll 1.1s upd 12.6s
[brain] it 462 [league 56%] R/ep 5.00 ent 2.40 kl 0.006 | hit/swing 54% dj/min 44.2 blk/min 0.1 abiHit 17 supHit 94 | self 8/15 sovereign 9/13 easy 2/2 hard 2/2 expert 5/6 medium 1/1 | roll 1.1s upd 13.7s
[brain] it 463 [league 54%] R/ep 7.92 ent 2.44 kl 0.006 | hit/swing 60% dj/min 45.5 blk/min 0.4 abiHit 12 supHit 88 | self 11/15 medium 4/4 expert 11/13 easy 1/1 sovereign 1/6 hard 3/3 | roll 1.0s upd 14.2s
[brain] it 464 [league 53%] R/ep 6.28 ent 2.41 kl 0.007 | hit/swing 58% dj/min 43.3 blk/min 0.1 abiHit 13 supHit 98 | self 11/17 sovereign 6/9 medium 5/5 expert 6/6 hard 2/2 easy 1/1 | roll 1.1s upd 12.3s
[brain] it 465 [league 52%] R/ep 6.47 ent 2.40 kl 0.006 | hit/swing 58% dj/min 43.3 blk/min 0.2 abiHit 20 supHit 94 | self 11/17 sovereign 6/9 expert 10/10 idle 1/1 medium 1/1 easy 3/3 | roll 1.1s upd 13.4s
[brain] it 466 [league 57%] R/ep 8.51 ent 2.48 kl 0.006 | hit/swing 58% dj/min 45.9 blk/min 0.3 abiHit 14 supHit 82 | expert 7/7 self 7/9 easy 3/3 sovereign 8/11 medium 5/5 idle 1/1 hard 1/1 | roll 1.0s upd 13.9s
[brain] it 467 [league 60%] R/ep 6.47 ent 2.43 kl 0.004 | hit/swing 53% dj/min 44.2 blk/min 0.1 abiHit 25 supHit 89 | sovereign 6/8 self 12/20 expert 10/11 idle 1/1 hard 2/2 medium 1/1 | roll 1.2s upd 13.4s
[brain] it 468 [league 62%] R/ep 6.81 ent 2.40 kl 0.006 | hit/swing 58% dj/min 45.4 blk/min 0.6 abiHit 11 supHit 86 | expert 8/9 self 14/17 sovereign 6/10 idle 1/1 easy 2/2 medium 1/1 | roll 1.1s upd 13.6s
[brain] it 469 [league 63%] R/ep 7.41 ent 2.51 kl 0.006 | hit/swing 43% dj/min 46.2 blk/min 0.2 abiHit 17 supHit 66 | expert 8/10 sovereign 2/2 hard 1/1 idle 3/3 self 7/13 medium 1/1 easy 1/1 | roll 1.1s upd 14.7s
[brain] it 470 [league 65%] R/ep 4.24 ent 2.45 kl 0.004 | hit/swing 49% dj/min 44.5 blk/min 0.3 abiHit 15 supHit 83 | sovereign 6/11 self 13/19 expert 4/4 idle 2/2 hard 2/2 easy 1/1 | roll 1.1s upd 13.5s
[brain] it 471 [league 66%] R/ep 5.73 ent 2.46 kl 0.005 | hit/swing 52% dj/min 43.6 blk/min 0.1 abiHit 14 supHit 77 | self 7/13 easy 3/3 sovereign 5/7 expert 10/12 hard 1/1 | roll 1.0s upd 13.5s
[brain] it 472 [league 67%] R/ep 9.05 ent 2.45 kl 0.005 | hit/swing 54% dj/min 44.9 blk/min 0.3 abiHit 12 supHit 83 | self 7/10 easy 3/3 expert 9/10 sovereign 7/7 medium 2/2 idle 1/1 hard 1/1 | roll 1.0s upd 13.4s
[brain] it 473 [league 68%] R/ep 7.00 ent 2.46 kl 0.004 | hit/swing 51% dj/min 46.6 blk/min 0.1 abiHit 29 supHit 80 | medium 1/1 expert 10/10 self 7/14 easy 2/2 sovereign 6/7 hard 1/1 | roll 1.4s upd 13.3s
[brain] it 474 [league 65%] R/ep 3.90 ent 2.48 kl 0.004 | hit/swing 46% dj/min 44.8 blk/min 0.4 abiHit 16 supHit 73 | sovereign 2/5 expert 8/11 self 7/15 easy 2/2 idle 1/1 medium 1/1 | roll 1.1s upd 13.8s
[brain] it 475 [league 67%] R/ep 8.80 ent 2.48 kl 0.005 | hit/swing 52% dj/min 45.0 blk/min 0.2 abiHit 14 supHit 77 | expert 6/7 sovereign 6/8 easy 4/4 hard 2/2 self 6/9 idle 3/3 medium 1/1 | roll 1.0s upd 12.4s
[brain] it 476 [league 69%] R/ep 7.25 ent 2.40 kl 0.005 | hit/swing 54% dj/min 44.7 blk/min 0.4 abiHit 23 supHit 105 | sovereign 4/8 self 12/17 expert 12/12 easy 1/1 medium 2/2 hard 1/1 | roll 1.4s upd 13.3s
[brain] it 477 [league 69%] R/ep 7.17 ent 2.44 kl 0.005 | hit/swing 51% dj/min 43.8 blk/min 0.4 abiHit 20 supHit 77 | sovereign 2/3 expert 10/10 self 8/15 idle 2/2 medium 2/2 | roll 1.1s upd 14.4s
[brain] it 478 [league 69%] R/ep 8.12 ent 2.44 kl 0.006 | hit/swing 59% dj/min 43.7 blk/min 0.2 abiHit 17 supHit 92 | sovereign 2/3 medium 3/3 self 9/14 easy 1/1 hard 4/4 idle 1/1 expert 11/12 | roll 1.0s upd 13.6s
[brain] it 479 [league 69%] R/ep 4.73 ent 2.43 kl 0.006 | hit/swing 47% dj/min 44.3 blk/min 0.4 abiHit 27 supHit 74 | self 8/19 sovereign 4/6 expert 8/8 easy 3/3 medium 2/2 | roll 1.1s upd 14.0s
[brain] it 480 [league 67%] R/ep 8.10 ent 2.48 kl 0.006 | hit/swing 58% dj/min 44.6 blk/min 0.2 abiHit 7 supHit 83 | self 8/11 idle 2/2 expert 9/11 easy 3/3 sovereign 3/6 hard 2/2 medium 3/3 | roll 1.1s upd 14.7s
[brain] it 481 [league 67%] R/ep 4.45 ent 2.48 kl 0.007 | hit/swing 48% dj/min 44.6 blk/min 0.3 abiHit 13 supHit 87 | self 4/10 expert 10/13 sovereign 8/11 easy 1/1 medium 1/1 idle 1/1 | roll 1.1s upd 14.2s
[brain] it 482 [league 65%] R/ep 1.96 ent 2.52 kl 0.006 | hit/swing 53% dj/min 43.1 blk/min 0.3 abiHit 19 supHit 71 | sovereign 5/11 expert 9/11 self 2/12 idle 1/1 medium 1/1 hard 1/1 | roll 1.2s upd 14.4s
[brain] it 483 [league 63%] R/ep 2.56 ent 2.42 kl 0.007 | hit/swing 51% dj/min 43.5 blk/min 0.3 abiHit 24 supHit 75 | sovereign 3/8 self 8/19 expert 6/8 medium 3/3 easy 1/1 | roll 1.1s upd 13.8s
[brain] it 484 [league 61%] R/ep 3.65 ent 2.43 kl 0.006 | hit/swing 54% dj/min 42.7 blk/min 0.2 abiHit 18 supHit 87 | idle 1/1 self 12/19 sovereign 3/8 expert 5/6 medium 2/2 hard 3/3 | roll 1.1s upd 15.7s
[brain] it 485 [league 62%] R/ep 9.64 ent 2.48 kl 0.005 | hit/swing 55% dj/min 46.6 blk/min 0.1 abiHit 13 supHit 89 | idle 5/5 self 11/14 expert 6/6 medium 1/1 easy 4/4 sovereign 3/4 | roll 1.0s upd 14.0s
[brain] it 486 [league 60%] R/ep 7.22 ent 2.48 kl 0.007 | hit/swing 57% dj/min 43.9 blk/min 0.4 abiHit 25 supHit 73 | medium 4/4 self 12/17 sovereign 2/5 expert 3/4 idle 4/4 easy 2/2 hard 1/1 | roll 1.1s upd 29.5s
[brain] it 487 [league 59%] R/ep 6.87 ent 2.44 kl 0.004 | hit/swing 59% dj/min 43.7 blk/min 0.1 abiHit 19 supHit 93 | self 4/12 hard 2/2 expert 12/12 sovereign 7/8 idle 1/1 medium 1/1 easy 4/4 | roll 1.3s upd 13.1s
[brain] it 488 [league 56%] R/ep 4.90 ent 2.51 kl 0.008 | hit/swing 41% dj/min 45.6 blk/min 0.3 abiHit 37 supHit 61 | sovereign 3/7 hard 3/3 expert 4/5 medium 1/1 self 10/13 easy 1/1 | roll 1.2s upd 11.7s
[brain] it 489 [league 59%] R/ep 8.10 ent 2.43 kl 0.006 | hit/swing 57% dj/min 43.7 blk/min 0.2 abiHit 13 supHit 101 | self 14/20 expert 9/9 idle 2/2 sovereign 4/4 medium 2/2 hard 2/2 | roll 1.1s upd 13.0s
[brain] it 490 [league 56%] R/ep 4.44 ent 2.48 kl 0.006 | hit/swing 51% dj/min 43.1 blk/min 0.4 abiHit 11 supHit 101 | self 9/13 sovereign 8/17 expert 9/9 idle 1/1 hard 1/1 medium 1/1 | roll 1.2s upd 15.2s
[brain] it 491 [league 53%] R/ep 4.74 ent 2.46 kl 0.007 | hit/swing 56% dj/min 42.0 blk/min 0.1 abiHit 13 supHit 101 | self 9/16 sovereign 4/12 expert 11/11 idle 1/1 hard 1/1 easy 1/1 | roll 3.9s upd 32.0s
[brain] it 492 [league 53%] R/ep 4.97 ent 2.51 kl 0.006 | hit/swing 48% dj/min 44.6 blk/min 0.2 abiHit 7 supHit 70 | self 7/13 sovereign 6/9 expert 5/7 idle 1/1 hard 1/1 easy 2/2 | roll 1.1s upd 10.9s
[brain] it 493 [league 51%] R/ep 5.23 ent 2.55 kl 0.007 | hit/swing 38% dj/min 45.3 blk/min 0.2 abiHit 18 supHit 61 | expert 8/10 medium 1/1 self 8/12 sovereign 3/7 idle 1/1 easy 1/1 | roll 1.3s upd 14.4s
[brain] it 494 [league 50%] R/ep 8.05 ent 2.48 kl 0.005 | hit/swing 54% dj/min 42.3 blk/min 0.2 abiHit 12 supHit 97 | expert 11/12 self 9/12 hard 2/2 sovereign 4/7 easy 3/3 idle 2/2 medium 3/3 | roll 1.1s upd 597.0s
[brain] worker 0 failed (Attempted to use detached Frame '07DA8C7BACC20A7CECB7F643DE4EF31E'.); relaunching
[brain] worker 1 failed (Attempted to use detached Frame '1638027249F57223B468D8E6CF41F307'.); relaunching
[brain] worker 2 failed (Attempted to use detached Frame '34465080D10743410218BDCFB0A505AC'.); relaunching
[brain] no worker returned data this iteration
[brain] it 495 [league 52%] R/ep 5.99 ent 2.42 kl 0.006 | hit/swing 54% dj/min 43.7 blk/min 0.3 abiHit 11 supHit 93 | sovereign 3/5 expert 5/6 self 13/20 hard 1/1 medium 2/2 idle 1/1 easy 2/2 | roll 2.6s upd 61.6s
[brain] it 496 [league 53%] R/ep 9.48 ent 2.48 kl 0.007 | hit/swing 58% dj/min 43.9 blk/min 0.2 abiHit 12 supHit 82 | idle 4/4 expert 7/7 sovereign 3/7 self 8/12 easy 2/2 hard 4/4 medium 1/1 | roll 1.2s upd 12.0s
[brain] it 497 [league 55%] R/ep 7.39 ent 2.51 kl 0.007 | hit/swing 47% dj/min 43.1 blk/min 0.2 abiHit 22 supHit 76 | expert 9/9 easy 1/1 self 8/13 sovereign 5/8 idle 2/2 medium 1/1 hard 1/1 | roll 1.3s upd 16.3s
[brain] it 498 [league 53%] R/ep 5.83 ent 2.50 kl 0.006 | hit/swing 50% dj/min 43.1 blk/min 0.0 abiHit 17 supHit 79 | self 5/12 easy 4/4 sovereign 2/6 idle 2/2 expert 10/11 medium 1/1 hard 1/1 | roll 1.6s upd 12.8s
[brain] it 499 [league 53%] R/ep 6.53 ent 2.49 kl 0.006 | hit/swing 48% dj/min 43.0 blk/min 0.2 abiHit 23 supHit 78 | self 11/17 expert 8/9 sovereign 2/4 hard 1/1 medium 1/1 idle 2/2 | roll 1.2s upd 12.7s
[brain] it 500 [league 53%] R/ep 5.21 ent 2.48 kl 0.006 | hit/swing 46% dj/min 42.4 blk/min 0.2 abiHit 22 supHit 79 | sovereign 10/15 self 9/14 idle 2/2 medium 1/1 expert 5/5 | roll 1.1s upd 10.3s
[brain] it 501 [league 53%] R/ep 6.45 ent 2.49 kl 0.006 | hit/swing 46% dj/min 43.8 blk/min 0.3 abiHit 11 supHit 88 | easy 4/4 sovereign 2/2 expert 8/9 self 10/18 idle 1/1 medium 1/1 | roll 1.0s upd 9.9s
[brain] it 502 [league 54%] R/ep 6.63 ent 2.43 kl 0.005 | hit/swing 55% dj/min 41.6 blk/min 0.2 abiHit 12 supHit 92 | sovereign 4/6 idle 1/1 self 6/14 expert 12/13 hard 2/2 easy 2/2 medium 1/1 | roll 0.9s upd 8.8s
[brain] it 503 [league 55%] R/ep 5.72 ent 2.42 kl 0.007 | hit/swing 49% dj/min 41.7 blk/min 0.1 abiHit 19 supHit 91 | self 11/15 expert 8/9 hard 1/1 sovereign 5/9 medium 2/2 easy 1/1 | roll 1.0s upd 9.7s
[brain] it 504 [league 57%] R/ep 6.92 ent 2.47 kl 0.005 | hit/swing 52% dj/min 43.1 blk/min 0.3 abiHit 16 supHit 84 | self 10/12 expert 12/12 sovereign 4/8 easy 1/1 medium 1/1 | roll 0.9s upd 9.8s
[brain] it 505 [league 56%] R/ep 6.76 ent 2.43 kl 0.006 | hit/swing 54% dj/min 42.5 blk/min 0.2 abiHit 11 supHit 85 | sovereign 3/7 expert 9/11 easy 2/2 self 12/15 medium 2/2 idle 1/1 | roll 0.9s upd 9.8s
[brain] it 506 [league 55%] R/ep 4.31 ent 2.42 kl 0.005 | hit/swing 55% dj/min 41.1 blk/min 0.2 abiHit 16 supHit 79 | sovereign 6/11 self 7/17 medium 4/4 idle 2/2 expert 6/6 hard 2/2 | roll 1.0s upd 9.9s
[brain] it 507 [league 54%] R/ep 1.67 ent 2.45 kl 0.004 | hit/swing 48% dj/min 41.8 blk/min 0.2 abiHit 14 supHit 69 | sovereign 4/11 self 7/15 expert 2/4 easy 2/2 medium 4/4 idle 2/2 | roll 1.0s upd 10.0s
[brain] it 508 [league 53%] R/ep 7.14 ent 2.46 kl 0.006 | hit/swing 53% dj/min 42.2 blk/min 0.3 abiHit 21 supHit 89 | expert 7/9 self 11/15 sovereign 3/7 easy 3/3 idle 5/5 hard 1/1 | roll 1.0s upd 11.8s
[brain] it 509 [league 52%] R/ep 5.97 ent 2.45 kl 0.006 | hit/swing 54% dj/min 42.9 blk/min 0.3 abiHit 26 supHit 80 | self 13/18 expert 11/13 sovereign 2/6 idle 2/2 | roll 1.1s upd 11.6s
[brain] it 510 [league 51%] R/ep 8.02 ent 2.41 kl 0.006 | hit/swing 61% dj/min 42.1 blk/min 0.1 abiHit 22 supHit 89 | sovereign 5/10 self 7/9 expert 12/13 medium 3/3 easy 2/2 idle 2/2 hard 1/1 | roll 0.9s upd 11.8s
[brain] it 511 [league 53%] R/ep 4.70 ent 2.41 kl 0.005 | hit/swing 46% dj/min 42.8 blk/min 0.5 abiHit 15 supHit 92 | sovereign 5/10 self 11/20 medium 1/1 expert 6/7 hard 2/2 easy 1/1 | roll 1.3s upd 12.3s
[brain] it 512 [league 52%] R/ep 8.06 ent 2.47 kl 0.006 | hit/swing 47% dj/min 42.7 blk/min 0.2 abiHit 13 supHit 74 | self 8/12 sovereign 3/5 hard 1/1 expert 7/8 easy 2/2 medium 1/1 idle 4/4 | roll 1.0s upd 11.6s
[brain] it 513 [league 50%] R/ep 5.73 ent 2.39 kl 0.006 | hit/swing 54% dj/min 41.3 blk/min 0.1 abiHit 16 supHit 88 | self 7/18 sovereign 3/6 hard 2/2 easy 1/1 expert 11/11 medium 5/5 | roll 1.1s upd 11.4s
[brain] it 514 [league 49%] R/ep 6.32 ent 2.40 kl 0.006 | hit/swing 56% dj/min 42.7 blk/min 0.1 abiHit 15 supHit 81 | self 11/17 expert 7/10 sovereign 2/4 easy 4/4 medium 2/2 hard 1/1 | roll 1.0s upd 10.6s
[brain] it 515 [league 49%] R/ep 8.86 ent 2.41 kl 0.007 | hit/swing 55% dj/min 43.5 blk/min 0.2 abiHit 19 supHit 83 | idle 2/2 sovereign 0/1 expert 14/14 self 9/15 hard 2/2 easy 3/3 medium 1/1 | roll 1.1s upd 11.8s
[brain] it 516 [league 49%] R/ep 4.66 ent 2.51 kl 0.005 | hit/swing 44% dj/min 43.5 blk/min 0.0 abiHit 18 supHit 67 | self 2/8 expert 8/9 easy 2/2 sovereign 5/9 hard 2/2 idle 2/2 | roll 1.2s upd 10.5s
[brain] it 517 [league 48%] R/ep 6.67 ent 2.41 kl 0.006 | hit/swing 58% dj/min 42.2 blk/min 0.1 abiHit 9 supHit 91 | sovereign 7/12 hard 2/2 self 6/11 easy 2/2 expert 8/8 idle 2/2 medium 2/2 | roll 1.0s upd 10.5s
[brain] it 518 [league 48%] R/ep 6.29 ent 2.38 kl 0.005 | hit/swing 53% dj/min 44.0 blk/min 0.3 abiHit 14 supHit 86 | self 17/20 sovereign 5/11 medium 1/1 expert 5/5 idle 1/1 easy 1/1 hard 1/1 | roll 1.0s upd 11.3s
[brain] it 519 [league 47%] R/ep 5.11 ent 2.40 kl 0.007 | hit/swing 51% dj/min 43.5 blk/min 0.2 abiHit 21 supHit 88 | self 12/17 expert 9/10 medium 2/2 sovereign 2/6 easy 1/1 | roll 1.0s upd 11.2s
[brain] it 520 [league 50%] R/ep 9.64 ent 2.38 kl 0.005 | hit/swing 55% dj/min 42.3 blk/min 0.0 abiHit 17 supHit 97 | expert 12/12 self 10/12 easy 2/2 sovereign 5/7 hard 4/4 idle 1/1 medium 1/1 | roll 1.0s upd 11.7s
[brain] it 521 [league 49%] R/ep 5.16 ent 2.34 kl 0.006 | hit/swing 52% dj/min 41.6 blk/min 0.2 abiHit 18 supHit 97 | medium 2/2 sovereign 4/9 self 12/20 hard 2/2 expert 5/5 easy 2/2 idle 1/1 | roll 1.2s upd 12.5s
[brain] it 522 [league 51%] R/ep 7.76 ent 2.37 kl 0.006 | hit/swing 59% dj/min 41.9 blk/min 0.2 abiHit 19 supHit 101 | self 8/11 sovereign 7/12 expert 12/14 idle 1/1 hard 3/3 easy 2/2 medium 3/3 | roll 1.0s upd 11.9s
[brain] it 523 [league 53%] R/ep 6.29 ent 2.47 kl 0.007 | hit/swing 40% dj/min 46.5 blk/min 0.2 abiHit 30 supHit 70 | self 9/15 sovereign 5/8 expert 5/7 medium 4/4 easy 2/2 | roll 1.1s upd 11.8s
[brain] it 524 [league 53%] R/ep 5.54 ent 2.37 kl 0.007 | hit/swing 54% dj/min 41.8 blk/min 0.4 abiHit 13 supHit 90 | self 14/19 sovereign 4/8 expert 8/9 idle 2/2 hard 1/1 | roll 1.1s upd 18.1s
[brain] it 525 [league 53%] R/ep 8.00 ent 2.41 kl 0.005 | hit/swing 61% dj/min 41.4 blk/min 0.2 abiHit 24 supHit 86 | sovereign 4/7 idle 4/4 expert 11/13 self 6/12 easy 4/4 medium 1/1 | roll 1.3s upd 16.2s
[brain] it 526 [league 54%] R/ep 6.73 ent 2.38 kl 0.007 | hit/swing 58% dj/min 42.1 blk/min 0.1 abiHit 22 supHit 75 | sovereign 4/7 expert 13/13 hard 1/1 self 6/13 medium 1/1 idle 2/2 | roll 1.2s upd 12.2s
[brain] it 527 [league 54%] R/ep 7.64 ent 2.43 kl 0.006 | hit/swing 56% dj/min 43.0 blk/min 0.3 abiHit 18 supHit 81 | expert 8/11 sovereign 2/3 self 9/13 easy 2/2 idle 6/6 medium 3/3 | roll 1.1s upd 12.5s
[brain] it 528 [league 54%] R/ep 5.92 ent 2.40 kl 0.006 | hit/swing 53% dj/min 41.8 blk/min 0.1 abiHit 26 supHit 85 | self 5/13 sovereign 5/10 expert 8/8 medium 2/2 idle 2/2 easy 4/4 hard 1/1 | roll 1.1s upd 13.0s
[brain] it 529 [league 57%] R/ep 6.76 ent 2.39 kl 0.006 | hit/swing 58% dj/min 41.4 blk/min 0.1 abiHit 12 supHit 89 | self 9/18 sovereign 7/7 medium 1/1 expert 14/14 hard 1/1 idle 2/2 | roll 1.5s upd 13.1s
[brain] it 530 [league 56%] R/ep 5.51 ent 2.40 kl 0.005 | hit/swing 51% dj/min 41.3 blk/min 0.3 abiHit 15 supHit 86 | self 9/15 medium 4/4 expert 10/12 sovereign 2/5 hard 1/1 idle 1/1 easy 1/1 | roll 1.1s upd 12.4s
[brain] it 531 [league 54%] R/ep 7.87 ent 2.44 kl 0.005 | hit/swing 56% dj/min 43.0 blk/min 0.1 abiHit 22 supHit 86 | self 11/15 expert 10/11 hard 2/2 medium 2/2 idle 2/2 sovereign 1/5 easy 3/3 | roll 1.2s upd 13.9s
[brain] it 532 [league 56%] R/ep 7.20 ent 2.46 kl 0.006 | hit/swing 55% dj/min 43.3 blk/min 0.0 abiHit 15 supHit 75 | idle 3/3 sovereign 4/7 self 7/11 expert 11/13 hard 1/1 medium 2/2 | roll 1.1s upd 12.9s
[brain] it 533 [league 56%] R/ep 7.15 ent 2.43 kl 0.007 | hit/swing 59% dj/min 42.4 blk/min 0.3 abiHit 19 supHit 84 | hard 2/2 sovereign 5/10 idle 3/3 self 8/11 easy 1/1 expert 12/14 | roll 1.1s upd 12.4s
[brain] it 534 [league 55%] R/ep 2.72 ent 2.41 kl 0.005 | hit/swing 44% dj/min 43.5 blk/min 0.2 abiHit 11 supHit 83 | expert 6/7 self 13/23 sovereign 2/6 medium 3/3 hard 2/2 | roll 1.3s upd 11.3s
[brain] it 535 [league 56%] R/ep 9.61 ent 2.37 kl 0.005 | hit/swing 61% dj/min 42.9 blk/min 0.1 abiHit 5 supHit 107 | self 11/16 expert 12/12 sovereign 6/8 easy 4/4 medium 2/2 hard 2/2 | roll 1.1s upd 11.4s
[brain] it 536 [league 54%] R/ep 3.87 ent 2.36 kl 0.004 | hit/swing 53% dj/min 41.8 blk/min 0.3 abiHit 10 supHit 97 | self 13/16 expert 6/8 sovereign 5/11 medium 3/3 easy 2/2 | roll 1.2s upd 11.3s
[brain] it 537 [league 54%] R/ep 5.28 ent 2.45 kl 0.006 | hit/swing 50% dj/min 44.6 blk/min 0.2 abiHit 12 supHit 81 | self 11/17 expert 9/11 easy 2/2 hard 1/1 sovereign 2/4 | roll 1.0s upd 11.6s
[brain] it 538 [league 53%] R/ep 8.50 ent 2.44 kl 0.006 | hit/swing 52% dj/min 41.7 blk/min 0.0 abiHit 17 supHit 77 | idle 4/4 self 8/10 expert 9/9 hard 2/2 sovereign 3/8 easy 1/1 medium 1/1 | roll 1.1s upd 11.3s
[brain] it 539 [league 54%] R/ep 5.61 ent 2.39 kl 0.007 | hit/swing 54% dj/min 42.7 blk/min 0.1 abiHit 13 supHit 85 | medium 6/6 expert 6/7 self 13/20 sovereign 3/4 hard 1/1 easy 1/1 | roll 1.1s upd 11.4s
[brain] it 540 [league 53%] R/ep 5.70 ent 2.42 kl 0.004 | hit/swing 51% dj/min 43.6 blk/min 0.0 abiHit 11 supHit 96 | sovereign 4/8 self 10/17 expert 12/12 medium 2/2 idle 1/1 hard 1/1 | roll 1.1s upd 11.4s
[brain] it 541 [league 55%] R/ep 9.02 ent 2.37 kl 0.006 | hit/swing 62% dj/min 39.9 blk/min 0.2 abiHit 13 supHit 111 | easy 3/3 expert 10/11 idle 1/1 hard 2/2 sovereign 6/8 self 13/15 medium 2/2 | roll 1.1s upd 11.4s
[brain] it 542 [league 56%] R/ep 5.36 ent 2.42 kl 0.005 | hit/swing 48% dj/min 43.8 blk/min 0.2 abiHit 14 supHit 82 | sovereign 5/5 self 11/21 expert 7/9 hard 1/1 easy 1/1 medium 2/2 | roll 1.1s upd 11.3s
[brain] it 543 [league 56%] R/ep 5.07 ent 2.41 kl 0.006 | hit/swing 48% dj/min 43.3 blk/min 0.2 abiHit 18 supHit 75 | self 13/20 hard 2/2 sovereign 3/6 idle 1/1 expert 7/8 easy 1/1 | roll 1.1s upd 11.1s
[brain] it 544 [league 53%] R/ep 6.72 ent 2.46 kl 0.005 | hit/swing 54% dj/min 43.3 blk/min 0.2 abiHit 25 supHit 78 | expert 6/7 self 13/19 hard 3/3 medium 2/2 sovereign 2/6 idle 4/4 easy 1/1 | roll 1.1s upd 11.1s
[brain] it 545 [league 55%] R/ep 8.15 ent 2.41 kl 0.006 | hit/swing 54% dj/min 42.6 blk/min 0.4 abiHit 12 supHit 89 | expert 8/9 hard 2/2 easy 2/2 self 10/13 sovereign 5/6 idle 2/2 medium 1/1 | roll 1.1s upd 13.2s
[brain] it 546 [league 56%] R/ep 6.84 ent 2.40 kl 0.005 | hit/swing 56% dj/min 41.1 blk/min 0.1 abiHit 18 supHit 100 | self 11/16 easy 2/2 sovereign 5/10 medium 1/1 idle 2/2 expert 8/10 hard 2/2 | roll 1.1s upd 14.3s
[brain] it 547 [league 60%] R/ep 9.03 ent 2.39 kl 0.006 | hit/swing 58% dj/min 40.5 blk/min 0.7 abiHit 17 supHit 108 | sovereign 9/12 self 12/13 expert 13/14 hard 2/2 idle 3/3 medium 1/1 | roll 1.0s upd 15.0s
[brain] it 548 [league 57%] R/ep 6.66 ent 2.42 kl 0.005 | hit/swing 52% dj/min 41.6 blk/min 0.1 abiHit 27 supHit 83 | sovereign 3/8 expert 14/15 self 8/12 easy 4/4 idle 1/1 | roll 1.1s upd 13.2s
[brain] it 549 [league 55%] R/ep 4.63 ent 2.44 kl 0.007 | hit/swing 50% dj/min 42.8 blk/min 0.2 abiHit 22 supHit 76 | medium 3/3 easy 4/4 self 12/19 sovereign 1/6 expert 4/5 idle 1/1 | roll 1.2s upd 13.7s
[brain] it 550 [league 55%] R/ep 5.08 ent 2.44 kl 0.007 | hit/swing 51% dj/min 39.4 blk/min 0.1 abiHit 17 supHit 79 | sovereign 4/11 expert 6/9 hard 3/3 idle 4/4 medium 2/2 self 8/12 easy 2/2 | roll 1.1s upd 15.4s
[brain] it 551 [league 54%] R/ep 2.64 ent 2.40 kl 0.006 | hit/swing 47% dj/min 39.9 blk/min 0.1 abiHit 18 supHit 88 | sovereign 5/11 self 7/17 expert 4/5 medium 1/1 idle 2/2 easy 1/1 hard 1/1 | roll 1.5s upd 14.0s
[brain] it 552 [league 54%] R/ep 9.01 ent 2.33 kl 0.005 | hit/swing 64% dj/min 38.6 blk/min 0.2 abiHit 13 supHit 87 | self 12/16 expert 11/11 easy 3/3 idle 2/2 hard 1/1 sovereign 3/5 medium 3/3 | roll 1.2s upd 14.6s
[brain] it 553 [league 55%] R/ep 5.99 ent 2.38 kl 0.006 | hit/swing 52% dj/min 39.8 blk/min 0.2 abiHit 20 supHit 89 | expert 8/9 sovereign 8/12 self 11/18 easy 1/1 hard 2/2 idle 1/1 | roll 1.2s upd 14.1s
[brain] it 554 [league 53%] R/ep 7.79 ent 2.38 kl 0.007 | hit/swing 54% dj/min 40.5 blk/min 0.1 abiHit 20 supHit 99 | medium 2/2 self 16/19 expert 8/8 idle 3/3 sovereign 4/6 easy 2/2 | roll 1.3s upd 14.4s
[brain] it 555 [league 52%] R/ep 4.39 ent 2.42 kl 0.005 | hit/swing 49% dj/min 41.8 blk/min 0.1 abiHit 28 supHit 86 | self 10/17 easy 1/1 sovereign 3/10 hard 3/3 idle 2/2 expert 4/5 medium 2/2 | roll 1.2s upd 13.4s
[brain] it 556 [league 53%] R/ep 4.62 ent 2.37 kl 0.007 | hit/swing 52% dj/min 38.9 blk/min 0.1 abiHit 23 supHit 98 | medium 1/1 expert 6/6 self 12/21 sovereign 8/14 hard 4/4 idle 1/1 easy 1/1 | roll 1.4s upd 15.6s
[brain] it 557 [league 49%] R/ep 7.16 ent 2.39 kl 0.006 | hit/swing 56% dj/min 38.7 blk/min 0.2 abiHit 13 supHit 96 | expert 12/14 idle 2/2 self 12/15 easy 3/3 sovereign 2/6 hard 1/1 | roll 1.1s upd 14.8s
[brain] it 558 [league 49%] R/ep 5.23 ent 2.40 kl 0.005 | hit/swing 53% dj/min 38.7 blk/min 0.3 abiHit 19 supHit 103 | expert 9/9 sovereign 10/16 medium 3/3 idle 1/1 self 9/12 easy 2/2 | roll 1.3s upd 15.4s
[brain] it 559 [league 52%] R/ep 5.84 ent 2.39 kl 0.006 | hit/swing 52% dj/min 39.5 blk/min 0.3 abiHit 13 supHit 86 | sovereign 4/8 expert 7/8 easy 2/2 self 9/17 medium 2/2 hard 3/3 idle 2/2 | roll 1.4s upd 15.0s
[brain] it 560 [league 53%] R/ep 4.96 ent 2.41 kl 0.006 | hit/swing 54% dj/min 39.8 blk/min 0.1 abiHit 15 supHit 86 | self 11/18 expert 6/9 hard 2/2 idle 4/4 easy 1/1 sovereign 4/6 medium 1/1 | roll 1.3s upd 14.4s
[brain] it 561 [league 57%] R/ep 6.51 ent 2.57 kl 0.009 | hit/swing 40% dj/min 45.4 blk/min 0.1 abiHit 34 supHit 75 | sovereign 8/9 expert 5/7 self 13/15 idle 1/1 hard 1/1 | roll 1.3s upd 15.0s
[brain] it 562 [league 57%] R/ep 7.39 ent 2.36 kl 0.007 | hit/swing 59% dj/min 38.3 blk/min 0.1 abiHit 10 supHit 105 | medium 3/3 self 10/13 sovereign 3/9 idle 3/3 expert 13/13 hard 1/1 | roll 1.2s upd 13.7s
[brain] it 563 [league 56%] R/ep 4.93 ent 2.43 kl 0.006 | hit/swing 49% dj/min 40.0 blk/min 0.3 abiHit 16 supHit 85 | self 15/20 sovereign 4/8 expert 7/8 easy 2/2 medium 2/2 | roll 1.5s upd 15.5s
[brain] it 564 [league 55%] R/ep 5.72 ent 2.40 kl 0.006 | hit/swing 58% dj/min 38.4 blk/min 0.6 abiHit 22 supHit 97 | sovereign 8/13 self 8/14 expert 7/9 idle 1/1 easy 2/2 hard 1/1 medium 4/4 | roll 1.2s upd 15.8s
[brain] it 565 [league 53%] R/ep 4.19 ent 2.34 kl 0.006 | hit/swing 55% dj/min 37.4 blk/min 0.0 abiHit 11 supHit 92 | expert 10/11 sovereign 1/4 self 5/17 hard 2/2 idle 2/2 medium 3/3 easy 1/1 | roll 1.3s upd 15.4s
[brain] it 566 [league 55%] R/ep 5.29 ent 2.41 kl 0.007 | hit/swing 52% dj/min 38.6 blk/min 0.3 abiHit 21 supHit 83 | sovereign 5/10 idle 1/1 self 6/14 easy 2/2 medium 3/3 expert 9/11 hard 1/1 | roll 1.4s upd 14.7s
[brain] it 567 [league 54%] R/ep 5.15 ent 2.43 kl 0.005 | hit/swing 59% dj/min 38.2 blk/min 0.1 abiHit 21 supHit 89 | sovereign 5/11 expert 11/13 hard 3/3 medium 5/5 self 7/11 idle 1/1 easy 1/1 | roll 1.2s upd 15.6s
[brain] it 568 [league 56%] R/ep 6.52 ent 2.42 kl 0.007 | hit/swing 54% dj/min 38.1 blk/min 0.3 abiHit 15 supHit 89 | easy 3/3 self 12/16 idle 1/1 hard 4/4 expert 4/6 sovereign 4/6 medium 3/3 | roll 1.3s upd 15.4s
[brain] it 569 [league 54%] R/ep 6.44 ent 2.38 kl 0.005 | hit/swing 60% dj/min 38.7 blk/min 0.2 abiHit 15 supHit 106 | self 12/18 expert 12/12 sovereign 5/9 medium 1/1 idle 2/2 hard 2/2 | roll 1.2s upd 15.5s
[brain] it 570 [league 54%] R/ep 4.25 ent 2.42 kl 0.004 | hit/swing 54% dj/min 36.5 blk/min 0.4 abiHit 17 supHit 84 | sovereign 3/5 easy 2/2 idle 3/3 self 13/20 expert 4/8 hard 3/3 medium 1/1 | roll 1.3s upd 15.4s
[brain] it 571 [league 55%] R/ep 4.18 ent 2.44 kl 0.006 | hit/swing 51% dj/min 38.8 blk/min 0.1 abiHit 12 supHit 83 | self 14/22 medium 1/1 expert 5/8 easy 2/2 sovereign 3/5 hard 1/1 idle 1/1 | roll 1.4s upd 16.7s
[brain] it 572 [league 56%] R/ep 8.61 ent 2.43 kl 0.004 | hit/swing 57% dj/min 40.0 blk/min 0.1 abiHit 23 supHit 97 | self 13/15 expert 10/10 hard 2/2 sovereign 6/10 idle 2/2 easy 2/2 medium 1/1 | roll 1.3s upd 15.5s
[brain] it 573 [league 52%] R/ep 3.48 ent 2.47 kl 0.006 | hit/swing 49% dj/min 39.0 blk/min 0.2 abiHit 19 supHit 86 | self 11/19 sovereign 3/7 expert 5/9 idle 1/1 medium 2/2 easy 2/2 | roll 1.4s upd 16.5s
[brain] it 574 [league 51%] R/ep 5.58 ent 2.38 kl 0.006 | hit/swing 52% dj/min 40.1 blk/min 0.0 abiHit 8 supHit 97 | sovereign 3/7 self 18/22 expert 3/4 hard 1/1 idle 3/3 easy 1/1 | roll 1.5s upd 21.2s
[brain] it 575 [league 51%] R/ep 5.02 ent 2.42 kl 0.007 | hit/swing 58% dj/min 38.5 blk/min 0.1 abiHit 21 supHit 95 | expert 9/9 self 9/14 sovereign 7/15 easy 1/1 idle 1/1 hard 3/3 medium 2/2 | roll 1.5s upd 17.0s
[brain] it 576 [league 49%] R/ep 4.31 ent 2.38 kl 0.006 | hit/swing 53% dj/min 38.1 blk/min 0.1 abiHit 18 supHit 98 | sovereign 3/8 self 10/18 expert 6/8 hard 2/2 idle 2/2 easy 1/1 medium 2/2 | roll 1.4s upd 16.1s
[brain] it 577 [league 53%] R/ep 8.14 ent 2.37 kl 0.005 | hit/swing 56% dj/min 37.6 blk/min 0.0 abiHit 20 supHit 102 | self 11/14 sovereign 7/10 expert 8/8 idle 3/3 hard 3/3 easy 2/2 | roll 1.3s upd 17.1s
[brain] it 578 [league 54%] R/ep 5.78 ent 2.36 kl 0.006 | hit/swing 57% dj/min 38.1 blk/min 0.2 abiHit 19 supHit 112 | hard 1/1 sovereign 5/8 self 11/19 easy 1/1 medium 1/1 expert 9/10 idle 1/1 | roll 1.3s upd 15.3s
[brain] it 579 [league 56%] R/ep 7.53 ent 2.42 kl 0.008 | hit/swing 51% dj/min 37.0 blk/min 0.3 abiHit 20 supHit 93 | sovereign 7/9 self 8/14 hard 4/4 expert 11/12 easy 1/1 idle 2/2 | roll 1.2s upd 14.0s
[brain] it 580 [league 57%] R/ep 6.72 ent 2.35 kl 0.005 | hit/swing 59% dj/min 37.9 blk/min 0.2 abiHit 10 supHit 103 | self 11/16 medium 3/3 sovereign 6/10 expert 8/9 hard 3/3 idle 2/2 | roll 1.2s upd 14.2s
[brain] it 581 [league 57%] R/ep 6.20 ent 2.39 kl 0.005 | hit/swing 52% dj/min 39.2 blk/min 0.2 abiHit 20 supHit 97 | self 18/21 expert 5/6 sovereign 5/7 medium 2/2 idle 2/2 hard 1/1 | roll 1.3s upd 15.2s
[brain] it 582 [league 56%] R/ep 5.95 ent 2.49 kl 0.004 | hit/swing 51% dj/min 39.6 blk/min 0.2 abiHit 13 supHit 79 | sovereign 4/9 medium 1/1 hard 1/1 expert 8/11 self 8/13 idle 2/2 easy 2/2 | roll 1.2s upd 14.4s
[brain] it 583 [league 55%] R/ep 6.36 ent 2.39 kl 0.005 | hit/swing 55% dj/min 38.9 blk/min 0.2 abiHit 19 supHit 93 | idle 1/1 medium 3/3 sovereign 4/7 self 13/20 expert 6/6 easy 2/2 hard 2/2 | roll 1.3s upd 14.9s
[brain] it 584 [league 56%] R/ep 5.24 ent 2.42 kl 0.007 | hit/swing 49% dj/min 39.5 blk/min 0.2 abiHit 25 supHit 76 | easy 2/2 hard 1/1 expert 8/9 self 10/17 medium 3/3 sovereign 3/5 | roll 1.4s upd 15.4s
[brain] it 585 [league 60%] R/ep 4.34 ent 2.41 kl 0.005 | hit/swing 50% dj/min 39.5 blk/min 0.2 abiHit 17 supHit 88 | sovereign 8/10 medium 3/3 self 10/17 idle 1/1 hard 1/1 expert 2/4 easy 1/1 | roll 1.2s upd 14.2s
[brain] it 586 [league 61%] R/ep 6.58 ent 2.42 kl 0.005 | hit/swing 52% dj/min 38.6 blk/min 0.1 abiHit 14 supHit 88 | expert 8/9 sovereign 7/12 self 9/12 idle 3/3 hard 2/2 easy 1/1 | roll 1.4s upd 14.6s
[brain] it 587 [league 62%] R/ep 5.32 ent 2.41 kl 0.007 | hit/swing 52% dj/min 38.3 blk/min 0.1 abiHit 18 supHit 97 | expert 9/10 self 11/14 sovereign 5/12 medium 2/2 easy 1/1 idle 1/1 | roll 1.4s upd 14.4s
[brain] it 588 [league 59%] R/ep 6.40 ent 2.37 kl 0.006 | hit/swing 57% dj/min 37.6 blk/min 0.3 abiHit 6 supHit 87 | expert 10/11 self 11/18 easy 3/3 sovereign 2/6 idle 2/2 medium 3/3 | roll 1.3s upd 15.1s
[brain] it 589 [league 59%] R/ep 7.99 ent 2.37 kl 0.005 | hit/swing 61% dj/min 37.9 blk/min 0.1 abiHit 31 supHit 104 | sovereign 4/6 self 12/17 expert 10/12 medium 2/2 hard 2/2 easy 1/1 idle 2/2 | roll 1.3s upd 14.3s
[brain] it 590 [league 58%] R/ep 7.37 ent 2.50 kl 0.006 | hit/swing 51% dj/min 39.9 blk/min 0.1 abiHit 18 supHit 78 | self 6/9 expert 15/17 sovereign 4/8 medium 2/2 hard 1/1 easy 3/3 | roll 1.2s upd 15.8s
[brain] it 591 [league 57%] R/ep 5.20 ent 2.36 kl 0.007 | hit/swing 57% dj/min 35.9 blk/min 0.4 abiHit 20 supHit 95 | self 5/13 easy 2/2 sovereign 7/13 expert 9/9 hard 2/2 idle 2/2 medium 1/1 | roll 1.3s upd 15.3s
[brain] it 592 [league 56%] R/ep 7.17 ent 2.41 kl 0.006 | hit/swing 63% dj/min 37.5 blk/min 0.0 abiHit 7 supHit 104 | expert 12/12 sovereign 8/16 self 8/9 easy 2/2 hard 2/2 medium 3/3 | roll 1.3s upd 15.3s
[brain] it 593 [league 57%] R/ep 4.55 ent 2.44 kl 0.004 | hit/swing 47% dj/min 40.8 blk/min 0.3 abiHit 19 supHit 78 | sovereign 6/7 easy 2/2 self 10/20 expert 7/8 idle 1/1 | roll 1.3s upd 16.1s
[brain] it 594 [league 57%] R/ep 6.77 ent 2.42 kl 0.007 | hit/swing 53% dj/min 39.7 blk/min 0.0 abiHit 11 supHit 83 | self 16/18 expert 10/14 sovereign 2/3 hard 1/1 medium 2/2 easy 1/1 | roll 1.4s upd 16.7s
[brain] it 595 [league 55%] R/ep 7.19 ent 2.38 kl 0.005 | hit/swing 53% dj/min 37.9 blk/min 0.2 abiHit 17 supHit 87 | hard 1/1 self 12/18 sovereign 1/4 expert 10/11 easy 2/2 medium 4/4 idle 2/2 | roll 1.2s upd 13.8s
[brain] it 596 [league 56%] R/ep 8.69 ent 2.35 kl 0.006 | hit/swing 56% dj/min 38.6 blk/min 0.0 abiHit 16 supHit 91 | self 13/19 expert 6/6 sovereign 3/4 medium 4/4 hard 2/2 easy 2/2 idle 2/2 | roll 1.4s upd 15.8s
[brain] it 597 [league 54%] R/ep 7.97 ent 2.40 kl 0.007 | hit/swing 58% dj/min 38.5 blk/min 0.1 abiHit 21 supHit 90 | self 11/13 easy 4/4 expert 8/11 idle 1/1 sovereign 2/4 medium 3/3 hard 2/2 | roll 1.2s upd 13.6s
[brain] it 598 [league 55%] R/ep 6.42 ent 2.35 kl 0.007 | hit/swing 55% dj/min 38.2 blk/min 0.2 abiHit 11 supHit 100 | easy 5/5 idle 1/1 expert 10/11 self 6/16 hard 2/2 sovereign 6/7 medium 1/1 | roll 1.2s upd 15.7s
[brain] it 599 [league 58%] R/ep 5.95 ent 2.37 kl 0.006 | hit/swing 50% dj/min 40.0 blk/min 0.2 abiHit 18 supHit 85 | sovereign 8/10 self 9/16 expert 8/8 idle 1/1 hard 1/1 medium 2/2 easy 1/1 | roll 1.5s upd 16.3s
[brain] it 600 [league 56%] R/ep 5.78 ent 2.32 kl 0.005 | hit/swing 56% dj/min 35.0 blk/min 0.2 abiHit 19 supHit 100 | expert 8/10 self 14/19 medium 2/2 easy 1/1 sovereign 0/5 idle 3/3 hard 1/1 | roll 1.4s upd 15.1s
[brain] it 601 [league 54%] R/ep 4.55 ent 2.33 kl 0.006 | hit/swing 53% dj/min 38.3 blk/min 0.1 abiHit 17 supHit 64 | sovereign 1/6 self 11/17 easy 1/1 idle 1/1 expert 5/5 | roll 5.5s upd 10.9s
[brain] it 602 [league 55%] R/ep 6.22 ent 2.31 kl 0.008 | hit/swing 62% dj/min 36.8 blk/min 0.1 abiHit 7 supHit 72 | expert 11/11 sovereign 3/7 self 7/11 easy 1/1 idle 1/1 | roll 5.4s upd 10.0s
[brain] it 603 [league 54%] R/ep 6.12 ent 2.36 kl 0.004 | hit/swing 57% dj/min 35.3 blk/min 0.1 abiHit 29 supHit 54 | self 8/10 medium 2/2 expert 4/6 hard 2/2 sovereign 2/5 idle 3/3 | roll 5.3s upd 9.4s
[brain] it 604 [league 55%] R/ep 7.26 ent 2.30 kl 0.006 | hit/swing 62% dj/min 35.8 blk/min 0.1 abiHit 14 supHit 93 | self 13/17 expert 11/13 idle 3/3 sovereign 3/5 medium 2/2 hard 2/2 | roll 1.4s upd 18.1s
[brain] it 605 [league 55%] R/ep 5.31 ent 2.35 kl 0.006 | hit/swing 52% dj/min 39.4 blk/min 0.5 abiHit 14 supHit 100 | expert 8/8 sovereign 6/11 self 13/19 easy 3/3 medium 1/1 | roll 1.8s upd 15.1s
[brain] it 606 [league 57%] R/ep 6.60 ent 2.35 kl 0.005 | hit/swing 53% dj/min 37.3 blk/min 0.2 abiHit 20 supHit 103 | hard 1/1 self 10/15 sovereign 8/13 medium 2/2 idle 1/1 expert 11/12 easy 1/1 | roll 1.5s upd 17.6s
[brain] it 607 [league 54%] R/ep 5.27 ent 2.37 kl 0.005 | hit/swing 51% dj/min 35.6 blk/min 0.4 abiHit 16 supHit 90 | self 8/20 hard 3/3 expert 7/8 idle 3/3 sovereign 0/4 easy 2/2 medium 1/1 | roll 1.6s upd 16.9s
[brain] it 608 [league 54%] R/ep 7.78 ent 2.35 kl 0.006 | hit/swing 59% dj/min 36.5 blk/min 0.2 abiHit 11 supHit 94 | expert 9/9 self 12/18 sovereign 4/6 easy 2/2 idle 2/2 hard 2/2 medium 1/1 | roll 1.4s upd 16.1s
[brain] it 609 [league 50%] R/ep 6.35 ent 2.42 kl 0.006 | hit/swing 56% dj/min 37.1 blk/min 0.1 abiHit 15 supHit 88 | expert 17/18 hard 2/2 self 7/14 sovereign 2/7 medium 2/2 | roll 1.4s upd 16.5s
[brain] it 610 [league 50%] R/ep 6.01 ent 2.44 kl 0.005 | hit/swing 47% dj/min 39.7 blk/min 0.1 abiHit 17 supHit 76 | sovereign 5/9 self 12/17 idle 2/2 medium 1/1 expert 6/6 | roll 1.5s upd 15.7s
[brain] it 611 [league 50%] R/ep 3.85 ent 2.37 kl 0.006 | hit/swing 47% dj/min 35.7 blk/min 0.1 abiHit 30 supHit 94 | medium 3/3 expert 7/10 sovereign 6/10 self 4/12 hard 3/3 | roll 1.3s upd 16.1s
[brain] it 612 [league 48%] R/ep 4.60 ent 2.42 kl 0.007 | hit/swing 48% dj/min 39.0 blk/min 0.1 abiHit 14 supHit 69 | expert 6/8 sovereign 4/7 self 6/14 medium 1/1 easy 3/3 idle 2/2 | roll 1.4s upd 13.8s
[brain] it 613 [league 48%] R/ep 5.14 ent 2.36 kl 0.007 | hit/swing 57% dj/min 35.5 blk/min 0.2 abiHit 15 supHit 91 | sovereign 5/13 expert 13/13 self 5/11 idle 3/3 medium 1/1 hard 1/1 | roll 1.2s upd 14.6s
[brain] it 614 [league 51%] R/ep 8.73 ent 2.34 kl 0.004 | hit/swing 56% dj/min 36.9 blk/min 0.0 abiHit 14 supHit 101 | self 14/17 expert 5/6 sovereign 5/7 easy 3/3 hard 7/7 idle 1/1 medium 1/1 | roll 1.3s upd 16.6s
[brain] it 615 [league 53%] R/ep 7.69 ent 2.29 kl 0.006 | hit/swing 56% dj/min 36.8 blk/min 0.1 abiHit 16 supHit 103 | self 14/20 expert 5/5 idle 2/2 sovereign 5/7 medium 3/3 easy 2/2 hard 1/1 | roll 1.6s upd 16.8s
[brain] it 616 [league 54%] R/ep 8.45 ent 2.37 kl 0.004 | hit/swing 58% dj/min 37.5 blk/min 0.1 abiHit 10 supHit 84 | easy 3/3 self 12/17 expert 13/13 idle 2/2 medium 2/2 sovereign 1/2 | roll 1.3s upd 16.6s
[brain] it 617 [league 52%] R/ep 7.59 ent 2.28 kl 0.006 | hit/swing 59% dj/min 36.5 blk/min 0.2 abiHit 17 supHit 107 | expert 12/12 easy 2/2 self 14/19 hard 3/3 sovereign 2/7 medium 1/1 idle 1/1 | roll 1.4s upd 15.7s
[brain] it 618 [league 50%] R/ep 6.28 ent 2.30 kl 0.005 | hit/swing 58% dj/min 34.9 blk/min 0.3 abiHit 19 supHit 101 | self 8/14 sovereign 5/10 easy 2/2 expert 9/10 hard 2/2 medium 4/4 idle 1/1 | roll 1.5s upd 14.9s
[brain] it 619 [league 49%] R/ep 8.38 ent 2.29 kl 0.006 | hit/swing 63% dj/min 34.1 blk/min 0.1 abiHit 25 supHit 106 | self 8/15 medium 4/4 hard 4/4 sovereign 4/8 easy 4/4 expert 11/11 idle 2/2 | roll 1.3s upd 16.6s
[brain] it 620 [league 51%] R/ep 4.68 ent 2.38 kl 0.005 | hit/swing 50% dj/min 33.9 blk/min 0.1 abiHit 16 supHit 72 | idle 6/6 self 8/15 expert 4/5 sovereign 3/7 hard 1/1 | roll 1.4s upd 16.5s
[brain] it 621 [league 53%] R/ep 5.75 ent 2.34 kl 0.005 | hit/swing 54% dj/min 36.6 blk/min 0.0 abiHit 15 supHit 94 | self 7/16 expert 9/10 hard 1/1 sovereign 6/9 medium 2/2 easy 1/1 idle 1/1 | roll 1.5s upd 15.1s
[brain] it 622 [league 54%] R/ep 6.84 ent 2.32 kl 0.006 | hit/swing 52% dj/min 36.0 blk/min 0.3 abiHit 25 supHit 82 | expert 9/10 self 14/19 medium 4/4 sovereign 4/5 easy 1/1 | roll 1.4s upd 17.1s
[brain] it 623 [league 56%] R/ep 8.04 ent 2.30 kl 0.005 | hit/swing 60% dj/min 36.8 blk/min 0.2 abiHit 31 supHit 94 | expert 9/10 easy 2/2 idle 1/1 self 11/16 sovereign 7/10 hard 4/4 medium 3/3 | roll 1.6s upd 16.7s
[brain] it 624 [league 55%] R/ep 6.25 ent 2.34 kl 0.006 | hit/swing 53% dj/min 37.5 blk/min 0.1 abiHit 16 supHit 101 | expert 12/13 hard 2/2 self 11/15 sovereign 4/9 medium 4/4 easy 1/1 | roll 1.3s upd 17.3s
[brain] it 625 [league 55%] R/ep 7.12 ent 2.25 kl 0.007 | hit/swing 54% dj/min 35.4 blk/min 0.0 abiHit 14 supHit 95 | self 14/18 expert 9/10 sovereign 4/7 easy 2/2 hard 1/1 idle 2/2 | roll 1.5s upd 17.0s
[brain] it 626 [league 52%] R/ep 5.63 ent 2.31 kl 0.005 | hit/swing 54% dj/min 32.9 blk/min 0.3 abiHit 17 supHit 83 | expert 7/8 self 13/16 sovereign 1/8 idle 4/4 hard 1/1 easy 3/3 | roll 1.3s upd 17.1s
[brain] it 627 [league 51%] R/ep 6.63 ent 2.28 kl 0.007 | hit/swing 54% dj/min 35.4 blk/min 0.3 abiHit 21 supHit 98 | expert 12/13 self 8/12 sovereign 6/12 idle 2/2 medium 1/1 easy 1/1 | roll 1.4s upd 16.7s
[brain] it 628 [league 51%] R/ep 6.38 ent 2.25 kl 0.005 | hit/swing 58% dj/min 32.9 blk/min 0.2 abiHit 12 supHit 100 | self 12/17 expert 7/8 hard 1/1 sovereign 5/9 medium 3/3 idle 1/1 easy 2/2 | roll 1.4s upd 16.8s
[brain] it 629 [league 51%] R/ep 7.39 ent 2.27 kl 0.006 | hit/swing 60% dj/min 33.6 blk/min 0.4 abiHit 19 supHit 88 | hard 3/3 expert 10/11 sovereign 1/3 self 15/20 medium 2/2 idle 2/2 | roll 1.4s upd 16.9s
[brain] it 630 [league 50%] R/ep 5.35 ent 2.35 kl 0.005 | hit/swing 51% dj/min 37.4 blk/min 0.2 abiHit 13 supHit 87 | self 14/20 sovereign 2/6 expert 8/10 medium 1/1 easy 2/2 | roll 1.5s upd 16.6s
[brain] it 631 [league 53%] R/ep 9.03 ent 2.25 kl 0.006 | hit/swing 60% dj/min 36.5 blk/min 0.1 abiHit 10 supHit 113 | self 19/23 expert 9/9 idle 1/1 hard 2/2 medium 1/1 sovereign 4/5 easy 1/1 | roll 1.4s upd 16.3s
[brain] it 632 [league 49%] R/ep 3.84 ent 2.35 kl 0.007 | hit/swing 58% dj/min 33.8 blk/min 0.2 abiHit 9 supHit 89 | medium 4/4 sovereign 4/14 expert 9/11 self 4/12 easy 1/1 hard 2/2 idle 1/1 | roll 1.5s upd 16.4s
[brain] it 633 [league 51%] R/ep 6.26 ent 2.42 kl 0.005 | hit/swing 43% dj/min 36.7 blk/min 0.5 abiHit 20 supHit 73 | self 9/16 expert 10/10 sovereign 4/6 easy 2/2 hard 2/2 medium 2/2 | roll 1.5s upd 16.8s
[brain] it 634 [league 51%] R/ep 6.22 ent 2.28 kl 0.007 | hit/swing 51% dj/min 33.9 blk/min 0.2 abiHit 31 supHit 95 | expert 4/5 sovereign 6/8 easy 3/3 self 13/20 idle 1/1 hard 2/2 | roll 1.5s upd 16.8s
[brain] it 635 [league 49%] R/ep 6.53 ent 2.33 kl 0.006 | hit/swing 54% dj/min 34.1 blk/min 0.2 abiHit 16 supHit 91 | sovereign 5/9 expert 13/14 easy 2/2 self 8/14 medium 4/4 idle 1/1 | roll 1.3s upd 17.4s
[brain] it 636 [league 50%] R/ep 6.47 ent 2.35 kl 0.006 | hit/swing 52% dj/min 33.3 blk/min 0.3 abiHit 15 supHit 85 | expert 13/16 sovereign 5/7 medium 1/1 self 8/12 hard 2/2 idle 1/1 | roll 1.4s upd 16.7s
[brain] it 637 [league 51%] R/ep 7.75 ent 2.27 kl 0.006 | hit/swing 58% dj/min 32.8 blk/min 0.1 abiHit 20 supHit 97 | self 6/12 expert 15/17 hard 1/1 medium 2/2 idle 1/1 sovereign 4/6 easy 4/4 | roll 1.3s upd 15.8s
[brain] it 638 [league 50%] R/ep 5.71 ent 2.33 kl 0.006 | hit/swing 53% dj/min 34.9 blk/min 0.2 abiHit 34 supHit 88 | self 13/21 expert 4/4 hard 1/1 sovereign 3/8 idle 3/3 medium 3/3 | roll 1.6s upd 16.6s
[brain] it 639 [league 53%] R/ep 4.62 ent 2.36 kl 0.005 | hit/swing 52% dj/min 35.5 blk/min 0.0 abiHit 20 supHit 76 | self 10/17 hard 4/4 expert 7/8 sovereign 4/8 | roll 1.4s upd 16.1s
[brain] it 640 [league 53%] R/ep 4.94 ent 2.32 kl 0.005 | hit/swing 53% dj/min 34.3 blk/min 0.1 abiHit 19 supHit 80 | expert 9/9 self 9/19 idle 3/3 easy 2/2 sovereign 2/5 medium 1/1 hard 1/1 | roll 1.5s upd 18.0s
[brain] it 641 [league 49%] R/ep 5.24 ent 2.32 kl 0.006 | hit/swing 52% dj/min 34.1 blk/min 0.2 abiHit 28 supHit 83 | self 15/20 idle 3/3 expert 5/5 medium 4/4 sovereign 3/10 | roll 1.5s upd 17.3s
[brain] it 642 [league 51%] R/ep 6.15 ent 2.36 kl 0.005 | hit/swing 48% dj/min 35.5 blk/min 0.2 abiHit 18 supHit 89 | self 8/15 sovereign 7/11 medium 5/5 expert 6/7 idle 3/3 | roll 1.4s upd 17.8s
[brain] it 643 [league 50%] R/ep 6.70 ent 2.34 kl 0.004 | hit/swing 49% dj/min 33.0 blk/min 0.2 abiHit 26 supHit 77 | sovereign 1/5 idle 5/5 self 9/15 easy 2/2 hard 1/1 expert 8/8 medium 1/1 | roll 1.4s upd 16.8s
[brain] it 644 [league 50%] R/ep 5.40 ent 2.28 kl 0.005 | hit/swing 58% dj/min 33.7 blk/min 0.2 abiHit 21 supHit 104 | sovereign 6/13 self 8/15 idle 2/2 expert 8/8 easy 2/2 medium 3/3 | roll 1.4s upd 15.8s
[brain] it 645 [league 52%] R/ep 9.65 ent 2.29 kl 0.005 | hit/swing 63% dj/min 31.4 blk/min 0.1 abiHit 15 supHit 103 | self 10/14 easy 4/4 sovereign 5/7 medium 4/4 hard 6/6 expert 6/6 idle 4/4 | roll 1.5s upd 17.0s
[brain] it 646 [league 52%] R/ep 7.59 ent 2.31 kl 0.006 | hit/swing 59% dj/min 34.8 blk/min 0.2 abiHit 24 supHit 104 | self 14/20 sovereign 5/7 idle 3/3 expert 8/8 medium 4/4 easy 2/2 | roll 1.4s upd 17.5s
[brain] it 647 [league 52%] R/ep 5.53 ent 2.32 kl 0.005 | hit/swing 60% dj/min 32.7 blk/min 0.1 abiHit 17 supHit 93 | self 7/13 medium 4/4 expert 11/13 sovereign 7/11 easy 1/1 idle 1/1 hard 1/1 | roll 1.3s upd 17.6s
[brain] it 648 [league 49%] R/ep 6.08 ent 2.29 kl 0.005 | hit/swing 57% dj/min 34.8 blk/min 0.2 abiHit 21 supHit 89 | self 15/20 sovereign 2/9 expert 10/11 idle 3/3 hard 1/1 easy 1/1 | roll 1.5s upd 14.9s
[brain] it 649 [league 50%] R/ep 4.23 ent 2.34 kl 0.007 | hit/swing 50% dj/min 36.3 blk/min 0.1 abiHit 13 supHit 91 | sovereign 6/9 easy 3/3 self 11/20 expert 8/8 | roll 1.4s upd 16.6s
[brain] it 650 [league 52%] R/ep 4.13 ent 2.31 kl 0.006 | hit/swing 51% dj/min 35.5 blk/min 0.1 abiHit 17 supHit 103 | easy 3/3 self 10/15 expert 8/11 sovereign 7/12 hard 1/1 | roll 1.7s upd 15.0s
[brain] it 651 [league 52%] R/ep 8.98 ent 2.30 kl 0.006 | hit/swing 64% dj/min 34.3 blk/min 0.4 abiHit 14 supHit 97 | self 10/17 expert 19/20 sovereign 2/3 hard 2/2 medium 3/3 easy 3/3 idle 2/2 | roll 1.2s upd 15.6s
[brain] it 652 [league 55%] R/ep 7.58 ent 2.35 kl 0.005 | hit/swing 55% dj/min 36.1 blk/min 0.1 abiHit 20 supHit 94 | self 9/14 expert 10/11 sovereign 6/8 idle 3/3 medium 4/4 hard 1/1 | roll 1.3s upd 14.4s
[brain] it 653 [league 57%] R/ep 3.70 ent 2.31 kl 0.005 | hit/swing 50% dj/min 34.6 blk/min 0.3 abiHit 7 supHit 85 | expert 7/7 sovereign 3/6 self 10/20 medium 2/2 idle 1/1 | roll 1.3s upd 15.8s
[brain] it 654 [league 58%] R/ep 4.96 ent 2.35 kl 0.004 | hit/swing 48% dj/min 35.4 blk/min 0.4 abiHit 13 supHit 82 | expert 9/12 self 11/16 sovereign 6/8 medium 3/3 easy 1/1 | roll 1.3s upd 14.2s
[brain] it 655 [league 60%] R/ep 6.18 ent 2.34 kl 0.006 | hit/swing 61% dj/min 36.0 blk/min 0.4 abiHit 19 supHit 88 | self 10/17 sovereign 6/11 medium 2/2 expert 9/9 hard 2/2 idle 2/2 easy 1/1 | roll 1.3s upd 15.8s
[brain] it 656 [league 61%] R/ep 5.65 ent 2.36 kl 0.006 | hit/swing 46% dj/min 38.8 blk/min 0.1 abiHit 19 supHit 94 | self 11/17 sovereign 8/12 expert 8/8 idle 1/1 medium 1/1 easy 1/1 | roll 1.4s upd 17.9s
[brain] it 657 [league 61%] R/ep 8.78 ent 2.30 kl 0.005 | hit/swing 55% dj/min 35.5 blk/min 0.2 abiHit 15 supHit 90 | hard 3/3 sovereign 4/6 self 10/15 medium 2/2 easy 4/4 expert 11/11 | roll 1.4s upd 18.0s
[brain] it 658 [league 59%] R/ep 5.67 ent 2.32 kl 0.006 | hit/swing 55% dj/min 36.7 blk/min 0.1 abiHit 23 supHit 106 | sovereign 6/11 self 12/17 expert 4/6 hard 3/3 easy 2/2 idle 2/2 medium 3/3 | roll 1.5s upd 15.5s
[brain] it 659 [league 58%] R/ep 7.26 ent 2.35 kl 0.007 | hit/swing 50% dj/min 37.6 blk/min 0.2 abiHit 18 supHit 101 | self 11/18 expert 12/12 medium 4/4 sovereign 3/7 hard 1/1 idle 1/1 | roll 1.4s upd 18.1s
[brain] it 660 [league 62%] R/ep 6.40 ent 2.30 kl 0.006 | hit/swing 58% dj/min 36.6 blk/min 0.1 abiHit 21 supHit 101 | expert 10/11 sovereign 6/9 self 10/17 easy 2/2 idle 1/1 hard 3/3 medium 1/1 | roll 1.5s upd 23.1s
[brain] it 661 [league 60%] R/ep 7.35 ent 2.34 kl 0.007 | hit/swing 55% dj/min 37.2 blk/min 0.1 abiHit 13 supHit 90 | self 14/18 easy 2/2 expert 8/9 sovereign 2/5 medium 4/4 hard 2/2 | roll 1.5s upd 13.3s
[brain] it 662 [league 58%] R/ep 5.44 ent 2.35 kl 0.007 | hit/swing 59% dj/min 33.4 blk/min 0.2 abiHit 23 supHit 96 | self 7/14 expert 6/8 sovereign 5/11 idle 5/5 hard 3/3 medium 3/3 easy 3/3 | roll 1.2s upd 14.8s
[brain] it 663 [league 58%] R/ep 7.74 ent 2.44 kl 0.006 | hit/swing 57% dj/min 38.3 blk/min 0.1 abiHit 18 supHit 87 | easy 4/4 self 9/13 sovereign 5/9 expert 10/10 idle 2/2 medium 1/1 | roll 1.3s upd 21.4s
[brain] it 664 [league 58%] R/ep 5.89 ent 2.38 kl 0.007 | hit/swing 59% dj/min 35.5 blk/min 0.2 abiHit 20 supHit 94 | hard 2/2 sovereign 7/12 idle 4/4 medium 2/2 self 5/11 expert 7/11 easy 5/5 | roll 3.3s upd 16.0s
[brain] it 665 [league 54%] R/ep 5.51 ent 2.37 kl 0.006 | hit/swing 54% dj/min 39.9 blk/min 0.1 abiHit 20 supHit 102 | expert 8/8 self 16/22 sovereign 5/11 easy 1/1 idle 1/1 | roll 1.5s upd 32.8s
[brain] it 666 [league 54%] R/ep 5.90 ent 2.40 kl 0.005 | hit/swing 52% dj/min 35.9 blk/min 0.2 abiHit 20 supHit 77 | medium 2/2 expert 12/18 hard 3/3 self 11/15 sovereign 0/1 | roll 1.5s upd 27.4s
[brain] it 667 [league 53%] R/ep 6.13 ent 2.37 kl 0.006 | hit/swing 51% dj/min 38.3 blk/min 0.3 abiHit 13 supHit 80 | medium 2/2 easy 3/3 self 13/18 expert 7/8 sovereign 4/8 | roll 1.7s upd 29.3s
[brain] it 668 [league 51%] R/ep 7.67 ent 2.30 kl 0.006 | hit/swing 63% dj/min 34.6 blk/min 0.4 abiHit 11 supHit 109 | self 12/14 expert 16/19 easy 2/2 sovereign 2/6 hard 1/1 medium 1/1 idle 3/3 | roll 2.0s upd 21.8s
[brain] it 669 [league 50%] R/ep 6.64 ent 2.41 kl 0.007 | hit/swing 50% dj/min 40.0 blk/min 0.1 abiHit 27 supHit 92 | self 13/20 medium 2/2 sovereign 3/8 idle 3/3 expert 9/9 easy 2/2 | roll 1.8s upd 21.2s
[brain] it 670 [league 50%] R/ep 8.04 ent 2.32 kl 0.006 | hit/swing 58% dj/min 36.4 blk/min 0.4 abiHit 14 supHit 97 | expert 10/11 sovereign 8/11 self 11/14 easy 3/3 medium 1/1 hard 2/2 idle 1/1 | roll 1.6s upd 23.5s
[brain] it 671 [league 54%] R/ep 7.00 ent 2.29 kl 0.005 | hit/swing 59% dj/min 34.6 blk/min 0.0 abiHit 19 supHit 109 | self 7/15 medium 3/3 idle 3/3 hard 1/1 expert 9/10 sovereign 8/11 easy 2/2 | roll 1.6s upd 22.0s
[brain] it 672 [league 53%] R/ep 4.23 ent 2.31 kl 0.007 | hit/swing 56% dj/min 37.5 blk/min 0.2 abiHit 21 supHit 87 | expert 12/14 self 8/19 sovereign 3/6 easy 1/1 hard 2/2 | roll 1.6s upd 22.1s
[brain] it 673 [league 55%] R/ep 4.28 ent 2.38 kl 0.005 | hit/swing 44% dj/min 37.3 blk/min 0.1 abiHit 21 supHit 88 | expert 8/10 idle 1/1 hard 2/2 self 10/19 sovereign 5/8 easy 1/1 | roll 1.8s upd 24.2s
[brain] it 674 [league 55%] R/ep 4.96 ent 2.31 kl 0.006 | hit/swing 55% dj/min 36.3 blk/min 0.1 abiHit 14 supHit 99 | sovereign 6/10 hard 2/2 expert 11/13 self 10/17 easy 1/1 | roll 1.7s upd 31.5s
[brain] it 675 [league 57%] R/ep 4.74 ent 2.37 kl 0.006 | hit/swing 48% dj/min 37.2 blk/min 0.1 abiHit 30 supHit 95 | self 7/16 sovereign 8/12 easy 2/2 idle 3/3 expert 4/6 hard 2/2 medium 1/1 | roll 1.8s upd 14.4s
[brain] it 676 [league 57%] R/ep 10.14 ent 2.32 kl 0.006 | hit/swing 51% dj/min 37.7 blk/min 0.1 abiHit 14 supHit 108 | self 12/16 sovereign 5/7 idle 2/2 medium 4/4 easy 1/1 expert 9/9 hard 3/3 | roll 1.4s upd 22.6s
[brain] it 677 [league 59%] R/ep 6.57 ent 2.35 kl 0.005 | hit/swing 51% dj/min 37.9 blk/min 0.1 abiHit 18 supHit 93 | sovereign 4/8 self 9/17 expert 7/8 easy 3/3 hard 2/2 medium 2/2 idle 2/2 | roll 1.9s upd 27.7s
[brain] it 678 [league 55%] R/ep 5.43 ent 2.34 kl 0.006 | hit/swing 55% dj/min 35.4 blk/min 0.1 abiHit 10 supHit 90 | medium 3/3 sovereign 3/11 hard 4/4 easy 1/1 self 6/14 idle 2/2 expert 10/11 | roll 1.8s upd 22.1s
[brain] it 679 [league 59%] R/ep 5.69 ent 2.31 kl 0.007 | hit/swing 59% dj/min 34.9 blk/min 0.2 abiHit 13 supHit 95 | expert 6/8 easy 2/2 self 14/22 sovereign 5/6 hard 1/1 idle 3/3 medium 1/1 | roll 1.9s upd 27.1s
[brain] it 680 [league 60%] R/ep 6.83 ent 2.30 kl 0.007 | hit/swing 60% dj/min 36.0 blk/min 0.2 abiHit 17 supHit 83 | self 15/24 sovereign 3/4 idle 1/1 expert 10/10 easy 2/2 hard 1/1 | roll 1.7s upd 21.3s
[brain] it 681 [league 62%] R/ep 6.79 ent 2.33 kl 0.006 | hit/swing 55% dj/min 36.7 blk/min 0.1 abiHit 23 supHit 81 | self 7/17 hard 3/3 medium 1/1 expert 10/10 sovereign 4/6 idle 2/2 easy 2/2 | roll 1.6s upd 21.0s
[brain] it 682 [league 61%] R/ep 5.61 ent 2.30 kl 0.007 | hit/swing 54% dj/min 35.8 blk/min 0.1 abiHit 11 supHit 111 | easy 1/1 self 11/17 idle 2/2 expert 11/13 medium 2/2 sovereign 6/9 hard 1/1 | roll 2.4s upd 23.8s
[brain] it 683 [league 60%] R/ep 4.98 ent 2.31 kl 0.005 | hit/swing 57% dj/min 35.9 blk/min 0.2 abiHit 16 supHit 102 | self 15/22 sovereign 4/9 expert 7/7 idle 1/1 medium 4/4 easy 1/1 hard 1/1 | roll 1.9s upd 24.5s
[brain] it 684 [league 58%] R/ep 6.01 ent 2.37 kl 0.007 | hit/swing 53% dj/min 37.1 blk/min 0.2 abiHit 12 supHit 97 | self 9/17 expert 12/15 hard 4/4 sovereign 2/4 medium 2/2 | roll 1.6s upd 23.4s
[brain] it 685 [league 60%] R/ep 7.64 ent 2.29 kl 0.006 | hit/swing 59% dj/min 36.3 blk/min 0.4 abiHit 8 supHit 111 | medium 5/5 expert 9/11 self 11/16 sovereign 7/10 hard 1/1 easy 3/3 idle 1/1 | roll 1.6s upd 21.2s
[brain] it 686 [league 61%] R/ep 6.67 ent 2.34 kl 0.004 | hit/swing 54% dj/min 36.6 blk/min 0.1 abiHit 16 supHit 88 | self 12/18 sovereign 4/6 expert 7/9 medium 1/1 idle 4/4 easy 2/2 | roll 1.6s upd 21.9s
[brain] it 687 [league 59%] R/ep 5.63 ent 2.34 kl 0.006 | hit/swing 53% dj/min 37.5 blk/min 0.3 abiHit 21 supHit 101 | easy 1/1 expert 8/11 medium 2/2 self 14/19 hard 3/3 sovereign 4/8 | roll 1.7s upd 20.5s
[brain] it 688 [league 56%] R/ep 5.47 ent 2.36 kl 0.005 | hit/swing 56% dj/min 37.4 blk/min 0.1 abiHit 24 supHit 102 | sovereign 4/11 self 13/17 expert 8/9 idle 2/2 hard 1/1 easy 2/2 | roll 1.7s upd 22.6s
[brain] it 689 [league 53%] R/ep 5.41 ent 2.37 kl 0.005 | hit/swing 51% dj/min 39.0 blk/min 0.2 abiHit 19 supHit 96 | expert 6/7 hard 2/2 easy 3/3 medium 1/1 self 14/19 sovereign 5/10 | roll 1.6s upd 20.1s
[brain] it 690 [league 54%] R/ep 8.20 ent 2.33 kl 0.005 | hit/swing 52% dj/min 37.1 blk/min 0.1 abiHit 27 supHit 85 | expert 9/9 hard 3/3 self 14/18 easy 2/2 idle 2/2 sovereign 3/4 medium 1/1 | roll 1.7s upd 20.5s
[brain] it 691 [league 56%] R/ep 9.59 ent 2.31 kl 0.005 | hit/swing 61% dj/min 33.3 blk/min 0.0 abiHit 7 supHit 96 | expert 14/16 sovereign 4/7 self 8/9 medium 2/2 easy 3/3 idle 2/2 hard 1/1 | roll 1.4s upd 18.6s
[brain] it 692 [league 58%] R/ep 5.88 ent 2.30 kl 0.007 | hit/swing 56% dj/min 34.8 blk/min 0.2 abiHit 10 supHit 112 | self 13/18 expert 7/8 hard 2/2 sovereign 9/13 medium 1/1 idle 1/1 easy 1/1 | roll 1.5s upd 16.3s
[brain] it 693 [league 62%] R/ep 6.59 ent 2.35 kl 0.006 | hit/swing 56% dj/min 36.1 blk/min 0.0 abiHit 17 supHit 108 | self 10/17 sovereign 13/14 idle 1/1 expert 4/5 medium 2/2 easy 4/4 hard 1/1 | roll 1.4s upd 16.0s
[brain] it 694 [league 64%] R/ep 9.55 ent 2.29 kl 0.006 | hit/swing 60% dj/min 36.8 blk/min 0.2 abiHit 11 supHit 112 | self 14/20 expert 16/17 sovereign 5/5 easy 5/5 medium 2/2 hard 1/1 | roll 1.5s upd 15.9s
[brain] it 695 [league 66%] R/ep 5.74 ent 2.29 kl 0.005 | hit/swing 55% dj/min 35.1 blk/min 0.1 abiHit 12 supHit 102 | expert 11/11 self 12/20 sovereign 6/9 hard 1/1 idle 1/1 | roll 1.4s upd 16.3s
[brain] it 696 [league 65%] R/ep 6.69 ent 2.27 kl 0.006 | hit/swing 56% dj/min 35.6 blk/min 0.3 abiHit 14 supHit 102 | self 20/27 expert 9/9 sovereign 1/3 idle 2/2 hard 1/1 medium 1/1 | roll 1.5s upd 18.7s
[brain] it 697 [league 60%] R/ep 4.85 ent 2.35 kl 0.006 | hit/swing 57% dj/min 36.3 blk/min 0.2 abiHit 13 supHit 95 | self 10/17 expert 9/9 sovereign 3/11 hard 1/1 idle 2/2 medium 2/2 | roll 1.6s upd 16.2s
[brain] it 698 [league 61%] R/ep 5.76 ent 2.31 kl 0.006 | hit/swing 55% dj/min 34.7 blk/min 0.2 abiHit 16 supHit 94 | self 8/13 medium 3/3 expert 9/12 sovereign 8/11 easy 3/3 hard 3/3 | roll 1.5s upd 16.0s
[brain] it 699 [league 65%] R/ep 5.31 ent 2.34 kl 0.007 | hit/swing 48% dj/min 36.1 blk/min 0.4 abiHit 15 supHit 99 | easy 4/4 sovereign 7/9 self 13/21 expert 4/4 hard 3/3 | roll 1.6s upd 16.5s
[brain] it 700 [league 68%] R/ep 5.27 ent 2.29 kl 0.005 | hit/swing 52% dj/min 33.2 blk/min 0.1 abiHit 21 supHit 88 | self 16/19 sovereign 5/7 expert 4/6 medium 3/3 idle 2/2 easy 1/1 | roll 1.5s upd 14.8s
[brain] it 701 [league 68%] R/ep 8.23 ent 2.27 kl 0.005 | hit/swing 64% dj/min 32.9 blk/min 0.1 abiHit 21 supHit 112 | self 8/16 expert 12/12 easy 4/4 sovereign 5/9 idle 2/2 medium 1/1 hard 2/2 | roll 1.4s upd 16.5s
[brain] it 702 [league 68%] R/ep 7.38 ent 2.31 kl 0.006 | hit/swing 53% dj/min 33.3 blk/min 0.1 abiHit 25 supHit 88 | self 9/15 expert 8/8 sovereign 5/7 idle 4/4 hard 1/1 easy 1/1 medium 2/2 | roll 1.8s upd 22.5s
[brain] it 703 [league 66%] R/ep 4.13 ent 2.35 kl 0.006 | hit/swing 54% dj/min 35.4 blk/min 0.2 abiHit 10 supHit 86 | expert 9/12 self 12/19 sovereign 2/5 hard 2/2 idle 1/1 easy 1/1 medium 1/1 | roll 1.6s upd 21.5s
[brain] it 704 [league 64%] R/ep 6.11 ent 2.32 kl 0.005 | hit/swing 56% dj/min 35.6 blk/min 0.2 abiHit 14 supHit 100 | self 13/20 idle 2/2 expert 4/5 sovereign 3/9 hard 4/4 easy 2/2 medium 4/4 | roll 1.8s upd 20.4s
[brain] it 705 [league 59%] R/ep 7.00 ent 2.24 kl 0.005 | hit/swing 57% dj/min 34.0 blk/min 0.1 abiHit 15 supHit 113 | self 11/16 expert 12/12 sovereign 6/11 medium 1/1 idle 1/1 easy 1/1 hard 2/2 | roll 1.5s upd 21.2s
[brain] it 706 [league 59%] R/ep 7.83 ent 2.25 kl 0.007 | hit/swing 62% dj/min 32.0 blk/min 0.0 abiHit 18 supHit 105 | idle 5/5 self 12/20 hard 3/3 sovereign 6/7 expert 11/11 easy 2/2 | roll 1.6s upd 20.2s
[brain] it 707 [league 57%] R/ep 5.71 ent 2.28 kl 0.006 | hit/swing 62% dj/min 30.6 blk/min 0.2 abiHit 13 supHit 104 | self 9/15 expert 9/10 idle 6/6 sovereign 7/13 hard 3/3 medium 1/1 | roll 1.5s upd 20.0s
[brain] it 708 [league 60%] R/ep 8.33 ent 2.36 kl 0.006 | hit/swing 59% dj/min 37.0 blk/min 0.1 abiHit 21 supHit 92 | self 8/13 medium 3/3 expert 9/11 easy 6/6 sovereign 4/6 hard 3/3 idle 2/2 | roll 1.5s upd 18.4s
[brain] it 709 [league 61%] R/ep 6.71 ent 2.31 kl 0.005 | hit/swing 53% dj/min 35.1 blk/min 0.2 abiHit 18 supHit 92 | self 15/19 expert 12/12 idle 3/3 sovereign 2/5 hard 1/1 easy 1/1 | roll 1.5s upd 19.4s
[brain] it 710 [league 62%] R/ep 6.87 ent 2.35 kl 0.006 | hit/swing 53% dj/min 37.5 blk/min 0.1 abiHit 16 supHit 89 | self 13/18 expert 6/7 sovereign 8/9 hard 1/1 medium 1/1 idle 2/2 easy 2/2 | roll 1.7s upd 20.4s
[brain] it 711 [league 59%] R/ep 6.01 ent 2.29 kl 0.005 | hit/swing 54% dj/min 37.2 blk/min 0.3 abiHit 21 supHit 102 | self 14/20 hard 3/3 expert 11/11 sovereign 3/8 easy 1/1 | roll 1.7s upd 22.6s
[brain] it 712 [league 59%] R/ep 9.34 ent 2.36 kl 0.007 | hit/swing 53% dj/min 38.3 blk/min 0.2 abiHit 16 supHit 96 | self 12/15 expert 11/11 idle 1/1 sovereign 6/8 easy 3/3 hard 1/1 medium 1/1 | roll 1.6s upd 21.2s
[brain] it 713 [league 59%] R/ep 6.03 ent 2.27 kl 0.006 | hit/swing 55% dj/min 35.9 blk/min 0.2 abiHit 16 supHit 89 | sovereign 6/9 self 10/17 expert 8/8 medium 2/2 idle 2/2 hard 2/2 easy 1/1 | roll 1.6s upd 23.0s
[brain] it 714 [league 57%] R/ep 4.88 ent 2.35 kl 0.005 | hit/swing 56% dj/min 34.8 blk/min 0.3 abiHit 10 supHit 84 | expert 11/11 sovereign 2/8 medium 2/2 self 7/17 easy 3/3 idle 2/2 hard 1/1 | roll 1.8s upd 21.7s
[brain] it 715 [league 58%] R/ep 7.08 ent 2.28 kl 0.006 | hit/swing 54% dj/min 35.2 blk/min 0.2 abiHit 27 supHit 95 | expert 13/13 self 11/16 sovereign 6/10 easy 1/1 hard 1/1 medium 1/1 | roll 1.7s upd 22.2s
[brain] it 716 [league 60%] R/ep 4.16 ent 2.34 kl 0.005 | hit/swing 51% dj/min 35.7 blk/min 0.2 abiHit 20 supHit 74 | self 8/17 expert 7/9 sovereign 4/6 idle 1/1 medium 2/2 easy 1/1 | roll 1.5s upd 20.4s
[brain] it 717 [league 59%] R/ep 5.88 ent 2.29 kl 0.005 | hit/swing 54% dj/min 36.0 blk/min 0.1 abiHit 24 supHit 103 | expert 8/8 self 11/16 sovereign 9/16 idle 2/2 easy 1/1 | roll 1.8s upd 21.3s
[brain] it 718 [league 56%] R/ep 6.39 ent 2.40 kl 0.007 | hit/swing 47% dj/min 37.3 blk/min 0.2 abiHit 24 supHit 70 | idle 2/2 sovereign 3/7 expert 8/9 self 9/16 easy 2/2 hard 2/2 | roll 1.8s upd 22.2s
[brain] it 719 [league 57%] R/ep 5.80 ent 2.31 kl 0.006 | hit/swing 59% dj/min 35.1 blk/min 0.1 abiHit 17 supHit 92 | sovereign 5/10 expert 11/13 easy 2/2 self 8/14 medium 2/2 idle 2/2 hard 1/1 | roll 1.6s upd 22.3s
[brain] it 720 [league 56%] R/ep 4.79 ent 2.25 kl 0.007 | hit/swing 54% dj/min 34.1 blk/min 0.2 abiHit 19 supHit 94 | sovereign 4/9 idle 2/2 easy 1/1 self 12/21 expert 7/7 medium 1/1 hard 1/1 | roll 1.7s upd 21.6s
[brain] it 721 [league 52%] R/ep 6.06 ent 2.25 kl 0.007 | hit/swing 61% dj/min 33.5 blk/min 0.0 abiHit 10 supHit 98 | sovereign 4/10 self 10/16 medium 1/1 expert 13/14 easy 2/2 idle 1/1 | roll 1.7s upd 33.5s
[brain] it 722 [league 54%] R/ep 5.72 ent 2.30 kl 0.006 | hit/swing 55% dj/min 36.1 blk/min 0.2 abiHit 14 supHit 93 | self 10/16 expert 2/3 idle 2/2 hard 5/5 easy 2/2 sovereign 7/10 medium 2/2 | roll 2.0s upd 22.3s
[brain] it 723 [league 54%] R/ep 9.03 ent 2.28 kl 0.007 | hit/swing 58% dj/min 36.0 blk/min 0.1 abiHit 12 supHit 93 | expert 11/12 self 16/19 sovereign 6/8 idle 3/3 hard 1/1 | roll 1.6s upd 20.5s
[brain] it 724 [league 54%] R/ep 4.77 ent 2.30 kl 0.006 | hit/swing 51% dj/min 36.2 blk/min 0.2 abiHit 18 supHit 95 | expert 7/9 idle 1/1 self 11/19 sovereign 4/8 medium 2/2 easy 2/2 hard 1/1 | roll 1.7s upd 42.0s
[brain] it 725 [league 55%] R/ep 3.92 ent 2.30 kl 0.005 | hit/swing 44% dj/min 34.7 blk/min 0.4 abiHit 27 supHit 79 | sovereign 4/7 expert 6/7 self 8/17 medium 1/1 easy 1/1 idle 2/2 hard 2/2 | roll 2.1s upd 26.0s
[brain] it 726 [league 54%] R/ep 6.10 ent 2.39 kl 0.007 | hit/swing 47% dj/min 36.8 blk/min 0.2 abiHit 15 supHit 69 | medium 2/2 hard 5/5 self 6/13 expert 5/8 sovereign 1/3 easy 1/1 idle 2/2 | roll 1.6s upd 37.9s
[brain] it 727 [league 54%] R/ep 7.36 ent 2.22 kl 0.006 | hit/swing 63% dj/min 34.0 blk/min 0.2 abiHit 7 supHit 103 | expert 13/14 self 9/15 sovereign 4/7 easy 3/3 idle 2/2 medium 1/1 hard 1/1 | roll 2.9s upd 18.3s
[brain] it 728 [league 55%] R/ep 5.13 ent 2.33 kl 0.006 | hit/swing 55% dj/min 35.7 blk/min 0.0 abiHit 21 supHit 77 | expert 8/10 self 9/15 idle 2/2 medium 1/1 sovereign 5/8 hard 1/1 | roll 1.6s upd 13.8s
[brain] it 729 [league 56%] R/ep 6.92 ent 2.25 kl 0.005 | hit/swing 58% dj/min 35.2 blk/min 0.2 abiHit 8 supHit 100 | idle 3/3 sovereign 9/14 self 10/16 expert 5/5 hard 4/4 medium 4/4 easy 1/1 | roll 1.4s upd 14.7s
[brain] it 730 [league 56%] R/ep 6.09 ent 2.25 kl 0.007 | hit/swing 56% dj/min 35.8 blk/min 0.1 abiHit 13 supHit 88 | self 11/17 sovereign 4/9 easy 3/3 idle 1/1 expert 7/8 hard 4/4 medium 1/1 | roll 1.4s upd 14.6s
[brain] it 731 [league 57%] R/ep 5.28 ent 2.19 kl 0.005 | hit/swing 54% dj/min 33.8 blk/min 0.1 abiHit 19 supHit 99 | self 8/18 expert 9/10 medium 2/2 sovereign 6/10 idle 3/3 easy 1/1 | roll 1.5s upd 14.5s
[brain] it 732 [league 57%] R/ep 5.42 ent 2.21 kl 0.004 | hit/swing 53% dj/min 35.7 blk/min 0.1 abiHit 14 supHit 97 | self 11/23 expert 6/6 medium 5/5 idle 1/1 sovereign 3/6 hard 1/1 easy 1/1 | roll 1.4s upd 15.0s
[brain] it 733 [league 60%] R/ep 7.72 ent 2.25 kl 0.006 | hit/swing 53% dj/min 35.8 blk/min 0.2 abiHit 16 supHit 92 | self 13/18 expert 6/6 idle 3/3 hard 4/4 sovereign 7/10 easy 2/2 | roll 1.5s upd 14.7s
[brain] it 734 [league 60%] R/ep 6.45 ent 2.20 kl 0.006 | hit/swing 56% dj/min 34.1 blk/min 0.2 abiHit 17 supHit 92 | expert 12/13 sovereign 2/4 hard 3/3 self 13/21 medium 2/2 idle 1/1 | roll 1.4s upd 15.9s
[brain] it 735 [league 59%] R/ep 5.46 ent 2.31 kl 0.006 | hit/swing 52% dj/min 36.0 blk/min 0.2 abiHit 24 supHit 89 | idle 1/1 sovereign 10/14 self 9/12 expert 9/10 hard 2/2 | roll 1.4s upd 33.9s
[brain] it 736 [league 60%] R/ep 7.83 ent 2.28 kl 0.007 | hit/swing 56% dj/min 37.0 blk/min 0.1 abiHit 30 supHit 100 | expert 10/11 sovereign 6/9 self 10/13 easy 4/4 hard 3/3 | roll 1.6s upd 22.5s
[brain] it 737 [league 63%] R/ep 5.33 ent 2.25 kl 0.006 | hit/swing 55% dj/min 34.9 blk/min 0.1 abiHit 18 supHit 104 | self 12/18 sovereign 8/12 hard 2/2 expert 10/10 medium 1/1 easy 1/1 idle 1/1 | roll 1.7s upd 35.3s
[brain] it 738 [league 63%] R/ep 7.07 ent 2.21 kl 0.005 | hit/swing 61% dj/min 35.0 blk/min 0.3 abiHit 9 supHit 100 | sovereign 8/13 self 7/13 expert 11/11 easy 5/5 medium 1/1 hard 2/2 idle 1/1 | roll 2.1s upd 32.2s
[brain] it 739 [league 63%] R/ep 8.25 ent 2.34 kl 0.007 | hit/swing 58% dj/min 36.5 blk/min 0.2 abiHit 26 supHit 82 | sovereign 4/6 expert 9/12 self 9/13 easy 4/4 idle 2/2 medium 3/3 | roll 1.6s upd 28.9s
[brain] it 740 [league 62%] R/ep 4.31 ent 2.27 kl 0.007 | hit/swing 52% dj/min 36.5 blk/min 0.2 abiHit 21 supHit 93 | self 10/17 hard 2/2 sovereign 6/11 expert 7/9 idle 1/1 medium 1/1 | roll 3.4s upd 53.8s
[brain] it 741 [league 62%] R/ep 8.64 ent 2.21 kl 0.006 | hit/swing 64% dj/min 32.9 blk/min 0.1 abiHit 17 supHit 97 | sovereign 3/6 self 6/15 expert 11/11 idle 4/4 easy 3/3 medium 6/6 hard 2/2 | roll 5.6s upd 120.1s
[brain] it 742 [league 65%] R/ep 5.80 ent 2.25 kl 0.007 | hit/swing 58% dj/min 35.8 blk/min 0.1 abiHit 13 supHit 99 | expert 9/10 medium 3/3 self 11/19 sovereign 7/8 idle 2/2 hard 1/1 | roll 1.9s upd 22.7s
[brain] it 743 [league 60%] R/ep 3.13 ent 2.27 kl 0.008 | hit/swing 54% dj/min 33.8 blk/min 0.3 abiHit 10 supHit 98 | sovereign 6/17 self 10/16 expert 7/7 medium 1/1 easy 3/3 hard 1/1 | roll 1.8s upd 25.9s
[brain] it 744 [league 60%] R/ep 7.80 ent 2.30 kl 0.006 | hit/swing 55% dj/min 36.8 blk/min 0.2 abiHit 18 supHit 93 | expert 12/14 self 10/15 sovereign 4/8 medium 4/4 hard 1/1 idle 1/1 easy 2/2 | roll 1.5s upd 28.4s
[brain] it 745 [league 59%] R/ep 6.02 ent 2.28 kl 0.006 | hit/swing 55% dj/min 36.2 blk/min 0.2 abiHit 13 supHit 95 | sovereign 3/4 expert 8/11 self 14/21 medium 4/4 easy 1/1 | roll 2.1s upd 31.8s
[brain] it 746 [league 56%] R/ep 6.09 ent 2.29 kl 0.005 | hit/swing 55% dj/min 32.8 blk/min 0.3 abiHit 19 supHit 94 | self 8/11 expert 13/14 sovereign 7/15 idle 1/1 medium 1/1 easy 2/2 | roll 1.5s upd 17.4s
[brain] it 747 [league 53%] R/ep 6.08 ent 2.34 kl 0.006 | hit/swing 54% dj/min 34.0 blk/min 0.1 abiHit 14 supHit 73 | expert 10/11 medium 1/1 sovereign 2/7 self 9/13 idle 4/4 hard 3/3 | roll 1.3s upd 12.5s
[brain] it 748 [league 53%] R/ep 6.78 ent 2.30 kl 0.006 | hit/swing 57% dj/min 33.9 blk/min 0.1 abiHit 19 supHit 93 | self 11/15 sovereign 6/9 easy 1/1 hard 1/1 expert 9/12 idle 4/4 | roll 1.2s upd 11.9s
[brain] it 749 [league 51%] R/ep 5.13 ent 2.35 kl 0.006 | hit/swing 60% dj/min 36.8 blk/min 0.0 abiHit 8 supHit 85 | self 5/9 expert 11/13 sovereign 4/11 hard 2/2 easy 3/3 medium 2/2 | roll 1.1s upd 11.8s
[brain] it 750 [league 50%] R/ep 6.36 ent 2.29 kl 0.007 | hit/swing 55% dj/min 37.1 blk/min 0.4 abiHit 23 supHit 101 | self 12/16 sovereign 5/10 medium 2/2 hard 2/2 expert 13/15 idle 1/1 | roll 1.3s upd 13.6s
[brain] it 751 [league 50%] R/ep 6.07 ent 2.35 kl 0.006 | hit/swing 53% dj/min 36.5 blk/min 0.4 abiHit 14 supHit 55 | sovereign 3/6 hard 3/3 expert 6/8 self 5/9 medium 2/2 | roll 5.6s upd 8.9s
[brain] it 752 [league 49%] R/ep 6.38 ent 2.22 kl 0.007 | hit/swing 58% dj/min 34.6 blk/min 0.1 abiHit 4 supHit 62 | idle 2/2 self 12/12 sovereign 2/5 hard 1/1 easy 1/1 expert 5/5 | roll 4.8s upd 8.9s
[brain] it 753 [league 46%] R/ep 8.88 ent 2.26 kl 0.005 | hit/swing 61% dj/min 34.3 blk/min 0.1 abiHit 7 supHit 59 | idle 3/3 self 5/8 expert 9/9 easy 1/1 sovereign 4/7 hard 1/1 | roll 5.1s upd 7.9s
[brain] it 754 [league 48%] R/ep 6.47 ent 2.27 kl 0.006 | hit/swing 58% dj/min 35.1 blk/min 0.1 abiHit 24 supHit 93 | medium 1/1 sovereign 5/9 self 10/13 expert 12/15 easy 2/2 idle 3/3 | roll 1.4s upd 13.4s
[brain] it 755 [league 48%] R/ep 6.11 ent 2.39 kl 0.006 | hit/swing 51% dj/min 37.8 blk/min 0.1 abiHit 30 supHit 86 | expert 12/15 idle 1/1 sovereign 5/11 self 10/10 medium 1/1 easy 1/1 | roll 1.4s upd 14.0s
[brain] it 756 [league 49%] R/ep 6.25 ent 2.34 kl 0.005 | hit/swing 55% dj/min 38.1 blk/min 0.3 abiHit 28 supHit 79 | expert 5/7 self 13/16 sovereign 4/7 medium 1/1 idle 3/3 easy 2/2 hard 2/2 | roll 1.4s upd 12.6s
[brain] it 757 [league 51%] R/ep 6.55 ent 2.29 kl 0.007 | hit/swing 53% dj/min 37.6 blk/min 0.5 abiHit 14 supHit 83 | self 13/18 sovereign 8/11 expert 7/9 easy 2/2 hard 1/1 idle 1/1 | roll 1.6s upd 13.8s
[brain] it 758 [league 55%] R/ep 8.20 ent 2.30 kl 0.005 | hit/swing 55% dj/min 38.2 blk/min 0.1 abiHit 29 supHit 82 | idle 3/3 easy 4/4 expert 7/7 self 9/14 hard 1/1 sovereign 8/9 | roll 1.4s upd 13.2s
[brain] it 759 [league 56%] R/ep 7.43 ent 2.23 kl 0.005 | hit/swing 55% dj/min 36.8 blk/min 0.1 abiHit 31 supHit 103 | expert 10/10 self 14/18 sovereign 5/10 easy 5/5 medium 2/2 | roll 1.5s upd 13.6s
[brain] it 760 [league 57%] R/ep 4.62 ent 2.29 kl 0.006 | hit/swing 52% dj/min 36.9 blk/min 0.1 abiHit 14 supHit 85 | self 12/17 sovereign 6/11 expert 5/9 idle 1/1 hard 1/1 medium 3/3 easy 1/1 | roll 1.4s upd 13.3s
[brain] it 761 [league 59%] R/ep 10.56 ent 2.22 kl 0.005 | hit/swing 61% dj/min 35.8 blk/min 0.3 abiHit 17 supHit 92 | self 16/17 idle 2/2 sovereign 5/7 easy 2/2 hard 4/4 expert 7/7 medium 3/3 | roll 1.4s upd 19.0s
[brain] it 762 [league 60%] R/ep 5.46 ent 2.36 kl 0.005 | hit/swing 49% dj/min 39.3 blk/min 0.0 abiHit 15 supHit 76 | self 6/16 hard 4/4 sovereign 5/7 expert 6/6 idle 1/1 easy 2/2 | roll 1.7s upd 21.0s
[brain] it 763 [league 62%] R/ep 6.33 ent 2.27 kl 0.005 | hit/swing 46% dj/min 37.7 blk/min 0.1 abiHit 21 supHit 85 | expert 7/7 self 11/19 sovereign 5/7 easy 2/2 hard 1/1 idle 1/1 | roll 1.6s upd 14.8s
[brain] it 764 [league 60%] R/ep 7.83 ent 2.16 kl 0.005 | hit/swing 59% dj/min 35.6 blk/min 0.3 abiHit 18 supHit 95 | self 17/19 expert 11/12 sovereign 3/7 idle 2/2 hard 1/1 easy 1/1 medium 1/1 | roll 1.5s upd 15.4s
[brain] it 765 [league 63%] R/ep 6.19 ent 2.21 kl 0.007 | hit/swing 58% dj/min 36.4 blk/min 0.0 abiHit 7 supHit 97 | expert 10/11 sovereign 6/10 self 12/18 idle 2/2 easy 1/1 | roll 1.4s upd 15.0s
[brain] it 766 [league 61%] R/ep 7.59 ent 2.22 kl 0.005 | hit/swing 60% dj/min 33.9 blk/min 0.2 abiHit 22 supHit 94 | sovereign 4/8 self 9/14 hard 4/4 idle 4/4 easy 3/3 expert 9/10 medium 2/2 | roll 1.4s upd 14.8s
[brain] it 767 [league 61%] R/ep 7.67 ent 2.17 kl 0.006 | hit/swing 57% dj/min 34.5 blk/min 0.0 abiHit 21 supHit 96 | expert 12/13 self 13/17 sovereign 2/6 medium 1/1 hard 1/1 easy 1/1 idle 2/2 | roll 1.5s upd 15.0s
[brain] it 768 [league 64%] R/ep 9.29 ent 2.25 kl 0.005 | hit/swing 54% dj/min 37.0 blk/min 0.1 abiHit 20 supHit 93 | self 13/18 expert 7/7 idle 2/2 sovereign 8/8 medium 1/1 easy 3/3 hard 2/2 | roll 1.6s upd 16.6s
[brain] it 769 [league 62%] R/ep 7.21 ent 2.22 kl 0.006 | hit/swing 61% dj/min 33.2 blk/min 0.4 abiHit 24 supHit 92 | expert 7/7 hard 1/1 sovereign 5/10 idle 5/5 medium 2/2 self 11/16 easy 2/2 | roll 1.5s upd 15.3s
[brain] it 770 [league 62%] R/ep 5.96 ent 2.23 kl 0.007 | hit/swing 51% dj/min 36.3 blk/min 0.1 abiHit 17 supHit 93 | self 6/17 expert 11/13 sovereign 5/6 easy 3/3 hard 2/2 idle 1/1 | roll 1.4s upd 14.4s
[brain] it 771 [league 60%] R/ep 6.86 ent 2.16 kl 0.007 | hit/swing 58% dj/min 36.1 blk/min 0.3 abiHit 14 supHit 91 | expert 9/9 sovereign 3/7 hard 4/4 self 13/21 easy 2/2 idle 2/2 | roll 1.5s upd 15.8s
[brain] it 772 [league 62%] R/ep 5.86 ent 2.25 kl 0.007 | hit/swing 55% dj/min 36.7 blk/min 0.1 abiHit 13 supHit 87 | self 5/14 sovereign 6/9 hard 3/3 idle 2/2 expert 5/6 easy 2/2 medium 2/2 | roll 1.5s upd 14.6s
[brain] it 773 [league 62%] R/ep 6.26 ent 2.22 kl 0.005 | hit/swing 57% dj/min 34.8 blk/min 0.1 abiHit 15 supHit 99 | self 7/13 sovereign 8/12 expert 10/10 idle 3/3 medium 2/2 hard 1/1 easy 2/2 | roll 1.5s upd 16.4s
[brain] it 774 [league 61%] R/ep 6.73 ent 2.22 kl 0.005 | hit/swing 53% dj/min 36.4 blk/min 0.2 abiHit 20 supHit 75 | sovereign 3/7 expert 8/8 self 11/18 idle 3/3 hard 3/3 easy 1/1 medium 2/2 | roll 1.4s upd 14.5s
[brain] it 775 [league 60%] R/ep 5.87 ent 2.21 kl 0.008 | hit/swing 54% dj/min 36.0 blk/min 0.3 abiHit 17 supHit 95 | expert 11/13 sovereign 6/9 idle 1/1 self 12/18 easy 3/3 medium 1/1 | roll 1.5s upd 15.9s
[brain] it 776 [league 61%] R/ep 6.95 ent 2.26 kl 0.006 | hit/swing 54% dj/min 36.9 blk/min 0.1 abiHit 17 supHit 86 | self 12/13 expert 7/9 sovereign 5/10 idle 1/1 easy 3/3 medium 2/2 hard 2/2 | roll 1.5s upd 15.8s
[brain] it 777 [league 61%] R/ep 6.58 ent 2.14 kl 0.006 | hit/swing 56% dj/min 34.7 blk/min 0.6 abiHit 26 supHit 111 | expert 9/10 medium 2/2 sovereign 6/8 self 13/18 idle 2/2 hard 2/2 easy 1/1 | roll 1.4s upd 13.2s
[brain] it 778 [league 63%] R/ep 5.98 ent 2.28 kl 0.006 | hit/swing 47% dj/min 35.8 blk/min 0.2 abiHit 28 supHit 79 | self 11/15 sovereign 6/8 expert 6/7 medium 2/2 idle 2/2 easy 2/2 | roll 1.5s upd 13.4s
[brain] it 779 [league 64%] R/ep 6.58 ent 2.14 kl 0.006 | hit/swing 59% dj/min 36.5 blk/min 0.3 abiHit 8 supHit 114 | self 14/21 sovereign 10/13 expert 8/9 hard 3/3 easy 2/2 | roll 1.7s upd 13.1s
[brain] it 780 [league 65%] R/ep 8.38 ent 2.23 kl 0.006 | hit/swing 53% dj/min 36.2 blk/min 0.1 abiHit 12 supHit 86 | expert 9/9 self 8/13 idle 2/2 sovereign 4/7 easy 4/4 medium 1/1 hard 1/1 | roll 1.4s upd 13.3s
[brain] it 781 [league 63%] R/ep 7.29 ent 2.15 kl 0.007 | hit/swing 58% dj/min 36.6 blk/min 0.5 abiHit 18 supHit 112 | self 14/21 hard 6/6 easy 2/2 idle 1/1 sovereign 6/10 expert 9/10 | roll 1.4s upd 13.3s
[brain] it 782 [league 61%] R/ep 6.46 ent 2.21 kl 0.005 | hit/swing 57% dj/min 35.7 blk/min 0.1 abiHit 24 supHit 100 | sovereign 3/9 self 16/21 expert 10/10 hard 2/2 easy 1/1 idle 1/1 | roll 1.4s upd 13.3s
[brain] it 783 [league 61%] R/ep 5.48 ent 2.31 kl 0.007 | hit/swing 51% dj/min 37.4 blk/min 0.3 abiHit 24 supHit 85 | self 11/18 easy 2/2 expert 8/11 sovereign 7/10 idle 1/1 medium 1/1 hard 1/1 | roll 1.5s upd 14.7s
[brain] it 784 [league 62%] R/ep 8.07 ent 2.16 kl 0.006 | hit/swing 60% dj/min 35.2 blk/min 0.2 abiHit 17 supHit 111 | expert 11/11 self 13/20 sovereign 5/7 idle 2/2 hard 3/3 medium 3/3 | roll 1.5s upd 13.2s
[brain] it 785 [league 63%] R/ep 10.45 ent 2.23 kl 0.004 | hit/swing 61% dj/min 37.8 blk/min 0.0 abiHit 19 supHit 95 | sovereign 3/6 idle 2/2 expert 17/17 medium 4/4 easy 3/3 self 10/10 | roll 1.2s upd 13.0s
[brain] it 786 [league 63%] R/ep 7.75 ent 2.19 kl 0.005 | hit/swing 55% dj/min 36.0 blk/min 0.1 abiHit 12 supHit 95 | sovereign 3/5 self 13/19 expert 5/5 medium 2/2 idle 3/3 easy 2/2 hard 3/3 | roll 1.3s upd 13.2s
[brain] it 787 [league 63%] R/ep 5.53 ent 2.33 kl 0.007 | hit/swing 47% dj/min 38.4 blk/min 0.0 abiHit 13 supHit 85 | easy 2/2 self 7/12 sovereign 6/10 hard 2/2 expert 10/12 | roll 1.5s upd 28.8s
[brain] it 788 [league 61%] R/ep 3.15 ent 2.37 kl 0.006 | hit/swing 48% dj/min 37.9 blk/min 0.1 abiHit 12 supHit 72 | self 7/14 medium 1/1 expert 7/8 sovereign 5/11 idle 2/2 | roll 1.8s upd 33.1s
[brain] it 789 [league 59%] R/ep 5.50 ent 2.23 kl 0.006 | hit/swing 59% dj/min 35.2 blk/min 0.1 abiHit 14 supHit 95 | self 8/15 sovereign 6/10 expert 9/11 easy 3/3 hard 1/1 medium 3/3 idle 1/1 | roll 1.8s upd 38.5s
[brain] it 790 [league 58%] R/ep 4.58 ent 2.26 kl 0.005 | hit/swing 57% dj/min 35.2 blk/min 0.3 abiHit 21 supHit 89 | self 10/17 medium 2/2 sovereign 7/11 easy 1/1 expert 6/8 idle 2/2 | roll 1.8s upd 37.5s
[brain] it 791 [league 56%] R/ep 5.82 ent 2.20 kl 0.005 | hit/swing 59% dj/min 32.8 blk/min 0.0 abiHit 18 supHit 101 | self 10/19 sovereign 3/8 idle 3/3 easy 2/2 medium 2/2 expert 8/8 hard 3/3 | roll 1.8s upd 18.3s
[brain] it 792 [league 56%] R/ep 6.11 ent 2.29 kl 0.005 | hit/swing 51% dj/min 35.9 blk/min 0.2 abiHit 19 supHit 105 | self 9/16 expert 9/10 sovereign 6/10 easy 1/1 hard 2/2 idle 4/4 | roll 1.5s upd 14.1s
[brain] it 793 [league 57%] R/ep 5.33 ent 2.24 kl 0.006 | hit/swing 57% dj/min 35.6 blk/min 0.2 abiHit 20 supHit 91 | expert 8/11 idle 2/2 sovereign 4/8 self 16/21 medium 1/1 hard 2/2 easy 1/1 | roll 1.4s upd 13.2s
[brain] it 794 [league 59%] R/ep 4.88 ent 2.32 kl 0.006 | hit/swing 50% dj/min 36.0 blk/min 0.3 abiHit 14 supHit 88 | sovereign 11/15 self 5/15 idle 2/2 easy 2/2 expert 7/8 medium 2/2 | roll 1.4s upd 13.1s
[brain] it 795 [league 57%] R/ep 7.00 ent 2.21 kl 0.006 | hit/swing 61% dj/min 32.2 blk/min 0.3 abiHit 19 supHit 105 | expert 14/14 sovereign 2/5 self 10/17 idle 3/3 medium 2/2 hard 2/2 easy 2/2 | roll 1.4s upd 12.9s
[brain] it 796 [league 60%] R/ep 7.35 ent 2.27 kl 0.008 | hit/swing 59% dj/min 33.3 blk/min 0.1 abiHit 17 supHit 90 | self 9/16 expert 11/13 sovereign 5/5 easy 2/2 idle 2/2 medium 1/1 hard 3/3 | roll 1.3s upd 12.2s
[brain] it 797 [league 58%] R/ep 3.02 ent 2.26 kl 0.006 | hit/swing 51% dj/min 35.3 blk/min 0.1 abiHit 17 supHit 101 | sovereign 7/14 self 11/20 expert 5/6 hard 1/1 medium 2/2 idle 1/1 | roll 1.5s upd 14.5s
[brain] it 798 [league 58%] R/ep 5.69 ent 2.23 kl 0.005 | hit/swing 56% dj/min 35.9 blk/min 0.1 abiHit 19 supHit 98 | expert 9/9 self 12/19 sovereign 5/9 easy 1/1 hard 3/3 idle 2/2 medium 1/1 | roll 1.4s upd 13.6s
[brain] it 799 [league 59%] R/ep 6.21 ent 2.31 kl 0.007 | hit/swing 52% dj/min 37.3 blk/min 0.0 abiHit 27 supHit 94 | self 13/19 sovereign 7/11 medium 3/3 expert 6/6 hard 1/1 idle 2/2 easy 1/1 | roll 1.6s upd 14.7s
[brain] it 800 [league 61%] R/ep 7.32 ent 2.23 kl 0.005 | hit/swing 59% dj/min 33.8 blk/min 0.1 abiHit 23 supHit 108 | sovereign 8/11 self 14/19 expert 6/7 medium 3/3 idle 2/2 easy 5/5 | roll 1.5s upd 13.0s
[brain] it 801 [league 62%] R/ep 6.50 ent 2.23 kl 0.008 | hit/swing 58% dj/min 35.7 blk/min 0.0 abiHit 19 supHit 97 | expert 11/12 self 12/18 sovereign 5/7 idle 2/2 easy 1/1 medium 2/2 | roll 1.4s upd 12.8s
[brain] it 802 [league 61%] R/ep 5.70 ent 2.27 kl 0.005 | hit/swing 58% dj/min 35.6 blk/min 0.3 abiHit 10 supHit 94 | sovereign 6/11 idle 1/1 self 9/14 expert 11/11 hard 2/2 medium 1/1 | roll 1.5s upd 13.0s
[brain] it 803 [league 62%] R/ep 4.23 ent 2.24 kl 0.006 | hit/swing 50% dj/min 34.7 blk/min 0.1 abiHit 21 supHit 89 | self 12/26 sovereign 3/6 expert 8/9 medium 3/3 idle 2/2 | roll 1.4s upd 13.0s
[brain] it 804 [league 61%] R/ep 5.05 ent 2.30 kl 0.007 | hit/swing 47% dj/min 36.5 blk/min 0.1 abiHit 18 supHit 96 | expert 9/10 self 14/22 easy 1/1 hard 1/1 sovereign 1/4 medium 1/1 idle 1/1 | roll 1.5s upd 13.0s
[brain] it 805 [league 59%] R/ep 4.61 ent 2.27 kl 0.007 | hit/swing 48% dj/min 35.2 blk/min 0.0 abiHit 20 supHit 89 | self 14/20 expert 8/8 sovereign 5/9 easy 1/1 medium 1/1 | roll 1.4s upd 13.1s
[brain] it 806 [league 60%] R/ep 6.89 ent 2.19 kl 0.006 | hit/swing 57% dj/min 33.8 blk/min 0.0 abiHit 18 supHit 102 | self 13/22 hard 1/1 easy 7/7 expert 8/8 sovereign 3/5 idle 2/2 medium 1/1 | roll 1.4s upd 13.0s
[brain] it 807 [league 56%] R/ep 6.23 ent 2.22 kl 0.006 | hit/swing 60% dj/min 34.7 blk/min 0.4 abiHit 14 supHit 102 | self 11/15 expert 14/16 sovereign 4/11 easy 1/1 medium 2/2 idle 1/1 | roll 1.4s upd 13.0s
[brain] it 808 [league 54%] R/ep 2.04 ent 2.37 kl 0.006 | hit/swing 46% dj/min 37.2 blk/min 0.0 abiHit 18 supHit 74 | self 9/15 sovereign 5/12 expert 4/7 idle 1/1 medium 1/1 | roll 1.5s upd 13.0s
[brain] it 809 [league 55%] R/ep 7.18 ent 2.29 kl 0.005 | hit/swing 57% dj/min 34.7 blk/min 0.2 abiHit 15 supHit 93 | sovereign 3/5 expert 13/15 idle 4/4 self 11/15 easy 1/1 medium 2/2 | roll 1.3s upd 13.0s
[brain] it 810 [league 56%] R/ep 4.71 ent 2.32 kl 0.007 | hit/swing 51% dj/min 35.2 blk/min 0.0 abiHit 22 supHit 83 | self 11/21 expert 11/11 idle 2/2 easy 1/1 sovereign 5/7 hard 1/1 | roll 1.5s upd 13.4s
[brain] it 811 [league 54%] R/ep 3.59 ent 2.27 kl 0.008 | hit/swing 51% dj/min 36.4 blk/min 0.2 abiHit 11 supHit 86 | self 12/23 expert 6/7 easy 1/1 medium 4/4 sovereign 3/7 idle 1/1 | roll 1.5s upd 13.3s
[brain] it 812 [league 55%] R/ep 3.40 ent 2.26 kl 0.006 | hit/swing 51% dj/min 34.5 blk/min 0.1 abiHit 18 supHit 92 | expert 8/10 self 10/23 sovereign 7/9 idle 2/2 medium 1/1 | roll 1.4s upd 13.1s
[brain] it 813 [league 54%] R/ep 8.47 ent 2.23 kl 0.006 | hit/swing 58% dj/min 34.1 blk/min 0.0 abiHit 15 supHit 106 | self 13/18 expert 13/13 hard 2/2 sovereign 3/6 medium 4/4 easy 2/2 | roll 1.3s upd 13.1s
[brain] it 814 [league 54%] R/ep 7.21 ent 2.25 kl 0.006 | hit/swing 55% dj/min 34.6 blk/min 0.2 abiHit 13 supHit 93 | expert 9/10 self 14/18 idle 3/3 sovereign 6/8 hard 1/1 | roll 1.4s upd 13.5s
[brain] it 815 [league 54%] R/ep 7.20 ent 2.39 kl 0.006 | hit/swing 54% dj/min 37.0 blk/min 0.0 abiHit 22 supHit 79 | expert 15/17 self 7/11 sovereign 2/4 idle 1/1 easy 1/1 medium 3/3 hard 2/2 | roll 1.3s upd 12.6s
[brain] it 816 [league 52%] R/ep 5.53 ent 2.21 kl 0.006 | hit/swing 56% dj/min 35.7 blk/min 0.1 abiHit 11 supHit 112 | self 14/19 sovereign 5/13 expert 10/11 hard 2/2 idle 1/1 medium 1/1 | roll 1.4s upd 13.4s
[brain] it 817 [league 55%] R/ep 6.40 ent 2.24 kl 0.006 | hit/swing 59% dj/min 33.7 blk/min 0.1 abiHit 14 supHit 115 | expert 12/14 sovereign 8/12 self 10/16 hard 2/2 idle 2/2 easy 1/1 | roll 1.4s upd 12.9s
[brain] it 818 [league 55%] R/ep 5.81 ent 2.23 kl 0.006 | hit/swing 54% dj/min 34.8 blk/min 0.2 abiHit 16 supHit 110 | expert 11/12 hard 2/2 self 16/22 sovereign 5/7 easy 1/1 medium 1/1 | roll 1.5s upd 13.0s
[brain] it 819 [league 59%] R/ep 5.35 ent 2.28 kl 0.005 | hit/swing 50% dj/min 35.8 blk/min 0.3 abiHit 9 supHit 83 | expert 10/11 idle 3/3 self 11/22 sovereign 4/5 easy 2/2 | roll 1.4s upd 12.2s
[brain] it 820 [league 59%] R/ep 7.40 ent 2.22 kl 0.006 | hit/swing 61% dj/min 34.1 blk/min 0.2 abiHit 14 supHit 98 | hard 3/3 expert 9/10 idle 2/2 self 12/17 sovereign 3/7 medium 5/5 easy 3/3 | roll 1.4s upd 13.1s
[brain] it 821 [league 59%] R/ep 7.83 ent 2.29 kl 0.008 | hit/swing 60% dj/min 34.1 blk/min 0.1 abiHit 14 supHit 88 | expert 9/12 self 16/19 sovereign 3/6 idle 3/3 hard 2/2 medium 1/1 | roll 1.4s upd 13.1s
[brain] it 822 [league 59%] R/ep 7.53 ent 2.30 kl 0.008 | hit/swing 56% dj/min 36.3 blk/min 0.2 abiHit 13 supHit 103 | expert 9/11 self 13/15 medium 2/2 sovereign 7/11 easy 1/1 idle 2/2 hard 1/1 | roll 1.4s upd 13.7s
[brain] it 823 [league 58%] R/ep 5.71 ent 2.23 kl 0.005 | hit/swing 57% dj/min 34.3 blk/min 0.1 abiHit 11 supHit 101 | self 14/19 hard 3/3 easy 3/3 expert 7/8 sovereign 5/11 idle 2/2 | roll 1.4s upd 12.0s
[brain] it 824 [league 56%] R/ep 7.21 ent 2.27 kl 0.007 | hit/swing 59% dj/min 35.1 blk/min 0.3 abiHit 16 supHit 89 | self 15/20 expert 10/10 hard 1/1 sovereign 3/6 easy 1/1 idle 2/2 medium 1/1 | roll 1.4s upd 13.1s
[brain] it 825 [league 57%] R/ep 6.93 ent 2.24 kl 0.005 | hit/swing 58% dj/min 34.0 blk/min 0.2 abiHit 12 supHit 101 | expert 11/13 self 9/15 idle 3/3 sovereign 6/10 medium 1/1 hard 4/4 easy 1/1 | roll 1.4s upd 13.1s
[brain] it 826 [league 56%] R/ep 6.43 ent 2.22 kl 0.005 | hit/swing 61% dj/min 34.3 blk/min 0.3 abiHit 13 supHit 102 | sovereign 7/12 expert 11/12 idle 1/1 self 10/16 hard 1/1 medium 2/2 easy 1/1 | roll 1.4s upd 12.8s
[brain] it 827 [league 57%] R/ep 6.42 ent 2.26 kl 0.006 | hit/swing 55% dj/min 35.6 blk/min 0.0 abiHit 15 supHit 105 | self 12/19 hard 2/2 sovereign 4/8 medium 3/3 easy 1/1 expert 9/12 idle 2/2 | roll 1.3s upd 13.0s
[brain] it 828 [league 55%] R/ep 6.34 ent 2.23 kl 0.007 | hit/swing 59% dj/min 33.5 blk/min 0.3 abiHit 12 supHit 101 | self 8/15 expert 15/15 sovereign 4/11 easy 1/1 medium 3/3 idle 1/1 hard 1/1 | roll 1.3s upd 13.1s
[brain] it 829 [league 55%] R/ep 7.87 ent 2.25 kl 0.006 | hit/swing 61% dj/min 34.2 blk/min 0.1 abiHit 16 supHit 102 | expert 10/11 sovereign 7/10 medium 4/4 self 11/15 easy 1/1 hard 1/1 idle 1/1 | roll 1.3s upd 11.9s
[brain] it 830 [league 59%] R/ep 7.65 ent 2.22 kl 0.008 | hit/swing 61% dj/min 31.9 blk/min 0.1 abiHit 18 supHit 108 | expert 15/16 sovereign 11/11 self 7/12 easy 1/1 medium 2/2 idle 3/3 | roll 1.2s upd 13.2s
[brain] it 831 [league 60%] R/ep 7.13 ent 2.18 kl 0.006 | hit/swing 60% dj/min 34.0 blk/min 0.3 abiHit 9 supHit 113 | self 10/14 hard 1/1 sovereign 7/12 expert 12/13 idle 3/3 medium 2/2 | roll 1.3s upd 12.9s
[brain] it 832 [league 61%] R/ep 7.25 ent 2.31 kl 0.005 | hit/swing 56% dj/min 37.4 blk/min 0.2 abiHit 15 supHit 96 | sovereign 7/9 expert 9/10 self 11/16 idle 2/2 medium 4/4 hard 1/1 easy 1/1 | roll 1.3s upd 13.3s
[brain] it 833 [league 64%] R/ep 6.11 ent 2.20 kl 0.006 | hit/swing 58% dj/min 33.7 blk/min 0.2 abiHit 7 supHit 112 | self 12/20 expert 12/12 sovereign 9/12 medium 1/1 hard 1/1 easy 1/1 idle 1/1 | roll 1.4s upd 14.4s
[brain] it 834 [league 66%] R/ep 6.88 ent 2.23 kl 0.007 | hit/swing 59% dj/min 34.1 blk/min 0.2 abiHit 8 supHit 107 | sovereign 5/7 self 18/25 hard 3/3 expert 7/7 idle 1/1 medium 1/1 easy 1/1 | roll 1.6s upd 12.3s
[brain] it 835 [league 66%] R/ep 9.48 ent 2.25 kl 0.005 | hit/swing 60% dj/min 35.2 blk/min 0.2 abiHit 20 supHit 108 | expert 13/13 self 14/19 sovereign 4/6 hard 3/3 easy 3/3 idle 2/2 medium 1/1 | roll 1.3s upd 13.4s
[brain] it 836 [league 66%] R/ep 7.72 ent 2.33 kl 0.006 | hit/swing 54% dj/min 36.6 blk/min 0.4 abiHit 16 supHit 100 | self 8/16 easy 3/3 sovereign 5/9 hard 3/3 expert 9/9 idle 2/2 medium 3/3 | roll 1.4s upd 13.2s
[brain] it 837 [league 66%] R/ep 5.74 ent 2.27 kl 0.008 | hit/swing 59% dj/min 34.2 blk/min 0.3 abiHit 16 supHit 97 | self 11/20 expert 9/9 easy 1/1 sovereign 6/11 medium 2/2 hard 3/3 idle 1/1 | roll 1.4s upd 13.1s
[brain] it 838 [league 66%] R/ep 5.90 ent 2.27 kl 0.006 | hit/swing 59% dj/min 34.6 blk/min 0.6 abiHit 28 supHit 92 | self 13/21 sovereign 1/4 idle 2/2 easy 3/3 expert 11/13 medium 1/1 hard 2/2 | roll 1.3s upd 13.0s
[brain] it 839 [league 69%] R/ep 6.64 ent 2.38 kl 0.005 | hit/swing 51% dj/min 37.1 blk/min 0.5 abiHit 19 supHit 76 | hard 1/1 expert 12/13 sovereign 8/10 self 9/15 idle 2/2 | roll 1.4s upd 13.0s
[brain] it 840 [league 69%] R/ep 7.52 ent 2.31 kl 0.004 | hit/swing 52% dj/min 37.7 blk/min 0.3 abiHit 15 supHit 103 | sovereign 11/14 self 8/13 expert 10/10 hard 1/1 medium 2/2 easy 2/2 | roll 1.4s upd 12.9s
[brain] it 841 [league 70%] R/ep 5.77 ent 2.27 kl 0.004 | hit/swing 52% dj/min 37.6 blk/min 0.2 abiHit 15 supHit 86 | self 15/21 expert 7/8 sovereign 8/8 medium 2/2 hard 1/1 easy 1/1 | roll 1.4s upd 13.1s
[brain] it 842 [league 71%] R/ep 6.38 ent 2.30 kl 0.006 | hit/swing 54% dj/min 35.5 blk/min 0.2 abiHit 23 supHit 100 | self 10/20 hard 1/1 sovereign 7/10 expert 10/10 idle 4/4 easy 1/1 | roll 1.4s upd 13.0s
[brain] it 843 [league 67%] R/ep 5.13 ent 2.31 kl 0.006 | hit/swing 52% dj/min 37.2 blk/min 0.1 abiHit 16 supHit 92 | expert 8/8 medium 3/3 self 13/18 hard 3/3 sovereign 3/9 idle 1/1 | roll 1.5s upd 13.2s
[brain] it 844 [league 66%] R/ep 7.92 ent 2.26 kl 0.005 | hit/swing 59% dj/min 37.4 blk/min 0.4 abiHit 11 supHit 97 | self 14/18 idle 1/1 sovereign 7/11 expert 9/9 medium 2/2 hard 2/2 | roll 1.4s upd 11.9s
[brain] it 845 [league 66%] R/ep 6.54 ent 2.39 kl 0.006 | hit/swing 49% dj/min 39.6 blk/min 0.1 abiHit 17 supHit 85 | self 13/18 expert 6/7 sovereign 7/9 hard 2/2 easy 1/1 idle 1/1 | roll 1.5s upd 13.3s
[brain] it 846 [league 69%] R/ep 7.41 ent 2.29 kl 0.005 | hit/swing 60% dj/min 37.2 blk/min 0.5 abiHit 21 supHit 99 | sovereign 8/10 self 9/16 expert 10/12 hard 3/3 idle 2/2 medium 2/2 easy 2/2 | roll 1.4s upd 13.1s
[brain] it 847 [league 70%] R/ep 7.15 ent 2.23 kl 0.005 | hit/swing 57% dj/min 36.3 blk/min 0.2 abiHit 19 supHit 102 | self 9/18 medium 3/3 sovereign 8/11 expert 10/10 easy 3/3 idle 2/2 hard 1/1 | roll 1.3s upd 13.3s
[brain] it 848 [league 72%] R/ep 7.74 ent 2.31 kl 0.007 | hit/swing 54% dj/min 36.8 blk/min 0.4 abiHit 21 supHit 81 | self 9/12 expert 15/18 medium 2/2 sovereign 4/5 hard 2/2 easy 1/1 idle 1/1 | roll 1.5s upd 13.5s
[brain] it 849 [league 72%] R/ep 6.57 ent 2.24 kl 0.008 | hit/swing 54% dj/min 35.8 blk/min 0.5 abiHit 16 supHit 108 | self 14/21 easy 2/2 sovereign 7/11 expert 11/11 hard 3/3 | roll 1.4s upd 13.3s
[brain] it 850 [league 71%] R/ep 6.55 ent 2.37 kl 0.006 | hit/swing 50% dj/min 37.8 blk/min 0.3 abiHit 23 supHit 76 | hard 1/1 self 12/17 expert 9/12 sovereign 5/7 medium 2/2 easy 1/1 idle 1/1 | roll 1.4s upd 13.0s
[brain] it 851 [league 70%] R/ep 3.60 ent 2.32 kl 0.006 | hit/swing 50% dj/min 36.5 blk/min 0.4 abiHit 24 supHit 87 | self 7/15 sovereign 7/10 expert 10/12 easy 1/1 idle 1/1 | roll 1.4s upd 12.0s
[brain] it 852 [league 66%] R/ep 7.14 ent 2.23 kl 0.006 | hit/swing 61% dj/min 34.2 blk/min 0.2 abiHit 22 supHit 96 | sovereign 6/10 self 10/16 expert 8/9 medium 4/4 easy 2/2 hard 4/4 idle 1/1 | roll 1.3s upd 13.1s
[brain] it 853 [league 69%] R/ep 4.65 ent 2.26 kl 0.008 | hit/swing 57% dj/min 34.6 blk/min 0.4 abiHit 8 supHit 101 | idle 2/2 sovereign 10/16 self 6/15 expert 10/10 easy 1/1 hard 1/1 | roll 1.4s upd 12.0s
[brain] it 854 [league 70%] R/ep 5.75 ent 2.35 kl 0.006 | hit/swing 46% dj/min 38.8 blk/min 0.1 abiHit 18 supHit 83 | self 10/15 hard 2/2 sovereign 6/8 expert 6/7 medium 1/1 easy 2/2 idle 1/1 | roll 1.4s upd 13.1s
[brain] it 855 [league 71%] R/ep 5.98 ent 2.28 kl 0.005 | hit/swing 54% dj/min 33.8 blk/min 0.3 abiHit 15 supHit 85 | expert 11/12 self 4/16 sovereign 5/6 easy 2/2 idle 3/3 hard 2/2 medium 1/1 | roll 1.3s upd 12.9s
[brain] it 856 [league 71%] R/ep 5.46 ent 2.33 kl 0.006 | hit/swing 54% dj/min 36.3 blk/min 0.6 abiHit 16 supHit 82 | self 11/20 sovereign 4/5 expert 9/12 medium 2/2 hard 1/1 easy 1/1 | roll 1.5s upd 13.0s
[brain] it 857 [league 70%] R/ep 8.76 ent 2.20 kl 0.005 | hit/swing 57% dj/min 33.6 blk/min 0.6 abiHit 20 supHit 103 | sovereign 5/6 easy 2/2 self 12/17 expert 11/11 medium 4/4 idle 2/2 hard 1/1 | roll 1.3s upd 13.3s
[brain] it 858 [league 73%] R/ep 9.70 ent 2.23 kl 0.003 | hit/swing 60% dj/min 33.7 blk/min 0.5 abiHit 16 supHit 94 | self 12/16 sovereign 8/8 expert 12/12 easy 3/3 idle 2/2 medium 2/2 hard 2/2 | roll 1.4s upd 12.9s
[brain] it 859 [league 73%] R/ep 6.05 ent 2.42 kl 0.006 | hit/swing 40% dj/min 39.5 blk/min 0.2 abiHit 24 supHit 68 | expert 10/12 self 9/14 sovereign 5/6 idle 1/1 medium 1/1 | roll 1.4s upd 12.9s
[brain] it 860 [league 73%] R/ep 9.45 ent 2.22 kl 0.006 | hit/swing 61% dj/min 33.4 blk/min 0.3 abiHit 14 supHit 111 | self 10/12 hard 4/4 sovereign 9/12 expert 8/8 medium 1/1 idle 4/4 easy 3/3 | roll 1.4s upd 12.9s
[brain] it 861 [league 72%] R/ep 7.10 ent 2.25 kl 0.007 | hit/swing 60% dj/min 33.0 blk/min 0.3 abiHit 19 supHit 102 | expert 11/12 self 10/14 sovereign 6/12 idle 4/4 hard 1/1 easy 3/3 | roll 1.3s upd 12.8s
[brain] it 862 [league 71%] R/ep 7.91 ent 2.23 kl 0.006 | hit/swing 57% dj/min 35.6 blk/min 0.3 abiHit 15 supHit 96 | medium 2/2 self 16/23 sovereign 4/6 idle 2/2 expert 10/10 hard 1/1 | roll 1.4s upd 13.1s
[brain] it 863 [league 71%] R/ep 6.76 ent 2.38 kl 0.007 | hit/swing 53% dj/min 35.4 blk/min 0.6 abiHit 22 supHit 86 | idle 4/4 medium 2/2 self 7/10 hard 2/2 expert 8/12 sovereign 6/10 easy 2/2 | roll 1.3s upd 14.0s
[brain] it 864 [league 72%] R/ep 6.65 ent 2.25 kl 0.006 | hit/swing 58% dj/min 35.8 blk/min 0.2 abiHit 16 supHit 97 | self 17/23 expert 7/7 sovereign 4/7 easy 2/2 medium 3/3 idle 1/1 hard 2/2 | roll 1.4s upd 13.0s
[brain] it 865 [league 70%] R/ep 7.95 ent 2.26 kl 0.006 | hit/swing 57% dj/min 36.0 blk/min 0.0 abiHit 20 supHit 90 | self 15/19 idle 2/2 medium 4/4 expert 6/6 sovereign 3/5 easy 3/3 hard 1/1 | roll 1.4s upd 12.9s
[brain] it 866 [league 70%] R/ep 6.33 ent 2.33 kl 0.006 | hit/swing 54% dj/min 37.1 blk/min 0.3 abiHit 25 supHit 83 | sovereign 3/6 self 12/20 expert 12/14 easy 2/2 hard 1/1 idle 1/1 medium 1/1 | roll 1.4s upd 13.0s
[brain] it 867 [league 69%] R/ep 7.63 ent 2.31 kl 0.005 | hit/swing 52% dj/min 36.0 blk/min 0.1 abiHit 20 supHit 88 | expert 8/8 self 10/16 idle 2/2 medium 2/2 sovereign 5/8 easy 2/2 hard 3/3 | roll 1.4s upd 13.3s
[brain] it 868 [league 67%] R/ep 8.60 ent 2.28 kl 0.006 | hit/swing 54% dj/min 35.3 blk/min 0.3 abiHit 25 supHit 88 | self 9/15 expert 13/13 sovereign 3/6 idle 3/3 medium 1/1 hard 3/3 easy 2/2 | roll 1.3s upd 12.8s
[brain] it 869 [league 66%] R/ep 7.01 ent 2.25 kl 0.006 | hit/swing 59% dj/min 35.4 blk/min 0.0 abiHit 21 supHit 93 | sovereign 5/8 expert 11/12 self 11/17 hard 2/2 medium 4/4 | roll 1.4s upd 11.9s
[brain] it 870 [league 62%] R/ep 7.75 ent 2.28 kl 0.006 | hit/swing 55% dj/min 36.2 blk/min 0.4 abiHit 26 supHit 97 | self 9/13 expert 12/13 idle 2/2 sovereign 6/11 medium 3/3 hard 3/3 | roll 1.6s upd 13.0s
[brain] it 871 [league 59%] R/ep 6.96 ent 2.29 kl 0.006 | hit/swing 58% dj/min 34.7 blk/min 0.4 abiHit 26 supHit 88 | expert 9/11 easy 2/2 sovereign 8/12 self 7/12 hard 2/2 medium 2/2 idle 1/1 | roll 1.3s upd 13.1s
[brain] it 872 [league 58%] R/ep 5.83 ent 2.22 kl 0.005 | hit/swing 57% dj/min 34.1 blk/min 0.1 abiHit 17 supHit 96 | expert 12/13 hard 3/3 sovereign 4/6 self 9/20 medium 1/1 idle 2/2 | roll 1.4s upd 11.8s
[brain] it 873 [league 58%] R/ep 8.20 ent 2.21 kl 0.006 | hit/swing 59% dj/min 33.7 blk/min 0.2 abiHit 17 supHit 106 | expert 17/18 medium 3/3 self 13/15 idle 1/1 sovereign 4/8 hard 1/1 | roll 1.3s upd 13.2s
[brain] it 874 [league 59%] R/ep 8.58 ent 2.23 kl 0.007 | hit/swing 63% dj/min 31.1 blk/min 0.4 abiHit 15 supHit 103 | expert 8/8 medium 4/4 sovereign 4/7 self 12/19 hard 5/5 idle 6/6 | roll 1.4s upd 13.0s
[brain] it 875 [league 60%] R/ep 10.27 ent 2.20 kl 0.006 | hit/swing 64% dj/min 30.2 blk/min 0.3 abiHit 22 supHit 103 | sovereign 5/7 self 7/9 idle 6/6 medium 6/6 expert 11/12 easy 2/2 hard 2/2 | roll 1.2s upd 13.4s
[brain] it 876 [league 60%] R/ep 5.94 ent 2.28 kl 0.006 | hit/swing 51% dj/min 35.7 blk/min 0.4 abiHit 24 supHit 89 | sovereign 6/9 self 6/16 expert 11/11 easy 3/3 idle 1/1 | roll 1.4s upd 12.9s
[brain] it 877 [league 62%] R/ep 9.58 ent 2.21 kl 0.005 | hit/swing 63% dj/min 31.5 blk/min 0.2 abiHit 16 supHit 103 | easy 3/3 self 8/11 idle 4/4 expert 12/14 medium 4/4 sovereign 6/7 hard 1/1 | roll 1.3s upd 13.0s
[brain] it 878 [league 61%] R/ep 5.14 ent 2.38 kl 0.007 | hit/swing 46% dj/min 37.7 blk/min 0.1 abiHit 18 supHit 80 | easy 4/4 expert 7/10 self 9/13 hard 2/2 sovereign 4/7 idle 2/2 | roll 1.4s upd 13.0s
[brain] it 879 [league 64%] R/ep 6.11 ent 2.24 kl 0.005 | hit/swing 58% dj/min 34.0 blk/min 0.3 abiHit 22 supHit 100 | hard 3/3 easy 4/4 self 12/16 expert 8/11 sovereign 7/8 medium 1/1 idle 1/1 | roll 1.4s upd 13.1s
[brain] it 880 [league 66%] R/ep 6.54 ent 2.20 kl 0.006 | hit/swing 59% dj/min 36.5 blk/min 0.3 abiHit 12 supHit 103 | sovereign 9/12 expert 6/7 easy 3/3 self 7/18 medium 2/2 hard 3/3 | roll 1.5s upd 13.2s
[brain] it 881 [league 67%] R/ep 4.63 ent 2.30 kl 0.006 | hit/swing 52% dj/min 37.4 blk/min 0.3 abiHit 30 supHit 88 | sovereign 6/10 self 8/17 expert 5/6 easy 2/2 idle 1/1 hard 3/3 medium 3/3 | roll 1.5s upd 13.2s
[brain] it 882 [league 69%] R/ep 5.95 ent 2.27 kl 0.005 | hit/swing 59% dj/min 37.6 blk/min 0.1 abiHit 25 supHit 87 | self 9/18 expert 9/10 hard 4/4 sovereign 8/11 idle 1/1 easy 1/1 | roll 1.4s upd 12.9s
[brain] it 883 [league 68%] R/ep 6.98 ent 2.27 kl 0.006 | hit/swing 58% dj/min 34.1 blk/min 0.4 abiHit 17 supHit 101 | expert 13/14 self 13/17 sovereign 6/10 idle 1/1 easy 1/1 hard 2/2 medium 3/3 | roll 1.3s upd 13.1s
[brain] it 884 [league 68%] R/ep 4.03 ent 2.26 kl 0.005 | hit/swing 47% dj/min 36.8 blk/min 0.2 abiHit 25 supHit 79 | idle 2/2 expert 4/6 sovereign 4/7 self 15/21 easy 1/1 medium 1/1 | roll 1.4s upd 12.1s
[brain] it 885 [league 67%] R/ep 5.27 ent 2.30 kl 0.007 | hit/swing 57% dj/min 34.2 blk/min 0.6 abiHit 15 supHit 86 | self 7/13 sovereign 6/12 expert 7/9 medium 3/3 hard 2/2 idle 1/1 easy 1/1 | roll 1.4s upd 13.3s
[brain] it 886 [league 66%] R/ep 6.82 ent 2.26 kl 0.005 | hit/swing 51% dj/min 36.0 blk/min 0.2 abiHit 22 supHit 92 | self 10/15 sovereign 7/12 easy 4/4 idle 2/2 expert 4/4 medium 2/2 hard 1/1 | roll 1.4s upd 11.9s
[brain] it 887 [league 66%] R/ep 8.32 ent 2.28 kl 0.006 | hit/swing 56% dj/min 33.4 blk/min 0.5 abiHit 12 supHit 96 | expert 11/12 easy 3/3 self 9/15 sovereign 6/7 hard 2/2 idle 4/4 | roll 1.4s upd 13.3s
[brain] it 888 [league 64%] R/ep 3.05 ent 2.45 kl 0.007 | hit/swing 47% dj/min 37.9 blk/min 0.3 abiHit 9 supHit 73 | medium 2/2 sovereign 4/10 easy 3/3 expert 6/11 self 9/13 hard 1/1 idle 1/1 | roll 1.3s upd 12.9s
[brain] it 889 [league 61%] R/ep 6.48 ent 2.33 kl 0.005 | hit/swing 50% dj/min 35.2 blk/min 0.5 abiHit 23 supHit 94 | self 5/13 expert 13/14 sovereign 3/7 medium 2/2 idle 2/2 hard 3/3 | roll 1.3s upd 13.2s
[brain] it 890 [league 58%] R/ep 5.37 ent 2.19 kl 0.005 | hit/swing 56% dj/min 32.7 blk/min 0.2 abiHit 13 supHit 92 | easy 4/4 expert 7/7 self 13/21 sovereign 2/7 medium 2/2 hard 1/1 idle 1/1 | roll 1.4s upd 13.2s
[brain] it 891 [league 59%] R/ep 8.54 ent 2.24 kl 0.006 | hit/swing 56% dj/min 35.2 blk/min 0.1 abiHit 15 supHit 111 | sovereign 10/11 self 12/16 expert 12/12 easy 2/2 medium 1/1 hard 2/2 | roll 1.4s upd 13.0s
[brain] it 892 [league 57%] R/ep 4.44 ent 2.24 kl 0.007 | hit/swing 59% dj/min 32.7 blk/min 0.4 abiHit 22 supHit 103 | idle 2/2 self 8/17 sovereign 4/11 expert 9/9 hard 1/1 medium 3/3 easy 1/1 | roll 1.5s upd 13.0s
[brain] it 893 [league 56%] R/ep 6.38 ent 2.26 kl 0.005 | hit/swing 54% dj/min 34.4 blk/min 0.3 abiHit 18 supHit 100 | self 11/17 hard 3/3 sovereign 5/11 expert 7/7 easy 2/2 medium 2/2 idle 1/1 | roll 1.4s upd 11.9s
[brain] it 894 [league 56%] R/ep 6.93 ent 2.25 kl 0.007 | hit/swing 54% dj/min 37.5 blk/min 0.1 abiHit 8 supHit 94 | idle 1/1 sovereign 2/2 expert 10/12 self 16/23 hard 2/2 | roll 1.5s upd 13.1s
[brain] it 895 [league 55%] R/ep 5.14 ent 2.19 kl 0.006 | hit/swing 62% dj/min 33.1 blk/min 0.2 abiHit 13 supHit 95 | self 11/22 medium 4/4 sovereign 5/8 hard 3/3 expert 5/5 idle 1/1 easy 1/1 | roll 1.5s upd 11.8s
[brain] it 896 [league 55%] R/ep 3.92 ent 2.23 kl 0.006 | hit/swing 56% dj/min 34.2 blk/min 0.2 abiHit 20 supHit 100 | self 11/19 expert 9/10 idle 3/3 sovereign 5/12 easy 1/1 medium 3/3 | roll 1.5s upd 13.2s
[brain] it 897 [league 57%] R/ep 8.65 ent 2.18 kl 0.003 | hit/swing 59% dj/min 34.2 blk/min 0.2 abiHit 11 supHit 101 | sovereign 5/6 easy 3/3 self 15/18 medium 2/2 hard 2/2 expert 9/9 idle 1/1 | roll 1.4s upd 13.1s
[brain] it 898 [league 56%] R/ep 5.99 ent 2.32 kl 0.006 | hit/swing 51% dj/min 36.6 blk/min 0.2 abiHit 17 supHit 91 | expert 11/13 easy 2/2 sovereign 6/9 self 13/17 hard 1/1 | roll 1.4s upd 13.1s
[brain] it 899 [league 56%] R/ep 6.87 ent 2.23 kl 0.007 | hit/swing 53% dj/min 35.8 blk/min 0.2 abiHit 16 supHit 105 | idle 3/3 easy 4/4 self 15/20 sovereign 6/8 expert 5/7 medium 1/1 | roll 1.3s upd 12.0s
[brain] it 900 [league 58%] R/ep 5.86 ent 2.35 kl 0.005 | hit/swing 53% dj/min 37.1 blk/min 0.2 abiHit 13 supHit 81 | self 9/16 medium 1/1 easy 4/4 expert 7/10 sovereign 5/8 hard 2/2 idle 2/2 | roll 1.3s upd 11.8s
[brain] it 901 [league 59%] R/ep 6.56 ent 2.18 kl 0.006 | hit/swing 58% dj/min 34.7 blk/min 0.5 abiHit 14 supHit 66 | medium 2/2 expert 6/6 sovereign 3/4 self 11/18 easy 1/1 | roll 5.5s upd 7.7s
[brain] it 902 [league 60%] R/ep 5.00 ent 2.30 kl 0.006 | hit/swing 50% dj/min 36.9 blk/min 0.1 abiHit 15 supHit 58 | self 6/12 sovereign 3/4 expert 6/7 hard 2/2 idle 1/1 | roll 4.8s upd 9.2s
[brain] it 903 [league 62%] R/ep 5.46 ent 2.34 kl 0.005 | hit/swing 48% dj/min 37.8 blk/min 0.1 abiHit 24 supHit 51 | easy 2/2 expert 5/8 self 6/10 sovereign 2/3 hard 2/2 idle 1/1 | roll 4.8s upd 8.8s
[brain] it 904 [league 62%] R/ep 7.83 ent 2.28 kl 0.006 | hit/swing 53% dj/min 35.8 blk/min 0.2 abiHit 24 supHit 93 | easy 4/4 self 12/17 sovereign 8/11 medium 4/4 idle 1/1 expert 9/9 | roll 1.6s upd 13.7s
[brain] it 905 [league 64%] R/ep 5.37 ent 2.39 kl 0.006 | hit/swing 48% dj/min 39.9 blk/min 0.3 abiHit 12 supHit 76 | self 12/18 sovereign 5/7 expert 9/11 idle 2/2 easy 2/2 | roll 1.6s upd 14.0s
[brain] it 906 [league 66%] R/ep 6.67 ent 2.19 kl 0.006 | hit/swing 62% dj/min 35.0 blk/min 0.0 abiHit 15 supHit 108 | sovereign 7/10 expert 9/9 self 11/17 hard 5/5 easy 1/1 medium 1/1 idle 2/2 | roll 1.5s upd 13.5s
[brain] it 907 [league 67%] R/ep 4.62 ent 2.26 kl 0.005 | hit/swing 52% dj/min 36.9 blk/min 0.2 abiHit 15 supHit 83 | self 9/17 expert 5/7 sovereign 8/11 hard 2/2 idle 1/1 easy 1/1 | roll 1.5s upd 12.4s
[brain] it 908 [league 69%] R/ep 6.95 ent 2.23 kl 0.007 | hit/swing 57% dj/min 37.1 blk/min 0.3 abiHit 18 supHit 99 | expert 8/9 self 18/21 sovereign 6/8 easy 2/2 hard 2/2 | roll 1.5s upd 13.6s
[brain] it 909 [league 69%] R/ep 6.72 ent 2.33 kl 0.006 | hit/swing 51% dj/min 36.7 blk/min 0.5 abiHit 25 supHit 86 | expert 12/13 self 7/14 sovereign 5/8 easy 1/1 medium 4/4 idle 1/1 hard 1/1 | roll 1.4s upd 12.1s
[brain] it 910 [league 72%] R/ep 5.16 ent 2.32 kl 0.006 | hit/swing 50% dj/min 35.3 blk/min 0.0 abiHit 22 supHit 85 | expert 5/7 hard 4/4 self 8/15 easy 1/1 sovereign 9/11 medium 2/2 idle 2/2 | roll 1.4s upd 13.1s
[brain] it 911 [league 71%] R/ep 7.42 ent 2.28 kl 0.006 | hit/swing 55% dj/min 35.6 blk/min 0.1 abiHit 20 supHit 92 | self 14/16 expert 12/14 sovereign 4/7 hard 1/1 easy 2/2 idle 1/1 | roll 1.3s upd 12.9s
[brain] it 912 [league 70%] R/ep 5.73 ent 2.36 kl 0.007 | hit/swing 45% dj/min 37.4 blk/min 0.0 abiHit 18 supHit 77 | expert 8/9 sovereign 5/8 easy 3/3 self 9/15 idle 1/1 hard 1/1 medium 1/1 | roll 1.4s upd 13.2s
[brain] it 913 [league 70%] R/ep 8.63 ent 2.26 kl 0.006 | hit/swing 59% dj/min 36.9 blk/min 0.2 abiHit 16 supHit 105 | self 10/13 expert 9/9 sovereign 7/11 medium 4/4 idle 2/2 hard 2/2 easy 2/2 | roll 1.4s upd 12.9s
[brain] it 914 [league 70%] R/ep 6.49 ent 2.41 kl 0.006 | hit/swing 42% dj/min 38.1 blk/min 0.1 abiHit 23 supHit 74 | self 11/17 idle 2/2 expert 6/9 hard 3/3 sovereign 4/5 easy 1/1 | roll 1.4s upd 14.1s
[brain] it 915 [league 70%] R/ep 6.25 ent 2.26 kl 0.006 | hit/swing 55% dj/min 33.0 blk/min 0.1 abiHit 20 supHit 106 | expert 8/9 self 9/15 sovereign 10/14 hard 1/1 idle 2/2 medium 1/1 | roll 1.4s upd 13.0s
[brain] it 916 [league 68%] R/ep 6.20 ent 2.24 kl 0.004 | hit/swing 56% dj/min 34.4 blk/min 0.1 abiHit 16 supHit 105 | idle 2/2 sovereign 4/10 self 14/20 hard 2/2 expert 6/7 medium 3/3 | roll 1.5s upd 12.9s
[brain] it 917 [league 67%] R/ep 6.98 ent 2.37 kl 0.008 | hit/swing 42% dj/min 39.2 blk/min 0.3 abiHit 26 supHit 71 | sovereign 3/5 expert 8/9 self 9/15 idle 3/3 easy 2/2 medium 1/1 | roll 1.6s upd 13.0s
[brain] it 918 [league 64%] R/ep 7.63 ent 2.28 kl 0.006 | hit/swing 52% dj/min 34.2 blk/min 0.2 abiHit 18 supHit 93 | idle 5/5 expert 10/11 sovereign 3/7 self 11/15 medium 2/2 easy 2/2 hard 1/1 | roll 1.5s upd 12.9s
[brain] it 919 [league 67%] R/ep 9.62 ent 2.19 kl 0.007 | hit/swing 64% dj/min 33.7 blk/min 0.3 abiHit 8 supHit 113 | self 8/12 sovereign 11/12 expert 13/14 idle 2/2 hard 2/2 medium 2/2 easy 1/1 | roll 1.3s upd 13.0s
[brain] it 920 [league 67%] R/ep 7.46 ent 2.31 kl 0.006 | hit/swing 57% dj/min 36.3 blk/min 0.3 abiHit 15 supHit 90 | self 8/14 expert 8/8 easy 3/3 sovereign 6/9 idle 2/2 medium 2/2 hard 1/1 | roll 1.3s upd 13.0s
[brain] it 921 [league 66%] R/ep 6.12 ent 2.26 kl 0.006 | hit/swing 50% dj/min 37.1 blk/min 0.3 abiHit 15 supHit 88 | sovereign 3/6 expert 6/6 self 15/21 easy 2/2 hard 1/1 medium 1/1 idle 3/3 | roll 1.6s upd 13.8s
[brain] it 922 [league 63%] R/ep 3.65 ent 2.34 kl 0.004 | hit/swing 51% dj/min 37.5 blk/min 0.2 abiHit 19 supHit 81 | idle 2/2 self 10/17 sovereign 7/12 medium 3/3 expert 7/8 | roll 1.5s upd 12.9s
[brain] it 923 [league 64%] R/ep 7.38 ent 2.26 kl 0.007 | hit/swing 54% dj/min 34.4 blk/min 0.1 abiHit 22 supHit 84 | self 11/21 idle 4/4 expert 10/11 hard 2/2 medium 1/1 easy 1/1 sovereign 1/1 | roll 1.4s upd 13.0s
[brain] it 924 [league 63%] R/ep 5.39 ent 2.32 kl 0.006 | hit/swing 54% dj/min 35.8 blk/min 0.5 abiHit 24 supHit 90 | self 12/18 medium 3/3 idle 3/3 hard 2/2 sovereign 3/7 expert 5/5 easy 1/1 | roll 1.4s upd 13.2s
[brain] it 925 [league 65%] R/ep 7.04 ent 2.31 kl 0.006 | hit/swing 57% dj/min 36.8 blk/min 0.1 abiHit 18 supHit 84 | sovereign 9/9 expert 10/13 medium 2/2 self 9/14 easy 2/2 idle 1/1 hard 1/1 | roll 1.4s upd 13.2s
[brain] it 926 [league 67%] R/ep 6.80 ent 2.30 kl 0.005 | hit/swing 53% dj/min 35.8 blk/min 0.6 abiHit 16 supHit 90 | hard 2/2 sovereign 7/8 expert 10/13 self 12/15 idle 1/1 | roll 1.4s upd 13.0s
[brain] it 927 [league 65%] R/ep 5.51 ent 2.37 kl 0.006 | hit/swing 53% dj/min 37.2 blk/min 0.1 abiHit 12 supHit 88 | expert 6/7 sovereign 7/12 hard 1/1 easy 1/1 medium 3/3 self 10/14 | roll 1.4s upd 13.1s
[brain] it 928 [league 65%] R/ep 5.39 ent 2.39 kl 0.009 | hit/swing 46% dj/min 38.6 blk/min 0.0 abiHit 19 supHit 81 | sovereign 2/4 self 13/20 medium 1/1 expert 9/11 hard 1/1 idle 1/1 | roll 1.5s upd 13.1s
[brain] it 929 [league 64%] R/ep 4.84 ent 2.41 kl 0.006 | hit/swing 49% dj/min 38.4 blk/min 0.3 abiHit 24 supHit 81 | expert 10/12 sovereign 2/6 self 8/17 medium 2/2 easy 2/2 idle 1/1 | roll 1.4s upd 13.1s
[brain] it 930 [league 65%] R/ep 6.76 ent 2.39 kl 0.005 | hit/swing 48% dj/min 37.1 blk/min 0.2 abiHit 21 supHit 87 | hard 2/2 self 9/15 expert 9/10 sovereign 4/6 easy 2/2 idle 1/1 | roll 1.4s upd 13.2s
[brain] it 931 [league 65%] R/ep 3.26 ent 2.46 kl 0.006 | hit/swing 48% dj/min 39.3 blk/min 0.3 abiHit 17 supHit 73 | self 6/16 expert 7/7 medium 4/4 sovereign 6/11 idle 1/1 hard 1/1 | roll 1.7s upd 13.0s
[brain] it 932 [league 63%] R/ep 5.12 ent 2.30 kl 0.006 | hit/swing 56% dj/min 34.7 blk/min 0.2 abiHit 17 supHit 89 | self 11/23 sovereign 2/5 idle 1/1 hard 3/3 expert 8/8 easy 2/2 | roll 1.4s upd 13.0s
[brain] it 933 [league 61%] R/ep 5.22 ent 2.29 kl 0.007 | hit/swing 51% dj/min 36.0 blk/min 0.3 abiHit 25 supHit 95 | self 16/23 expert 6/6 sovereign 5/8 easy 1/1 medium 2/2 idle 1/1 | roll 1.5s upd 12.9s
[brain] it 934 [league 62%] R/ep 6.92 ent 2.28 kl 0.008 | hit/swing 56% dj/min 33.6 blk/min 0.4 abiHit 11 supHit 95 | expert 11/12 self 7/13 sovereign 6/10 idle 4/4 hard 4/4 | roll 1.4s upd 12.1s
[brain] it 935 [league 63%] R/ep 7.62 ent 2.31 kl 0.005 | hit/swing 57% dj/min 34.6 blk/min 0.2 abiHit 12 supHit 99 | idle 1/1 medium 4/4 self 8/14 sovereign 6/9 expert 13/14 easy 3/3 hard 1/1 | roll 1.3s upd 12.8s
[brain] it 936 [league 64%] R/ep 4.50 ent 2.30 kl 0.007 | hit/swing 54% dj/min 34.2 blk/min 0.5 abiHit 34 supHit 86 | expert 6/7 self 6/19 sovereign 6/7 easy 2/2 medium 4/4 idle 5/5 | roll 1.3s upd 13.0s
[brain] it 937 [league 65%] R/ep 8.18 ent 2.27 kl 0.005 | hit/swing 59% dj/min 34.2 blk/min 0.3 abiHit 16 supHit 86 | easy 2/2 self 11/18 expert 9/9 sovereign 3/4 idle 6/6 hard 2/2 medium 1/1 | roll 1.3s upd 12.9s
[brain] it 938 [league 60%] R/ep 5.37 ent 2.25 kl 0.005 | hit/swing 58% dj/min 34.2 blk/min 0.3 abiHit 12 supHit 102 | idle 1/1 self 8/16 sovereign 5/11 expert 7/8 medium 2/2 easy 3/3 hard 2/2 | roll 1.4s upd 12.9s
[brain] it 939 [league 56%] R/ep 6.78 ent 2.33 kl 0.006 | hit/swing 56% dj/min 37.3 blk/min 0.5 abiHit 5 supHit 89 | sovereign 4/12 self 11/13 hard 4/4 expert 10/10 medium 1/1 easy 1/1 | roll 1.4s upd 13.4s
[brain] it 940 [league 55%] R/ep 5.19 ent 2.24 kl 0.005 | hit/swing 54% dj/min 34.9 blk/min 0.5 abiHit 13 supHit 103 | easy 1/1 self 15/26 hard 1/1 sovereign 4/7 expert 4/4 medium 4/4 idle 1/1 | roll 1.5s upd 13.4s
[brain] it 941 [league 57%] R/ep 5.57 ent 2.34 kl 0.006 | hit/swing 53% dj/min 35.9 blk/min 0.2 abiHit 26 supHit 94 | expert 8/10 self 9/19 easy 2/2 hard 3/3 sovereign 5/6 idle 1/1 | roll 1.4s upd 13.1s
[brain] it 942 [league 60%] R/ep 5.65 ent 2.33 kl 0.007 | hit/swing 54% dj/min 37.8 blk/min 0.3 abiHit 31 supHit 97 | self 15/25 expert 5/5 sovereign 6/7 medium 3/3 easy 1/1 | roll 1.7s upd 13.3s
[brain] it 943 [league 62%] R/ep 9.58 ent 2.47 kl 0.005 | hit/swing 48% dj/min 39.7 blk/min 0.2 abiHit 18 supHit 75 | expert 13/13 self 11/13 idle 2/2 sovereign 4/5 medium 1/1 easy 3/3 hard 1/1 | roll 1.3s upd 13.0s
[brain] it 944 [league 61%] R/ep 8.07 ent 2.32 kl 0.008 | hit/swing 53% dj/min 35.1 blk/min 0.3 abiHit 20 supHit 91 | sovereign 5/9 self 12/17 idle 3/3 medium 2/2 expert 11/11 easy 1/1 | roll 1.5s upd 13.0s
[brain] it 945 [league 64%] R/ep 6.41 ent 2.27 kl 0.004 | hit/swing 55% dj/min 36.8 blk/min 0.1 abiHit 17 supHit 88 | sovereign 6/8 expert 10/10 self 11/20 medium 2/2 hard 1/1 idle 1/1 | roll 1.4s upd 13.0s
[brain] it 946 [league 64%] R/ep 6.44 ent 2.25 kl 0.005 | hit/swing 55% dj/min 33.4 blk/min 0.2 abiHit 19 supHit 100 | self 11/21 medium 2/2 expert 9/9 easy 2/2 sovereign 4/5 hard 3/3 idle 1/1 | roll 1.4s upd 13.0s
[brain] it 947 [league 64%] R/ep 7.08 ent 2.27 kl 0.005 | hit/swing 57% dj/min 34.2 blk/min 0.3 abiHit 18 supHit 101 | idle 2/2 expert 8/8 sovereign 8/13 self 12/18 hard 3/3 medium 1/1 | roll 1.4s upd 13.1s
[brain] it 948 [league 63%] R/ep 7.31 ent 2.22 kl 0.004 | hit/swing 58% dj/min 34.1 blk/min 0.4 abiHit 13 supHit 109 | easy 3/3 expert 5/5 self 17/21 sovereign 9/12 hard 3/3 medium 1/1 | roll 1.5s upd 12.9s
[brain] it 949 [league 65%] R/ep 6.72 ent 2.27 kl 0.007 | hit/swing 61% dj/min 33.1 blk/min 0.1 abiHit 9 supHit 103 | expert 9/11 self 9/18 medium 3/3 sovereign 8/9 easy 4/4 idle 1/1 hard 1/1 | roll 1.4s upd 13.1s
[brain] it 950 [league 69%] R/ep 9.31 ent 2.29 kl 0.006 | hit/swing 64% dj/min 33.2 blk/min 0.2 abiHit 13 supHit 93 | easy 5/5 idle 3/3 hard 1/1 expert 11/11 self 9/15 sovereign 5/5 medium 3/3 | roll 1.3s upd 13.3s
[brain] it 951 [league 72%] R/ep 5.17 ent 2.25 kl 0.005 | hit/swing 57% dj/min 33.4 blk/min 0.4 abiHit 12 supHit 102 | hard 3/3 self 6/15 sovereign 6/10 expert 10/11 easy 4/4 medium 4/4 idle 1/1 | roll 1.4s upd 13.2s
[brain] it 952 [league 72%] R/ep 7.48 ent 2.37 kl 0.006 | hit/swing 54% dj/min 36.6 blk/min 0.1 abiHit 22 supHit 89 | self 10/18 expert 12/14 hard 4/4 sovereign 2/4 medium 1/1 idle 1/1 easy 2/2 | roll 1.3s upd 13.1s
[brain] it 953 [league 72%] R/ep 6.36 ent 2.34 kl 0.006 | hit/swing 46% dj/min 37.2 blk/min 0.4 abiHit 15 supHit 89 | self 11/15 expert 9/9 sovereign 5/8 medium 1/1 easy 2/2 hard 2/2 | roll 1.4s upd 13.3s
[brain] it 954 [league 72%] R/ep 7.15 ent 2.27 kl 0.006 | hit/swing 48% dj/min 35.2 blk/min 0.1 abiHit 24 supHit 92 | sovereign 5/6 easy 1/1 self 15/20 expert 9/10 medium 1/1 idle 1/1 hard 1/1 | roll 1.5s upd 12.9s
[brain] it 955 [league 72%] R/ep 8.18 ent 2.26 kl 0.005 | hit/swing 55% dj/min 33.9 blk/min 0.4 abiHit 10 supHit 95 | self 11/17 expert 10/10 sovereign 8/9 idle 3/3 easy 1/1 hard 2/2 | roll 1.4s upd 13.5s
[brain] it 956 [league 75%] R/ep 8.96 ent 2.46 kl 0.006 | hit/swing 54% dj/min 38.0 blk/min 0.1 abiHit 14 supHit 80 | sovereign 7/8 hard 1/1 self 6/10 expert 12/13 idle 3/3 medium 2/2 easy 2/2 | roll 1.5s upd 13.3s
[brain] it 957 [league 76%] R/ep 5.29 ent 2.43 kl 0.004 | hit/swing 54% dj/min 37.6 blk/min 0.3 abiHit 24 supHit 75 | sovereign 5/5 self 9/19 expert 5/8 hard 1/1 idle 2/2 medium 2/2 | roll 1.4s upd 13.4s
[brain] it 958 [league 74%] R/ep 6.98 ent 2.19 kl 0.006 | hit/swing 58% dj/min 32.4 blk/min 0.2 abiHit 15 supHit 101 | self 14/20 sovereign 5/9 idle 3/3 expert 10/10 easy 2/2 hard 1/1 | roll 1.5s upd 14.4s
[brain] it 959 [league 74%] R/ep 7.44 ent 2.19 kl 0.006 | hit/swing 63% dj/min 30.5 blk/min 0.1 abiHit 12 supHit 119 | sovereign 8/11 expert 10/10 self 10/17 hard 2/2 easy 2/2 medium 3/3 idle 1/1 | roll 1.5s upd 14.4s
[brain] it 960 [league 78%] R/ep 7.91 ent 2.25 kl 0.006 | hit/swing 58% dj/min 32.3 blk/min 0.2 abiHit 27 supHit 105 | expert 11/13 self 14/19 sovereign 6/8 idle 5/5 medium 2/2 | roll 1.5s upd 14.6s
[brain] it 961 [league 74%] R/ep 3.35 ent 2.43 kl 0.007 | hit/swing 46% dj/min 37.9 blk/min 0.2 abiHit 23 supHit 85 | self 8/16 sovereign 9/14 expert 7/10 medium 1/1 | roll 1.8s upd 13.9s
[brain] it 962 [league 69%] R/ep 4.59 ent 2.47 kl 0.005 | hit/swing 49% dj/min 36.1 blk/min 0.3 abiHit 17 supHit 77 | sovereign 3/8 expert 6/9 hard 4/4 self 5/12 medium 4/4 | roll 1.3s upd 12.9s
[brain] it 963 [league 70%] R/ep 6.59 ent 2.30 kl 0.006 | hit/swing 57% dj/min 34.7 blk/min 0.2 abiHit 15 supHit 82 | medium 5/5 self 5/15 expert 11/13 idle 4/4 sovereign 5/6 | roll 1.5s upd 13.1s
[brain] it 964 [league 73%] R/ep 7.40 ent 2.28 kl 0.006 | hit/swing 55% dj/min 35.7 blk/min 0.0 abiHit 20 supHit 96 | expert 10/11 medium 3/3 sovereign 8/9 self 11/18 hard 1/1 easy 1/1 | roll 1.4s upd 13.1s
[brain] it 965 [league 73%] R/ep 8.93 ent 2.34 kl 0.007 | hit/swing 61% dj/min 35.0 blk/min 0.4 abiHit 22 supHit 98 | easy 4/4 sovereign 8/11 expert 14/14 hard 3/3 self 6/11 idle 2/2 medium 1/1 | roll 1.5s upd 14.3s
[brain] it 966 [league 72%] R/ep 7.40 ent 2.26 kl 0.006 | hit/swing 63% dj/min 33.8 blk/min 0.2 abiHit 16 supHit 97 | self 8/13 hard 2/2 idle 3/3 sovereign 9/12 easy 2/2 medium 3/3 expert 8/9 | roll 1.4s upd 13.1s
[brain] it 967 [league 69%] R/ep 4.00 ent 2.31 kl 0.006 | hit/swing 59% dj/min 33.4 blk/min 0.3 abiHit 17 supHit 94 | self 8/17 sovereign 8/12 expert 12/12 easy 1/1 | roll 1.5s upd 11.8s
[brain] it 968 [league 72%] R/ep 4.74 ent 2.34 kl 0.006 | hit/swing 49% dj/min 35.7 blk/min 0.4 abiHit 20 supHit 89 | expert 5/5 medium 2/2 sovereign 8/9 self 13/22 easy 3/3 | roll 1.5s upd 13.1s
[brain] it 969 [league 69%] R/ep 7.78 ent 2.25 kl 0.008 | hit/swing 60% dj/min 32.5 blk/min 0.2 abiHit 11 supHit 85 | sovereign 1/4 idle 2/2 hard 2/2 expert 7/7 easy 3/3 self 13/19 medium 3/3 | roll 1.3s upd 12.9s
[brain] it 970 [league 71%] R/ep 7.80 ent 2.25 kl 0.006 | hit/swing 62% dj/min 32.0 blk/min 0.1 abiHit 14 supHit 112 | easy 4/4 sovereign 11/13 self 11/15 expert 10/11 medium 4/4 hard 4/4 | roll 1.4s upd 13.1s
[brain] it 971 [league 70%] R/ep 2.81 ent 2.34 kl 0.006 | hit/swing 48% dj/min 33.1 blk/min 0.2 abiHit 34 supHit 79 | sovereign 3/8 self 11/20 expert 6/8 medium 1/1 idle 1/1 hard 1/1 | roll 1.4s upd 13.0s
[brain] it 972 [league 69%] R/ep 5.61 ent 2.40 kl 0.006 | hit/swing 54% dj/min 34.3 blk/min 0.1 abiHit 19 supHit 83 | self 8/14 medium 1/1 hard 1/1 expert 12/15 sovereign 4/7 idle 1/1 easy 1/1 | roll 1.4s upd 12.8s
[brain] it 973 [league 70%] R/ep 7.49 ent 2.34 kl 0.004 | hit/swing 57% dj/min 35.2 blk/min 0.2 abiHit 13 supHit 91 | self 12/17 expert 14/15 hard 1/1 sovereign 3/5 medium 2/2 | roll 1.3s upd 13.2s
[brain] it 974 [league 67%] R/ep 4.60 ent 2.36 kl 0.006 | hit/swing 50% dj/min 35.9 blk/min 0.1 abiHit 13 supHit 92 | expert 5/7 sovereign 7/13 hard 1/1 self 10/14 idle 1/1 medium 1/1 | roll 1.5s upd 13.0s
[brain] it 975 [league 65%] R/ep 4.82 ent 2.38 kl 0.006 | hit/swing 50% dj/min 33.5 blk/min 0.3 abiHit 23 supHit 86 | self 9/17 expert 5/6 sovereign 6/10 easy 2/2 medium 3/3 hard 1/1 idle 1/1 | roll 1.3s upd 11.9s
[brain] it 976 [league 63%] R/ep 7.49 ent 2.22 kl 0.005 | hit/swing 63% dj/min 30.3 blk/min 0.3 abiHit 18 supHit 105 | self 12/19 hard 3/3 expert 11/11 sovereign 3/6 idle 2/2 easy 2/2 medium 1/1 | roll 1.4s upd 13.0s
[brain] it 977 [league 61%] R/ep 5.06 ent 2.30 kl 0.006 | hit/swing 55% dj/min 31.8 blk/min 0.1 abiHit 10 supHit 94 | sovereign 6/12 self 8/16 expert 9/9 easy 4/4 idle 1/1 medium 1/1 | roll 1.4s upd 13.4s
[brain] it 978 [league 61%] R/ep 6.44 ent 2.28 kl 0.005 | hit/swing 58% dj/min 30.8 blk/min 0.2 abiHit 16 supHit 102 | self 8/17 medium 2/2 sovereign 8/11 expert 12/12 idle 2/2 hard 1/1 easy 1/1 | roll 1.4s upd 13.0s
[brain] it 979 [league 59%] R/ep 5.57 ent 2.32 kl 0.006 | hit/swing 54% dj/min 31.7 blk/min 0.1 abiHit 19 supHit 86 | sovereign 4/7 idle 4/4 self 9/19 easy 1/1 expert 7/8 hard 2/2 | roll 1.5s upd 12.9s
[brain] it 980 [league 60%] R/ep 6.65 ent 2.27 kl 0.006 | hit/swing 62% dj/min 30.3 blk/min 0.1 abiHit 15 supHit 95 | expert 9/11 hard 1/1 self 12/16 sovereign 5/8 easy 3/3 idle 1/1 medium 1/1 | roll 1.4s upd 13.1s
[brain] it 981 [league 59%] R/ep 5.98 ent 2.34 kl 0.005 | hit/swing 52% dj/min 32.6 blk/min 0.2 abiHit 26 supHit 85 | self 9/17 expert 11/12 sovereign 5/8 idle 2/2 easy 1/1 hard 1/1 | roll 1.4s upd 12.9s
[brain] it 982 [league 61%] R/ep 5.60 ent 2.42 kl 0.007 | hit/swing 50% dj/min 34.7 blk/min 0.0 abiHit 21 supHit 86 | expert 6/7 self 8/15 sovereign 8/11 easy 1/1 medium 2/2 idle 2/2 | roll 1.6s upd 13.0s
[brain] it 983 [league 62%] R/ep 6.86 ent 2.22 kl 0.006 | hit/swing 63% dj/min 30.2 blk/min 0.5 abiHit 14 supHit 106 | self 9/18 sovereign 9/12 easy 2/2 hard 1/1 expert 15/15 idle 2/2 | roll 1.4s upd 13.2s
[brain] it 984 [league 63%] R/ep 4.51 ent 2.36 kl 0.007 | hit/swing 53% dj/min 33.3 blk/min 0.1 abiHit 23 supHit 84 | self 11/19 sovereign 5/8 expert 7/9 easy 1/1 idle 1/1 hard 1/1 | roll 1.5s upd 12.9s
[brain] it 985 [league 64%] R/ep 5.26 ent 2.30 kl 0.006 | hit/swing 55% dj/min 32.7 blk/min 0.1 abiHit 10 supHit 99 | idle 1/1 expert 6/6 sovereign 7/11 self 11/19 hard 4/4 easy 2/2 | roll 1.5s upd 13.2s
[brain] it 986 [league 63%] R/ep 5.57 ent 2.27 kl 0.006 | hit/swing 60% dj/min 30.1 blk/min 0.1 abiHit 9 supHit 97 | self 7/14 sovereign 6/11 easy 1/1 hard 1/1 expert 14/14 medium 2/2 | roll 1.4s upd 12.2s
[brain] it 987 [league 67%] R/ep 8.05 ent 2.26 kl 0.004 | hit/swing 63% dj/min 30.7 blk/min 0.1 abiHit 26 supHit 104 | expert 9/10 idle 2/2 sovereign 7/8 self 9/15 easy 2/2 medium 3/3 hard 4/4 | roll 1.5s upd 14.1s
[brain] it 988 [league 66%] R/ep 8.05 ent 2.40 kl 0.006 | hit/swing 52% dj/min 35.2 blk/min 0.3 abiHit 19 supHit 81 | expert 15/19 self 8/15 sovereign 1/2 easy 4/4 idle 2/2 | roll 1.4s upd 13.3s
[brain] it 989 [league 66%] R/ep 5.26 ent 2.40 kl 0.006 | hit/swing 52% dj/min 36.2 blk/min 0.1 abiHit 21 supHit 89 | idle 1/1 self 12/17 sovereign 7/11 easy 1/1 expert 5/7 hard 1/1 medium 1/1 | roll 1.4s upd 13.0s
[brain] it 990 [league 67%] R/ep 9.63 ent 2.18 kl 0.006 | hit/swing 67% dj/min 31.3 blk/min 0.1 abiHit 12 supHit 100 | sovereign 5/7 self 7/12 idle 4/4 expert 18/18 easy 3/3 hard 1/1 medium 1/1 | roll 1.3s upd 13.1s
[brain] it 991 [league 68%] R/ep 6.85 ent 2.21 kl 0.007 | hit/swing 63% dj/min 31.5 blk/min 0.3 abiHit 14 supHit 108 | expert 8/11 self 16/21 easy 2/2 sovereign 5/7 idle 1/1 hard 2/2 medium 2/2 | roll 1.4s upd 12.8s
[brain] it 992 [league 65%] R/ep 4.53 ent 2.25 kl 0.006 | hit/swing 56% dj/min 32.0 blk/min 0.3 abiHit 23 supHit 108 | expert 10/12 self 11/17 sovereign 6/13 idle 1/1 easy 2/2 medium 1/1 | roll 1.4s upd 13.1s
[brain] it 993 [league 64%] R/ep 4.76 ent 2.24 kl 0.006 | hit/swing 56% dj/min 32.2 blk/min 0.2 abiHit 11 supHit 98 | self 10/22 sovereign 4/7 hard 2/2 expert 10/11 easy 1/1 medium 1/1 | roll 1.5s upd 13.0s
[brain] it 994 [league 63%] R/ep 6.88 ent 2.28 kl 0.007 | hit/swing 56% dj/min 31.3 blk/min 0.2 abiHit 25 supHit 99 | expert 10/10 sovereign 5/8 self 9/15 easy 4/4 hard 1/1 medium 5/5 idle 2/2 | roll 1.3s upd 13.0s
[brain] it 995 [league 64%] R/ep 6.85 ent 2.22 kl 0.006 | hit/swing 59% dj/min 31.6 blk/min 0.1 abiHit 11 supHit 98 | self 8/16 expert 9/10 sovereign 6/7 medium 3/3 hard 4/4 idle 1/1 easy 2/2 | roll 1.3s upd 13.2s
[brain] it 996 [league 64%] R/ep 4.25 ent 2.45 kl 0.007 | hit/swing 54% dj/min 36.1 blk/min 0.0 abiHit 5 supHit 71 | expert 6/9 sovereign 5/9 self 10/14 easy 2/2 medium 3/3 hard 2/2 idle 1/1 | roll 1.4s upd 13.2s
[brain] it 997 [league 63%] R/ep 7.74 ent 2.23 kl 0.006 | hit/swing 62% dj/min 30.8 blk/min 0.1 abiHit 13 supHit 95 | sovereign 3/5 self 9/17 idle 4/4 expert 10/10 hard 3/3 easy 1/1 medium 3/3 | roll 1.3s upd 12.0s
[brain] it 998 [league 63%] R/ep 6.26 ent 2.37 kl 0.006 | hit/swing 49% dj/min 34.7 blk/min 0.3 abiHit 24 supHit 78 | self 11/18 expert 6/6 medium 3/3 sovereign 5/8 easy 3/3 | roll 1.5s upd 13.0s
[brain] it 999 [league 67%] R/ep 6.03 ent 2.31 kl 0.005 | hit/swing 55% dj/min 33.8 blk/min 0.3 abiHit 10 supHit 102 | self 10/17 sovereign 10/11 expert 7/9 hard 3/3 easy 3/3 idle 1/1 | roll 1.4s upd 13.0s
[brain] it 1000 [league 64%] R/ep 7.56 ent 2.29 kl 0.007 | hit/swing 60% dj/min 34.4 blk/min 0.1 abiHit 5 supHit 92 | easy 3/3 expert 7/8 self 13/17 hard 3/3 sovereign 7/12 idle 1/1 medium 3/3 | roll 1.4s upd 13.3s
[brain] it 1001 [league 66%] R/ep 5.09 ent 2.49 kl 0.006 | hit/swing 45% dj/min 38.1 blk/min 0.2 abiHit 26 supHit 76 | sovereign 9/11 self 10/16 expert 6/8 idle 1/1 medium 1/1 hard 1/1 | roll 1.6s upd 14.6s
[brain] it 1002 [league 66%] R/ep 9.39 ent 2.25 kl 0.007 | hit/swing 61% dj/min 32.7 blk/min 0.0 abiHit 11 supHit 103 | expert 9/9 self 15/18 sovereign 5/8 medium 1/1 idle 3/3 hard 4/4 easy 2/2 | roll 1.3s upd 13.2s
[brain] it 1003 [league 68%] R/ep 6.35 ent 2.38 kl 0.007 | hit/swing 51% dj/min 35.4 blk/min 0.5 abiHit 23 supHit 83 | expert 6/7 self 14/18 sovereign 7/8 hard 1/1 idle 2/2 easy 3/3 | roll 1.3s upd 12.9s
[brain] it 1004 [league 71%] R/ep 6.20 ent 2.28 kl 0.006 | hit/swing 60% dj/min 32.9 blk/min 0.3 abiHit 18 supHit 106 | self 10/15 expert 6/7 sovereign 11/16 idle 2/2 easy 3/3 hard 2/2 medium 3/3 | roll 1.3s upd 13.2s
[brain] it 1005 [league 70%] R/ep 8.09 ent 2.21 kl 0.005 | hit/swing 60% dj/min 32.7 blk/min 0.2 abiHit 8 supHit 106 | expert 10/10 self 16/20 sovereign 6/9 easy 3/3 idle 2/2 hard 2/2 | roll 1.5s upd 13.2s
[brain] it 1006 [league 71%] R/ep 7.40 ent 2.33 kl 0.006 | hit/swing 53% dj/min 35.7 blk/min 0.2 abiHit 15 supHit 86 | sovereign 7/11 self 11/14 expert 8/8 easy 2/2 hard 3/3 | roll 1.5s upd 13.0s
[brain] it 1007 [league 70%] R/ep 7.68 ent 2.25 kl 0.006 | hit/swing 59% dj/min 33.4 blk/min 0.3 abiHit 23 supHit 99 | self 11/21 expert 17/17 sovereign 4/7 easy 4/4 hard 1/1 medium 1/1 | roll 1.4s upd 13.0s
[brain] it 1008 [league 71%] R/ep 7.64 ent 2.29 kl 0.007 | hit/swing 61% dj/min 33.9 blk/min 0.3 abiHit 14 supHit 84 | self 7/13 expert 13/13 sovereign 8/10 medium 2/2 idle 4/4 | roll 1.4s upd 13.3s
[brain] it 1009 [league 70%] R/ep 6.89 ent 2.22 kl 0.005 | hit/swing 61% dj/min 33.2 blk/min 0.1 abiHit 23 supHit 98 | idle 2/2 self 12/18 expert 8/11 easy 6/6 sovereign 7/9 | roll 1.4s upd 13.5s
[brain] it 1010 [league 72%] R/ep 7.64 ent 2.30 kl 0.007 | hit/swing 56% dj/min 34.3 blk/min 0.4 abiHit 21 supHit 94 | expert 9/11 idle 4/4 sovereign 5/5 self 14/19 easy 2/2 hard 1/1 | roll 1.4s upd 13.3s
[brain] it 1011 [league 71%] R/ep 8.04 ent 2.31 kl 0.006 | hit/swing 62% dj/min 34.2 blk/min 0.1 abiHit 19 supHit 91 | self 11/14 expert 10/10 medium 3/3 sovereign 5/10 idle 1/1 easy 2/2 hard 2/2 | roll 1.3s upd 12.9s
[brain] it 1012 [league 71%] R/ep 6.09 ent 2.26 kl 0.007 | hit/swing 56% dj/min 33.0 blk/min 0.1 abiHit 19 supHit 90 | self 8/17 expert 10/11 easy 1/1 sovereign 8/10 hard 1/1 idle 2/2 | roll 1.4s upd 13.2s
[brain] it 1013 [league 71%] R/ep 5.33 ent 2.31 kl 0.007 | hit/swing 58% dj/min 33.6 blk/min 0.3 abiHit 18 supHit 84 | self 13/20 expert 10/12 sovereign 4/6 idle 2/2 medium 1/1 easy 1/1 | roll 1.4s upd 12.4s
[brain] it 1014 [league 70%] R/ep 6.07 ent 2.23 kl 0.006 | hit/swing 54% dj/min 34.2 blk/min 0.3 abiHit 13 supHit 103 | self 11/19 sovereign 7/9 expert 10/11 idle 1/1 medium 1/1 easy 1/1 hard 1/1 | roll 1.4s upd 13.0s
[brain] it 1015 [league 73%] R/ep 6.54 ent 2.30 kl 0.008 | hit/swing 58% dj/min 33.2 blk/min 0.4 abiHit 12 supHit 93 | expert 10/11 idle 2/2 self 8/16 hard 1/1 sovereign 8/9 medium 3/3 easy 1/1 | roll 1.5s upd 13.1s
[brain] it 1016 [league 73%] R/ep 8.91 ent 2.46 kl 0.005 | hit/swing 54% dj/min 36.3 blk/min 0.0 abiHit 11 supHit 79 | easy 3/3 self 12/14 expert 11/11 sovereign 4/5 idle 3/3 medium 1/1 hard 1/1 | roll 1.6s upd 14.1s
[brain] it 1017 [league 75%] R/ep 7.74 ent 2.28 kl 0.005 | hit/swing 61% dj/min 33.1 blk/min 0.4 abiHit 19 supHit 96 | self 11/19 expert 11/11 sovereign 7/8 hard 2/2 medium 3/3 easy 2/2 idle 2/2 | roll 1.4s upd 13.6s
[brain] it 1018 [league 76%] R/ep 9.53 ent 2.15 kl 0.006 | hit/swing 65% dj/min 31.4 blk/min 0.0 abiHit 7 supHit 104 | self 16/22 sovereign 2/3 expert 11/11 medium 4/4 hard 2/2 easy 4/4 idle 2/2 | roll 1.4s upd 14.3s
[brain] it 1019 [league 76%] R/ep 8.30 ent 2.29 kl 0.004 | hit/swing 54% dj/min 33.9 blk/min 0.1 abiHit 19 supHit 94 | expert 8/10 self 11/18 easy 3/3 hard 4/4 sovereign 3/4 idle 3/3 medium 3/3 | roll 1.3s upd 13.0s
[brain] it 1020 [league 76%] R/ep 4.26 ent 2.33 kl 0.006 | hit/swing 54% dj/min 36.2 blk/min 0.2 abiHit 26 supHit 83 | expert 8/10 self 11/21 sovereign 4/5 medium 1/1 idle 2/2 hard 1/1 | roll 1.3s upd 11.9s
[brain] it 1021 [league 78%] R/ep 7.43 ent 2.26 kl 0.004 | hit/swing 54% dj/min 36.2 blk/min 0.2 abiHit 19 supHit 110 | self 14/21 sovereign 9/10 expert 6/6 easy 2/2 hard 1/1 idle 3/3 | roll 1.5s upd 13.2s
[brain] it 1022 [league 76%] R/ep 5.83 ent 2.17 kl 0.004 | hit/swing 61% dj/min 31.6 blk/min 0.0 abiHit 11 supHit 107 | expert 8/8 sovereign 8/14 self 10/16 idle 3/3 easy 2/2 medium 2/2 hard 1/1 | roll 1.3s upd 13.1s
[brain] it 1023 [league 75%] R/ep 6.64 ent 2.25 kl 0.005 | hit/swing 58% dj/min 32.6 blk/min 0.2 abiHit 16 supHit 90 | medium 3/3 expert 12/14 sovereign 5/6 self 7/13 hard 2/2 easy 2/2 idle 1/1 | roll 1.4s upd 12.9s
[brain] it 1024 [league 75%] R/ep 4.77 ent 2.34 kl 0.005 | hit/swing 51% dj/min 36.3 blk/min 0.2 abiHit 20 supHit 91 | expert 9/10 hard 2/2 self 9/17 sovereign 5/10 easy 1/1 medium 1/1 idle 1/1 | roll 1.3s upd 13.5s
[brain] it 1025 [league 74%] R/ep 7.32 ent 2.30 kl 0.006 | hit/swing 57% dj/min 35.5 blk/min 0.1 abiHit 20 supHit 92 | sovereign 5/7 expert 16/18 self 10/16 easy 1/1 idle 1/1 | roll 1.3s upd 13.0s
[brain] it 1026 [league 74%] R/ep 7.16 ent 2.29 kl 0.007 | hit/swing 54% dj/min 35.3 blk/min 0.3 abiHit 13 supHit 94 | self 10/16 expert 9/9 sovereign 7/10 medium 1/1 idle 2/2 | roll 1.3s upd 13.5s
[brain] it 1027 [league 73%] R/ep 8.76 ent 2.26 kl 0.005 | hit/swing 61% dj/min 33.6 blk/min 0.0 abiHit 18 supHit 84 | expert 13/15 self 12/17 medium 4/4 sovereign 1/2 hard 3/3 easy 2/2 idle 2/2 | roll 1.2s upd 12.3s
[brain] it 1028 [league 74%] R/ep 6.44 ent 2.35 kl 0.005 | hit/swing 51% dj/min 38.4 blk/min 0.1 abiHit 33 supHit 80 | easy 1/1 expert 9/11 self 12/17 sovereign 8/9 idle 2/2 | roll 1.5s upd 13.1s
[brain] it 1029 [league 73%] R/ep 4.02 ent 2.40 kl 0.007 | hit/swing 46% dj/min 38.7 blk/min 0.1 abiHit 34 supHit 75 | self 14/20 sovereign 6/8 easy 1/1 expert 3/5 idle 2/2 medium 1/1 | roll 1.4s upd 13.2s
[brain] it 1030 [league 73%] R/ep 6.34 ent 2.23 kl 0.005 | hit/swing 53% dj/min 36.2 blk/min 0.2 abiHit 25 supHit 106 | self 11/18 sovereign 7/9 expert 8/10 idle 2/2 medium 2/2 hard 2/2 | roll 1.4s upd 13.4s
[brain] it 1031 [league 71%] R/ep 4.21 ent 2.35 kl 0.006 | hit/swing 54% dj/min 37.6 blk/min 0.1 abiHit 10 supHit 84 | expert 4/5 hard 3/3 self 12/21 sovereign 5/9 easy 2/2 medium 1/1 | roll 1.5s upd 13.1s
[brain] it 1032 [league 70%] R/ep 6.27 ent 2.21 kl 0.008 | hit/swing 56% dj/min 33.9 blk/min 0.1 abiHit 11 supHit 103 | self 14/22 expert 10/10 sovereign 7/9 medium 1/1 idle 1/1 hard 2/2 | roll 1.4s upd 13.2s
[brain] it 1033 [league 70%] R/ep 6.77 ent 2.28 kl 0.005 | hit/swing 54% dj/min 34.8 blk/min 0.3 abiHit 25 supHit 96 | self 15/21 expert 9/11 sovereign 7/9 medium 3/3 easy 1/1 idle 1/1 | roll 1.4s upd 13.6s
[brain] it 1034 [league 70%] R/ep 6.46 ent 2.23 kl 0.005 | hit/swing 59% dj/min 34.2 blk/min 0.2 abiHit 16 supHit 99 | expert 9/11 self 14/21 medium 3/3 sovereign 3/7 hard 3/3 idle 1/1 easy 1/1 | roll 1.5s upd 13.8s
[brain] it 1035 [league 68%] R/ep 4.24 ent 2.42 kl 0.006 | hit/swing 53% dj/min 37.6 blk/min 0.1 abiHit 11 supHit 79 | self 10/19 expert 7/8 sovereign 6/10 easy 1/1 idle 1/1 medium 1/1 | roll 1.5s upd 13.4s
[brain] it 1036 [league 68%] R/ep 7.55 ent 2.34 kl 0.005 | hit/swing 56% dj/min 35.7 blk/min 0.3 abiHit 23 supHit 97 | self 10/16 sovereign 5/9 expert 10/10 hard 2/2 easy 4/4 idle 1/1 | roll 1.4s upd 13.1s
[brain] it 1037 [league 69%] R/ep 7.09 ent 2.22 kl 0.005 | hit/swing 58% dj/min 30.2 blk/min 0.2 abiHit 6 supHit 96 | expert 7/8 idle 4/4 self 12/16 sovereign 7/10 hard 3/3 | roll 1.4s upd 13.8s
[brain] it 1038 [league 67%] R/ep 5.53 ent 2.31 kl 0.006 | hit/swing 55% dj/min 32.9 blk/min 0.1 abiHit 17 supHit 86 | hard 1/1 self 7/16 sovereign 3/7 medium 1/1 expert 13/15 easy 1/1 idle 4/4 | roll 1.4s upd 13.1s
[brain] it 1039 [league 67%] R/ep 6.86 ent 2.34 kl 0.006 | hit/swing 55% dj/min 36.6 blk/min 0.4 abiHit 8 supHit 89 | sovereign 8/10 easy 2/2 self 12/17 expert 5/6 medium 4/4 | roll 1.5s upd 13.5s
[brain] it 1040 [league 66%] R/ep 6.47 ent 2.44 kl 0.005 | hit/swing 45% dj/min 40.2 blk/min 0.1 abiHit 19 supHit 77 | sovereign 4/6 self 13/19 expert 10/12 easy 2/2 medium 1/1 hard 1/1 | roll 1.5s upd 14.5s
[brain] it 1041 [league 68%] R/ep 6.07 ent 2.33 kl 0.006 | hit/swing 57% dj/min 35.1 blk/min 0.2 abiHit 11 supHit 93 | sovereign 9/10 medium 3/3 self 9/19 hard 1/1 idle 1/1 expert 6/7 easy 3/3 | roll 1.4s upd 13.1s
[brain] it 1042 [league 68%] R/ep 3.28 ent 2.37 kl 0.006 | hit/swing 49% dj/min 36.0 blk/min 0.1 abiHit 22 supHit 89 | expert 8/10 sovereign 7/11 medium 2/2 self 6/17 hard 2/2 easy 1/1 | roll 1.5s upd 13.2s
[brain] it 1043 [league 68%] R/ep 7.83 ent 2.29 kl 0.006 | hit/swing 52% dj/min 34.3 blk/min 0.1 abiHit 23 supHit 95 | self 15/20 expert 11/12 easy 4/4 sovereign 3/4 idle 2/2 hard 1/1 | roll 1.5s upd 13.2s
[brain] it 1044 [league 64%] R/ep 5.28 ent 2.31 kl 0.006 | hit/swing 55% dj/min 37.7 blk/min 0.1 abiHit 17 supHit 89 | idle 1/1 sovereign 7/13 medium 2/2 expert 9/11 self 8/12 hard 1/1 easy 1/1 | roll 1.4s upd 12.8s
[brain] it 1045 [league 64%] R/ep 6.52 ent 2.41 kl 0.005 | hit/swing 50% dj/min 37.4 blk/min 0.2 abiHit 27 supHit 73 | sovereign 5/8 easy 3/3 medium 4/4 expert 6/6 self 8/16 idle 2/2 | roll 1.5s upd 13.6s
[brain] it 1046 [league 67%] R/ep 5.81 ent 2.25 kl 0.006 | hit/swing 59% dj/min 33.1 blk/min 0.5 abiHit 13 supHit 94 | self 12/20 expert 10/11 sovereign 7/10 easy 2/2 medium 1/1 idle 1/1 | roll 1.4s upd 13.3s
[brain] it 1047 [league 68%] R/ep 9.30 ent 2.17 kl 0.005 | hit/swing 64% dj/min 31.6 blk/min 0.1 abiHit 14 supHit 109 | medium 5/5 self 13/18 expert 15/16 easy 2/2 idle 2/2 hard 1/1 sovereign 3/4 | roll 1.3s upd 12.9s
[brain] it 1048 [league 69%] R/ep 9.05 ent 2.28 kl 0.005 | hit/swing 60% dj/min 35.7 blk/min 0.2 abiHit 15 supHit 87 | self 13/17 sovereign 6/7 expert 8/8 medium 3/3 idle 2/2 hard 2/2 | roll 1.4s upd 12.1s
[brain] it 1049 [league 69%] R/ep 6.08 ent 2.35 kl 0.006 | hit/swing 51% dj/min 36.6 blk/min 0.3 abiHit 15 supHit 95 | self 11/16 sovereign 5/7 easy 2/2 expert 9/11 hard 2/2 medium 3/3 | roll 1.3s upd 13.0s
[brain] it 1050 [league 68%] R/ep 6.65 ent 2.33 kl 0.007 | hit/swing 57% dj/min 34.5 blk/min 0.2 abiHit 17 supHit 81 | hard 4/4 idle 2/2 sovereign 3/7 expert 10/12 self 8/14 medium 1/1 easy 3/3 | roll 1.3s upd 13.1s
[brain] it 1051 [league 68%] R/ep 4.86 ent 2.47 kl 0.006 | hit/swing 44% dj/min 40.1 blk/min 0.4 abiHit 18 supHit 53 | sovereign 5/8 expert 4/6 medium 1/1 self 6/7 hard 1/1 | roll 5.3s upd 8.7s
[brain] it 1052 [league 68%] R/ep 6.17 ent 2.29 kl 0.008 | hit/swing 57% dj/min 34.1 blk/min 0.7 abiHit 22 supHit 51 | self 7/11 idle 1/1 expert 8/10 sovereign 3/4 easy 1/1 | roll 4.9s upd 8.8s
[brain] it 1053 [league 66%] R/ep 3.13 ent 2.62 kl 0.008 | hit/swing 38% dj/min 41.1 blk/min 0.0 abiHit 19 supHit 39 | easy 2/2 expert 3/6 sovereign 2/5 self 3/7 idle 2/2 | roll 5.0s upd 8.9s
[brain] it 1054 [league 64%] R/ep 6.74 ent 2.38 kl 0.006 | hit/swing 54% dj/min 34.8 blk/min 0.2 abiHit 15 supHit 85 | expert 11/13 hard 2/2 medium 4/4 sovereign 5/9 self 8/13 idle 2/2 | roll 1.7s upd 13.4s
[brain] it 1055 [league 64%] R/ep 6.55 ent 2.49 kl 0.008 | hit/swing 44% dj/min 40.4 blk/min 0.2 abiHit 19 supHit 71 | easy 2/2 self 9/17 sovereign 3/3 medium 1/1 expert 9/10 hard 2/2 idle 1/1 | roll 1.5s upd 13.8s
[brain] it 1056 [league 65%] R/ep 5.46 ent 2.34 kl 0.007 | hit/swing 56% dj/min 34.7 blk/min 0.0 abiHit 17 supHit 89 | self 8/14 sovereign 4/6 medium 1/1 idle 2/2 expert 7/10 easy 2/2 hard 2/2 | roll 1.4s upd 13.7s
[brain] it 1057 [league 65%] R/ep 8.17 ent 2.51 kl 0.005 | hit/swing 51% dj/min 40.1 blk/min 0.1 abiHit 22 supHit 73 | sovereign 9/11 self 4/7 idle 3/3 expert 12/13 medium 1/1 hard 1/1 | roll 1.6s upd 15.5s
[brain] it 1058 [league 69%] R/ep 5.59 ent 2.28 kl 0.008 | hit/swing 61% dj/min 33.6 blk/min 0.2 abiHit 10 supHit 94 | sovereign 8/10 expert 7/8 self 9/19 medium 1/1 idle 3/3 hard 1/1 easy 2/2 | roll 1.4s upd 13.9s
[brain] it 1059 [league 67%] R/ep 4.60 ent 2.27 kl 0.007 | hit/swing 53% dj/min 34.9 blk/min 0.1 abiHit 15 supHit 91 | self 14/25 expert 7/8 hard 3/3 medium 2/2 easy 2/2 sovereign 1/5 | roll 1.5s upd 13.2s
[brain] it 1060 [league 65%] R/ep 6.07 ent 2.28 kl 0.006 | hit/swing 56% dj/min 35.3 blk/min 0.2 abiHit 20 supHit 86 | expert 11/13 sovereign 4/8 self 11/13 hard 2/2 idle 2/2 easy 1/1 | roll 1.3s upd 13.0s
[brain] it 1061 [league 65%] R/ep 4.92 ent 2.21 kl 0.006 | hit/swing 57% dj/min 33.0 blk/min 0.1 abiHit 21 supHit 91 | self 7/21 expert 8/8 sovereign 4/6 hard 2/2 idle 4/4 medium 1/1 | roll 1.6s upd 13.6s
[brain] it 1062 [league 64%] R/ep 8.97 ent 2.18 kl 0.006 | hit/swing 62% dj/min 33.3 blk/min 0.1 abiHit 14 supHit 104 | expert 13/13 hard 2/2 self 4/8 medium 2/2 sovereign 8/12 idle 4/4 easy 3/3 | roll 1.4s upd 13.7s
[brain] it 1063 [league 66%] R/ep 8.16 ent 2.20 kl 0.004 | hit/swing 58% dj/min 33.2 blk/min 0.2 abiHit 24 supHit 101 | self 13/21 hard 3/3 expert 5/5 sovereign 8/9 medium 2/2 easy 4/4 | roll 1.5s upd 14.1s
[brain] it 1064 [league 66%] R/ep 8.35 ent 2.21 kl 0.004 | hit/swing 60% dj/min 33.5 blk/min 0.3 abiHit 8 supHit 111 | expert 14/16 self 11/15 medium 1/1 idle 3/3 sovereign 5/9 hard 3/3 easy 1/1 | roll 1.5s upd 13.1s
[brain] it 1065 [league 66%] R/ep 4.53 ent 2.28 kl 0.007 | hit/swing 51% dj/min 34.0 blk/min 0.2 abiHit 18 supHit 97 | self 9/20 expert 9/11 sovereign 6/8 medium 3/3 idle 1/1 hard 1/1 | roll 1.4s upd 13.1s
[brain] it 1066 [league 66%] R/ep 7.66 ent 2.18 kl 0.004 | hit/swing 59% dj/min 32.8 blk/min 0.1 abiHit 11 supHit 103 | expert 12/12 self 14/18 hard 3/3 idle 3/3 sovereign 1/4 easy 3/3 | roll 1.5s upd 13.4s
[brain] it 1067 [league 67%] R/ep 6.01 ent 2.39 kl 0.006 | hit/swing 56% dj/min 36.5 blk/min 0.1 abiHit 15 supHit 79 | self 6/10 expert 9/12 hard 4/4 medium 3/3 sovereign 7/10 easy 1/1 | roll 1.3s upd 12.2s
[brain] it 1068 [league 67%] R/ep 6.21 ent 2.23 kl 0.006 | hit/swing 56% dj/min 33.4 blk/min 0.2 abiHit 18 supHit 91 | self 11/20 sovereign 4/6 expert 9/9 idle 3/3 hard 2/2 easy 1/1 medium 1/1 | roll 1.4s upd 13.4s
[brain] it 1069 [league 63%] R/ep 6.54 ent 2.22 kl 0.007 | hit/swing 63% dj/min 32.6 blk/min 0.1 abiHit 24 supHit 95 | sovereign 2/6 self 11/18 easy 2/2 expert 13/14 medium 1/1 idle 4/4 | roll 1.4s upd 13.2s
[brain] it 1070 [league 62%] R/ep 5.85 ent 2.24 kl 0.005 | hit/swing 57% dj/min 33.1 blk/min 0.1 abiHit 13 supHit 91 | expert 7/7 self 9/19 hard 4/4 sovereign 6/9 medium 1/1 easy 2/2 idle 1/1 | roll 1.5s upd 12.9s
[brain] it 1071 [league 61%] R/ep 5.39 ent 2.35 kl 0.005 | hit/swing 51% dj/min 34.9 blk/min 0.2 abiHit 21 supHit 88 | expert 12/12 medium 3/3 self 4/15 sovereign 5/8 easy 3/3 idle 2/2 | roll 1.4s upd 13.4s
[brain] it 1072 [league 65%] R/ep 4.89 ent 2.31 kl 0.006 | hit/swing 55% dj/min 33.8 blk/min 0.2 abiHit 26 supHit 90 | sovereign 9/10 idle 2/2 self 11/20 expert 7/10 hard 2/2 | roll 1.5s upd 13.2s
[brain] it 1073 [league 65%] R/ep 5.14 ent 2.26 kl 0.006 | hit/swing 57% dj/min 34.4 blk/min 0.0 abiHit 16 supHit 104 | medium 3/3 idle 1/1 expert 5/6 self 11/16 sovereign 8/16 easy 3/3 hard 1/1 | roll 1.5s upd 12.9s
[brain] it 1074 [league 64%] R/ep 5.78 ent 2.30 kl 0.006 | hit/swing 57% dj/min 34.8 blk/min 0.1 abiHit 19 supHit 82 | expert 9/11 self 7/18 sovereign 4/6 easy 1/1 medium 4/4 idle 2/2 | roll 1.3s upd 13.4s
[brain] it 1075 [league 61%] R/ep 4.76 ent 2.28 kl 0.006 | hit/swing 56% dj/min 35.1 blk/min 0.2 abiHit 21 supHit 103 | sovereign 6/11 self 10/18 expert 7/9 hard 5/5 easy 1/1 idle 1/1 | roll 1.5s upd 13.1s
[brain] it 1076 [league 62%] R/ep 3.34 ent 2.38 kl 0.006 | hit/swing 49% dj/min 35.6 blk/min 0.1 abiHit 19 supHit 81 | self 5/17 idle 2/2 sovereign 7/10 expert 8/9 hard 1/1 medium 1/1 | roll 1.6s upd 14.3s
[brain] it 1077 [league 61%] R/ep 6.82 ent 2.20 kl 0.006 | hit/swing 60% dj/min 30.1 blk/min 0.1 abiHit 12 supHit 109 | self 13/19 expert 11/11 sovereign 2/6 hard 4/4 medium 4/4 idle 1/1 | roll 1.4s upd 13.2s
[brain] it 1078 [league 59%] R/ep 3.97 ent 2.39 kl 0.005 | hit/swing 48% dj/min 38.1 blk/min 0.1 abiHit 8 supHit 85 | sovereign 4/8 self 9/20 medium 2/2 expert 5/6 idle 2/2 hard 2/2 | roll 1.6s upd 13.0s
[brain] it 1079 [league 60%] R/ep 7.90 ent 2.36 kl 0.006 | hit/swing 60% dj/min 33.9 blk/min 0.6 abiHit 10 supHit 81 | expert 9/9 self 9/13 sovereign 7/10 idle 3/3 hard 2/2 medium 2/2 easy 1/1 | roll 1.3s upd 13.5s
[brain] it 1080 [league 63%] R/ep 3.63 ent 2.41 kl 0.004 | hit/swing 50% dj/min 37.2 blk/min 0.1 abiHit 10 supHit 84 | expert 7/9 self 11/19 sovereign 5/7 hard 1/1 medium 2/2 idle 1/1 | roll 1.4s upd 13.3s
[brain] it 1081 [league 63%] R/ep 6.65 ent 2.21 kl 0.007 | hit/swing 62% dj/min 31.2 blk/min 0.2 abiHit 9 supHit 113 | sovereign 8/12 idle 3/3 expert 8/8 self 10/18 medium 5/5 hard 2/2 | roll 1.4s upd 13.0s
[brain] it 1082 [league 63%] R/ep 5.74 ent 2.35 kl 0.007 | hit/swing 54% dj/min 37.1 blk/min 0.1 abiHit 18 supHit 88 | hard 5/5 expert 6/8 self 13/23 sovereign 3/4 easy 1/1 medium 1/1 | roll 1.4s upd 12.4s
[brain] it 1083 [league 62%] R/ep 8.70 ent 2.36 kl 0.005 | hit/swing 58% dj/min 35.2 blk/min 0.1 abiHit 10 supHit 93 | expert 6/8 self 9/11 sovereign 8/10 idle 6/6 medium 4/4 hard 2/2 easy 2/2 | roll 1.3s upd 13.1s
[brain] it 1084 [league 62%] R/ep 5.93 ent 2.29 kl 0.006 | hit/swing 59% dj/min 35.0 blk/min 0.4 abiHit 12 supHit 106 | easy 1/1 self 13/22 sovereign 4/9 idle 3/3 hard 4/4 expert 8/8 | roll 1.4s upd 11.8s
[brain] it 1085 [league 64%] R/ep 5.87 ent 2.31 kl 0.007 | hit/swing 55% dj/min 35.7 blk/min 0.1 abiHit 12 supHit 95 | sovereign 5/6 self 8/17 easy 2/2 idle 3/3 expert 11/12 medium 1/1 hard 1/1 | roll 1.3s upd 13.0s
[brain] it 1086 [league 64%] R/ep 6.68 ent 2.41 kl 0.006 | hit/swing 49% dj/min 38.0 blk/min 0.1 abiHit 22 supHit 83 | sovereign 6/9 expert 6/8 self 12/15 medium 2/2 idle 1/1 easy 1/1 hard 2/2 | roll 1.4s upd 13.1s
[brain] it 1087 [league 66%] R/ep 7.00 ent 2.25 kl 0.006 | hit/swing 62% dj/min 34.4 blk/min 0.1 abiHit 11 supHit 100 | idle 2/2 expert 7/8 sovereign 8/11 self 9/17 easy 1/1 hard 4/4 medium 2/2 | roll 1.3s upd 13.0s
[brain] it 1088 [league 70%] R/ep 7.57 ent 2.30 kl 0.006 | hit/swing 59% dj/min 35.4 blk/min 0.1 abiHit 13 supHit 94 | expert 7/7 sovereign 12/14 self 8/13 medium 2/2 idle 3/3 hard 1/1 easy 1/1 | roll 1.5s upd 13.1s
[brain] it 1089 [league 71%] R/ep 4.64 ent 2.37 kl 0.007 | hit/swing 51% dj/min 35.8 blk/min 0.3 abiHit 11 supHit 84 | self 11/21 sovereign 7/10 easy 3/3 hard 1/1 expert 7/7 medium 1/1 | roll 1.5s upd 13.4s
[brain] it 1090 [league 73%] R/ep 3.91 ent 2.21 kl 0.005 | hit/swing 55% dj/min 33.5 blk/min 0.2 abiHit 12 supHit 103 | sovereign 8/10 expert 5/5 self 12/25 idle 1/1 hard 1/1 | roll 1.5s upd 13.0s
[brain] it 1091 [league 70%] R/ep 5.81 ent 2.26 kl 0.006 | hit/swing 58% dj/min 33.7 blk/min 0.0 abiHit 5 supHit 98 | expert 13/14 self 8/15 sovereign 5/9 hard 2/2 easy 1/1 medium 2/2 | roll 1.4s upd 12.9s
[brain] it 1092 [league 69%] R/ep 4.96 ent 2.39 kl 0.005 | hit/swing 48% dj/min 36.1 blk/min 0.2 abiHit 21 supHit 82 | self 10/15 sovereign 3/7 expert 8/10 medium 2/2 idle 2/2 hard 1/1 | roll 1.4s upd 12.8s
[brain] it 1093 [league 68%] R/ep 8.56 ent 2.33 kl 0.005 | hit/swing 56% dj/min 37.3 blk/min 0.2 abiHit 20 supHit 97 | sovereign 5/9 self 14/16 expert 13/14 hard 2/2 idle 1/1 | roll 1.3s upd 13.2s
[brain] it 1094 [league 68%] R/ep 5.61 ent 2.50 kl 0.007 | hit/swing 47% dj/min 37.3 blk/min 0.1 abiHit 12 supHit 72 | self 6/11 expert 9/11 sovereign 5/7 hard 2/2 medium 3/3 idle 1/1 easy 1/1 | roll 1.4s upd 13.4s
[brain] it 1095 [league 69%] R/ep 4.93 ent 2.21 kl 0.006 | hit/swing 60% dj/min 32.0 blk/min 0.1 abiHit 7 supHit 111 | self 9/17 sovereign 7/10 hard 2/2 easy 2/2 expert 8/10 idle 2/2 medium 1/1 | roll 1.4s upd 13.2s
[brain] it 1096 [league 70%] R/ep 7.39 ent 2.29 kl 0.008 | hit/swing 55% dj/min 32.5 blk/min 0.1 abiHit 13 supHit 89 | expert 12/14 self 8/13 sovereign 6/8 hard 4/4 easy 1/1 medium 2/2 idle 2/2 | roll 1.4s upd 13.0s
[brain] it 1097 [league 69%] R/ep 7.81 ent 2.23 kl 0.006 | hit/swing 62% dj/min 30.4 blk/min 0.1 abiHit 24 supHit 95 | hard 6/6 expert 7/7 easy 4/4 self 6/16 sovereign 3/5 medium 3/3 idle 3/3 | roll 1.3s upd 13.9s
[brain] it 1098 [league 69%] R/ep 5.29 ent 2.20 kl 0.007 | hit/swing 59% dj/min 31.8 blk/min 0.2 abiHit 10 supHit 98 | sovereign 9/12 self 13/22 expert 7/7 idle 2/2 hard 1/1 easy 1/1 | roll 1.5s upd 13.1s
[brain] it 1099 [league 63%] R/ep 5.61 ent 2.27 kl 0.007 | hit/swing 54% dj/min 32.8 blk/min 0.5 abiHit 26 supHit 89 | self 10/16 expert 9/9 sovereign 4/11 idle 4/4 medium 2/2 hard 1/1 | roll 1.5s upd 13.2s
[brain] it 1100 [league 63%] R/ep 8.02 ent 2.40 kl 0.006 | hit/swing 56% dj/min 34.9 blk/min 0.1 abiHit 13 supHit 89 | self 12/18 expert 8/8 idle 2/2 sovereign 3/5 easy 3/3 medium 1/1 hard 2/2 | roll 1.5s upd 12.9s
[brain] it 1101 [league 62%] R/ep 4.66 ent 2.43 kl 0.006 | hit/swing 52% dj/min 36.7 blk/min 0.2 abiHit 14 supHit 80 | expert 11/14 sovereign 2/5 hard 2/2 self 3/13 medium 3/3 easy 1/1 | roll 1.3s upd 13.1s
[brain] it 1102 [league 60%] R/ep 6.10 ent 2.44 kl 0.007 | hit/swing 50% dj/min 37.1 blk/min 0.1 abiHit 19 supHit 77 | medium 2/2 expert 9/11 self 9/16 sovereign 4/6 idle 1/1 easy 1/1 | roll 1.4s upd 13.1s
[brain] it 1103 [league 63%] R/ep 7.56 ent 2.18 kl 0.005 | hit/swing 64% dj/min 32.1 blk/min 0.3 abiHit 6 supHit 111 | hard 2/2 sovereign 8/8 expert 13/13 self 5/17 idle 2/2 easy 3/3 medium 2/2 | roll 1.3s upd 11.9s
[brain] it 1104 [league 63%] R/ep 6.61 ent 2.38 kl 0.006 | hit/swing 62% dj/min 36.7 blk/min 0.4 abiHit 8 supHit 88 | self 7/18 expert 9/10 sovereign 2/5 hard 6/6 medium 2/2 easy 1/1 | roll 1.3s upd 13.0s
[brain] it 1105 [league 64%] R/ep 6.31 ent 2.40 kl 0.007 | hit/swing 48% dj/min 36.0 blk/min 0.2 abiHit 23 supHit 82 | idle 2/2 sovereign 6/8 medium 5/5 self 7/14 easy 3/3 expert 4/5 hard 1/1 | roll 1.4s upd 12.9s
[brain] it 1106 [league 66%] R/ep 7.89 ent 2.29 kl 0.006 | hit/swing 57% dj/min 34.9 blk/min 0.2 abiHit 14 supHit 92 | medium 3/3 self 13/18 expert 9/9 hard 2/2 idle 1/1 sovereign 5/7 easy 2/2 | roll 1.4s upd 16.2s
[brain] it 1107 [league 65%] R/ep 5.71 ent 2.23 kl 0.006 | hit/swing 58% dj/min 32.2 blk/min 0.2 abiHit 18 supHit 100 | expert 7/8 self 11/21 sovereign 3/5 medium 6/6 hard 2/2 idle 2/2 | roll 1.6s upd 15.2s
[brain] it 1108 [league 66%] R/ep 5.82 ent 2.28 kl 0.008 | hit/swing 54% dj/min 34.0 blk/min 0.3 abiHit 13 supHit 107 | expert 12/13 sovereign 7/10 self 11/17 medium 1/1 easy 1/1 hard 2/2 | roll 1.5s upd 14.3s
[brain] it 1109 [league 67%] R/ep 7.08 ent 2.31 kl 0.006 | hit/swing 56% dj/min 34.4 blk/min 0.2 abiHit 11 supHit 95 | self 13/18 expert 9/11 sovereign 5/6 easy 3/3 medium 2/2 | roll 1.5s upd 12.1s
[brain] it 1110 [league 63%] R/ep 7.27 ent 2.21 kl 0.006 | hit/swing 62% dj/min 32.4 blk/min 0.4 abiHit 16 supHit 108 | self 13/18 sovereign 3/8 expert 7/7 medium 4/4 easy 3/3 hard 4/4 idle 3/3 | roll 1.3s upd 12.9s
[brain] it 1111 [league 65%] R/ep 5.47 ent 2.45 kl 0.005 | hit/swing 56% dj/min 36.8 blk/min 0.2 abiHit 12 supHit 82 | self 11/19 expert 8/9 hard 1/1 medium 1/1 idle 2/2 sovereign 5/6 easy 1/1 | roll 1.6s upd 14.1s
[brain] it 1112 [league 62%] R/ep 5.53 ent 2.42 kl 0.006 | hit/swing 47% dj/min 37.6 blk/min 0.0 abiHit 16 supHit 85 | sovereign 3/8 expert 8/9 self 8/16 hard 1/1 medium 4/4 | roll 1.5s upd 11.9s
[brain] it 1113 [league 62%] R/ep 5.51 ent 2.18 kl 0.005 | hit/swing 55% dj/min 32.1 blk/min 0.2 abiHit 16 supHit 103 | self 13/23 medium 2/2 sovereign 4/7 hard 3/3 expert 5/5 idle 2/2 easy 3/3 | roll 1.5s upd 13.1s
[brain] it 1114 [league 63%] R/ep 5.77 ent 2.29 kl 0.006 | hit/swing 59% dj/min 33.6 blk/min 0.2 abiHit 10 supHit 91 | easy 1/1 expert 13/13 self 10/18 sovereign 5/8 hard 1/1 | roll 1.4s upd 13.1s
[brain] it 1115 [league 66%] R/ep 8.09 ent 2.27 kl 0.006 | hit/swing 58% dj/min 33.6 blk/min 0.0 abiHit 30 supHit 83 | self 12/21 expert 9/9 medium 4/4 idle 3/3 sovereign 4/4 easy 1/1 hard 1/1 | roll 1.3s upd 12.0s
[brain] it 1116 [league 68%] R/ep 4.43 ent 2.41 kl 0.006 | hit/swing 48% dj/min 36.5 blk/min 0.4 abiHit 22 supHit 84 | expert 10/12 self 8/19 medium 1/1 sovereign 5/6 easy 2/2 | roll 1.4s upd 13.4s
[brain] it 1117 [league 67%] R/ep 7.23 ent 2.28 kl 0.006 | hit/swing 57% dj/min 35.4 blk/min 0.1 abiHit 13 supHit 100 | easy 1/1 self 11/19 sovereign 7/9 idle 3/3 expert 8/8 medium 2/2 hard 3/3 | roll 1.3s upd 12.8s
[brain] it 1118 [league 65%] R/ep 6.77 ent 2.29 kl 0.005 | hit/swing 60% dj/min 35.2 blk/min 0.1 abiHit 15 supHit 89 | easy 4/4 expert 7/8 self 8/18 medium 2/2 sovereign 2/5 idle 3/3 hard 2/2 | roll 1.4s upd 12.1s
[brain] it 1119 [league 66%] R/ep 7.02 ent 2.27 kl 0.005 | hit/swing 62% dj/min 32.5 blk/min 0.4 abiHit 13 supHit 86 | sovereign 3/5 self 10/18 expert 12/13 idle 4/4 hard 2/2 medium 2/2 easy 1/1 | roll 1.4s upd 13.0s
[brain] it 1120 [league 63%] R/ep 8.30 ent 2.22 kl 0.007 | hit/swing 64% dj/min 33.4 blk/min 0.2 abiHit 17 supHit 106 | self 12/18 expert 17/17 medium 1/1 hard 3/3 sovereign 2/6 idle 2/2 easy 1/1 | roll 1.4s upd 13.2s
[brain] it 1121 [league 62%] R/ep 5.62 ent 2.40 kl 0.008 | hit/swing 59% dj/min 36.8 blk/min 0.1 abiHit 9 supHit 84 | easy 2/2 sovereign 4/8 self 10/16 expert 9/11 hard 3/3 idle 2/2 medium 1/1 | roll 1.5s upd 13.1s
[brain] it 1122 [league 60%] R/ep 5.20 ent 2.39 kl 0.007 | hit/swing 52% dj/min 37.3 blk/min 0.0 abiHit 13 supHit 72 | self 13/17 expert 8/10 sovereign 4/7 medium 1/1 easy 2/2 idle 1/1 | roll 1.4s upd 13.3s
[brain] it 1123 [league 58%] R/ep 5.13 ent 2.34 kl 0.008 | hit/swing 59% dj/min 34.3 blk/min 0.2 abiHit 20 supHit 93 | sovereign 5/11 self 10/18 idle 3/3 expert 7/8 hard 2/2 medium 2/2 easy 1/1 | roll 1.4s upd 13.7s
[brain] it 1124 [league 60%] R/ep 8.79 ent 2.25 kl 0.006 | hit/swing 58% dj/min 34.3 blk/min 0.1 abiHit 10 supHit 99 | sovereign 7/10 self 11/15 easy 3/3 expert 11/12 medium 2/2 hard 3/3 idle 1/1 | roll 1.3s upd 12.6s
[brain] it 1125 [league 63%] R/ep 7.85 ent 2.33 kl 0.006 | hit/swing 60% dj/min 35.6 blk/min 0.2 abiHit 15 supHit 103 | medium 1/1 expert 11/12 self 12/17 sovereign 9/10 easy 1/1 hard 3/3 | roll 1.4s upd 13.2s
[brain] it 1126 [league 65%] R/ep 5.37 ent 2.43 kl 0.007 | hit/swing 49% dj/min 38.1 blk/min 0.0 abiHit 12 supHit 85 | expert 5/7 self 12/20 sovereign 5/6 easy 3/3 hard 2/2 | roll 1.4s upd 13.2s
[brain] it 1127 [league 66%] R/ep 6.72 ent 2.33 kl 0.006 | hit/swing 51% dj/min 34.2 blk/min 0.0 abiHit 13 supHit 85 | sovereign 3/4 expert 9/11 self 12/18 easy 1/1 idle 4/4 hard 1/1 medium 1/1 | roll 1.3s upd 13.6s
[brain] it 1128 [league 68%] R/ep 6.88 ent 2.41 kl 0.006 | hit/swing 57% dj/min 36.6 blk/min 0.1 abiHit 17 supHit 91 | sovereign 8/9 easy 4/4 expert 6/9 medium 3/3 self 5/13 hard 3/3 idle 1/1 | roll 1.7s upd 15.4s
[brain] it 1129 [league 64%] R/ep 5.77 ent 2.53 kl 0.006 | hit/swing 47% dj/min 39.5 blk/min 0.3 abiHit 25 supHit 82 | expert 8/9 sovereign 9/16 self 10/10 idle 1/1 easy 1/1 hard 2/2 medium 1/1 | roll 1.5s upd 15.3s
[brain] it 1130 [league 65%] R/ep 1.91 ent 2.43 kl 0.005 | hit/swing 50% dj/min 36.9 blk/min 0.2 abiHit 14 supHit 83 | sovereign 6/8 expert 9/12 self 8/18 | roll 1.5s upd 14.6s
[brain] it 1131 [league 67%] R/ep 7.66 ent 2.42 kl 0.005 | hit/swing 50% dj/min 36.8 blk/min 0.2 abiHit 33 supHit 84 | self 9/14 expert 12/12 sovereign 5/7 idle 2/2 hard 2/2 | roll 1.5s upd 15.5s
[brain] it 1132 [league 68%] R/ep 6.68 ent 2.31 kl 0.006 | hit/swing 60% dj/min 34.2 blk/min 0.1 abiHit 21 supHit 97 | medium 3/3 self 12/18 expert 11/15 sovereign 3/3 hard 2/2 easy 2/2 idle 2/2 | roll 1.4s upd 14.7s
[brain] it 1133 [league 69%] R/ep 8.30 ent 2.38 kl 0.006 | hit/swing 61% dj/min 35.6 blk/min 0.0 abiHit 9 supHit 94 | sovereign 8/12 idle 3/3 self 7/11 expert 7/7 hard 8/8 medium 1/1 easy 1/1 | roll 1.4s upd 12.3s
[brain] it 1134 [league 69%] R/ep 7.34 ent 2.40 kl 0.006 | hit/swing 51% dj/min 35.7 blk/min 0.1 abiHit 12 supHit 77 | self 11/18 sovereign 1/2 easy 1/1 expert 9/9 hard 1/1 medium 1/1 idle 2/2 | roll 1.4s upd 13.3s
[brain] it 1135 [league 71%] R/ep 8.03 ent 2.42 kl 0.007 | hit/swing 61% dj/min 38.1 blk/min 0.0 abiHit 7 supHit 92 | expert 15/17 sovereign 6/10 self 5/9 medium 4/4 hard 2/2 easy 1/1 | roll 1.2s upd 12.9s
[brain] it 1136 [league 72%] R/ep 7.59 ent 2.42 kl 0.005 | hit/swing 55% dj/min 37.5 blk/min 0.2 abiHit 25 supHit 82 | easy 5/5 sovereign 7/9 self 7/12 expert 13/16 medium 1/1 hard 1/1 | roll 1.4s upd 12.5s
[brain] it 1137 [league 70%] R/ep 7.42 ent 2.25 kl 0.007 | hit/swing 61% dj/min 32.4 blk/min 0.3 abiHit 18 supHit 94 | expert 10/10 sovereign 4/8 hard 2/2 easy 3/3 self 11/19 idle 3/3 medium 1/1 | roll 1.3s upd 13.0s
[brain] it 1138 [league 71%] R/ep 7.63 ent 2.33 kl 0.005 | hit/swing 59% dj/min 36.1 blk/min 0.2 abiHit 11 supHit 102 | expert 15/16 medium 3/3 sovereign 6/7 self 11/19 easy 3/3 | roll 1.4s upd 13.3s
[brain] it 1139 [league 69%] R/ep 5.16 ent 2.40 kl 0.007 | hit/swing 54% dj/min 34.9 blk/min 0.1 abiHit 15 supHit 83 | self 7/17 expert 6/8 idle 4/4 sovereign 4/7 easy 2/2 hard 3/3 medium 1/1 | roll 1.4s upd 13.3s
[brain] it 1140 [league 66%] R/ep 5.53 ent 2.39 kl 0.006 | hit/swing 47% dj/min 36.1 blk/min 0.2 abiHit 14 supHit 86 | self 14/20 sovereign 3/6 expert 9/10 hard 1/1 idle 1/1 | roll 1.5s upd 13.4s
[brain] it 1141 [league 67%] R/ep 8.36 ent 2.31 kl 0.006 | hit/swing 57% dj/min 36.2 blk/min 0.2 abiHit 18 supHit 98 | expert 14/16 hard 3/3 self 7/13 sovereign 9/11 easy 2/2 idle 2/2 | roll 1.3s upd 13.2s
[brain] it 1142 [league 67%] R/ep 7.04 ent 2.40 kl 0.007 | hit/swing 53% dj/min 38.3 blk/min 0.2 abiHit 28 supHit 93 | easy 2/2 self 6/15 expert 12/13 sovereign 4/6 idle 2/2 hard 1/1 medium 3/3 | roll 1.4s upd 13.1s
[brain] it 1143 [league 67%] R/ep 5.85 ent 2.44 kl 0.006 | hit/swing 52% dj/min 36.5 blk/min 0.2 abiHit 23 supHit 93 | expert 8/10 medium 4/4 self 11/16 sovereign 5/10 hard 3/3 idle 2/2 | roll 1.6s upd 14.2s
[brain] it 1144 [league 66%] R/ep 3.85 ent 2.40 kl 0.008 | hit/swing 52% dj/min 37.6 blk/min 0.1 abiHit 15 supHit 85 | expert 5/7 medium 3/3 self 7/17 sovereign 7/10 easy 2/2 hard 2/2 | roll 1.4s upd 12.8s
[brain] it 1145 [league 68%] R/ep 7.27 ent 2.34 kl 0.006 | hit/swing 61% dj/min 35.9 blk/min 0.0 abiHit 12 supHit 96 | expert 9/10 medium 3/3 sovereign 8/9 self 6/12 easy 3/3 hard 2/2 idle 2/2 | roll 1.3s upd 13.2s
[brain] it 1146 [league 68%] R/ep 7.96 ent 2.24 kl 0.006 | hit/swing 61% dj/min 35.0 blk/min 0.1 abiHit 7 supHit 108 | easy 2/2 expert 13/14 sovereign 6/9 medium 2/2 self 11/15 idle 2/2 hard 2/2 | roll 1.3s upd 13.1s
[brain] it 1147 [league 65%] R/ep 2.11 ent 2.55 kl 0.006 | hit/swing 48% dj/min 38.5 blk/min 0.2 abiHit 33 supHit 61 | expert 7/10 sovereign 2/7 self 6/15 easy 1/1 hard 1/1 idle 2/2 medium 1/1 | roll 1.5s upd 13.1s
[brain] it 1148 [league 66%] R/ep 5.09 ent 2.55 kl 0.007 | hit/swing 46% dj/min 40.2 blk/min 0.2 abiHit 14 supHit 63 | sovereign 8/10 self 4/12 expert 5/7 idle 2/2 medium 1/1 | roll 1.3s upd 13.6s
[brain] it 1149 [league 67%] R/ep 5.46 ent 2.49 kl 0.006 | hit/swing 46% dj/min 39.3 blk/min 0.0 abiHit 18 supHit 84 | self 4/13 sovereign 8/11 expert 7/8 easy 3/3 medium 2/2 hard 1/1 | roll 1.3s upd 13.2s
[brain] it 1150 [league 68%] R/ep 8.56 ent 2.31 kl 0.006 | hit/swing 60% dj/min 35.6 blk/min 0.1 abiHit 9 supHit 100 | medium 1/1 hard 4/4 self 12/17 expert 10/12 sovereign 8/9 idle 2/2 easy 1/1 | roll 1.4s upd 12.9s
[brain] it 1151 [league 69%] R/ep 4.18 ent 2.43 kl 0.006 | hit/swing 51% dj/min 38.1 blk/min 0.1 abiHit 10 supHit 83 | sovereign 5/9 hard 4/4 self 9/16 medium 2/2 expert 6/7 | roll 1.4s upd 12.9s
[brain] it 1152 [league 69%] R/ep 5.41 ent 2.29 kl 0.006 | hit/swing 58% dj/min 33.7 blk/min 0.1 abiHit 22 supHit 103 | self 12/24 sovereign 10/12 expert 7/7 hard 1/1 medium 3/3 idle 1/1 | roll 1.4s upd 12.8s
[brain] it 1153 [league 71%] R/ep 8.42 ent 2.34 kl 0.005 | hit/swing 59% dj/min 35.3 blk/min 0.3 abiHit 20 supHit 91 | expert 14/15 self 7/11 hard 2/2 sovereign 8/11 medium 1/1 easy 3/3 idle 1/1 | roll 1.4s upd 13.0s
[brain] it 1154 [league 73%] R/ep 7.58 ent 2.28 kl 0.006 | hit/swing 57% dj/min 34.1 blk/min 0.2 abiHit 13 supHit 109 | expert 11/11 self 10/16 sovereign 9/12 hard 4/4 idle 1/1 medium 1/1 | roll 1.4s upd 13.3s
[brain] it 1155 [league 69%] R/ep 7.47 ent 2.24 kl 0.004 | hit/swing 60% dj/min 31.5 blk/min 0.2 abiHit 12 supHit 101 | self 9/14 hard 1/1 expert 5/5 medium 1/1 sovereign 9/15 easy 3/3 idle 7/7 | roll 1.4s upd 12.8s
[brain] it 1156 [league 75%] R/ep 8.32 ent 2.28 kl 0.006 | hit/swing 62% dj/min 34.5 blk/min 0.1 abiHit 15 supHit 101 | expert 11/12 self 8/14 idle 1/1 sovereign 9/10 medium 4/4 hard 1/1 easy 3/3 | roll 1.5s upd 13.2s
[brain] it 1157 [league 71%] R/ep 3.54 ent 2.38 kl 0.006 | hit/swing 50% dj/min 37.1 blk/min 0.2 abiHit 24 supHit 84 | self 6/18 expert 6/7 hard 2/2 sovereign 4/9 easy 3/3 medium 1/1 | roll 1.4s upd 13.4s
[brain] it 1158 [league 70%] R/ep 5.47 ent 2.38 kl 0.006 | hit/swing 50% dj/min 35.8 blk/min 0.1 abiHit 36 supHit 94 | expert 6/7 sovereign 9/14 self 9/17 idle 4/4 easy 1/1 | roll 1.7s upd 14.2s
[brain] it 1159 [league 68%] R/ep 6.44 ent 2.28 kl 0.006 | hit/swing 58% dj/min 34.8 blk/min 0.1 abiHit 20 supHit 99 | self 13/21 sovereign 7/10 expert 11/11 hard 1/1 idle 1/1 medium 1/1 | roll 1.4s upd 12.9s
[brain] it 1160 [league 67%] R/ep 5.29 ent 2.37 kl 0.007 | hit/swing 52% dj/min 36.7 blk/min 0.0 abiHit 21 supHit 84 | sovereign 2/8 self 9/17 expert 9/10 hard 3/3 idle 1/1 medium 2/2 | roll 1.4s upd 13.3s
[brain] it 1161 [league 63%] R/ep 6.14 ent 2.24 kl 0.007 | hit/swing 59% dj/min 32.7 blk/min 0.3 abiHit 15 supHit 97 | self 18/23 sovereign 3/8 medium 2/2 idle 3/3 easy 5/5 expert 5/5 hard 1/1 | roll 1.4s upd 13.0s
[brain] it 1162 [league 61%] R/ep 5.80 ent 2.41 kl 0.006 | hit/swing 54% dj/min 37.2 blk/min 0.1 abiHit 18 supHit 83 | sovereign 6/9 expert 13/15 easy 2/2 self 10/16 hard 1/1 | roll 1.5s upd 14.0s
[brain] it 1163 [league 62%] R/ep 7.75 ent 2.25 kl 0.007 | hit/swing 58% dj/min 32.7 blk/min 0.1 abiHit 16 supHit 107 | sovereign 6/7 self 14/19 expert 10/11 medium 1/1 hard 3/3 idle 3/3 easy 1/1 | roll 1.4s upd 13.1s
[brain] it 1164 [league 63%] R/ep 9.00 ent 2.31 kl 0.006 | hit/swing 54% dj/min 35.2 blk/min 0.1 abiHit 10 supHit 87 | self 11/17 easy 2/2 sovereign 3/3 expert 11/13 idle 2/2 medium 3/3 | roll 1.3s upd 13.2s
[brain] it 1165 [league 65%] R/ep 9.06 ent 2.34 kl 0.006 | hit/swing 57% dj/min 35.7 blk/min 0.0 abiHit 24 supHit 85 | expert 10/11 self 8/11 sovereign 8/10 medium 3/3 idle 3/3 easy 1/1 hard 2/2 | roll 1.3s upd 13.1s
[brain] it 1166 [league 66%] R/ep 8.34 ent 2.22 kl 0.006 | hit/swing 61% dj/min 32.2 blk/min 0.1 abiHit 15 supHit 103 | sovereign 8/10 easy 2/2 self 12/14 expert 9/9 hard 3/3 idle 3/3 medium 1/1 | roll 1.4s upd 13.3s
[brain] it 1167 [league 66%] R/ep 8.13 ent 2.36 kl 0.007 | hit/swing 58% dj/min 37.7 blk/min 0.1 abiHit 23 supHit 95 | self 11/16 expert 11/11 medium 2/2 sovereign 5/7 hard 4/4 easy 1/1 idle 1/1 | roll 1.4s upd 13.0s
[brain] it 1168 [league 66%] R/ep 7.16 ent 2.38 kl 0.006 | hit/swing 50% dj/min 36.3 blk/min 0.1 abiHit 24 supHit 95 | self 10/18 idle 2/2 sovereign 6/8 expert 8/10 medium 2/2 hard 2/2 easy 2/2 | roll 1.4s upd 14.3s
[brain] it 1169 [league 66%] R/ep 5.33 ent 2.23 kl 0.007 | hit/swing 61% dj/min 31.8 blk/min 0.0 abiHit 14 supHit 103 | self 6/15 idle 4/4 sovereign 9/14 expert 5/5 hard 1/1 easy 6/6 medium 1/1 | roll 1.4s upd 11.9s
[brain] it 1170 [league 69%] R/ep 6.58 ent 2.31 kl 0.008 | hit/swing 55% dj/min 35.5 blk/min 0.2 abiHit 20 supHit 109 | sovereign 12/15 easy 2/2 idle 2/2 self 8/16 expert 10/10 medium 2/2 | roll 1.5s upd 13.1s
[brain] it 1171 [league 73%] R/ep 6.66 ent 2.40 kl 0.005 | hit/swing 49% dj/min 36.7 blk/min 0.2 abiHit 20 supHit 88 | sovereign 8/12 expert 9/11 self 9/14 hard 3/3 medium 2/2 | roll 1.5s upd 13.1s
[brain] it 1172 [league 78%] R/ep 7.01 ent 2.32 kl 0.007 | hit/swing 54% dj/min 35.8 blk/min 0.2 abiHit 20 supHit 83 | self 10/18 expert 10/10 sovereign 9/9 idle 1/1 medium 1/1 | roll 1.4s upd 11.8s
[brain] it 1173 [league 76%] R/ep 8.10 ent 2.38 kl 0.007 | hit/swing 57% dj/min 35.8 blk/min 0.1 abiHit 23 supHit 87 | sovereign 5/8 self 6/12 hard 3/3 easy 5/5 expert 11/12 medium 2/2 idle 2/2 | roll 1.3s upd 13.0s
[brain] it 1174 [league 76%] R/ep 8.62 ent 2.32 kl 0.006 | hit/swing 56% dj/min 35.5 blk/min 0.1 abiHit 7 supHit 92 | expert 10/10 medium 2/2 sovereign 3/4 easy 3/3 self 16/20 idle 2/2 | roll 1.4s upd 13.1s
[brain] it 1175 [league 73%] R/ep 4.57 ent 2.36 kl 0.006 | hit/swing 56% dj/min 36.8 blk/min 0.1 abiHit 18 supHit 86 | expert 12/14 sovereign 4/7 self 8/16 easy 2/2 idle 1/1 | roll 1.4s upd 11.9s
[brain] it 1176 [league 73%] R/ep 5.86 ent 2.38 kl 0.007 | hit/swing 54% dj/min 35.7 blk/min 0.3 abiHit 13 supHit 86 | medium 1/1 sovereign 5/7 expert 9/11 self 9/16 easy 2/2 idle 2/2 hard 1/1 | roll 1.3s upd 13.0s
[brain] it 1177 [league 74%] R/ep 6.25 ent 2.31 kl 0.005 | hit/swing 58% dj/min 34.7 blk/min 0.3 abiHit 13 supHit 90 | self 12/21 easy 1/1 expert 8/9 medium 1/1 sovereign 4/4 idle 4/4 hard 1/1 | roll 1.4s upd 12.1s
[brain] it 1178 [league 71%] R/ep 6.08 ent 2.33 kl 0.006 | hit/swing 59% dj/min 33.8 blk/min 0.3 abiHit 14 supHit 84 | medium 4/4 sovereign 5/10 hard 2/2 expert 12/13 self 8/13 easy 1/1 idle 1/1 | roll 1.4s upd 11.9s
[brain] it 1179 [league 71%] R/ep 7.26 ent 2.31 kl 0.006 | hit/swing 52% dj/min 33.9 blk/min 0.1 abiHit 23 supHit 97 | easy 2/2 expert 12/16 medium 2/2 self 9/12 sovereign 5/8 idle 1/1 hard 1/1 | roll 1.4s upd 13.0s
[brain] it 1180 [league 71%] R/ep 8.61 ent 2.23 kl 0.006 | hit/swing 59% dj/min 31.2 blk/min 0.1 abiHit 20 supHit 102 | expert 12/12 sovereign 3/4 self 10/18 medium 6/6 easy 2/2 idle 2/2 hard 1/1 | roll 1.4s upd 12.9s
[brain] it 1181 [league 71%] R/ep 5.92 ent 2.44 kl 0.008 | hit/swing 50% dj/min 38.1 blk/min 0.0 abiHit 24 supHit 72 | sovereign 5/8 self 9/15 expert 6/7 hard 1/1 idle 4/4 easy 1/1 | roll 1.4s upd 13.4s
[brain] it 1182 [league 67%] R/ep 8.38 ent 2.27 kl 0.007 | hit/swing 61% dj/min 34.4 blk/min 0.2 abiHit 11 supHit 97 | expert 15/15 easy 4/4 sovereign 3/8 medium 2/2 self 10/14 hard 1/1 idle 1/1 | roll 1.4s upd 13.2s
[brain] it 1183 [league 67%] R/ep 7.96 ent 2.28 kl 0.006 | hit/swing 59% dj/min 31.5 blk/min 0.0 abiHit 13 supHit 89 | expert 9/9 self 7/14 idle 4/4 easy 2/2 sovereign 6/8 medium 2/2 hard 2/2 | roll 1.4s upd 13.0s
[brain] it 1184 [league 68%] R/ep 7.09 ent 2.20 kl 0.006 | hit/swing 57% dj/min 32.7 blk/min 0.1 abiHit 19 supHit 103 | self 15/23 medium 2/2 sovereign 6/8 hard 1/1 easy 2/2 expert 5/5 idle 3/3 | roll 1.4s upd 13.2s
[brain] it 1185 [league 68%] R/ep 7.10 ent 2.47 kl 0.006 | hit/swing 50% dj/min 37.8 blk/min 0.0 abiHit 24 supHit 75 | idle 2/2 medium 1/1 self 8/12 sovereign 6/8 expert 10/14 | roll 1.3s upd 13.5s
[brain] it 1186 [league 65%] R/ep 6.78 ent 2.29 kl 0.006 | hit/swing 56% dj/min 34.3 blk/min 0.1 abiHit 10 supHit 99 | sovereign 8/11 self 15/19 hard 1/1 expert 9/10 easy 1/1 medium 2/2 | roll 1.4s upd 13.1s
[brain] it 1187 [league 65%] R/ep 6.30 ent 2.51 kl 0.008 | hit/swing 50% dj/min 39.5 blk/min 0.2 abiHit 22 supHit 75 | self 9/14 expert 10/11 sovereign 5/9 easy 2/2 medium 1/1 idle 1/1 | roll 1.3s upd 13.0s
[brain] it 1188 [league 67%] R/ep 10.05 ent 2.32 kl 0.007 | hit/swing 55% dj/min 36.4 blk/min 0.1 abiHit 16 supHit 93 | medium 3/3 self 5/8 sovereign 6/7 hard 2/2 expert 15/17 easy 4/4 idle 1/1 | roll 1.4s upd 13.2s
[brain] it 1189 [league 67%] R/ep 5.69 ent 2.30 kl 0.006 | hit/swing 53% dj/min 34.6 blk/min 0.1 abiHit 23 supHit 98 | self 9/18 sovereign 8/10 expert 8/8 idle 3/3 hard 1/1 easy 1/1 medium 1/1 | roll 1.4s upd 13.9s
[brain] it 1190 [league 66%] R/ep 4.30 ent 2.37 kl 0.007 | hit/swing 49% dj/min 36.0 blk/min 0.3 abiHit 16 supHit 93 | self 15/18 sovereign 5/13 easy 3/3 idle 1/1 expert 2/3 hard 1/1 | roll 1.5s upd 13.6s
[brain] it 1191 [league 65%] R/ep 7.68 ent 2.28 kl 0.006 | hit/swing 62% dj/min 35.4 blk/min 0.2 abiHit 9 supHit 107 | self 8/15 expert 16/16 medium 5/5 hard 1/1 sovereign 9/13 easy 1/1 | roll 1.4s upd 13.2s
[brain] it 1192 [league 68%] R/ep 5.99 ent 2.33 kl 0.007 | hit/swing 57% dj/min 34.5 blk/min 0.1 abiHit 18 supHit 88 | self 4/16 idle 2/2 expert 13/13 sovereign 7/9 medium 2/2 | roll 1.3s upd 11.8s
[brain] it 1193 [league 67%] R/ep 5.94 ent 2.49 kl 0.006 | hit/swing 53% dj/min 38.9 blk/min 0.0 abiHit 16 supHit 81 | self 4/9 sovereign 5/10 expert 9/11 hard 5/5 medium 1/1 easy 2/2 | roll 1.3s upd 13.0s
[brain] it 1194 [league 67%] R/ep 6.88 ent 2.35 kl 0.006 | hit/swing 51% dj/min 35.9 blk/min 0.4 abiHit 30 supHit 98 | sovereign 7/8 self 10/18 expert 13/15 medium 2/2 easy 1/1 hard 1/1 | roll 1.4s upd 13.2s
[brain] it 1195 [league 69%] R/ep 9.15 ent 2.28 kl 0.006 | hit/swing 58% dj/min 32.3 blk/min 0.1 abiHit 21 supHit 88 | self 12/18 expert 12/12 idle 6/6 sovereign 4/4 medium 2/2 | roll 1.3s upd 13.3s
[brain] it 1196 [league 70%] R/ep 5.77 ent 2.42 kl 0.006 | hit/swing 54% dj/min 36.2 blk/min 0.1 abiHit 36 supHit 92 | self 8/16 sovereign 10/13 easy 2/2 hard 2/2 medium 3/3 idle 2/2 expert 4/4 | roll 1.6s upd 13.0s
[brain] it 1197 [league 71%] R/ep 8.17 ent 2.43 kl 0.006 | hit/swing 56% dj/min 36.2 blk/min 0.6 abiHit 29 supHit 95 | self 8/12 sovereign 9/12 easy 5/5 expert 9/10 idle 2/2 medium 2/2 hard 1/1 | roll 1.4s upd 13.2s
[brain] it 1198 [league 69%] R/ep 5.09 ent 2.50 kl 0.007 | hit/swing 49% dj/min 38.3 blk/min 0.2 abiHit 24 supHit 82 | expert 10/14 sovereign 4/6 self 9/16 medium 1/1 | roll 1.4s upd 13.4s
[brain] it 1199 [league 71%] R/ep 8.32 ent 2.54 kl 0.007 | hit/swing 51% dj/min 39.4 blk/min 0.2 abiHit 30 supHit 68 | sovereign 7/7 easy 1/1 expert 7/9 self 11/15 hard 2/2 | roll 1.3s upd 13.1s
[brain] it 1200 [league 73%] R/ep 8.03 ent 2.25 kl 0.006 | hit/swing 58% dj/min 33.7 blk/min 0.2 abiHit 22 supHit 100 | self 12/19 expert 8/9 sovereign 8/9 easy 4/4 medium 3/3 idle 1/1 | roll 1.4s upd 13.0s
[brain] it 1201 [league 77%] R/ep 6.40 ent 2.61 kl 0.005 | hit/swing 47% dj/min 40.8 blk/min 0.7 abiHit 22 supHit 56 | sovereign 8/10 self 3/7 expert 8/8 hard 1/1 | roll 5.5s upd 8.8s
[brain] it 1202 [league 75%] R/ep 6.24 ent 2.41 kl 0.008 | hit/swing 59% dj/min 34.3 blk/min 0.1 abiHit 34 supHit 56 | self 8/14 sovereign 0/3 expert 11/11 easy 1/1 | roll 4.9s upd 7.6s
[brain] it 1203 [league 73%] R/ep 3.92 ent 2.42 kl 0.008 | hit/swing 51% dj/min 36.5 blk/min 0.3 abiHit 7 supHit 54 | self 9/15 expert 6/6 medium 3/3 sovereign 0/3 easy 1/1 | roll 5.0s upd 9.0s
[brain] it 1204 [league 71%] R/ep 4.99 ent 2.41 kl 0.005 | hit/swing 53% dj/min 35.7 blk/min 0.2 abiHit 17 supHit 86 | self 10/18 sovereign 6/10 expert 8/8 hard 1/1 medium 2/2 idle 1/1 easy 2/2 | roll 1.8s upd 13.6s
[brain] it 1205 [league 72%] R/ep 5.53 ent 2.49 kl 0.006 | hit/swing 50% dj/min 37.9 blk/min 0.6 abiHit 25 supHit 80 | self 11/18 medium 2/2 expert 8/10 sovereign 5/7 idle 1/1 easy 1/1 | roll 1.8s upd 13.5s
[brain] it 1206 [league 72%] R/ep 4.31 ent 2.53 kl 0.007 | hit/swing 51% dj/min 38.0 blk/min 0.1 abiHit 13 supHit 73 | hard 2/2 sovereign 4/7 self 10/17 expert 7/8 easy 3/3 idle 1/1 | roll 1.5s upd 14.2s
[brain] it 1207 [league 70%] R/ep 6.12 ent 2.49 kl 0.004 | hit/swing 50% dj/min 38.7 blk/min 0.2 abiHit 16 supHit 90 | expert 9/10 sovereign 13/17 self 9/12 hard 2/2 easy 1/1 | roll 1.6s upd 13.3s
[brain] it 1208 [league 70%] R/ep 5.49 ent 2.30 kl 0.007 | hit/swing 58% dj/min 34.3 blk/min 0.2 abiHit 12 supHit 98 | expert 13/15 idle 1/1 sovereign 4/7 self 10/19 hard 2/2 easy 2/2 | roll 1.5s upd 13.2s
[brain] it 1209 [league 70%] R/ep 7.94 ent 2.33 kl 0.007 | hit/swing 62% dj/min 33.3 blk/min 0.2 abiHit 11 supHit 96 | self 12/16 expert 11/12 medium 1/1 hard 3/3 easy 3/3 sovereign 4/5 idle 3/3 | roll 1.4s upd 13.1s
[brain] it 1210 [league 68%] R/ep 6.35 ent 2.51 kl 0.006 | hit/swing 52% dj/min 37.8 blk/min 0.1 abiHit 20 supHit 81 | self 10/15 sovereign 6/10 expert 6/8 easy 3/3 hard 2/2 idle 1/1 | roll 1.6s upd 14.0s
[brain] it 1211 [league 70%] R/ep 8.72 ent 2.37 kl 0.006 | hit/swing 57% dj/min 36.8 blk/min 0.3 abiHit 24 supHit 97 | hard 1/1 sovereign 7/7 expert 14/15 self 8/14 medium 5/5 idle 2/2 easy 1/1 | roll 1.3s upd 12.9s
[brain] it 1212 [league 65%] R/ep 7.25 ent 2.33 kl 0.005 | hit/swing 61% dj/min 33.0 blk/min 0.2 abiHit 18 supHit 119 | expert 9/9 easy 1/1 sovereign 9/15 self 11/16 idle 1/1 medium 3/3 hard 2/2 | roll 1.5s upd 13.0s
[brain] it 1213 [league 63%] R/ep 3.54 ent 2.56 kl 0.005 | hit/swing 45% dj/min 39.0 blk/min 0.0 abiHit 17 supHit 80 | expert 6/7 sovereign 5/12 self 11/16 hard 1/1 medium 1/1 | roll 1.5s upd 13.2s
[brain] it 1214 [league 67%] R/ep 7.77 ent 2.50 kl 0.006 | hit/swing 52% dj/min 37.7 blk/min 0.2 abiHit 32 supHit 81 | self 9/14 sovereign 5/7 expert 14/16 hard 1/1 medium 1/1 idle 2/2 | roll 1.5s upd 12.8s
[brain] it 1215 [league 68%] R/ep 7.19 ent 2.35 kl 0.006 | hit/swing 51% dj/min 35.4 blk/min 0.2 abiHit 24 supHit 105 | expert 6/7 self 13/21 medium 4/4 sovereign 5/5 easy 4/4 hard 1/1 | roll 1.6s upd 12.9s
[brain] it 1216 [league 68%] R/ep 6.32 ent 2.24 kl 0.007 | hit/swing 62% dj/min 32.1 blk/min 0.3 abiHit 17 supHit 103 | expert 12/12 sovereign 6/8 self 13/23 easy 2/2 idle 1/1 medium 1/1 hard 1/1 | roll 1.5s upd 13.0s
[brain] it 1217 [league 70%] R/ep 6.61 ent 2.34 kl 0.006 | hit/swing 56% dj/min 34.6 blk/min 0.1 abiHit 14 supHit 96 | sovereign 7/10 expert 11/13 self 8/16 idle 3/3 medium 2/2 easy 1/1 | roll 1.4s upd 13.1s
[brain] it 1218 [league 69%] R/ep 5.35 ent 2.40 kl 0.005 | hit/swing 51% dj/min 37.6 blk/min 0.3 abiHit 9 supHit 80 | self 16/23 expert 6/6 medium 2/2 sovereign 1/3 hard 1/1 | roll 1.4s upd 14.2s
[brain] it 1219 [league 68%] R/ep 7.11 ent 2.32 kl 0.007 | hit/swing 59% dj/min 32.5 blk/min 0.3 abiHit 17 supHit 86 | medium 1/1 self 5/17 expert 18/18 sovereign 4/5 idle 3/3 hard 1/1 | roll 1.5s upd 15.1s
[brain] it 1220 [league 66%] R/ep 6.67 ent 2.55 kl 0.006 | hit/swing 53% dj/min 37.9 blk/min 0.2 abiHit 30 supHit 76 | medium 3/3 self 9/14 expert 8/9 sovereign 5/8 hard 2/2 | roll 1.3s upd 12.1s
[brain] it 1221 [league 65%] R/ep 4.87 ent 2.41 kl 0.005 | hit/swing 51% dj/min 35.5 blk/min 0.3 abiHit 14 supHit 81 | idle 3/3 easy 2/2 expert 5/6 self 9/17 sovereign 4/9 hard 1/1 medium 2/2 | roll 1.4s upd 13.1s
[brain] it 1222 [league 64%] R/ep 4.90 ent 2.61 kl 0.007 | hit/swing 40% dj/min 39.4 blk/min 0.1 abiHit 18 supHit 71 | expert 6/10 sovereign 4/5 self 9/14 idle 2/2 easy 1/1 medium 1/1 | roll 1.3s upd 13.1s
[brain] it 1223 [league 66%] R/ep 7.31 ent 2.64 kl 0.005 | hit/swing 43% dj/min 38.9 blk/min 0.1 abiHit 42 supHit 65 | self 7/13 expert 10/11 idle 4/4 easy 1/1 sovereign 4/5 medium 1/1 | roll 1.5s upd 13.2s
[brain] it 1224 [league 65%] R/ep 4.47 ent 2.50 kl 0.006 | hit/swing 46% dj/min 37.0 blk/min 0.2 abiHit 25 supHit 86 | self 7/19 sovereign 5/7 hard 1/1 easy 2/2 expert 7/9 idle 2/2 | roll 1.4s upd 13.2s
[brain] it 1225 [league 65%] R/ep 9.87 ent 2.45 kl 0.006 | hit/swing 58% dj/min 34.4 blk/min 0.0 abiHit 15 supHit 79 | expert 12/12 self 7/11 medium 3/3 sovereign 4/4 idle 4/4 hard 1/1 easy 1/1 | roll 1.3s upd 12.9s
[brain] it 1226 [league 67%] R/ep 8.26 ent 2.41 kl 0.006 | hit/swing 55% dj/min 35.0 blk/min 0.3 abiHit 10 supHit 85 | medium 1/1 idle 3/3 self 9/14 sovereign 5/7 hard 3/3 easy 2/2 expert 7/7 | roll 1.4s upd 12.9s
[brain] it 1227 [league 68%] R/ep 5.49 ent 2.39 kl 0.005 | hit/swing 53% dj/min 34.4 blk/min 0.2 abiHit 16 supHit 89 | expert 10/10 self 8/17 idle 3/3 sovereign 4/7 hard 1/1 medium 1/1 easy 1/1 | roll 1.4s upd 13.0s
[brain] it 1228 [league 68%] R/ep 7.16 ent 2.53 kl 0.005 | hit/swing 45% dj/min 38.9 blk/min 0.3 abiHit 28 supHit 72 | expert 10/11 sovereign 2/4 easy 3/3 self 9/14 medium 2/2 idle 1/1 | roll 1.4s upd 17.4s
[brain] it 1229 [league 68%] R/ep 5.17 ent 2.49 kl 0.006 | hit/swing 49% dj/min 36.3 blk/min 0.2 abiHit 27 supHit 85 | self 12/17 sovereign 3/5 idle 1/1 expert 8/11 hard 2/2 easy 2/2 | roll 1.6s upd 45.2s
[brain] it 1230 [league 70%] R/ep 7.01 ent 2.28 kl 0.007 | hit/swing 55% dj/min 32.4 blk/min 0.2 abiHit 16 supHit 109 | self 14/23 sovereign 9/10 expert 6/6 medium 1/1 easy 2/2 hard 2/2 idle 1/1 | roll 1.7s upd 16.4s
[brain] it 1231 [league 69%] R/ep 4.95 ent 2.57 kl 0.006 | hit/swing 51% dj/min 39.6 blk/min 0.1 abiHit 14 supHit 73 | expert 8/10 idle 1/1 sovereign 4/7 self 7/13 medium 1/1 hard 1/1 | roll 1.6s upd 14.8s
[brain] it 1232 [league 66%] R/ep 4.80 ent 2.46 kl 0.005 | hit/swing 53% dj/min 35.9 blk/min 0.5 abiHit 30 supHit 84 | self 7/17 sovereign 4/7 expert 6/6 hard 3/3 idle 3/3 easy 2/2 | roll 1.2s upd 13.1s
[brain] it 1233 [league 67%] R/ep 3.57 ent 2.46 kl 0.007 | hit/swing 46% dj/min 36.6 blk/min 0.2 abiHit 28 supHit 91 | expert 6/7 idle 1/1 self 11/18 sovereign 7/12 hard 2/2 easy 2/2 medium 1/1 | roll 1.3s upd 12.8s
[brain] it 1234 [league 65%] R/ep 6.32 ent 2.36 kl 0.006 | hit/swing 57% dj/min 35.0 blk/min 0.2 abiHit 22 supHit 99 | self 9/18 sovereign 6/11 easy 4/4 hard 2/2 expert 8/8 idle 2/2 | roll 1.3s upd 12.3s
[brain] it 1235 [league 70%] R/ep 7.25 ent 2.58 kl 0.008 | hit/swing 53% dj/min 40.7 blk/min 0.1 abiHit 27 supHit 84 | medium 4/4 self 4/9 sovereign 14/15 hard 1/1 expert 5/8 easy 2/2 | roll 1.3s upd 12.2s
[brain] it 1236 [league 69%] R/ep 6.01 ent 2.46 kl 0.007 | hit/swing 50% dj/min 38.3 blk/min 0.0 abiHit 34 supHit 82 | self 8/15 sovereign 5/8 expert 11/13 easy 3/3 medium 1/1 hard 1/1 | roll 1.2s upd 12.2s
[brain] it 1237 [league 69%] R/ep 7.18 ent 2.37 kl 0.007 | hit/swing 58% dj/min 33.1 blk/min 0.2 abiHit 19 supHit 89 | expert 11/11 self 11/16 idle 4/4 sovereign 9/11 easy 2/2 | roll 1.3s upd 12.9s
[brain] it 1238 [league 69%] R/ep 5.91 ent 2.45 kl 0.007 | hit/swing 55% dj/min 36.0 blk/min 0.1 abiHit 14 supHit 88 | self 14/19 sovereign 7/11 medium 1/1 expert 5/6 idle 2/2 easy 1/1 hard 1/1 | roll 1.3s upd 15.6s
[brain] it 1239 [league 72%] R/ep 6.41 ent 2.48 kl 0.007 | hit/swing 53% dj/min 37.3 blk/min 0.2 abiHit 11 supHit 84 | self 9/18 sovereign 4/5 medium 2/2 expert 7/7 idle 2/2 hard 1/1 easy 1/1 | roll 1.6s upd 16.5s
[brain] it 1240 [league 72%] R/ep 6.38 ent 2.49 kl 0.005 | hit/swing 52% dj/min 39.1 blk/min 0.2 abiHit 24 supHit 83 | self 11/21 idle 1/1 sovereign 6/6 expert 7/7 hard 3/3 | roll 1.7s upd 18.0s
[brain] it 1241 [league 71%] R/ep 4.80 ent 2.48 kl 0.007 | hit/swing 53% dj/min 36.4 blk/min 0.0 abiHit 27 supHit 86 | self 8/19 expert 12/13 hard 3/3 sovereign 3/5 idle 1/1 easy 2/2 | roll 1.7s upd 34.2s
[brain] it 1242 [league 73%] R/ep 6.56 ent 2.40 kl 0.006 | hit/swing 54% dj/min 34.4 blk/min 0.0 abiHit 23 supHit 92 | hard 2/2 expert 11/11 sovereign 9/11 self 9/18 easy 1/1 | roll 1.8s upd 19.6s
[brain] it 1243 [league 74%] R/ep 4.50 ent 2.44 kl 0.006 | hit/swing 50% dj/min 35.4 blk/min 0.2 abiHit 17 supHit 89 | self 10/19 medium 2/2 easy 4/4 sovereign 5/8 expert 5/6 hard 4/4 | roll 1.7s upd 14.6s
[brain] it 1244 [league 76%] R/ep 8.16 ent 2.45 kl 0.004 | hit/swing 56% dj/min 36.4 blk/min 0.1 abiHit 18 supHit 91 | self 11/15 idle 2/2 sovereign 7/8 expert 8/9 medium 3/3 easy 1/1 hard 1/1 | roll 1.7s upd 14.9s
[brain] it 1245 [league 76%] R/ep 6.46 ent 2.37 kl 0.007 | hit/swing 60% dj/min 32.3 blk/min 0.3 abiHit 19 supHit 101 | sovereign 9/14 expert 8/8 self 11/14 medium 1/1 easy 2/2 idle 2/2 hard 1/1 | roll 1.5s upd 15.6s
[brain] it 1246 [league 76%] R/ep 4.47 ent 2.52 kl 0.005 | hit/swing 49% dj/min 38.7 blk/min 0.2 abiHit 15 supHit 80 | self 12/22 sovereign 3/4 expert 7/7 idle 1/1 easy 2/2 medium 1/1 | roll 1.7s upd 15.2s
[brain] it 1247 [league 72%] R/ep 6.00 ent 2.46 kl 0.005 | hit/swing 59% dj/min 33.7 blk/min 0.2 abiHit 23 supHit 79 | hard 2/2 self 10/19 expert 11/11 idle 4/4 sovereign 0/4 medium 2/2 | roll 1.6s upd 16.5s
[brain] it 1248 [league 69%] R/ep 6.41 ent 2.47 kl 0.006 | hit/swing 53% dj/min 38.3 blk/min 0.1 abiHit 21 supHit 111 | self 9/18 sovereign 4/8 expert 11/12 hard 4/4 idle 2/2 medium 1/1 | roll 1.7s upd 17.9s
[brain] it 1249 [league 67%] R/ep 4.60 ent 2.56 kl 0.009 | hit/swing 58% dj/min 39.2 blk/min 0.1 abiHit 16 supHit 74 | self 7/15 expert 10/12 sovereign 7/12 medium 2/2 | roll 1.6s upd 15.1s
[brain] it 1250 [league 63%] R/ep 6.77 ent 2.35 kl 0.007 | hit/swing 62% dj/min 32.3 blk/min 0.2 abiHit 10 supHit 98 | medium 5/5 self 11/19 sovereign 2/7 expert 11/11 easy 1/1 idle 1/1 hard 1/1 | roll 1.5s upd 19.6s
[brain] it 1251 [league 64%] R/ep 5.79 ent 2.46 kl 0.006 | hit/swing 59% dj/min 35.4 blk/min 0.2 abiHit 9 supHit 84 | expert 8/9 self 9/19 idle 1/1 hard 2/2 sovereign 3/5 medium 3/3 easy 1/1 | roll 3.5s upd 15.6s
[brain] it 1252 [league 63%] R/ep 7.92 ent 2.34 kl 0.006 | hit/swing 60% dj/min 33.6 blk/min 0.3 abiHit 10 supHit 104 | expert 10/11 self 7/14 hard 5/5 sovereign 5/8 medium 4/4 idle 1/1 easy 4/4 | roll 1.2s upd 13.2s
[brain] it 1253 [league 61%] R/ep 7.59 ent 2.45 kl 0.006 | hit/swing 57% dj/min 35.2 blk/min 0.0 abiHit 17 supHit 98 | self 11/16 sovereign 7/11 hard 1/1 medium 3/3 easy 1/1 expert 8/8 idle 2/2 | roll 1.4s upd 13.6s
[brain] it 1254 [league 62%] R/ep 9.29 ent 2.33 kl 0.006 | hit/swing 62% dj/min 31.1 blk/min 0.1 abiHit 9 supHit 104 | hard 3/3 expert 11/11 easy 1/1 self 11/16 sovereign 9/10 idle 3/3 | roll 1.4s upd 13.0s
[brain] it 1255 [league 61%] R/ep 4.67 ent 2.59 kl 0.006 | hit/swing 44% dj/min 39.1 blk/min 0.2 abiHit 23 supHit 79 | self 9/17 hard 2/2 expert 4/7 easy 2/2 sovereign 2/3 medium 2/2 idle 1/1 | roll 1.5s upd 14.0s
[brain] it 1256 [league 61%] R/ep 6.01 ent 2.43 kl 0.006 | hit/swing 55% dj/min 33.4 blk/min 0.2 abiHit 20 supHit 94 | sovereign 5/8 self 11/20 expert 7/7 easy 2/2 idle 2/2 medium 2/2 | roll 1.5s upd 13.4s
[brain] it 1257 [league 56%] R/ep 5.73 ent 2.61 kl 0.007 | hit/swing 48% dj/min 39.2 blk/min 0.0 abiHit 24 supHit 77 | expert 9/11 self 6/11 medium 3/3 sovereign 2/8 easy 2/2 idle 1/1 | roll 1.5s upd 14.5s
[brain] it 1258 [league 57%] R/ep 7.05 ent 2.44 kl 0.007 | hit/swing 55% dj/min 33.9 blk/min 0.2 abiHit 15 supHit 93 | expert 13/13 self 12/21 hard 4/4 idle 1/1 sovereign 4/5 easy 1/1 | roll 1.7s upd 13.7s
[brain] it 1259 [league 55%] R/ep 5.00 ent 2.41 kl 0.006 | hit/swing 54% dj/min 34.6 blk/min 0.2 abiHit 16 supHit 91 | self 6/17 sovereign 5/11 hard 1/1 medium 2/2 expert 11/11 idle 2/2 easy 2/2 | roll 1.4s upd 37.3s
[brain] it 1260 [league 58%] R/ep 7.40 ent 2.60 kl 0.007 | hit/swing 54% dj/min 40.1 blk/min 0.3 abiHit 27 supHit 77 | self 10/13 idle 1/1 medium 2/2 expert 10/12 sovereign 4/6 easy 1/1 hard 1/1 | roll 1.7s upd 19.8s
[brain] it 1261 [league 60%] R/ep 7.78 ent 2.45 kl 0.007 | hit/swing 57% dj/min 33.9 blk/min 0.0 abiHit 19 supHit 83 | self 9/15 sovereign 7/10 expert 7/8 idle 3/3 easy 3/3 medium 1/1 | roll 1.8s upd 19.0s
[brain] it 1262 [league 60%] R/ep 4.99 ent 2.46 kl 0.007 | hit/swing 53% dj/min 35.0 blk/min 0.3 abiHit 26 supHit 83 | sovereign 4/7 hard 3/3 self 5/17 expert 8/9 easy 3/3 idle 2/2 medium 3/3 | roll 1.6s upd 17.6s
[brain] it 1263 [league 61%] R/ep 6.32 ent 2.41 kl 0.006 | hit/swing 53% dj/min 34.7 blk/min 0.1 abiHit 18 supHit 98 | self 9/14 expert 10/12 sovereign 7/13 medium 2/2 idle 1/1 | roll 1.5s upd 16.9s
[brain] it 1264 [league 58%] R/ep 4.59 ent 2.48 kl 0.006 | hit/swing 53% dj/min 35.7 blk/min 0.2 abiHit 14 supHit 89 | self 7/17 expert 9/9 sovereign 4/10 medium 2/2 idle 1/1 hard 1/1 easy 1/1 | roll 1.8s upd 17.0s
[brain] it 1265 [league 61%] R/ep 6.72 ent 2.45 kl 0.007 | hit/swing 52% dj/min 34.9 blk/min 0.1 abiHit 37 supHit 93 | self 10/22 expert 11/11 medium 3/3 hard 6/6 sovereign 4/5 | roll 1.8s upd 17.6s
[brain] it 1266 [league 59%] R/ep 6.83 ent 2.43 kl 0.006 | hit/swing 55% dj/min 34.3 blk/min 0.3 abiHit 29 supHit 101 | sovereign 6/8 self 11/18 idle 2/2 hard 3/3 medium 1/1 expert 10/10 easy 3/3 | roll 2.0s upd 17.6s
[brain] it 1267 [league 57%] R/ep 7.93 ent 2.35 kl 0.007 | hit/swing 58% dj/min 31.1 blk/min 0.3 abiHit 14 supHit 93 | expert 11/11 sovereign 3/7 self 9/16 idle 4/4 hard 4/4 medium 1/1 | roll 1.5s upd 12.8s
[brain] it 1268 [league 57%] R/ep 6.73 ent 2.38 kl 0.007 | hit/swing 56% dj/min 31.9 blk/min 0.2 abiHit 16 supHit 106 | hard 3/3 expert 9/11 self 8/14 idle 5/5 sovereign 8/13 medium 2/2 | roll 1.3s upd 13.7s
[brain] it 1269 [league 58%] R/ep 7.69 ent 2.36 kl 0.006 | hit/swing 61% dj/min 32.0 blk/min 0.2 abiHit 5 supHit 96 | self 11/17 hard 3/3 expert 14/16 sovereign 2/5 medium 2/2 easy 3/3 | roll 1.4s upd 13.9s
[brain] it 1270 [league 57%] R/ep 6.76 ent 2.53 kl 0.007 | hit/swing 46% dj/min 37.8 blk/min 0.2 abiHit 24 supHit 88 | expert 9/11 sovereign 1/3 easy 2/2 self 11/17 idle 3/3 medium 1/1 | roll 1.4s upd 13.6s
[brain] it 1271 [league 56%] R/ep 6.55 ent 2.49 kl 0.008 | hit/swing 56% dj/min 35.1 blk/min 0.2 abiHit 20 supHit 79 | sovereign 3/7 self 6/14 expert 16/17 medium 1/1 idle 2/2 hard 2/2 | roll 1.5s upd 13.6s
[brain] it 1272 [league 59%] R/ep 6.78 ent 2.34 kl 0.005 | hit/swing 58% dj/min 33.2 blk/min 0.3 abiHit 9 supHit 103 | self 15/20 sovereign 4/4 expert 7/9 idle 3/3 medium 3/3 hard 2/2 easy 3/3 | roll 1.4s upd 13.7s
[brain] it 1273 [league 57%] R/ep 4.34 ent 2.62 kl 0.007 | hit/swing 44% dj/min 39.7 blk/min 0.1 abiHit 19 supHit 63 | idle 2/2 self 8/15 medium 1/1 sovereign 2/4 expert 7/9 easy 1/1 | roll 1.5s upd 13.8s
[brain] it 1274 [league 58%] R/ep 8.90 ent 2.39 kl 0.006 | hit/swing 57% dj/min 34.6 blk/min 0.2 abiHit 8 supHit 109 | sovereign 5/7 self 14/18 idle 1/1 expert 15/15 hard 1/1 easy 2/2 medium 2/2 | roll 1.4s upd 30.0s
[brain] it 1275 [league 60%] R/ep 6.33 ent 2.43 kl 0.007 | hit/swing 57% dj/min 34.8 blk/min 0.0 abiHit 19 supHit 104 | expert 8/9 self 8/15 hard 3/3 sovereign 12/16 easy 1/1 medium 1/1 idle 1/1 | roll 2.8s upd 16.1s
[brain] it 1276 [league 62%] R/ep 7.29 ent 2.43 kl 0.006 | hit/swing 57% dj/min 34.0 blk/min 0.1 abiHit 8 supHit 91 | self 13/16 expert 7/8 hard 1/1 sovereign 8/11 easy 3/3 medium 1/1 | roll 1.7s upd 14.6s
[brain] it 1277 [league 64%] R/ep 5.91 ent 2.43 kl 0.006 | hit/swing 55% dj/min 35.6 blk/min 0.1 abiHit 8 supHit 87 | hard 1/1 self 9/17 sovereign 6/10 expert 7/7 easy 3/3 idle 1/1 | roll 1.5s upd 13.1s
[brain] it 1278 [league 62%] R/ep 4.10 ent 2.42 kl 0.006 | hit/swing 55% dj/min 34.4 blk/min 0.1 abiHit 18 supHit 92 | sovereign 6/11 expert 6/7 self 8/17 hard 3/3 easy 1/1 medium 1/1 idle 1/1 | roll 1.7s upd 21.6s
[brain] it 1279 [league 63%] R/ep 8.58 ent 2.40 kl 0.007 | hit/swing 58% dj/min 34.7 blk/min 0.3 abiHit 11 supHit 95 | expert 10/12 sovereign 5/5 self 8/13 medium 2/2 idle 2/2 hard 5/5 easy 2/2 | roll 1.5s upd 15.2s
[brain] it 1280 [league 64%] R/ep 9.42 ent 2.43 kl 0.007 | hit/swing 59% dj/min 34.6 blk/min 0.2 abiHit 24 supHit 92 | expert 13/14 self 10/13 medium 5/5 sovereign 4/7 hard 2/2 easy 1/1 idle 2/2 | roll 1.6s upd 14.2s
[brain] it 1281 [league 64%] R/ep 5.16 ent 2.34 kl 0.006 | hit/swing 55% dj/min 32.5 blk/min 0.2 abiHit 15 supHit 93 | self 10/17 medium 1/1 easy 2/2 idle 4/4 sovereign 4/8 expert 8/10 hard 1/1 | roll 1.4s upd 14.4s
[brain] it 1282 [league 66%] R/ep 7.92 ent 2.38 kl 0.007 | hit/swing 56% dj/min 34.1 blk/min 0.2 abiHit 20 supHit 93 | expert 7/8 self 10/14 hard 3/3 easy 1/1 sovereign 7/9 idle 4/4 medium 2/2 | roll 1.5s upd 13.6s
[brain] it 1283 [league 69%] R/ep 6.81 ent 2.39 kl 0.006 | hit/swing 54% dj/min 34.2 blk/min 0.1 abiHit 21 supHit 88 | medium 5/5 sovereign 7/9 self 6/13 expert 8/9 hard 3/3 easy 1/1 idle 3/3 | roll 1.3s upd 16.3s
[brain] it 1284 [league 70%] R/ep 7.47 ent 2.37 kl 0.005 | hit/swing 55% dj/min 32.6 blk/min 0.0 abiHit 16 supHit 95 | sovereign 8/9 self 7/11 idle 3/3 medium 3/3 expert 8/11 hard 2/2 easy 1/1 | roll 1.4s upd 15.7s
[brain] it 1285 [league 70%] R/ep 5.71 ent 2.40 kl 0.006 | hit/swing 51% dj/min 35.1 blk/min 0.1 abiHit 14 supHit 85 | hard 5/5 self 8/21 expert 9/10 easy 1/1 sovereign 3/4 | roll 1.7s upd 14.1s
[brain] it 1286 [league 72%] R/ep 5.92 ent 2.60 kl 0.005 | hit/swing 43% dj/min 37.6 blk/min 0.2 abiHit 26 supHit 64 | self 7/12 expert 7/9 sovereign 4/7 idle 3/3 hard 3/3 easy 2/2 | roll 1.3s upd 13.1s
[brain] it 1287 [league 71%] R/ep 4.23 ent 2.46 kl 0.005 | hit/swing 48% dj/min 36.5 blk/min 0.2 abiHit 16 supHit 83 | expert 14/15 self 7/20 sovereign 4/5 easy 3/3 | roll 1.5s upd 13.1s
[brain] it 1288 [league 70%] R/ep 6.36 ent 2.45 kl 0.007 | hit/swing 48% dj/min 35.9 blk/min 0.3 abiHit 16 supHit 90 | expert 10/12 self 9/15 sovereign 7/9 idle 1/1 hard 1/1 | roll 1.5s upd 13.4s
[brain] it 1289 [league 72%] R/ep 7.72 ent 2.37 kl 0.007 | hit/swing 57% dj/min 31.4 blk/min 0.2 abiHit 20 supHit 90 | self 11/17 idle 4/4 sovereign 8/10 expert 9/9 easy 3/3 hard 1/1 | roll 1.5s upd 13.5s
[brain] it 1290 [league 70%] R/ep 7.07 ent 2.39 kl 0.007 | hit/swing 57% dj/min 32.7 blk/min 0.2 abiHit 22 supHit 87 | hard 4/4 sovereign 2/6 idle 4/4 expert 14/15 self 6/14 easy 2/2 medium 2/2 | roll 1.5s upd 14.5s
[brain] it 1291 [league 71%] R/ep 7.08 ent 2.35 kl 0.008 | hit/swing 47% dj/min 33.8 blk/min 0.3 abiHit 26 supHit 90 | sovereign 6/8 expert 9/10 self 10/16 hard 1/1 idle 1/1 medium 1/1 | roll 1.4s upd 13.3s
[brain] it 1292 [league 73%] R/ep 7.23 ent 2.42 kl 0.006 | hit/swing 53% dj/min 35.1 blk/min 0.1 abiHit 31 supHit 88 | sovereign 10/12 idle 3/3 self 9/14 expert 7/7 easy 4/4 medium 1/1 | roll 1.5s upd 12.9s
[brain] it 1293 [league 71%] R/ep 8.38 ent 2.33 kl 0.006 | hit/swing 61% dj/min 32.8 blk/min 0.1 abiHit 13 supHit 86 | sovereign 5/10 self 7/11 hard 5/5 idle 2/2 expert 15/16 medium 1/1 | roll 1.2s upd 12.2s
[brain] it 1294 [league 71%] R/ep 5.58 ent 2.35 kl 0.005 | hit/swing 56% dj/min 34.2 blk/min 0.2 abiHit 14 supHit 83 | self 7/19 idle 2/2 expert 8/9 medium 2/2 hard 1/1 sovereign 4/6 easy 2/2 | roll 1.3s upd 13.2s
[brain] it 1295 [league 71%] R/ep 5.60 ent 2.36 kl 0.006 | hit/swing 54% dj/min 34.3 blk/min 0.0 abiHit 15 supHit 105 | sovereign 11/15 expert 8/8 self 5/15 medium 2/2 easy 1/1 hard 2/2 idle 1/1 | roll 1.3s upd 12.6s
[brain] it 1296 [league 69%] R/ep 4.29 ent 2.41 kl 0.006 | hit/swing 52% dj/min 34.3 blk/min 0.1 abiHit 24 supHit 90 | self 9/19 sovereign 5/7 expert 6/6 medium 2/2 hard 2/2 idle 1/1 easy 1/1 | roll 1.4s upd 12.7s
[brain] it 1297 [league 71%] R/ep 5.94 ent 2.51 kl 0.007 | hit/swing 45% dj/min 37.0 blk/min 0.1 abiHit 20 supHit 74 | self 9/15 idle 3/3 expert 5/7 easy 2/2 sovereign 5/6 medium 1/1 | roll 1.3s upd 12.3s
[brain] it 1298 [league 71%] R/ep 9.56 ent 2.39 kl 0.006 | hit/swing 65% dj/min 33.8 blk/min 0.2 abiHit 18 supHit 90 | self 7/12 expert 9/9 easy 3/3 medium 2/2 sovereign 5/8 idle 5/5 hard 5/5 | roll 1.2s upd 13.3s
[brain] it 1299 [league 70%] R/ep 7.09 ent 2.45 kl 0.005 | hit/swing 53% dj/min 36.0 blk/min 0.1 abiHit 19 supHit 74 | medium 2/2 self 8/18 expert 7/7 hard 1/1 easy 3/3 sovereign 3/4 idle 1/1 | roll 1.4s upd 12.5s
[brain] it 1300 [league 72%] R/ep 4.26 ent 2.36 kl 0.006 | hit/swing 51% dj/min 34.1 blk/min 0.3 abiHit 12 supHit 102 | sovereign 11/12 easy 3/3 expert 3/4 self 9/18 hard 2/2 medium 2/2 idle 1/1 | roll 1.3s upd 12.6s
[brain] it 1301 [league 71%] R/ep 3.89 ent 2.51 kl 0.007 | hit/swing 51% dj/min 39.2 blk/min 0.1 abiHit 14 supHit 76 | self 11/21 sovereign 5/8 expert 4/5 hard 1/1 medium 1/1 easy 2/2 idle 1/1 | roll 1.6s upd 12.8s
[brain] it 1302 [league 73%] R/ep 7.03 ent 2.34 kl 0.005 | hit/swing 58% dj/min 34.1 blk/min 0.0 abiHit 16 supHit 96 | self 7/13 sovereign 9/12 idle 1/1 hard 3/3 expert 7/8 easy 3/3 medium 1/1 | roll 1.4s upd 12.0s
[brain] it 1303 [league 74%] R/ep 5.67 ent 2.58 kl 0.006 | hit/swing 50% dj/min 40.3 blk/min 0.0 abiHit 15 supHit 63 | self 6/15 sovereign 4/5 expert 8/10 easy 1/1 hard 2/2 idle 2/2 medium 1/1 | roll 1.5s upd 13.6s
[brain] it 1304 [league 71%] R/ep 3.41 ent 2.43 kl 0.007 | hit/swing 50% dj/min 37.0 blk/min 0.3 abiHit 23 supHit 81 | sovereign 5/9 hard 3/3 self 6/15 easy 1/1 medium 2/2 expert 3/5 | roll 1.5s upd 13.1s
[brain] it 1305 [league 74%] R/ep 10.90 ent 2.34 kl 0.006 | hit/swing 60% dj/min 35.8 blk/min 0.0 abiHit 17 supHit 85 | easy 2/2 expert 12/12 self 11/13 sovereign 7/8 hard 3/3 medium 2/2 idle 3/3 | roll 1.4s upd 14.4s
[brain] it 1306 [league 72%] R/ep 5.30 ent 2.45 kl 0.005 | hit/swing 48% dj/min 36.1 blk/min 0.3 abiHit 24 supHit 92 | expert 10/13 self 7/13 idle 2/2 medium 2/2 sovereign 6/10 easy 1/1 | roll 1.4s upd 16.5s
[brain] it 1307 [league 73%] R/ep 10.76 ent 2.33 kl 0.007 | hit/swing 63% dj/min 34.5 blk/min 0.1 abiHit 9 supHit 88 | self 12/14 expert 12/13 hard 2/2 sovereign 4/5 easy 5/5 idle 2/2 medium 2/2 | roll 2.2s upd 15.3s
[brain] it 1308 [league 71%] R/ep 6.63 ent 2.26 kl 0.006 | hit/swing 55% dj/min 32.8 blk/min 0.1 abiHit 15 supHit 108 | self 9/16 expert 12/12 sovereign 7/12 hard 1/1 easy 1/1 idle 2/2 medium 2/2 | roll 1.4s upd 13.6s
[brain] it 1309 [league 70%] R/ep 5.42 ent 2.29 kl 0.006 | hit/swing 55% dj/min 31.9 blk/min 0.1 abiHit 15 supHit 95 | self 11/23 sovereign 3/6 expert 10/10 medium 3/3 hard 2/2 idle 2/2 | roll 1.5s upd 14.4s
[brain] it 1310 [league 71%] R/ep 7.17 ent 2.35 kl 0.006 | hit/swing 51% dj/min 34.7 blk/min 0.1 abiHit 18 supHit 88 | sovereign 6/8 self 9/15 expert 8/9 hard 1/1 idle 2/2 medium 2/2 | roll 1.6s upd 14.2s
[brain] it 1311 [league 70%] R/ep 6.81 ent 2.40 kl 0.005 | hit/swing 52% dj/min 36.3 blk/min 0.1 abiHit 18 supHit 80 | sovereign 5/7 expert 8/8 self 12/21 medium 3/3 idle 1/1 | roll 1.5s upd 13.2s
[brain] it 1312 [league 68%] R/ep 7.27 ent 2.32 kl 0.007 | hit/swing 58% dj/min 35.1 blk/min 0.1 abiHit 12 supHit 88 | expert 13/14 self 9/15 medium 2/2 sovereign 5/8 hard 1/1 idle 1/1 | roll 1.4s upd 13.3s
[brain] it 1313 [league 67%] R/ep 6.27 ent 2.21 kl 0.006 | hit/swing 58% dj/min 30.4 blk/min 0.2 abiHit 9 supHit 101 | expert 9/9 easy 2/2 self 10/18 idle 3/3 sovereign 4/8 hard 2/2 | roll 1.4s upd 13.1s
[brain] it 1314 [league 65%] R/ep 5.71 ent 2.30 kl 0.007 | hit/swing 54% dj/min 34.9 blk/min 0.2 abiHit 12 supHit 92 | expert 7/9 self 12/18 sovereign 4/7 easy 2/2 medium 4/4 idle 1/1 hard 1/1 | roll 1.3s upd 13.6s
[brain] it 1315 [league 65%] R/ep 7.93 ent 2.29 kl 0.005 | hit/swing 55% dj/min 33.6 blk/min 0.1 abiHit 10 supHit 107 | expert 12/13 self 10/17 sovereign 6/8 idle 2/2 easy 2/2 hard 2/2 medium 2/2 | roll 1.4s upd 14.0s
[brain] it 1316 [league 64%] R/ep 7.96 ent 2.31 kl 0.007 | hit/swing 58% dj/min 33.4 blk/min 0.2 abiHit 15 supHit 93 | sovereign 6/9 self 9/16 idle 4/4 medium 5/5 easy 2/2 expert 7/7 hard 1/1 | roll 1.4s upd 13.8s
[brain] it 1317 [league 64%] R/ep 6.25 ent 2.38 kl 0.008 | hit/swing 55% dj/min 36.7 blk/min 0.0 abiHit 7 supHit 91 | self 11/15 expert 8/9 hard 2/2 sovereign 7/11 easy 1/1 medium 2/2 | roll 1.4s upd 13.7s
[brain] it 1318 [league 66%] R/ep 6.82 ent 2.42 kl 0.005 | hit/swing 51% dj/min 36.1 blk/min 0.1 abiHit 32 supHit 82 | hard 4/4 sovereign 7/8 self 7/16 expert 7/8 medium 2/2 idle 1/1 easy 1/1 | roll 1.4s upd 13.4s
[brain] it 1319 [league 66%] R/ep 6.26 ent 2.34 kl 0.006 | hit/swing 59% dj/min 32.8 blk/min 0.0 abiHit 8 supHit 100 | medium 2/2 expert 9/9 hard 2/2 self 8/17 sovereign 8/10 idle 4/4 easy 1/1 | roll 1.3s upd 13.7s
[brain] it 1320 [league 65%] R/ep 6.17 ent 2.41 kl 0.005 | hit/swing 56% dj/min 34.9 blk/min 0.1 abiHit 18 supHit 94 | medium 5/5 sovereign 4/10 self 8/14 hard 3/3 expert 8/9 idle 1/1 | roll 1.4s upd 13.7s
[brain] it 1321 [league 66%] R/ep 5.64 ent 2.48 kl 0.005 | hit/swing 51% dj/min 38.5 blk/min 0.4 abiHit 18 supHit 81 | sovereign 7/10 self 8/16 easy 3/3 expert 8/9 medium 1/1 | roll 1.7s upd 14.1s
[brain] it 1322 [league 63%] R/ep 7.06 ent 2.41 kl 0.006 | hit/swing 58% dj/min 35.2 blk/min 0.3 abiHit 13 supHit 90 | sovereign 8/16 easy 1/1 expert 17/17 self 5/10 hard 1/1 medium 2/2 idle 1/1 | roll 1.4s upd 14.8s
[brain] it 1323 [league 65%] R/ep 6.32 ent 2.53 kl 0.005 | hit/swing 41% dj/min 39.0 blk/min 0.0 abiHit 19 supHit 82 | self 10/17 expert 7/7 sovereign 6/8 easy 3/3 idle 1/1 | roll 2.1s upd 16.6s
[brain] it 1324 [league 68%] R/ep 9.19 ent 2.42 kl 0.006 | hit/swing 54% dj/min 37.1 blk/min 0.1 abiHit 14 supHit 92 | self 14/17 easy 3/3 medium 3/3 sovereign 7/8 expert 6/7 idle 1/1 hard 1/1 | roll 1.8s upd 15.3s
[brain] it 1325 [league 67%] R/ep 5.03 ent 2.46 kl 0.007 | hit/swing 49% dj/min 36.6 blk/min 0.0 abiHit 26 supHit 75 | self 9/18 easy 2/2 expert 9/9 sovereign 6/9 idle 1/1 hard 1/1 | roll 1.5s upd 12.1s
[brain] it 1326 [league 65%] R/ep 7.01 ent 2.41 kl 0.006 | hit/swing 58% dj/min 36.0 blk/min 0.1 abiHit 22 supHit 78 | easy 4/4 expert 10/11 self 6/13 sovereign 3/6 idle 3/3 medium 1/1 hard 1/1 | roll 1.3s upd 12.0s
[brain] it 1327 [league 65%] R/ep 6.17 ent 2.35 kl 0.008 | hit/swing 55% dj/min 33.8 blk/min 0.2 abiHit 14 supHit 88 | easy 1/1 expert 10/12 sovereign 5/9 self 11/15 medium 3/3 hard 2/2 idle 2/2 | roll 1.4s upd 14.3s
[brain] it 1328 [league 67%] R/ep 6.96 ent 2.35 kl 0.006 | hit/swing 57% dj/min 34.4 blk/min 0.3 abiHit 9 supHit 88 | self 2/12 expert 14/15 sovereign 8/8 hard 2/2 easy 4/4 idle 2/2 | roll 1.6s upd 18.1s
[brain] it 1329 [league 64%] R/ep 6.90 ent 2.39 kl 0.007 | hit/swing 57% dj/min 34.9 blk/min 0.3 abiHit 15 supHit 87 | self 9/16 expert 10/10 medium 2/2 sovereign 4/8 hard 2/2 easy 2/2 idle 1/1 | roll 1.7s upd 15.0s
[brain] it 1330 [league 62%] R/ep 5.73 ent 2.44 kl 0.007 | hit/swing 56% dj/min 36.2 blk/min 0.1 abiHit 15 supHit 76 | expert 11/14 self 8/13 medium 1/1 hard 2/2 sovereign 3/7 easy 1/1 idle 1/1 | roll 1.6s upd 15.8s
[brain] it 1331 [league 64%] R/ep 7.77 ent 2.50 kl 0.006 | hit/swing 50% dj/min 36.5 blk/min 0.1 abiHit 17 supHit 69 | expert 8/10 self 9/14 easy 1/1 idle 4/4 hard 2/2 sovereign 3/3 | roll 1.5s upd 14.2s
[brain] it 1332 [league 67%] R/ep 3.47 ent 2.33 kl 0.006 | hit/swing 52% dj/min 35.1 blk/min 0.3 abiHit 7 supHit 90 | sovereign 6/7 self 9/23 easy 3/3 expert 7/9 hard 2/2 idle 1/1 | roll 1.5s upd 12.9s
[brain] it 1333 [league 64%] R/ep 5.83 ent 2.33 kl 0.006 | hit/swing 58% dj/min 33.9 blk/min 0.2 abiHit 17 supHit 91 | sovereign 3/6 hard 1/1 self 13/23 idle 2/2 expert 11/11 medium 1/1 easy 1/1 | roll 1.6s upd 16.1s
[brain] it 1334 [league 67%] R/ep 6.41 ent 2.30 kl 0.005 | hit/swing 54% dj/min 34.2 blk/min 0.0 abiHit 21 supHit 103 | sovereign 5/7 self 10/19 expert 10/10 medium 2/2 hard 2/2 idle 1/1 | roll 1.6s upd 15.7s
[brain] it 1335 [league 66%] R/ep 7.88 ent 2.50 kl 0.007 | hit/swing 55% dj/min 39.0 blk/min 0.2 abiHit 13 supHit 82 | expert 6/7 self 10/15 hard 4/4 sovereign 4/6 idle 2/2 easy 1/1 | roll 1.5s upd 17.0s
[brain] it 1336 [league 69%] R/ep 5.60 ent 2.49 kl 0.006 | hit/swing 48% dj/min 38.6 blk/min 0.4 abiHit 27 supHit 71 | self 10/16 sovereign 6/8 easy 1/1 expert 7/10 hard 1/1 | roll 1.6s upd 14.0s
[brain] it 1337 [league 68%] R/ep 7.83 ent 2.32 kl 0.005 | hit/swing 61% dj/min 33.8 blk/min 0.2 abiHit 16 supHit 100 | expert 17/18 hard 2/2 idle 1/1 self 9/15 sovereign 5/7 easy 2/2 medium 1/1 | roll 1.4s upd 19.5s
[brain] it 1338 [league 68%] R/ep 5.79 ent 2.39 kl 0.004 | hit/swing 58% dj/min 35.8 blk/min 0.1 abiHit 25 supHit 88 | self 6/16 expert 11/11 sovereign 7/9 easy 1/1 medium 2/2 idle 2/2 hard 1/1 | roll 1.9s upd 18.5s
[brain] it 1339 [league 67%] R/ep 6.80 ent 2.45 kl 0.005 | hit/swing 53% dj/min 36.9 blk/min 0.3 abiHit 11 supHit 85 | self 8/15 expert 8/9 easy 3/3 sovereign 6/10 hard 1/1 idle 2/2 medium 1/1 | roll 2.1s upd 37.4s
[brain] it 1340 [league 70%] R/ep 9.05 ent 2.38 kl 0.007 | hit/swing 57% dj/min 35.6 blk/min 0.2 abiHit 11 supHit 89 | sovereign 8/10 self 8/11 expert 13/13 hard 1/1 idle 2/2 easy 2/2 | roll 1.7s upd 17.2s
[brain] it 1341 [league 69%] R/ep 6.42 ent 2.47 kl 0.008 | hit/swing 49% dj/min 37.4 blk/min 0.0 abiHit 15 supHit 75 | self 9/17 sovereign 2/5 expert 11/11 hard 1/1 idle 3/3 medium 1/1 easy 1/1 | roll 1.5s upd 14.7s
[brain] it 1342 [league 68%] R/ep 5.43 ent 2.58 kl 0.007 | hit/swing 49% dj/min 39.4 blk/min 0.1 abiHit 28 supHit 64 | hard 1/1 sovereign 4/5 expert 9/10 self 5/13 easy 1/1 idle 2/2 medium 1/1 | roll 1.4s upd 13.8s
[brain] it 1343 [league 69%] R/ep 7.64 ent 2.46 kl 0.006 | hit/swing 49% dj/min 38.6 blk/min 0.0 abiHit 25 supHit 78 | sovereign 6/8 expert 6/6 self 11/17 idle 1/1 medium 3/3 hard 2/2 | roll 1.8s upd 12.7s
[brain] it 1344 [league 71%] R/ep 4.45 ent 2.41 kl 0.007 | hit/swing 56% dj/min 34.9 blk/min 0.0 abiHit 11 supHit 91 | expert 8/9 self 10/19 idle 4/4 sovereign 6/9 medium 1/1 easy 1/1 | roll 1.4s upd 25.2s
[brain] it 1345 [league 69%] R/ep 6.96 ent 2.36 kl 0.005 | hit/swing 57% dj/min 36.5 blk/min 0.1 abiHit 8 supHit 89 | self 12/18 idle 3/3 sovereign 7/11 expert 8/8 hard 2/2 medium 1/1 | roll 1.9s upd 20.8s
[brain] it 1346 [league 68%] R/ep 7.43 ent 2.41 kl 0.007 | hit/swing 58% dj/min 37.1 blk/min 0.2 abiHit 15 supHit 89 | self 6/12 sovereign 4/8 expert 12/14 idle 2/2 easy 3/3 medium 1/1 hard 1/1 | roll 1.4s upd 105.0s
[brain] it 1347 [league 69%] R/ep 6.01 ent 2.47 kl 0.006 | hit/swing 49% dj/min 39.0 blk/min 0.1 abiHit 20 supHit 77 | self 8/15 sovereign 10/13 expert 8/8 hard 1/1 idle 1/1 | roll 2.4s upd 50.2s
[brain] it 1348 [league 68%] R/ep 6.07 ent 2.40 kl 0.006 | hit/swing 49% dj/min 35.9 blk/min 0.2 abiHit 28 supHit 81 | sovereign 5/7 self 11/18 idle 1/1 expert 7/8 medium 3/3 easy 1/1 | roll 2.2s upd 40.0s
[brain] it 1349 [league 67%] R/ep 7.89 ent 2.41 kl 0.007 | hit/swing 58% dj/min 37.6 blk/min 0.1 abiHit 20 supHit 86 | expert 16/16 hard 1/1 sovereign 3/6 self 10/15 medium 1/1 idle 1/1 easy 1/1 | roll 2.7s upd 21.6s
[brain] it 1350 [league 67%] R/ep 4.71 ent 2.57 kl 0.006 | hit/swing 42% dj/min 41.1 blk/min 0.1 abiHit 21 supHit 69 | self 5/12 easy 3/3 sovereign 7/10 expert 4/5 medium 2/2 idle 2/2 hard 1/1 | roll 1.6s upd 21.9s
[brain] it 1351 [league 68%] R/ep 6.02 ent 2.49 kl 0.006 | hit/swing 45% dj/min 37.1 blk/min 0.2 abiHit 15 supHit 57 | self 7/11 expert 9/9 sovereign 4/5 | roll 6.4s upd 15.0s
[brain] it 1352 [league 69%] R/ep 7.24 ent 2.32 kl 0.006 | hit/swing 55% dj/min 35.8 blk/min 0.1 abiHit 13 supHit 62 | sovereign 5/6 self 12/15 expert 4/4 hard 1/1 medium 1/1 | roll 7.7s upd 14.8s
[brain] it 1353 [league 67%] R/ep 5.57 ent 2.56 kl 0.007 | hit/swing 45% dj/min 39.7 blk/min 0.1 abiHit 8 supHit 55 | expert 5/5 easy 2/2 self 3/8 hard 2/2 idle 1/1 medium 1/1 sovereign 4/8 | roll 6.3s upd 14.9s
[brain] it 1354 [league 68%] R/ep 4.28 ent 2.40 kl 0.006 | hit/swing 49% dj/min 36.3 blk/min 0.2 abiHit 9 supHit 83 | sovereign 4/5 self 7/22 expert 6/6 hard 2/2 idle 3/3 | roll 1.9s upd 20.7s
[brain] it 1355 [league 66%] R/ep 7.80 ent 2.34 kl 0.006 | hit/swing 59% dj/min 35.5 blk/min 0.4 abiHit 10 supHit 98 | expert 15/16 sovereign 5/9 self 9/13 medium 1/1 hard 1/1 idle 1/1 easy 1/1 | roll 1.6s upd 19.9s
[brain] it 1356 [league 68%] R/ep 4.53 ent 2.46 kl 0.006 | hit/swing 53% dj/min 38.9 blk/min 0.3 abiHit 13 supHit 85 | self 12/21 easy 1/1 medium 3/3 sovereign 6/7 hard 2/2 expert 3/3 | roll 1.6s upd 22.2s
[brain] it 1357 [league 68%] R/ep 8.49 ent 2.25 kl 0.007 | hit/swing 57% dj/min 32.4 blk/min 0.4 abiHit 9 supHit 101 | expert 10/10 self 15/21 hard 4/4 sovereign 0/1 easy 3/3 idle 3/3 medium 2/2 | roll 1.4s upd 17.9s
[brain] it 1358 [league 68%] R/ep 8.85 ent 2.30 kl 0.006 | hit/swing 65% dj/min 33.1 blk/min 0.1 abiHit 16 supHit 108 | self 11/15 sovereign 8/11 expert 8/8 hard 4/4 medium 2/2 easy 2/2 idle 1/1 | roll 1.5s upd 22.2s
[brain] it 1359 [league 69%] R/ep 6.73 ent 2.37 kl 0.007 | hit/swing 54% dj/min 36.2 blk/min 0.3 abiHit 15 supHit 101 | sovereign 8/12 expert 10/10 self 8/15 hard 2/2 easy 2/2 idle 2/2 | roll 1.6s upd 18.7s
[brain] it 1360 [league 69%] R/ep 7.20 ent 2.36 kl 0.006 | hit/swing 57% dj/min 35.2 blk/min 0.2 abiHit 19 supHit 84 | expert 7/8 easy 1/1 sovereign 7/8 idle 4/4 self 7/14 medium 1/1 | roll 1.5s upd 19.7s
[brain] it 1361 [league 70%] R/ep 6.55 ent 2.33 kl 0.007 | hit/swing 55% dj/min 34.5 blk/min 0.3 abiHit 12 supHit 97 | self 8/19 expert 9/9 sovereign 9/12 medium 2/2 idle 2/2 hard 1/1 easy 1/1 | roll 1.6s upd 19.5s
[brain] it 1362 [league 70%] R/ep 4.88 ent 2.45 kl 0.005 | hit/swing 53% dj/min 38.3 blk/min 0.2 abiHit 16 supHit 78 | sovereign 3/6 self 8/18 medium 4/4 expert 9/9 easy 2/2 idle 1/1 hard 1/1 | roll 1.5s upd 19.1s
[brain] it 1363 [league 72%] R/ep 7.20 ent 2.31 kl 0.006 | hit/swing 58% dj/min 34.8 blk/min 0.4 abiHit 13 supHit 93 | easy 1/1 expert 7/8 self 16/23 medium 2/2 idle 2/2 sovereign 5/5 hard 2/2 | roll 1.4s upd 17.4s
[brain] it 1364 [league 71%] R/ep 6.74 ent 2.43 kl 0.006 | hit/swing 55% dj/min 37.4 blk/min 0.1 abiHit 17 supHit 80 | self 8/15 sovereign 3/5 expert 9/12 easy 4/4 hard 2/2 medium 1/1 idle 1/1 | roll 1.5s upd 17.3s
[brain] it 1365 [league 68%] R/ep 4.09 ent 2.30 kl 0.005 | hit/swing 56% dj/min 33.5 blk/min 0.3 abiHit 14 supHit 94 | self 12/21 sovereign 7/13 hard 2/2 expert 7/7 medium 1/1 easy 2/2 | roll 1.5s upd 17.9s
[brain] it 1366 [league 68%] R/ep 6.85 ent 2.43 kl 0.005 | hit/swing 58% dj/min 37.3 blk/min 0.4 abiHit 23 supHit 75 | self 7/13 sovereign 3/7 expert 10/10 medium 3/3 easy 3/3 | roll 1.4s upd 16.0s
[brain] it 1367 [league 69%] R/ep 8.61 ent 2.44 kl 0.006 | hit/swing 48% dj/min 38.9 blk/min 0.0 abiHit 30 supHit 88 | sovereign 8/8 self 12/16 easy 4/4 expert 6/6 medium 3/3 | roll 1.4s upd 18.0s
[brain] it 1368 [league 72%] R/ep 6.09 ent 2.21 kl 0.007 | hit/swing 57% dj/min 32.5 blk/min 0.4 abiHit 7 supHit 106 | self 10/20 medium 3/3 sovereign 12/14 idle 2/2 expert 5/5 easy 1/1 | roll 1.4s upd 17.2s
[brain] it 1369 [league 70%] R/ep 7.18 ent 2.33 kl 0.005 | hit/swing 59% dj/min 35.3 blk/min 0.7 abiHit 8 supHit 93 | hard 2/2 medium 5/5 self 11/16 expert 9/9 idle 2/2 easy 1/1 sovereign 5/9 | roll 1.5s upd 17.5s
[brain] it 1370 [league 72%] R/ep 7.25 ent 2.32 kl 0.008 | hit/swing 57% dj/min 33.6 blk/min 0.2 abiHit 8 supHit 99 | self 10/19 sovereign 5/7 expert 13/14 medium 4/4 idle 1/1 hard 1/1 | roll 1.4s upd 18.6s
[brain] it 1371 [league 71%] R/ep 7.86 ent 2.34 kl 0.006 | hit/swing 58% dj/min 36.2 blk/min 0.1 abiHit 12 supHit 90 | self 3/10 expert 10/10 sovereign 10/13 easy 5/5 hard 2/2 idle 2/2 medium 1/1 | roll 1.2s upd 17.2s
[brain] it 1372 [league 71%] R/ep 7.61 ent 2.52 kl 0.006 | hit/swing 48% dj/min 39.5 blk/min 0.2 abiHit 33 supHit 58 | expert 9/11 sovereign 7/9 medium 2/2 self 6/8 idle 1/1 easy 1/1 | roll 1.3s upd 17.5s
[brain] it 1373 [league 72%] R/ep 8.58 ent 2.53 kl 0.007 | hit/swing 46% dj/min 39.8 blk/min 0.0 abiHit 16 supHit 67 | sovereign 6/6 expert 8/9 hard 2/2 medium 3/3 self 8/14 idle 2/2 easy 1/1 | roll 1.4s upd 18.8s
[brain] it 1374 [league 73%] R/ep 8.07 ent 2.43 kl 0.006 | hit/swing 54% dj/min 36.3 blk/min 0.2 abiHit 23 supHit 86 | sovereign 5/7 self 8/16 expert 9/9 hard 2/2 medium 4/4 idle 2/2 | roll 1.5s upd 17.5s
[brain] it 1375 [league 73%] R/ep 7.12 ent 2.36 kl 0.007 | hit/swing 61% dj/min 34.8 blk/min 0.1 abiHit 10 supHit 86 | self 10/13 hard 1/1 expert 11/12 sovereign 6/11 easy 1/1 idle 3/3 medium 1/1 | roll 1.4s upd 18.1s
[brain] it 1376 [league 73%] R/ep 4.90 ent 2.22 kl 0.006 | hit/swing 60% dj/min 33.8 blk/min 0.2 abiHit 9 supHit 100 | self 10/22 expert 9/9 sovereign 7/10 idle 1/1 hard 1/1 | roll 1.4s upd 18.7s
[brain] it 1377 [league 75%] R/ep 6.76 ent 2.38 kl 0.007 | hit/swing 51% dj/min 36.5 blk/min 0.2 abiHit 26 supHit 84 | sovereign 4/5 self 9/15 idle 3/3 expert 8/8 hard 2/2 medium 3/3 easy 1/1 | roll 1.4s upd 18.4s
[brain] it 1378 [league 75%] R/ep 7.49 ent 2.28 kl 0.006 | hit/swing 54% dj/min 34.7 blk/min 0.4 abiHit 8 supHit 87 | self 9/15 expert 10/11 sovereign 8/9 easy 1/1 medium 1/1 idle 1/1 hard 1/1 | roll 1.4s upd 18.4s
[brain] it 1379 [league 77%] R/ep 4.97 ent 2.36 kl 0.007 | hit/swing 53% dj/min 36.2 blk/min 0.2 abiHit 17 supHit 85 | self 10/23 sovereign 4/4 expert 5/6 easy 2/2 hard 1/1 idle 2/2 medium 1/1 | roll 1.7s upd 18.6s
[brain] it 1380 [league 75%] R/ep 7.24 ent 2.24 kl 0.006 | hit/swing 58% dj/min 32.2 blk/min 0.2 abiHit 22 supHit 98 | self 12/20 medium 1/1 expert 14/14 hard 1/1 sovereign 3/5 idle 2/2 easy 1/1 | roll 1.4s upd 19.6s
[brain] it 1381 [league 73%] R/ep 6.05 ent 2.50 kl 0.008 | hit/swing 48% dj/min 38.5 blk/min 0.3 abiHit 21 supHit 70 | sovereign 4/7 idle 2/2 self 8/13 expert 7/9 easy 2/2 medium 3/3 | roll 1.6s upd 19.7s
[brain] it 1382 [league 78%] R/ep 7.00 ent 2.35 kl 0.007 | hit/swing 56% dj/min 36.0 blk/min 0.1 abiHit 17 supHit 95 | expert 6/7 sovereign 10/10 self 9/15 medium 6/6 idle 1/1 hard 2/2 easy 1/1 | roll 1.4s upd 18.8s
[brain] it 1383 [league 74%] R/ep 6.77 ent 2.35 kl 0.005 | hit/swing 57% dj/min 35.1 blk/min 0.3 abiHit 14 supHit 83 | sovereign 3/8 self 4/11 expert 14/16 hard 2/2 medium 1/1 idle 2/2 easy 2/2 | roll 1.4s upd 37.8s
[brain] it 1384 [league 72%] R/ep 4.23 ent 2.38 kl 0.007 | hit/swing 54% dj/min 35.7 blk/min 0.3 abiHit 10 supHit 75 | sovereign 5/10 expert 5/9 self 7/12 idle 2/2 hard 3/3 medium 3/3 | roll 3.6s upd 37.7s
[brain] it 1385 [league 72%] R/ep 7.40 ent 2.44 kl 0.008 | hit/swing 51% dj/min 38.6 blk/min 0.1 abiHit 16 supHit 65 | self 10/11 expert 11/12 sovereign 3/4 hard 2/2 easy 1/1 | roll 2.3s upd 18.1s
[brain] it 1386 [league 71%] R/ep 8.97 ent 2.47 kl 0.005 | hit/swing 50% dj/min 37.1 blk/min 0.4 abiHit 32 supHit 69 | expert 13/13 sovereign 10/12 idle 2/2 self 4/8 medium 2/2 easy 1/1 hard 3/3 | roll 1.3s upd 19.2s
[brain] it 1387 [league 71%] R/ep 5.24 ent 2.36 kl 0.006 | hit/swing 55% dj/min 35.2 blk/min 0.1 abiHit 11 supHit 81 | sovereign 7/10 self 6/15 medium 2/2 idle 2/2 expert 5/5 easy 3/3 | roll 1.5s upd 14.5s
[brain] it 1388 [league 69%] R/ep 7.89 ent 2.33 kl 0.005 | hit/swing 51% dj/min 35.5 blk/min 0.3 abiHit 18 supHit 82 | sovereign 2/7 self 14/17 easy 4/4 medium 2/2 idle 3/3 expert 6/6 | roll 1.3s upd 15.0s
[brain] it 1389 [league 70%] R/ep 6.21 ent 2.44 kl 0.006 | hit/swing 54% dj/min 38.6 blk/min 0.0 abiHit 15 supHit 73 | expert 5/6 sovereign 6/8 self 7/14 hard 3/3 easy 2/2 idle 1/1 | roll 1.4s upd 16.4s
[brain] it 1390 [league 70%] R/ep 7.65 ent 2.33 kl 0.006 | hit/swing 50% dj/min 34.0 blk/min 0.1 abiHit 19 supHit 90 | expert 12/13 self 11/17 sovereign 3/4 idle 2/2 easy 1/1 hard 1/1 | roll 1.6s upd 15.7s
[brain] it 1391 [league 70%] R/ep 8.85 ent 2.35 kl 0.006 | hit/swing 56% dj/min 33.7 blk/min 0.1 abiHit 14 supHit 90 | self 8/14 sovereign 8/9 easy 3/3 expert 8/8 idle 4/4 hard 2/2 medium 1/1 | roll 1.4s upd 15.7s
[brain] it 1392 [league 67%] R/ep 8.01 ent 2.46 kl 0.008 | hit/swing 54% dj/min 38.1 blk/min 0.1 abiHit 17 supHit 85 | expert 14/16 sovereign 4/7 self 9/13 idle 1/1 medium 2/2 easy 3/3 | roll 1.4s upd 15.8s
[brain] it 1393 [league 67%] R/ep 5.38 ent 2.45 kl 0.006 | hit/swing 47% dj/min 38.2 blk/min 0.1 abiHit 18 supHit 80 | self 10/18 hard 1/1 idle 2/2 expert 4/6 medium 2/2 sovereign 5/7 easy 1/1 | roll 1.4s upd 12.7s
[brain] it 1394 [league 67%] R/ep 9.15 ent 2.21 kl 0.007 | hit/swing 59% dj/min 32.4 blk/min 0.1 abiHit 22 supHit 112 | idle 2/2 sovereign 6/9 self 12/16 expert 15/15 hard 1/1 medium 2/2 easy 1/1 | roll 1.2s upd 12.0s
[brain] it 1395 [league 68%] R/ep 7.01 ent 2.34 kl 0.005 | hit/swing 58% dj/min 36.1 blk/min 0.0 abiHit 8 supHit 86 | medium 2/2 expert 10/11 self 7/12 sovereign 7/10 idle 2/2 easy 1/1 hard 1/1 | roll 1.2s upd 10.8s
[brain] it 1396 [league 70%] R/ep 8.28 ent 2.26 kl 0.007 | hit/swing 57% dj/min 33.7 blk/min 0.3 abiHit 9 supHit 91 | self 14/16 sovereign 8/8 idle 2/2 expert 8/9 easy 1/1 hard 2/2 medium 2/2 | roll 1.2s upd 11.7s
[brain] it 1397 [league 73%] R/ep 8.30 ent 2.33 kl 0.006 | hit/swing 59% dj/min 35.5 blk/min 0.1 abiHit 15 supHit 103 | sovereign 9/12 expert 13/14 self 9/14 medium 4/4 hard 1/1 | roll 1.2s upd 11.7s
[brain] it 1398 [league 74%] R/ep 7.58 ent 2.32 kl 0.006 | hit/swing 58% dj/min 34.5 blk/min 0.1 abiHit 16 supHit 95 | sovereign 6/6 self 13/20 expert 9/10 hard 2/2 idle 2/2 medium 1/1 easy 1/1 | roll 1.2s upd 11.8s
[brain] it 1399 [league 73%] R/ep 7.02 ent 2.31 kl 0.006 | hit/swing 59% dj/min 33.0 blk/min 0.2 abiHit 13 supHit 91 | sovereign 4/5 self 12/20 medium 1/1 expert 11/11 hard 2/2 easy 2/2 idle 3/3 | roll 1.3s upd 11.8s
[brain] it 1400 [league 72%] R/ep 8.58 ent 2.33 kl 0.005 | hit/swing 60% dj/min 32.4 blk/min 0.2 abiHit 17 supHit 79 | self 8/13 sovereign 4/7 medium 5/5 expert 10/11 easy 2/2 hard 2/2 idle 2/2 | roll 1.1s upd 11.9s
[brain] it 1401 [league 77%] R/ep 7.52 ent 2.30 kl 0.005 | hit/swing 60% dj/min 31.6 blk/min 0.0 abiHit 14 supHit 90 | sovereign 8/10 expert 9/13 self 8/11 medium 3/3 idle 3/3 easy 1/1 hard 1/1 | roll 1.1s upd 11.8s
[brain] it 1402 [league 77%] R/ep 7.40 ent 2.43 kl 0.007 | hit/swing 54% dj/min 35.7 blk/min 0.0 abiHit 24 supHit 87 | sovereign 9/12 expert 12/15 self 5/8 idle 2/2 easy 1/1 | roll 1.2s upd 11.7s
[brain] it 1403 [league 76%] R/ep 8.28 ent 2.35 kl 0.007 | hit/swing 56% dj/min 34.4 blk/min 0.0 abiHit 15 supHit 97 | hard 3/3 sovereign 7/10 self 7/12 idle 3/3 medium 3/3 expert 12/14 easy 1/1 | roll 1.3s upd 12.0s
[brain] it 1404 [league 75%] R/ep 4.06 ent 2.43 kl 0.007 | hit/swing 50% dj/min 35.2 blk/min 0.2 abiHit 17 supHit 73 | self 9/19 sovereign 5/7 expert 9/10 hard 1/1 medium 1/1 easy 1/1 idle 1/1 | roll 1.3s upd 13.2s
[brain] it 1405 [league 73%] R/ep 5.91 ent 2.22 kl 0.006 | hit/swing 59% dj/min 33.9 blk/min 0.0 abiHit 8 supHit 105 | sovereign 4/8 self 8/19 expert 8/9 easy 3/3 idle 1/1 medium 1/1 hard 2/2 | roll 1.2s upd 11.4s
[brain] it 1406 [league 75%] R/ep 7.47 ent 2.37 kl 0.007 | hit/swing 57% dj/min 36.2 blk/min 0.1 abiHit 18 supHit 79 | self 10/16 medium 2/2 expert 7/7 sovereign 7/8 idle 3/3 easy 1/1 | roll 1.3s upd 12.2s
[brain] it 1407 [league 77%] R/ep 6.84 ent 2.39 kl 0.005 | hit/swing 55% dj/min 36.9 blk/min 0.0 abiHit 18 supHit 88 | idle 1/1 medium 1/1 expert 11/11 hard 2/2 self 9/18 sovereign 5/6 | roll 1.2s upd 12.3s
[brain] it 1408 [league 74%] R/ep 4.97 ent 2.38 kl 0.008 | hit/swing 57% dj/min 36.1 blk/min 0.1 abiHit 13 supHit 97 | sovereign 10/15 self 5/13 idle 1/1 expert 11/11 hard 1/1 | roll 1.2s upd 12.5s
[brain] it 1409 [league 72%] R/ep 7.91 ent 2.45 kl 0.006 | hit/swing 57% dj/min 37.6 blk/min 0.4 abiHit 12 supHit 83 | expert 5/6 self 8/15 hard 4/4 sovereign 4/7 idle 3/3 easy 3/3 medium 2/2 | roll 1.2s upd 12.6s
[brain] it 1410 [league 70%] R/ep 7.83 ent 2.44 kl 0.007 | hit/swing 55% dj/min 38.3 blk/min 0.1 abiHit 22 supHit 91 | self 14/17 expert 10/11 hard 2/2 sovereign 5/8 easy 1/1 | roll 1.3s upd 14.2s
[brain] it 1411 [league 73%] R/ep 8.15 ent 2.40 kl 0.008 | hit/swing 60% dj/min 37.1 blk/min 0.5 abiHit 11 supHit 86 | self 12/17 expert 11/12 sovereign 9/10 medium 1/1 hard 2/2 | roll 1.4s upd 12.7s
[brain] it 1412 [league 73%] R/ep 7.77 ent 2.38 kl 0.006 | hit/swing 61% dj/min 35.4 blk/min 0.1 abiHit 10 supHit 92 | expert 11/11 self 11/18 sovereign 7/8 hard 3/3 easy 1/1 idle 2/2 | roll 1.3s upd 13.3s
[brain] it 1413 [league 74%] R/ep 9.60 ent 2.32 kl 0.006 | hit/swing 60% dj/min 36.0 blk/min 0.2 abiHit 14 supHit 96 | hard 3/3 self 8/12 expert 9/10 sovereign 9/10 easy 3/3 idle 2/2 medium 2/2 | roll 1.3s upd 12.5s
[brain] it 1414 [league 76%] R/ep 5.32 ent 2.32 kl 0.007 | hit/swing 57% dj/min 32.0 blk/min 0.1 abiHit 17 supHit 88 | idle 4/4 self 5/16 sovereign 9/11 expert 11/11 | roll 1.2s upd 12.1s
[brain] it 1415 [league 78%] R/ep 9.25 ent 2.20 kl 0.007 | hit/swing 61% dj/min 30.5 blk/min 0.1 abiHit 8 supHit 105 | sovereign 4/4 expert 12/12 idle 1/1 medium 4/4 hard 4/4 self 11/19 easy 3/3 | roll 1.3s upd 12.5s
[brain] it 1416 [league 78%] R/ep 8.38 ent 2.36 kl 0.006 | hit/swing 58% dj/min 36.8 blk/min 0.2 abiHit 15 supHit 88 | sovereign 5/6 self 12/18 expert 8/8 easy 1/1 medium 3/3 hard 2/2 idle 1/1 | roll 1.2s upd 12.1s
[brain] it 1417 [league 79%] R/ep 7.29 ent 2.43 kl 0.006 | hit/swing 55% dj/min 37.6 blk/min 0.0 abiHit 4 supHit 85 | expert 12/12 self 7/13 sovereign 8/10 medium 2/2 easy 1/1 hard 1/1 | roll 1.3s upd 12.5s
[brain] it 1418 [league 78%] R/ep 5.93 ent 2.36 kl 0.007 | hit/swing 51% dj/min 35.8 blk/min 0.1 abiHit 19 supHit 80 | self 14/19 sovereign 5/7 easy 2/2 expert 6/7 hard 2/2 idle 1/1 | roll 1.3s upd 12.1s
[brain] it 1419 [league 79%] R/ep 7.84 ent 2.32 kl 0.007 | hit/swing 62% dj/min 33.2 blk/min 0.1 abiHit 13 supHit 94 | expert 13/13 sovereign 7/10 self 9/13 idle 3/3 medium 1/1 | roll 1.2s upd 11.1s
[brain] it 1420 [league 78%] R/ep 8.44 ent 2.38 kl 0.007 | hit/swing 57% dj/min 37.4 blk/min 0.0 abiHit 12 supHit 90 | self 10/15 sovereign 6/8 expert 11/11 medium 1/1 idle 2/2 easy 2/2 hard 1/1 | roll 1.2s upd 12.4s
[brain] it 1421 [league 81%] R/ep 8.28 ent 2.39 kl 0.005 | hit/swing 51% dj/min 37.4 blk/min 0.2 abiHit 21 supHit 86 | expert 9/9 self 10/16 sovereign 5/5 medium 3/3 idle 2/2 easy 1/1 | roll 1.2s upd 12.4s
[brain] it 1422 [league 84%] R/ep 9.84 ent 2.27 kl 0.008 | hit/swing 63% dj/min 33.0 blk/min 0.2 abiHit 12 supHit 106 | expert 15/15 self 8/11 sovereign 10/12 hard 1/1 easy 3/3 medium 1/1 idle 4/4 | roll 1.3s upd 12.2s
[brain] it 1423 [league 82%] R/ep 6.06 ent 2.33 kl 0.005 | hit/swing 58% dj/min 35.7 blk/min 0.1 abiHit 16 supHit 99 | sovereign 9/11 self 10/18 expert 8/9 easy 2/2 hard 1/1 medium 1/1 idle 1/1 | roll 1.3s upd 12.3s
[brain] it 1424 [league 82%] R/ep 5.36 ent 2.37 kl 0.007 | hit/swing 47% dj/min 35.4 blk/min 0.1 abiHit 27 supHit 90 | self 13/21 expert 6/8 idle 2/2 sovereign 4/5 hard 3/3 medium 1/1 | roll 1.3s upd 13.3s
[brain] it 1425 [league 80%] R/ep 7.40 ent 2.34 kl 0.006 | hit/swing 56% dj/min 35.0 blk/min 0.0 abiHit 15 supHit 86 | self 9/16 expert 9/9 idle 3/3 sovereign 2/5 medium 1/1 easy 1/1 hard 3/3 | roll 1.2s upd 11.7s
[brain] it 1426 [league 81%] R/ep 7.33 ent 2.28 kl 0.007 | hit/swing 58% dj/min 33.7 blk/min 0.5 abiHit 4 supHit 103 | self 7/16 expert 12/12 sovereign 8/9 hard 2/2 easy 3/3 idle 1/1 | roll 1.3s upd 11.8s
[brain] it 1427 [league 78%] R/ep 7.62 ent 2.32 kl 0.007 | hit/swing 55% dj/min 34.1 blk/min 0.3 abiHit 13 supHit 92 | self 14/20 sovereign 4/7 expert 8/8 easy 2/2 idle 2/2 medium 1/1 hard 3/3 | roll 1.2s upd 11.5s
[brain] it 1428 [league 76%] R/ep 8.27 ent 2.24 kl 0.005 | hit/swing 62% dj/min 33.7 blk/min 0.2 abiHit 22 supHit 107 | sovereign 5/7 self 7/15 expert 15/15 medium 3/3 idle 1/1 hard 2/2 easy 1/1 | roll 1.1s upd 11.5s
[brain] it 1429 [league 74%] R/ep 7.77 ent 2.34 kl 0.005 | hit/swing 58% dj/min 35.6 blk/min 0.1 abiHit 12 supHit 87 | expert 11/12 sovereign 7/11 self 6/11 medium 3/3 idle 2/2 easy 1/1 hard 2/2 | roll 1.2s upd 11.4s
[brain] it 1430 [league 71%] R/ep 3.09 ent 2.35 kl 0.007 | hit/swing 55% dj/min 34.8 blk/min 0.0 abiHit 11 supHit 85 | hard 2/2 self 4/16 sovereign 4/11 easy 3/3 expert 11/11 idle 1/1 | roll 1.2s upd 11.6s
[brain] it 1431 [league 68%] R/ep 6.43 ent 2.41 kl 0.007 | hit/swing 53% dj/min 38.7 blk/min 0.4 abiHit 21 supHit 82 | self 12/16 sovereign 4/9 easy 2/2 expert 8/8 hard 1/1 medium 2/2 | roll 1.2s upd 11.5s
[brain] it 1432 [league 67%] R/ep 5.97 ent 2.24 kl 0.008 | hit/swing 56% dj/min 33.2 blk/min 0.2 abiHit 13 supHit 97 | medium 3/3 self 14/22 hard 4/4 sovereign 5/8 expert 5/5 | roll 1.2s upd 10.7s
[brain] it 1433 [league 64%] R/ep 4.85 ent 2.57 kl 0.005 | hit/swing 42% dj/min 39.6 blk/min 0.1 abiHit 21 supHit 59 | sovereign 3/6 self 4/9 expert 6/8 idle 4/4 hard 1/1 easy 1/1 | roll 1.1s upd 10.5s
[brain] it 1434 [league 60%] R/ep 6.00 ent 2.25 kl 0.005 | hit/swing 57% dj/min 32.1 blk/min 0.1 abiHit 9 supHit 91 | medium 2/2 self 5/14 sovereign 4/9 idle 2/2 expert 8/8 hard 2/2 easy 4/4 | roll 1.3s upd 11.5s
[brain] it 1435 [league 59%] R/ep 4.75 ent 2.33 kl 0.006 | hit/swing 53% dj/min 35.4 blk/min 0.1 abiHit 13 supHit 90 | self 8/19 expert 6/6 medium 2/2 sovereign 5/8 hard 2/2 idle 2/2 easy 1/1 | roll 1.1s upd 10.4s
[brain] it 1436 [league 58%] R/ep 3.80 ent 2.48 kl 0.005 | hit/swing 44% dj/min 38.2 blk/min 0.1 abiHit 22 supHit 79 | expert 4/5 self 10/19 hard 1/1 sovereign 3/5 idle 2/2 medium 1/1 easy 2/2 | roll 1.2s upd 11.4s
[brain] it 1437 [league 61%] R/ep 7.39 ent 2.31 kl 0.006 | hit/swing 60% dj/min 35.3 blk/min 0.1 abiHit 6 supHit 90 | medium 2/2 self 9/16 sovereign 9/10 expert 8/9 easy 1/1 idle 2/2 hard 2/2 | roll 1.1s upd 11.6s
[brain] it 1438 [league 61%] R/ep 7.06 ent 2.23 kl 0.006 | hit/swing 60% dj/min 33.4 blk/min 0.1 abiHit 10 supHit 95 | hard 3/3 self 12/22 expert 9/10 sovereign 3/3 idle 2/2 easy 1/1 medium 1/1 | roll 1.1s upd 11.4s
[brain] it 1439 [league 61%] R/ep 5.68 ent 2.51 kl 0.006 | hit/swing 46% dj/min 39.8 blk/min 0.3 abiHit 17 supHit 64 | easy 2/2 self 10/16 expert 8/8 sovereign 4/5 hard 1/1 medium 1/1 | roll 1.5s upd 11.4s
[brain] it 1440 [league 62%] R/ep 7.52 ent 2.38 kl 0.006 | hit/swing 52% dj/min 36.7 blk/min 0.0 abiHit 19 supHit 81 | self 11/16 expert 11/12 easy 2/2 idle 3/3 sovereign 4/5 hard 1/1 | roll 1.2s upd 11.6s
[brain] it 1441 [league 63%] R/ep 7.23 ent 2.43 kl 0.006 | hit/swing 43% dj/min 37.7 blk/min 0.1 abiHit 25 supHit 96 | sovereign 9/11 expert 8/8 self 11/14 easy 1/1 hard 3/3 medium 1/1 | roll 1.1s upd 12.0s
[brain] it 1442 [league 65%] R/ep 6.77 ent 2.33 kl 0.005 | hit/swing 58% dj/min 34.7 blk/min 0.2 abiHit 13 supHit 111 | easy 4/4 sovereign 10/14 self 8/15 expert 12/12 medium 2/2 hard 2/2 idle 1/1 | roll 1.2s upd 11.5s
[brain] it 1443 [league 65%] R/ep 5.37 ent 2.26 kl 0.007 | hit/swing 57% dj/min 34.2 blk/min 0.2 abiHit 22 supHit 109 | idle 2/2 self 13/23 expert 9/9 sovereign 2/6 medium 1/1 easy 4/4 | roll 1.2s upd 11.6s
[brain] it 1444 [league 69%] R/ep 7.41 ent 2.18 kl 0.005 | hit/swing 62% dj/min 31.1 blk/min 0.1 abiHit 9 supHit 105 | expert 6/6 hard 5/5 sovereign 11/15 idle 1/1 self 6/14 easy 4/4 medium 3/3 | roll 1.2s upd 11.6s
[brain] it 1445 [league 71%] R/ep 9.55 ent 2.24 kl 0.006 | hit/swing 61% dj/min 33.9 blk/min 0.2 abiHit 5 supHit 99 | expert 12/12 hard 4/4 sovereign 5/7 self 9/14 medium 2/2 easy 3/3 idle 1/1 | roll 1.1s upd 11.6s
[brain] it 1446 [league 69%] R/ep 8.11 ent 2.27 kl 0.007 | hit/swing 62% dj/min 33.5 blk/min 0.0 abiHit 17 supHit 88 | expert 14/14 self 11/16 sovereign 3/8 idle 2/2 hard 1/1 easy 1/1 | roll 1.1s upd 11.4s
[brain] it 1447 [league 71%] R/ep 3.77 ent 2.37 kl 0.007 | hit/swing 56% dj/min 33.6 blk/min 0.3 abiHit 17 supHit 80 | expert 9/11 self 3/14 hard 2/2 medium 2/2 sovereign 9/13 | roll 1.1s upd 10.6s
[brain] it 1448 [league 71%] R/ep 3.25 ent 2.61 kl 0.007 | hit/swing 39% dj/min 40.8 blk/min 0.1 abiHit 25 supHit 51 | sovereign 2/3 self 4/11 expert 8/10 easy 1/1 idle 1/1 | roll 1.1s upd 11.4s
[brain] it 1449 [league 70%] R/ep 7.78 ent 2.28 kl 0.005 | hit/swing 60% dj/min 33.4 blk/min 0.2 abiHit 12 supHit 92 | expert 8/9 self 6/15 sovereign 11/13 easy 2/2 hard 2/2 medium 3/3 idle 2/2 | roll 1.2s upd 11.6s
[brain] it 1450 [league 72%] R/ep 7.94 ent 2.17 kl 0.005 | hit/swing 60% dj/min 32.0 blk/min 0.3 abiHit 10 supHit 113 | hard 2/2 self 10/19 medium 2/2 expert 12/12 easy 3/3 sovereign 7/7 idle 1/1 | roll 1.2s upd 11.6s
[brain] it 1451 [league 73%] R/ep 8.65 ent 2.26 kl 0.005 | hit/swing 66% dj/min 32.3 blk/min 0.1 abiHit 12 supHit 103 | expert 3/4 sovereign 8/9 idle 4/4 self 12/18 medium 2/2 hard 3/3 easy 4/4 | roll 1.2s upd 11.4s
[brain] it 1452 [league 72%] R/ep 10.36 ent 2.44 kl 0.007 | hit/swing 54% dj/min 39.6 blk/min 0.2 abiHit 17 supHit 77 | expert 10/10 sovereign 4/5 self 13/15 hard 3/3 medium 3/3 easy 1/1 | roll 1.1s upd 11.5s
[brain] it 1453 [league 72%] R/ep 7.20 ent 2.36 kl 0.005 | hit/swing 53% dj/min 37.4 blk/min 0.1 abiHit 26 supHit 88 | self 19/23 sovereign 8/11 expert 4/4 easy 1/1 idle 1/1 | roll 1.3s upd 11.6s
[brain] it 1454 [league 74%] R/ep 7.29 ent 2.34 kl 0.006 | hit/swing 62% dj/min 34.1 blk/min 0.3 abiHit 13 supHit 88 | expert 14/15 idle 4/4 sovereign 6/8 self 6/14 medium 1/1 | roll 1.1s upd 11.6s
[brain] it 1455 [league 75%] R/ep 5.89 ent 2.35 kl 0.006 | hit/swing 57% dj/min 35.5 blk/min 0.1 abiHit 26 supHit 95 | self 14/22 expert 8/9 easy 2/2 medium 1/1 sovereign 6/7 | roll 1.1s upd 10.8s
[brain] it 1456 [league 74%] R/ep 6.48 ent 2.35 kl 0.007 | hit/swing 62% dj/min 33.8 blk/min 0.1 abiHit 17 supHit 93 | sovereign 7/12 medium 7/7 self 7/15 hard 2/2 idle 4/4 easy 2/2 expert 5/5 | roll 1.2s upd 12.1s
[brain] it 1457 [league 72%] R/ep 7.02 ent 2.27 kl 0.005 | hit/swing 55% dj/min 33.6 blk/min 0.2 abiHit 7 supHit 93 | expert 12/13 self 10/19 hard 2/2 sovereign 1/3 easy 4/4 idle 1/1 | roll 1.2s upd 11.7s
[brain] it 1458 [league 74%] R/ep 7.22 ent 2.22 kl 0.007 | hit/swing 64% dj/min 31.5 blk/min 0.0 abiHit 12 supHit 94 | easy 1/1 self 9/14 expert 12/13 sovereign 5/9 idle 3/3 medium 1/1 hard 1/1 | roll 1.1s upd 11.5s
[brain] it 1459 [league 77%] R/ep 7.67 ent 2.34 kl 0.006 | hit/swing 61% dj/min 36.5 blk/min 0.2 abiHit 7 supHit 90 | sovereign 11/12 hard 3/3 expert 9/9 self 9/12 easy 2/2 medium 2/2 idle 1/1 | roll 1.1s upd 11.4s
[brain] it 1460 [league 79%] R/ep 9.76 ent 2.27 kl 0.006 | hit/swing 58% dj/min 34.4 blk/min 0.0 abiHit 24 supHit 94 | expert 17/17 sovereign 8/8 self 6/12 idle 1/1 hard 3/3 | roll 1.1s upd 10.8s
[brain] it 1461 [league 75%] R/ep 5.29 ent 2.34 kl 0.006 | hit/swing 51% dj/min 35.9 blk/min 0.0 abiHit 17 supHit 92 | self 10/15 sovereign 7/12 expert 5/5 easy 4/4 medium 2/2 | roll 1.2s upd 12.4s
[brain] it 1462 [league 73%] R/ep 6.39 ent 2.29 kl 0.006 | hit/swing 55% dj/min 34.4 blk/min 0.3 abiHit 16 supHit 91 | self 8/18 sovereign 6/8 expert 8/9 hard 3/3 medium 1/1 easy 1/1 idle 1/1 | roll 1.3s upd 11.7s
[brain] it 1463 [league 72%] R/ep 6.89 ent 2.50 kl 0.006 | hit/swing 45% dj/min 39.3 blk/min 0.1 abiHit 38 supHit 61 | self 9/12 sovereign 6/9 expert 9/10 easy 1/1 medium 1/1 hard 1/1 | roll 1.1s upd 11.6s
[brain] it 1464 [league 71%] R/ep 7.67 ent 2.42 kl 0.006 | hit/swing 54% dj/min 35.6 blk/min 0.1 abiHit 33 supHit 90 | expert 12/12 self 6/11 idle 1/1 sovereign 6/10 hard 2/2 medium 3/3 easy 2/2 | roll 1.2s upd 11.6s
[brain] it 1465 [league 69%] R/ep 6.12 ent 2.29 kl 0.005 | hit/swing 51% dj/min 34.6 blk/min 0.1 abiHit 15 supHit 90 | self 12/20 easy 1/1 expert 6/7 medium 4/4 sovereign 4/7 hard 2/2 idle 1/1 | roll 1.2s upd 11.7s
[brain] it 1466 [league 64%] R/ep 6.95 ent 2.23 kl 0.006 | hit/swing 62% dj/min 31.9 blk/min 0.2 abiHit 14 supHit 82 | self 9/15 hard 3/3 idle 4/4 medium 4/4 expert 7/7 sovereign 2/8 | roll 1.1s upd 10.6s
[brain] it 1467 [league 64%] R/ep 6.95 ent 2.36 kl 0.006 | hit/swing 55% dj/min 37.1 blk/min 0.1 abiHit 11 supHit 80 | expert 10/12 self 6/16 hard 2/2 easy 3/3 sovereign 2/3 medium 3/3 idle 1/1 | roll 1.1s upd 11.4s
[brain] it 1468 [league 66%] R/ep 5.22 ent 2.22 kl 0.005 | hit/swing 57% dj/min 34.0 blk/min 0.1 abiHit 16 supHit 91 | self 11/21 sovereign 6/8 idle 1/1 expert 8/9 medium 2/2 | roll 1.1s upd 10.5s
[brain] it 1469 [league 67%] R/ep 6.76 ent 2.26 kl 0.007 | hit/swing 57% dj/min 34.1 blk/min 0.5 abiHit 18 supHit 88 | expert 15/16 self 11/18 easy 2/2 sovereign 4/6 hard 2/2 idle 1/1 | roll 1.2s upd 12.5s
[brain] it 1470 [league 69%] R/ep 6.93 ent 2.24 kl 0.005 | hit/swing 57% dj/min 33.5 blk/min 0.4 abiHit 18 supHit 94 | self 10/18 expert 14/14 sovereign 8/10 easy 2/2 hard 1/1 medium 1/1 | roll 1.2s upd 11.5s
[brain] it 1471 [league 63%] R/ep 5.84 ent 2.25 kl 0.006 | hit/swing 55% dj/min 33.8 blk/min 0.2 abiHit 14 supHit 87 | sovereign 6/13 expert 8/8 hard 1/1 self 6/13 idle 3/3 medium 1/1 easy 1/1 | roll 1.1s upd 10.6s
[brain] it 1472 [league 61%] R/ep 8.11 ent 2.25 kl 0.007 | hit/swing 58% dj/min 33.9 blk/min 0.1 abiHit 19 supHit 100 | sovereign 4/6 self 12/19 expert 14/15 medium 1/1 hard 1/1 easy 1/1 | roll 1.2s upd 12.4s
[brain] it 1473 [league 61%] R/ep 6.21 ent 2.34 kl 0.006 | hit/swing 57% dj/min 36.6 blk/min 0.4 abiHit 23 supHit 78 | self 11/16 sovereign 5/10 expert 11/12 idle 1/1 medium 1/1 hard 1/1 | roll 1.2s upd 11.7s
[brain] it 1474 [league 61%] R/ep 7.33 ent 2.23 kl 0.007 | hit/swing 59% dj/min 33.5 blk/min 0.2 abiHit 14 supHit 89 | self 11/17 expert 6/7 medium 1/1 sovereign 8/10 idle 3/3 hard 2/2 | roll 1.1s upd 10.7s
[brain] it 1475 [league 62%] R/ep 8.15 ent 2.27 kl 0.005 | hit/swing 58% dj/min 34.2 blk/min 0.2 abiHit 15 supHit 91 | sovereign 5/6 self 7/15 expert 11/12 idle 5/5 easy 3/3 hard 2/2 | roll 1.1s upd 11.5s
[brain] it 1476 [league 60%] R/ep 5.63 ent 2.38 kl 0.006 | hit/swing 51% dj/min 36.1 blk/min 0.2 abiHit 12 supHit 81 | expert 11/11 self 9/16 medium 1/1 idle 2/2 sovereign 4/9 hard 2/2 | roll 1.3s upd 11.7s
[brain] it 1477 [league 62%] R/ep 6.52 ent 2.33 kl 0.005 | hit/swing 51% dj/min 35.6 blk/min 0.4 abiHit 16 supHit 76 | idle 4/4 sovereign 4/6 self 13/17 expert 7/10 hard 1/1 medium 2/2 | roll 1.2s upd 12.5s
[brain] it 1478 [league 63%] R/ep 8.87 ent 2.32 kl 0.007 | hit/swing 52% dj/min 35.4 blk/min 0.1 abiHit 15 supHit 80 | self 14/17 sovereign 5/5 expert 8/9 hard 1/1 medium 2/2 easy 1/1 | roll 1.2s upd 11.5s
[brain] it 1479 [league 65%] R/ep 9.19 ent 2.25 kl 0.006 | hit/swing 59% dj/min 33.8 blk/min 0.1 abiHit 12 supHit 100 | sovereign 4/5 expert 13/15 self 13/15 hard 1/1 medium 3/3 idle 2/2 easy 1/1 | roll 1.2s upd 12.5s
[brain] it 1480 [league 68%] R/ep 6.80 ent 2.22 kl 0.006 | hit/swing 62% dj/min 33.8 blk/min 0.1 abiHit 14 supHit 107 | sovereign 12/16 self 7/14 easy 3/3 expert 9/9 medium 3/3 idle 2/2 | roll 1.1s upd 11.4s
[brain] it 1481 [league 66%] R/ep 7.74 ent 2.26 kl 0.006 | hit/swing 60% dj/min 35.8 blk/min 0.2 abiHit 13 supHit 93 | self 11/18 hard 3/3 expert 13/13 sovereign 2/6 easy 3/3 medium 2/2 idle 2/2 | roll 1.2s upd 11.3s
[brain] it 1482 [league 66%] R/ep 8.64 ent 2.29 kl 0.006 | hit/swing 53% dj/min 35.3 blk/min 0.1 abiHit 8 supHit 89 | self 19/24 expert 5/5 easy 2/2 medium 2/2 sovereign 3/3 idle 3/3 | roll 1.2s upd 11.6s
[brain] it 1483 [league 67%] R/ep 6.63 ent 2.37 kl 0.007 | hit/swing 50% dj/min 36.1 blk/min 0.2 abiHit 26 supHit 82 | expert 9/10 sovereign 7/9 self 13/17 idle 2/2 hard 1/1 | roll 1.1s upd 11.6s
[brain] it 1484 [league 70%] R/ep 8.25 ent 2.19 kl 0.004 | hit/swing 59% dj/min 32.2 blk/min 0.1 abiHit 9 supHit 102 | expert 10/10 sovereign 6/8 self 7/16 idle 3/3 hard 4/4 easy 2/2 medium 1/1 | roll 1.1s upd 11.5s
[brain] it 1485 [league 69%] R/ep 5.42 ent 2.30 kl 0.006 | hit/swing 49% dj/min 34.2 blk/min 0.2 abiHit 23 supHit 81 | idle 2/2 self 13/22 expert 6/8 sovereign 3/5 medium 2/2 | roll 1.2s upd 11.8s
[brain] it 1486 [league 72%] R/ep 5.88 ent 2.26 kl 0.008 | hit/swing 56% dj/min 33.4 blk/min 0.3 abiHit 12 supHit 99 | sovereign 11/15 idle 2/2 self 9/16 expert 10/10 medium 2/2 | roll 1.2s upd 11.5s
[brain] it 1487 [league 71%] R/ep 3.84 ent 2.40 kl 0.007 | hit/swing 48% dj/min 36.2 blk/min 0.1 abiHit 28 supHit 71 | easy 2/2 sovereign 6/8 expert 8/8 medium 2/2 self 7/17 hard 1/1 | roll 1.4s upd 12.4s
[brain] it 1488 [league 73%] R/ep 5.63 ent 2.23 kl 0.005 | hit/swing 60% dj/min 33.5 blk/min 0.1 abiHit 13 supHit 101 | expert 7/8 easy 2/2 self 15/25 sovereign 6/6 idle 2/2 medium 4/4 | roll 1.2s upd 11.6s
[brain] it 1489 [league 75%] R/ep 6.28 ent 2.33 kl 0.006 | hit/swing 52% dj/min 36.5 blk/min 0.3 abiHit 29 supHit 87 | expert 10/10 self 11/19 hard 2/2 sovereign 5/7 easy 1/1 medium 1/1 | roll 1.2s upd 11.6s
[brain] it 1490 [league 74%] R/ep 5.38 ent 2.25 kl 0.007 | hit/swing 54% dj/min 33.2 blk/min 0.2 abiHit 18 supHit 86 | expert 8/9 self 10/16 idle 3/3 sovereign 8/11 hard 1/1 easy 1/1 | roll 1.2s upd 11.6s
[brain] it 1491 [league 74%] R/ep 9.03 ent 2.34 kl 0.007 | hit/swing 54% dj/min 36.8 blk/min 0.1 abiHit 23 supHit 93 | self 10/17 expert 14/14 easy 1/1 medium 2/2 sovereign 5/6 idle 1/1 hard 1/1 | roll 1.1s upd 11.4s
[brain] it 1492 [league 73%] R/ep 7.28 ent 2.40 kl 0.007 | hit/swing 48% dj/min 37.4 blk/min 0.2 abiHit 27 supHit 68 | self 4/11 expert 12/14 medium 3/3 sovereign 3/4 hard 3/3 idle 1/1 | roll 1.1s upd 11.5s
[brain] it 1493 [league 72%] R/ep 8.98 ent 2.24 kl 0.005 | hit/swing 63% dj/min 33.1 blk/min 0.1 abiHit 10 supHit 101 | self 8/15 hard 5/5 sovereign 6/10 expert 14/14 medium 2/2 idle 1/1 | roll 1.1s upd 10.6s
[brain] it 1494 [league 75%] R/ep 6.82 ent 2.41 kl 0.007 | hit/swing 52% dj/min 37.9 blk/min 0.3 abiHit 16 supHit 83 | easy 2/2 self 7/18 sovereign 6/8 expert 10/10 idle 1/1 medium 2/2 | roll 1.2s upd 11.4s
[brain] it 1495 [league 71%] R/ep 5.84 ent 2.27 kl 0.006 | hit/swing 56% dj/min 33.5 blk/min 0.1 abiHit 10 supHit 92 | self 11/18 medium 2/2 expert 7/7 sovereign 3/8 easy 1/1 idle 2/2 hard 2/2 | roll 1.1s upd 10.3s
[brain] it 1496 [league 72%] R/ep 10.31 ent 2.23 kl 0.007 | hit/swing 60% dj/min 33.4 blk/min 0.1 abiHit 30 supHit 97 | sovereign 6/8 expert 10/12 easy 1/1 self 9/12 medium 5/5 idle 3/3 hard 3/3 | roll 1.1s upd 11.6s
[brain] it 1497 [league 71%] R/ep 5.26 ent 2.30 kl 0.007 | hit/swing 53% dj/min 34.4 blk/min 0.7 abiHit 16 supHit 82 | self 12/21 expert 8/8 hard 2/2 easy 2/2 sovereign 3/5 | roll 1.1s upd 11.7s
[brain] it 1498 [league 68%] R/ep 6.59 ent 2.31 kl 0.006 | hit/swing 52% dj/min 35.4 blk/min 0.2 abiHit 22 supHit 90 | self 11/15 sovereign 5/10 hard 2/2 expert 9/9 idle 1/1 easy 1/1 medium 2/2 | roll 1.1s upd 11.2s
[brain] it 1499 [league 67%] R/ep 5.56 ent 2.28 kl 0.006 | hit/swing 57% dj/min 33.8 blk/min 0.4 abiHit 17 supHit 96 | easy 5/5 expert 6/7 self 11/20 sovereign 5/9 medium 2/2 idle 2/2 | roll 1.2s upd 11.3s
[brain] it 1500 [league 66%] R/ep 6.83 ent 2.28 kl 0.006 | hit/swing 62% dj/min 33.6 blk/min 0.3 abiHit 9 supHit 88 | expert 11/12 easy 1/1 medium 4/4 self 6/13 idle 3/3 sovereign 7/10 hard 2/2 | roll 1.1s upd 11.2s
[brain] it 1501 [league 65%] R/ep 7.84 ent 2.15 kl 0.006 | hit/swing 62% dj/min 32.8 blk/min 0.4 abiHit 4 supHit 65 | self 7/12 expert 7/7 sovereign 3/4 hard 3/3 idle 2/2 medium 1/1 | roll 5.1s upd 7.8s
[brain] it 1502 [league 64%] R/ep 7.78 ent 2.14 kl 0.005 | hit/swing 59% dj/min 29.9 blk/min 0.1 abiHit 7 supHit 67 | expert 9/9 self 12/16 idle 1/1 sovereign 3/5 easy 1/1 | roll 4.7s upd 7.8s
[brain] it 1503 [league 64%] R/ep 9.27 ent 2.18 kl 0.006 | hit/swing 59% dj/min 31.3 blk/min 0.1 abiHit 2 supHit 71 | self 14/16 sovereign 2/3 expert 7/7 easy 1/1 idle 1/1 | roll 4.7s upd 7.6s
[brain] it 1504 [league 64%] R/ep 6.22 ent 2.44 kl 0.007 | hit/swing 48% dj/min 38.6 blk/min 0.1 abiHit 25 supHit 80 | medium 4/4 self 10/16 sovereign 6/8 expert 3/4 easy 1/1 hard 2/2 idle 1/1 | roll 1.4s upd 11.6s
[brain] it 1505 [league 63%] R/ep 5.51 ent 2.40 kl 0.007 | hit/swing 49% dj/min 35.0 blk/min 0.0 abiHit 15 supHit 73 | sovereign 5/7 expert 9/9 self 5/15 idle 3/3 hard 2/2 easy 1/1 | roll 1.4s upd 11.8s
[brain] it 1506 [league 64%] R/ep 5.71 ent 2.26 kl 0.005 | hit/swing 53% dj/min 31.7 blk/min 0.2 abiHit 12 supHit 90 | self 12/22 idle 3/3 sovereign 6/8 easy 2/2 expert 6/6 hard 1/1 | roll 1.3s upd 11.8s
[brain] it 1507 [league 65%] R/ep 5.35 ent 2.48 kl 0.007 | hit/swing 44% dj/min 38.6 blk/min 0.2 abiHit 30 supHit 68 | self 5/12 sovereign 6/8 medium 1/1 expert 4/4 easy 2/2 idle 1/1 hard 2/2 | roll 1.2s upd 12.0s
[brain] it 1508 [league 67%] R/ep 6.98 ent 2.31 kl 0.006 | hit/swing 56% dj/min 35.2 blk/min 0.2 abiHit 10 supHit 76 | sovereign 7/10 self 11/16 expert 7/8 idle 2/2 hard 2/2 easy 2/2 | roll 1.1s upd 11.6s
[brain] it 1509 [league 66%] R/ep 7.14 ent 2.23 kl 0.007 | hit/swing 62% dj/min 32.7 blk/min 0.2 abiHit 13 supHit 86 | expert 9/9 self 12/18 sovereign 4/8 medium 1/1 idle 4/4 hard 2/2 easy 1/1 | roll 1.1s upd 11.3s
[brain] it 1510 [league 68%] R/ep 9.51 ent 2.15 kl 0.007 | hit/swing 61% dj/min 31.7 blk/min 0.0 abiHit 9 supHit 107 | hard 2/2 self 17/21 expert 6/6 sovereign 6/6 idle 3/3 medium 4/4 easy 2/2 | roll 1.1s upd 11.6s
[brain] it 1511 [league 67%] R/ep 7.34 ent 2.56 kl 0.007 | hit/swing 50% dj/min 41.6 blk/min 0.2 abiHit 23 supHit 57 | easy 2/2 expert 9/11 self 8/12 hard 2/2 sovereign 1/3 | roll 1.1s upd 11.3s
[brain] it 1512 [league 70%] R/ep 7.06 ent 2.21 kl 0.005 | hit/swing 59% dj/min 33.2 blk/min 0.2 abiHit 18 supHit 98 | expert 5/5 medium 3/3 self 12/17 idle 2/2 sovereign 10/12 hard 2/2 easy 1/1 | roll 1.2s upd 11.4s
[brain] it 1513 [league 70%] R/ep 6.05 ent 2.44 kl 0.007 | hit/swing 52% dj/min 35.9 blk/min 0.3 abiHit 13 supHit 70 | sovereign 1/2 self 14/22 expert 7/7 hard 3/3 idle 2/2 | roll 1.3s upd 11.4s
[brain] it 1514 [league 72%] R/ep 8.31 ent 2.41 kl 0.008 | hit/swing 53% dj/min 37.4 blk/min 0.0 abiHit 16 supHit 74 | self 9/15 expert 8/11 sovereign 5/5 hard 3/3 idle 2/2 easy 3/3 medium 1/1 | roll 1.2s upd 13.0s
[brain] it 1515 [league 74%] R/ep 8.25 ent 2.36 kl 0.005 | hit/swing 56% dj/min 35.8 blk/min 0.2 abiHit 16 supHit 87 | self 10/16 easy 4/4 expert 8/9 hard 3/3 sovereign 5/6 medium 2/2 idle 3/3 | roll 2.3s upd 13.0s
[brain] it 1516 [league 75%] R/ep 7.43 ent 2.31 kl 0.007 | hit/swing 58% dj/min 35.2 blk/min 0.3 abiHit 10 supHit 94 | idle 2/2 expert 6/7 self 8/15 medium 4/4 sovereign 10/11 easy 2/2 hard 1/1 | roll 1.3s upd 12.6s
[brain] it 1517 [league 77%] R/ep 9.07 ent 2.29 kl 0.006 | hit/swing 57% dj/min 33.8 blk/min 0.2 abiHit 29 supHit 84 | idle 1/1 self 9/14 expert 6/6 sovereign 6/7 easy 6/6 medium 3/3 hard 1/1 | roll 1.2s upd 12.0s
[brain] it 1518 [league 77%] R/ep 5.96 ent 2.34 kl 0.005 | hit/swing 53% dj/min 35.0 blk/min 0.3 abiHit 13 supHit 85 | self 4/12 sovereign 7/10 expert 11/13 easy 2/2 medium 2/2 idle 1/1 | roll 1.1s upd 11.9s
[brain] it 1519 [league 74%] R/ep 6.19 ent 2.34 kl 0.005 | hit/swing 50% dj/min 35.2 blk/min 0.0 abiHit 23 supHit 93 | expert 8/8 self 6/13 sovereign 9/15 hard 2/2 medium 1/1 idle 2/2 | roll 1.2s upd 11.6s
[brain] it 1520 [league 74%] R/ep 6.85 ent 2.47 kl 0.006 | hit/swing 46% dj/min 37.0 blk/min 0.1 abiHit 29 supHit 74 | sovereign 3/5 self 9/15 expert 7/9 medium 1/1 idle 2/2 hard 3/3 | roll 1.1s upd 11.6s
[brain] it 1521 [league 75%] R/ep 8.44 ent 2.32 kl 0.005 | hit/swing 54% dj/min 34.5 blk/min 0.0 abiHit 23 supHit 90 | idle 2/2 medium 2/2 expert 15/15 sovereign 4/4 self 6/16 hard 1/1 easy 2/2 | roll 1.1s upd 11.8s
[brain] it 1522 [league 77%] R/ep 5.02 ent 2.38 kl 0.007 | hit/swing 46% dj/min 35.3 blk/min 0.3 abiHit 33 supHit 84 | self 9/20 easy 1/1 expert 8/9 sovereign 7/7 idle 1/1 hard 2/2 medium 1/1 | roll 1.2s upd 11.8s
[brain] it 1523 [league 79%] R/ep 7.39 ent 2.22 kl 0.006 | hit/swing 60% dj/min 32.9 blk/min 0.0 abiHit 13 supHit 103 | self 11/20 hard 2/2 expert 12/12 medium 2/2 easy 1/1 sovereign 4/5 idle 1/1 | roll 1.1s upd 11.7s
[brain] it 1524 [league 80%] R/ep 8.83 ent 2.26 kl 0.008 | hit/swing 60% dj/min 34.3 blk/min 0.2 abiHit 5 supHit 104 | self 10/16 expert 17/17 medium 2/2 sovereign 7/7 easy 1/1 hard 1/1 | roll 1.1s upd 12.4s
[brain] it 1525 [league 80%] R/ep 4.55 ent 2.50 kl 0.006 | hit/swing 47% dj/min 38.5 blk/min 0.2 abiHit 26 supHit 55 | expert 8/9 self 4/11 sovereign 5/8 medium 1/1 hard 1/1 idle 2/2 easy 1/1 | roll 1.2s upd 12.9s
[brain] it 1526 [league 80%] R/ep 7.98 ent 2.21 kl 0.007 | hit/swing 63% dj/min 32.3 blk/min 0.1 abiHit 13 supHit 109 | self 8/15 expert 17/17 sovereign 9/11 medium 2/2 easy 1/1 | roll 1.2s upd 11.6s
[brain] it 1527 [league 77%] R/ep 5.19 ent 2.26 kl 0.007 | hit/swing 57% dj/min 31.8 blk/min 0.3 abiHit 17 supHit 91 | idle 3/3 self 6/18 hard 6/6 sovereign 4/8 expert 6/6 medium 3/3 easy 1/1 | roll 1.1s upd 11.4s
[brain] it 1528 [league 76%] R/ep 6.27 ent 2.43 kl 0.006 | hit/swing 52% dj/min 36.7 blk/min 0.4 abiHit 8 supHit 73 | expert 9/9 sovereign 6/8 self 5/15 idle 2/2 hard 3/3 medium 1/1 | roll 1.1s upd 11.5s
[brain] it 1529 [league 74%] R/ep 7.54 ent 2.36 kl 0.007 | hit/swing 56% dj/min 35.5 blk/min 0.4 abiHit 26 supHit 78 | easy 3/3 expert 11/12 sovereign 3/5 self 9/14 medium 2/2 hard 2/2 idle 1/1 | roll 1.1s upd 11.9s
[brain] it 1530 [league 73%] R/ep 4.99 ent 2.33 kl 0.005 | hit/swing 52% dj/min 34.0 blk/min 0.0 abiHit 16 supHit 80 | self 10/19 medium 1/1 expert 5/6 sovereign 5/7 hard 4/4 idle 1/1 | roll 1.2s upd 11.8s
[brain] it 1531 [league 74%] R/ep 6.39 ent 2.26 kl 0.007 | hit/swing 56% dj/min 32.9 blk/min 0.2 abiHit 20 supHit 93 | self 10/17 expert 11/12 easy 2/2 hard 1/1 sovereign 5/7 idle 1/1 | roll 1.2s upd 11.8s
[brain] it 1532 [league 75%] R/ep 10.02 ent 2.23 kl 0.006 | hit/swing 60% dj/min 32.0 blk/min 0.2 abiHit 9 supHit 88 | sovereign 5/6 hard 2/2 self 13/17 medium 2/2 idle 4/4 easy 2/2 expert 10/10 | roll 1.1s upd 11.8s
[brain] it 1533 [league 76%] R/ep 9.29 ent 2.34 kl 0.006 | hit/swing 59% dj/min 32.2 blk/min 0.0 abiHit 13 supHit 92 | hard 2/2 idle 6/6 sovereign 9/12 self 6/9 easy 4/4 expert 4/4 medium 4/4 | roll 1.2s upd 11.2s
[brain] it 1534 [league 78%] R/ep 9.20 ent 2.33 kl 0.006 | hit/swing 60% dj/min 33.9 blk/min 0.1 abiHit 17 supHit 88 | expert 8/9 self 9/16 idle 4/4 easy 3/3 sovereign 5/5 medium 1/1 hard 1/1 | roll 1.1s upd 13.4s
[brain] it 1535 [league 77%] R/ep 8.52 ent 2.23 kl 0.006 | hit/swing 55% dj/min 32.2 blk/min 0.2 abiHit 20 supHit 95 | expert 12/12 self 10/17 hard 4/4 easy 1/1 medium 2/2 idle 1/1 sovereign 3/4 | roll 1.2s upd 12.3s
[brain] it 1536 [league 76%] R/ep 8.02 ent 2.40 kl 0.007 | hit/swing 50% dj/min 35.3 blk/min 0.3 abiHit 13 supHit 86 | sovereign 7/8 medium 3/3 hard 4/4 expert 5/5 self 13/17 idle 1/1 | roll 1.2s upd 11.1s
[brain] it 1537 [league 74%] R/ep 7.16 ent 2.28 kl 0.007 | hit/swing 60% dj/min 34.3 blk/min 0.3 abiHit 20 supHit 100 | expert 12/14 sovereign 9/13 self 6/12 idle 2/2 hard 3/3 easy 1/1 | roll 1.1s upd 11.2s
[brain] it 1538 [league 76%] R/ep 8.53 ent 2.31 kl 0.006 | hit/swing 53% dj/min 34.9 blk/min 0.2 abiHit 18 supHit 92 | expert 10/10 sovereign 6/7 idle 4/4 self 11/18 hard 1/1 easy 1/1 | roll 1.2s upd 12.4s
[brain] it 1539 [league 73%] R/ep 8.24 ent 2.20 kl 0.008 | hit/swing 63% dj/min 31.6 blk/min 0.4 abiHit 19 supHit 97 | self 14/20 easy 1/1 medium 2/2 sovereign 3/6 expert 13/14 hard 2/2 idle 1/1 | roll 1.2s upd 12.1s
[brain] it 1540 [league 74%] R/ep 6.38 ent 2.32 kl 0.008 | hit/swing 55% dj/min 35.3 blk/min 0.0 abiHit 21 supHit 98 | expert 9/9 sovereign 8/12 self 13/17 medium 3/3 easy 1/1 | roll 1.3s upd 12.1s
[brain] it 1541 [league 72%] R/ep 7.74 ent 2.21 kl 0.006 | hit/swing 62% dj/min 31.4 blk/min 0.3 abiHit 7 supHit 93 | self 13/19 expert 11/11 medium 3/3 sovereign 4/8 idle 1/1 hard 2/2 easy 2/2 | roll 1.2s upd 11.3s
[brain] it 1542 [league 70%] R/ep 6.86 ent 2.53 kl 0.006 | hit/swing 53% dj/min 39.3 blk/min 0.1 abiHit 20 supHit 64 | self 3/7 easy 3/3 expert 12/13 hard 2/2 sovereign 4/9 medium 2/2 idle 1/1 | roll 1.1s upd 12.2s
[brain] it 1543 [league 68%] R/ep 3.77 ent 2.38 kl 0.006 | hit/swing 49% dj/min 36.8 blk/min 0.1 abiHit 8 supHit 76 | self 9/19 sovereign 5/9 expert 7/8 medium 1/1 hard 1/1 | roll 1.2s upd 12.3s
[brain] it 1544 [league 70%] R/ep 8.68 ent 2.27 kl 0.006 | hit/swing 53% dj/min 32.1 blk/min 0.2 abiHit 26 supHit 79 | self 13/21 sovereign 7/7 hard 1/1 expert 9/9 medium 1/1 easy 3/3 idle 1/1 | roll 1.2s upd 12.2s
[brain] it 1545 [league 69%] R/ep 7.75 ent 2.22 kl 0.006 | hit/swing 60% dj/min 31.3 blk/min 0.1 abiHit 13 supHit 99 | expert 13/13 self 11/17 sovereign 5/7 medium 1/1 easy 2/2 idle 2/2 hard 2/2 | roll 1.1s upd 12.3s
[brain] it 1546 [league 69%] R/ep 8.07 ent 2.30 kl 0.006 | hit/swing 55% dj/min 33.6 blk/min 0.2 abiHit 7 supHit 95 | idle 2/2 expert 16/17 medium 2/2 self 10/14 sovereign 5/7 easy 1/1 | roll 1.1s upd 12.6s
[brain] it 1547 [league 67%] R/ep 8.42 ent 2.18 kl 0.006 | hit/swing 61% dj/min 30.4 blk/min 0.3 abiHit 7 supHit 98 | easy 2/2 expert 11/11 self 8/14 sovereign 7/10 medium 2/2 hard 2/2 idle 4/4 | roll 1.2s upd 11.4s
[brain] it 1548 [league 70%] R/ep 5.97 ent 2.22 kl 0.006 | hit/swing 55% dj/min 33.9 blk/min 0.2 abiHit 15 supHit 92 | self 10/17 expert 7/8 sovereign 11/12 easy 1/1 idle 1/1 medium 1/1 | roll 1.3s upd 11.0s
[brain] it 1549 [league 68%] R/ep 5.90 ent 2.13 kl 0.005 | hit/swing 57% dj/min 30.3 blk/min 0.2 abiHit 5 supHit 109 | expert 9/9 medium 2/2 self 8/20 sovereign 6/9 idle 4/4 hard 2/2 | roll 1.2s upd 11.2s
[brain] it 1550 [league 66%] R/ep 7.39 ent 2.24 kl 0.005 | hit/swing 59% dj/min 33.5 blk/min 0.1 abiHit 21 supHit 90 | expert 10/11 self 11/16 hard 3/3 sovereign 4/8 easy 3/3 idle 1/1 medium 1/1 | roll 1.2s upd 12.3s
[brain] it 1551 [league 66%] R/ep 7.65 ent 2.31 kl 0.005 | hit/swing 54% dj/min 34.6 blk/min 0.3 abiHit 10 supHit 87 | self 14/17 sovereign 1/4 easy 1/1 expert 11/13 idle 1/1 medium 2/2 | roll 1.2s upd 12.2s
[brain] it 1552 [league 65%] R/ep 7.32 ent 2.28 kl 0.005 | hit/swing 61% dj/min 33.0 blk/min 0.2 abiHit 15 supHit 95 | self 10/14 hard 5/5 expert 6/8 sovereign 6/9 idle 2/2 medium 3/3 easy 3/3 | roll 1.1s upd 12.2s
[brain] it 1553 [league 69%] R/ep 5.52 ent 2.19 kl 0.006 | hit/swing 58% dj/min 30.8 blk/min 0.1 abiHit 6 supHit 99 | expert 8/8 self 7/19 sovereign 9/10 hard 2/2 medium 3/3 idle 1/1 easy 1/1 | roll 1.2s upd 12.3s
[brain] it 1554 [league 72%] R/ep 5.17 ent 2.42 kl 0.008 | hit/swing 51% dj/min 36.5 blk/min 0.6 abiHit 19 supHit 60 | hard 3/3 sovereign 6/9 self 8/14 expert 5/6 easy 2/2 idle 1/1 | roll 1.3s upd 12.8s
[brain] it 1555 [league 72%] R/ep 6.06 ent 2.25 kl 0.007 | hit/swing 53% dj/min 31.5 blk/min 0.2 abiHit 14 supHit 106 | idle 4/4 self 8/16 easy 3/3 medium 1/1 expert 6/7 sovereign 8/11 hard 2/2 | roll 1.3s upd 13.1s
[brain] it 1556 [league 72%] R/ep 3.03 ent 2.39 kl 0.007 | hit/swing 49% dj/min 35.1 blk/min 0.2 abiHit 26 supHit 72 | self 5/16 sovereign 7/9 expert 8/9 easy 1/1 | roll 1.2s upd 11.9s
[brain] it 1557 [league 72%] R/ep 5.52 ent 2.44 kl 0.008 | hit/swing 48% dj/min 38.2 blk/min 0.2 abiHit 24 supHit 80 | self 9/15 sovereign 8/10 expert 5/7 medium 3/3 hard 1/1 easy 1/1 idle 1/1 | roll 1.2s upd 11.5s
[brain] it 1558 [league 72%] R/ep 6.38 ent 2.48 kl 0.007 | hit/swing 50% dj/min 38.0 blk/min 0.1 abiHit 18 supHit 67 | expert 6/9 sovereign 5/8 self 11/14 medium 1/1 easy 2/2 | roll 1.2s upd 11.5s
[brain] it 1559 [league 71%] R/ep 10.15 ent 2.21 kl 0.007 | hit/swing 64% dj/min 30.3 blk/min 0.1 abiHit 14 supHit 103 | self 6/12 medium 5/5 sovereign 6/8 expert 14/14 easy 7/7 hard 1/1 | roll 1.0s upd 13.0s
[brain] it 1560 [league 71%] R/ep 8.40 ent 2.36 kl 0.007 | hit/swing 55% dj/min 35.1 blk/min 0.0 abiHit 23 supHit 73 | self 12/18 idle 2/2 medium 3/3 sovereign 3/3 expert 7/7 hard 3/3 easy 1/1 | roll 1.2s upd 11.7s
[brain] it 1561 [league 71%] R/ep 3.83 ent 2.35 kl 0.006 | hit/swing 54% dj/min 34.8 blk/min 0.2 abiHit 18 supHit 92 | self 9/20 sovereign 8/11 expert 12/14 idle 1/1 medium 1/1 | roll 1.3s upd 11.4s
[brain] it 1562 [league 73%] R/ep 7.24 ent 2.23 kl 0.006 | hit/swing 60% dj/min 31.1 blk/min 0.3 abiHit 19 supHit 92 | sovereign 7/10 idle 4/4 expert 9/9 self 12/17 medium 3/3 hard 1/1 | roll 1.1s upd 11.3s
[brain] it 1563 [league 76%] R/ep 9.52 ent 2.12 kl 0.006 | hit/swing 65% dj/min 28.9 blk/min 0.3 abiHit 8 supHit 116 | sovereign 6/7 self 13/18 medium 3/3 expert 14/14 easy 3/3 idle 1/1 hard 1/1 | roll 1.1s upd 10.9s
[brain] it 1564 [league 74%] R/ep 9.37 ent 2.23 kl 0.007 | hit/swing 65% dj/min 33.1 blk/min 0.0 abiHit 14 supHit 107 | self 12/15 sovereign 6/10 expert 11/11 idle 2/2 hard 3/3 easy 3/3 medium 3/3 | roll 1.1s upd 11.5s
[brain] it 1565 [league 73%] R/ep 6.20 ent 2.44 kl 0.008 | hit/swing 48% dj/min 35.8 blk/min 0.2 abiHit 30 supHit 73 | expert 10/11 idle 2/2 hard 2/2 self 7/14 sovereign 3/4 medium 1/1 | roll 1.1s upd 11.7s
[brain] it 1566 [league 73%] R/ep 6.43 ent 2.48 kl 0.007 | hit/swing 52% dj/min 38.7 blk/min 0.1 abiHit 17 supHit 69 | idle 2/2 self 7/10 sovereign 6/9 expert 10/13 easy 3/3 medium 2/2 | roll 1.1s upd 11.4s
[brain] it 1567 [league 73%] R/ep 1.55 ent 2.41 kl 0.007 | hit/swing 47% dj/min 37.2 blk/min 0.7 abiHit 11 supHit 81 | self 8/23 sovereign 4/7 easy 2/2 idle 1/1 expert 1/1 hard 1/1 | roll 1.2s upd 11.5s
[brain] it 1568 [league 70%] R/ep 3.20 ent 2.54 kl 0.007 | hit/swing 44% dj/min 39.8 blk/min 0.3 abiHit 11 supHit 63 | self 12/20 expert 8/8 sovereign 1/4 easy 1/1 | roll 1.2s upd 11.6s
[brain] it 1569 [league 71%] R/ep 8.62 ent 2.26 kl 0.007 | hit/swing 56% dj/min 33.1 blk/min 0.0 abiHit 25 supHit 94 | self 16/20 medium 2/2 sovereign 6/7 expert 8/8 idle 3/3 | roll 1.2s upd 11.4s
[brain] it 1570 [league 71%] R/ep 3.07 ent 2.39 kl 0.008 | hit/swing 52% dj/min 35.8 blk/min 0.3 abiHit 17 supHit 72 | sovereign 6/8 easy 2/2 self 9/20 expert 3/5 idle 1/1 medium 1/1 | roll 1.2s upd 11.6s
[brain] it 1571 [league 71%] R/ep 7.26 ent 2.24 kl 0.006 | hit/swing 61% dj/min 33.5 blk/min 0.2 abiHit 17 supHit 97 | expert 10/10 self 10/17 sovereign 10/13 idle 2/2 medium 2/2 hard 2/2 | roll 1.2s upd 11.3s
[brain] it 1572 [league 72%] R/ep 7.09 ent 2.33 kl 0.007 | hit/swing 53% dj/min 34.8 blk/min 0.2 abiHit 20 supHit 90 | self 9/18 expert 9/9 sovereign 9/10 idle 1/1 easy 2/2 medium 1/1 hard 1/1 | roll 1.1s upd 10.5s
[brain] it 1573 [league 71%] R/ep 6.91 ent 2.32 kl 0.007 | hit/swing 53% dj/min 37.0 blk/min 0.1 abiHit 24 supHit 91 | sovereign 6/10 hard 1/1 self 8/14 medium 4/4 expert 14/15 | roll 1.1s upd 11.3s
[brain] it 1574 [league 70%] R/ep 7.80 ent 2.26 kl 0.006 | hit/swing 61% dj/min 32.3 blk/min 0.0 abiHit 6 supHit 96 | self 7/13 expert 12/12 sovereign 7/11 hard 2/2 idle 3/3 medium 3/3 easy 1/1 | roll 1.1s upd 11.2s
[brain] it 1575 [league 70%] R/ep 6.33 ent 2.50 kl 0.005 | hit/swing 50% dj/min 39.3 blk/min 0.1 abiHit 19 supHit 68 | self 6/13 easy 1/1 medium 3/3 expert 8/8 sovereign 4/5 idle 2/2 | roll 1.1s upd 10.5s
[brain] it 1576 [league 70%] R/ep 5.94 ent 2.55 kl 0.005 | hit/swing 43% dj/min 39.0 blk/min 0.1 abiHit 26 supHit 57 | expert 3/3 self 11/17 sovereign 5/5 idle 3/3 | roll 1.2s upd 11.5s
[brain] it 1577 [league 70%] R/ep 3.64 ent 2.55 kl 0.006 | hit/swing 40% dj/min 40.1 blk/min 0.1 abiHit 29 supHit 62 | self 7/14 sovereign 2/6 medium 1/1 hard 2/2 expert 7/8 idle 1/1 | roll 1.2s upd 20.6s
[brain] it 1578 [league 71%] R/ep 9.02 ent 2.19 kl 0.006 | hit/swing 59% dj/min 31.1 blk/min 0.1 abiHit 9 supHit 100 | expert 14/16 self 9/13 sovereign 7/8 hard 3/3 easy 1/1 medium 2/2 | roll 1.3s upd 14.8s
[brain] it 1579 [league 71%] R/ep 8.01 ent 2.27 kl 0.005 | hit/swing 57% dj/min 32.0 blk/min 0.1 abiHit 13 supHit 92 | expert 9/9 self 9/16 hard 3/3 sovereign 5/8 idle 2/2 medium 1/1 easy 3/3 | roll 1.3s upd 14.6s
[brain] it 1580 [league 74%] R/ep 5.27 ent 2.30 kl 0.006 | hit/swing 52% dj/min 32.6 blk/min 0.4 abiHit 20 supHit 90 | self 8/19 expert 9/11 easy 1/1 sovereign 7/8 medium 1/1 hard 1/1 | roll 1.3s upd 15.5s
[brain] it 1581 [league 74%] R/ep 5.59 ent 2.27 kl 0.006 | hit/swing 55% dj/min 34.3 blk/min 0.2 abiHit 11 supHit 86 | self 12/19 expert 10/10 medium 2/2 sovereign 4/6 easy 1/1 hard 1/1 | roll 1.3s upd 15.8s
[brain] it 1582 [league 74%] R/ep 4.55 ent 2.36 kl 0.006 | hit/swing 54% dj/min 33.9 blk/min 0.2 abiHit 13 supHit 84 | hard 1/1 medium 1/1 idle 3/3 self 4/16 sovereign 6/8 expert 6/7 easy 1/1 | roll 1.8s upd 32.0s
[brain] it 1583 [league 72%] R/ep 6.60 ent 2.36 kl 0.005 | hit/swing 54% dj/min 34.8 blk/min 0.2 abiHit 25 supHit 76 | expert 12/12 self 12/18 medium 2/2 idle 3/3 sovereign 1/4 easy 1/1 hard 1/1 | roll 1.9s upd 25.7s
[brain] it 1584 [league 71%] R/ep 6.54 ent 2.27 kl 0.007 | hit/swing 56% dj/min 32.7 blk/min 0.2 abiHit 8 supHit 85 | self 6/16 expert 11/12 sovereign 6/7 hard 1/1 medium 1/1 easy 1/1 idle 1/1 | roll 1.3s upd 15.9s
[brain] it 1585 [league 74%] R/ep 8.89 ent 2.34 kl 0.005 | hit/swing 55% dj/min 34.5 blk/min 0.3 abiHit 20 supHit 85 | sovereign 7/7 medium 5/5 easy 3/3 expert 10/12 self 8/13 hard 1/1 | roll 2.2s upd 21.3s
[brain] it 1586 [league 74%] R/ep 8.31 ent 2.22 kl 0.005 | hit/swing 59% dj/min 32.0 blk/min 0.2 abiHit 26 supHit 104 | self 8/15 hard 2/2 easy 3/3 sovereign 9/11 expert 12/12 medium 3/3 | roll 1.6s upd 25.8s
[brain] it 1587 [league 75%] R/ep 7.23 ent 2.28 kl 0.006 | hit/swing 56% dj/min 33.3 blk/min 0.6 abiHit 27 supHit 90 | medium 2/2 self 13/19 expert 9/9 hard 2/2 sovereign 4/5 idle 1/1 | roll 1.5s upd 21.6s
[brain] it 1588 [league 73%] R/ep 7.22 ent 2.27 kl 0.006 | hit/swing 57% dj/min 32.7 blk/min 0.1 abiHit 14 supHit 85 | self 14/20 sovereign 4/7 hard 3/3 expert 8/8 medium 2/2 easy 1/1 idle 1/1 | roll 1.9s upd 24.6s
[brain] it 1589 [league 75%] R/ep 7.58 ent 2.29 kl 0.007 | hit/swing 56% dj/min 34.9 blk/min 0.2 abiHit 19 supHit 78 | sovereign 5/6 expert 11/12 self 6/14 medium 3/3 idle 2/2 easy 3/3 | roll 1.4s upd 17.6s
[brain] it 1590 [league 74%] R/ep 5.96 ent 2.28 kl 0.007 | hit/swing 54% dj/min 33.4 blk/min 0.4 abiHit 14 supHit 103 | hard 1/1 self 7/16 sovereign 8/10 expert 10/12 easy 3/3 medium 2/2 | roll 2.8s upd 21.4s
[brain] it 1591 [league 76%] R/ep 7.41 ent 2.29 kl 0.008 | hit/swing 58% dj/min 32.3 blk/min 0.1 abiHit 16 supHit 80 | self 10/17 expert 8/9 sovereign 5/7 idle 4/4 medium 2/2 hard 2/2 easy 1/1 | roll 1.2s upd 23.4s
[brain] it 1592 [league 76%] R/ep 7.84 ent 2.36 kl 0.005 | hit/swing 55% dj/min 33.6 blk/min 0.3 abiHit 16 supHit 78 | self 9/18 expert 7/7 idle 2/2 easy 4/4 medium 2/2 hard 1/1 sovereign 3/4 | roll 1.5s upd 20.8s
[brain] it 1593 [league 76%] R/ep 7.57 ent 2.23 kl 0.005 | hit/swing 58% dj/min 33.4 blk/min 0.1 abiHit 13 supHit 98 | self 11/18 hard 2/2 sovereign 4/5 expert 9/9 medium 2/2 easy 3/3 idle 2/2 | roll 1.8s upd 17.8s
[brain] it 1594 [league 74%] R/ep 4.39 ent 2.44 kl 0.007 | hit/swing 50% dj/min 36.2 blk/min 0.2 abiHit 21 supHit 70 | self 5/15 expert 7/8 easy 2/2 sovereign 3/7 medium 2/2 hard 1/1 idle 1/1 | roll 1.4s upd 16.6s
[brain] it 1595 [league 74%] R/ep 9.15 ent 2.24 kl 0.004 | hit/swing 59% dj/min 33.0 blk/min 0.1 abiHit 25 supHit 96 | self 11/15 easy 3/3 sovereign 6/8 expert 10/10 hard 1/1 medium 3/3 idle 1/1 | roll 1.1s upd 13.7s
[brain] it 1596 [league 73%] R/ep 3.66 ent 2.36 kl 0.006 | hit/swing 49% dj/min 35.0 blk/min 0.2 abiHit 23 supHit 73 | expert 5/6 self 11/19 sovereign 3/7 easy 1/1 medium 1/1 hard 2/2 | roll 1.2s upd 13.7s
[brain] it 1597 [league 74%] R/ep 5.84 ent 2.31 kl 0.004 | hit/swing 57% dj/min 34.4 blk/min 0.1 abiHit 9 supHit 83 | self 13/18 expert 8/10 sovereign 8/11 idle 1/1 medium 1/1 easy 1/1 | roll 1.4s upd 15.5s
[brain] it 1598 [league 74%] R/ep 6.98 ent 2.31 kl 0.006 | hit/swing 54% dj/min 34.8 blk/min 0.3 abiHit 14 supHit 90 | expert 12/13 medium 4/4 self 7/18 sovereign 5/5 hard 1/1 | roll 1.3s upd 14.6s
[brain] it 1599 [league 74%] R/ep 9.19 ent 2.25 kl 0.007 | hit/swing 64% dj/min 34.7 blk/min 0.0 abiHit 22 supHit 85 | expert 15/16 medium 2/2 self 6/13 easy 2/2 sovereign 6/6 hard 1/1 idle 2/2 | roll 1.3s upd 14.4s
[brain] it 1600 [league 74%] R/ep 3.98 ent 2.45 kl 0.006 | hit/swing 43% dj/min 36.4 blk/min 0.1 abiHit 38 supHit 67 | expert 8/10 self 9/20 easy 2/2 medium 2/2 sovereign 1/1 idle 1/1 hard 1/1 | roll 1.3s upd 15.6s
[brain] it 1601 [league 73%] R/ep 9.35 ent 2.34 kl 0.005 | hit/swing 52% dj/min 35.4 blk/min 0.0 abiHit 31 supHit 68 | self 12/14 medium 3/3 expert 11/11 idle 4/4 sovereign 1/2 hard 1/1 | roll 1.3s upd 16.7s
[brain] it 1602 [league 74%] R/ep 8.58 ent 2.16 kl 0.006 | hit/swing 64% dj/min 30.4 blk/min 0.2 abiHit 8 supHit 106 | expert 11/11 self 10/18 sovereign 8/9 idle 1/1 medium 4/4 hard 3/3 | roll 1.2s upd 14.8s
[brain] it 1603 [league 73%] R/ep 7.78 ent 2.23 kl 0.005 | hit/swing 56% dj/min 32.2 blk/min 0.2 abiHit 16 supHit 97 | sovereign 6/8 self 15/20 medium 2/2 expert 7/8 hard 3/3 easy 1/1 | roll 1.3s upd 13.8s
[brain] it 1604 [league 74%] R/ep 7.11 ent 2.35 kl 0.006 | hit/swing 54% dj/min 36.1 blk/min 0.2 abiHit 21 supHit 85 | expert 8/8 self 10/15 sovereign 6/9 hard 2/2 idle 1/1 medium 1/1 | roll 1.3s upd 13.7s
[brain] it 1605 [league 73%] R/ep 5.83 ent 2.32 kl 0.005 | hit/swing 52% dj/min 35.0 blk/min 0.1 abiHit 18 supHit 85 | self 9/17 sovereign 7/10 expert 5/5 idle 3/3 hard 1/1 easy 2/2 | roll 1.4s upd 14.0s
[brain] it 1606 [league 72%] R/ep 7.53 ent 2.32 kl 0.007 | hit/swing 53% dj/min 33.7 blk/min 0.1 abiHit 22 supHit 79 | hard 4/4 expert 10/10 sovereign 3/6 self 7/12 easy 2/2 medium 2/2 idle 1/1 | roll 1.2s upd 15.0s
[brain] it 1607 [league 70%] R/ep 8.11 ent 2.30 kl 0.007 | hit/swing 58% dj/min 33.8 blk/min 0.1 abiHit 16 supHit 85 | self 9/15 sovereign 3/6 expert 12/12 easy 5/5 idle 2/2 hard 1/1 | roll 1.2s upd 20.3s
[brain] it 1608 [league 69%] R/ep 6.04 ent 2.24 kl 0.007 | hit/swing 58% dj/min 31.3 blk/min 0.2 abiHit 17 supHit 79 | expert 7/7 self 6/15 sovereign 4/7 idle 5/5 hard 4/4 easy 1/1 medium 1/1 | roll 1.5s upd 19.0s
[brain] it 1609 [league 68%] R/ep 7.36 ent 2.27 kl 0.005 | hit/swing 62% dj/min 31.7 blk/min 0.3 abiHit 23 supHit 82 | sovereign 5/9 idle 2/2 hard 3/3 medium 2/2 self 8/14 easy 3/3 expert 10/10 | roll 1.2s upd 15.2s
[brain] it 1610 [league 72%] R/ep 8.03 ent 2.22 kl 0.007 | hit/swing 58% dj/min 31.5 blk/min 0.1 abiHit 20 supHit 98 | medium 2/2 self 12/17 sovereign 10/12 idle 1/1 expert 11/12 hard 1/1 | roll 1.4s upd 15.9s
[brain] it 1611 [league 72%] R/ep 6.41 ent 2.29 kl 0.007 | hit/swing 55% dj/min 32.2 blk/min 0.2 abiHit 17 supHit 76 | idle 3/3 self 10/17 expert 6/7 sovereign 7/9 hard 1/1 | roll 1.5s upd 14.1s
[brain] it 1612 [league 72%] R/ep 9.01 ent 2.29 kl 0.007 | hit/swing 56% dj/min 33.4 blk/min 0.2 abiHit 36 supHit 87 | self 11/15 sovereign 7/8 medium 4/4 expert 9/9 easy 4/4 idle 1/1 | roll 1.3s upd 13.7s
[brain] it 1613 [league 73%] R/ep 6.52 ent 2.18 kl 0.008 | hit/swing 60% dj/min 30.5 blk/min 0.2 abiHit 6 supHit 94 | sovereign 8/9 expert 11/11 self 8/18 medium 3/3 easy 1/1 | roll 1.2s upd 16.9s
[brain] it 1614 [league 73%] R/ep 7.00 ent 2.28 kl 0.006 | hit/swing 55% dj/min 32.9 blk/min 0.2 abiHit 23 supHit 90 | sovereign 6/6 self 10/21 medium 2/2 hard 1/1 expert 10/10 easy 2/2 idle 1/1 | roll 1.6s upd 17.2s
[brain] it 1615 [league 74%] R/ep 6.97 ent 2.22 kl 0.004 | hit/swing 54% dj/min 30.4 blk/min 0.0 abiHit 21 supHit 93 | self 10/20 expert 11/11 sovereign 5/6 easy 2/2 hard 1/1 medium 1/1 idle 1/1 | roll 1.4s upd 16.4s
[brain] it 1616 [league 74%] R/ep 7.83 ent 2.25 kl 0.005 | hit/swing 60% dj/min 31.7 blk/min 0.3 abiHit 10 supHit 92 | expert 8/8 sovereign 8/10 self 9/14 medium 5/5 idle 4/4 | roll 1.3s upd 13.5s
[brain] it 1617 [league 74%] R/ep 8.67 ent 2.19 kl 0.008 | hit/swing 64% dj/min 31.0 blk/min 0.1 abiHit 12 supHit 97 | self 11/15 sovereign 4/7 expert 9/9 idle 3/3 medium 4/4 hard 2/2 easy 1/1 | roll 1.3s upd 14.8s
[brain] it 1618 [league 74%] R/ep 4.99 ent 2.30 kl 0.006 | hit/swing 54% dj/min 32.9 blk/min 0.1 abiHit 20 supHit 88 | self 9/18 hard 3/3 sovereign 5/8 expert 7/7 idle 1/1 easy 3/3 medium 1/1 | roll 1.4s upd 14.8s
[brain] it 1619 [league 75%] R/ep 7.52 ent 2.20 kl 0.006 | hit/swing 63% dj/min 29.4 blk/min 0.3 abiHit 12 supHit 102 | sovereign 8/11 idle 3/3 self 9/16 expert 7/8 hard 4/4 medium 2/2 easy 1/1 | roll 1.5s upd 14.8s
[brain] it 1620 [league 76%] R/ep 5.29 ent 2.32 kl 0.007 | hit/swing 56% dj/min 32.6 blk/min 0.2 abiHit 31 supHit 79 | self 6/12 expert 6/9 easy 3/3 medium 3/3 idle 3/3 sovereign 4/9 | roll 1.4s upd 13.5s
[brain] it 1621 [league 75%] R/ep 7.56 ent 2.33 kl 0.006 | hit/swing 55% dj/min 33.8 blk/min 0.0 abiHit 10 supHit 84 | self 10/17 expert 9/9 easy 3/3 sovereign 3/5 hard 5/5 | roll 1.3s upd 12.1s
[brain] it 1622 [league 74%] R/ep 6.20 ent 2.37 kl 0.006 | hit/swing 54% dj/min 33.6 blk/min 0.3 abiHit 19 supHit 70 | sovereign 6/9 self 9/15 easy 2/2 expert 6/8 medium 2/2 idle 2/2 | roll 1.4s upd 14.6s
[brain] it 1623 [league 74%] R/ep 7.20 ent 2.36 kl 0.006 | hit/swing 51% dj/min 34.7 blk/min 0.2 abiHit 29 supHit 97 | self 10/18 expert 10/11 sovereign 4/5 hard 4/4 easy 3/3 medium 3/3 idle 1/1 | roll 1.5s upd 14.3s
[brain] it 1624 [league 73%] R/ep 7.92 ent 2.37 kl 0.006 | hit/swing 55% dj/min 34.7 blk/min 0.6 abiHit 18 supHit 77 | self 11/14 expert 9/9 sovereign 6/8 hard 1/1 idle 2/2 easy 1/1 medium 1/1 | roll 1.3s upd 14.0s
[brain] it 1625 [league 71%] R/ep 7.66 ent 2.24 kl 0.005 | hit/swing 58% dj/min 30.6 blk/min 0.1 abiHit 11 supHit 92 | self 10/18 expert 11/11 medium 5/5 sovereign 2/4 hard 2/2 easy 1/1 | roll 1.3s upd 14.3s
[brain] it 1626 [league 70%] R/ep 8.12 ent 2.28 kl 0.007 | hit/swing 59% dj/min 32.7 blk/min 0.2 abiHit 14 supHit 82 | hard 4/4 expert 9/10 self 11/20 medium 1/1 easy 2/2 sovereign 2/4 idle 3/3 | roll 1.4s upd 13.6s
[brain] it 1627 [league 69%] R/ep 5.64 ent 2.27 kl 0.007 | hit/swing 54% dj/min 32.9 blk/min 0.1 abiHit 22 supHit 92 | self 11/22 sovereign 7/9 expert 7/8 medium 3/3 easy 1/1 idle 1/1 hard 1/1 | roll 1.4s upd 13.1s
[brain] it 1628 [league 68%] R/ep 6.88 ent 2.28 kl 0.006 | hit/swing 58% dj/min 31.5 blk/min 0.3 abiHit 15 supHit 85 | self 10/19 expert 11/11 hard 3/3 sovereign 4/5 medium 1/1 easy 2/2 idle 1/1 | roll 1.2s upd 13.6s
[brain] it 1629 [league 69%] R/ep 8.09 ent 2.18 kl 0.007 | hit/swing 64% dj/min 29.3 blk/min 0.3 abiHit 12 supHit 103 | sovereign 7/7 self 15/20 idle 2/2 expert 6/6 easy 2/2 medium 4/4 hard 1/1 | roll 1.3s upd 12.1s
[brain] it 1630 [league 70%] R/ep 4.64 ent 2.45 kl 0.007 | hit/swing 40% dj/min 36.2 blk/min 0.1 abiHit 27 supHit 82 | self 13/20 sovereign 11/13 medium 1/1 expert 3/3 hard 1/1 | roll 2.6s upd 14.9s
[brain] it 1631 [league 72%] R/ep 6.66 ent 2.49 kl 0.007 | hit/swing 52% dj/min 37.5 blk/min 0.1 abiHit 12 supHit 73 | expert 7/7 self 12/21 sovereign 4/5 hard 2/2 idle 1/1 | roll 1.4s upd 13.1s
[brain] it 1632 [league 70%] R/ep 7.69 ent 2.25 kl 0.007 | hit/swing 57% dj/min 31.3 blk/min 0.2 abiHit 20 supHit 86 | easy 1/1 medium 2/2 self 15/21 expert 10/10 hard 1/1 idle 2/2 sovereign 0/3 | roll 1.3s upd 13.1s
[brain] it 1633 [league 69%] R/ep 5.73 ent 2.30 kl 0.007 | hit/swing 53% dj/min 31.2 blk/min 0.0 abiHit 17 supHit 82 | self 9/20 expert 9/10 easy 2/2 medium 1/1 idle 2/2 sovereign 1/2 | roll 1.3s upd 12.9s
[brain] it 1634 [league 68%] R/ep 5.17 ent 2.32 kl 0.006 | hit/swing 58% dj/min 32.4 blk/min 0.2 abiHit 15 supHit 88 | self 11/19 sovereign 5/9 idle 3/3 expert 7/7 medium 1/1 easy 1/1 | roll 1.2s upd 14.3s
[brain] it 1635 [league 71%] R/ep 7.46 ent 2.28 kl 0.008 | hit/swing 57% dj/min 31.4 blk/min 0.3 abiHit 30 supHit 95 | easy 2/2 self 13/19 medium 2/2 idle 3/3 expert 10/10 sovereign 6/6 | roll 1.7s upd 16.2s
[brain] it 1636 [league 73%] R/ep 6.41 ent 2.36 kl 0.006 | hit/swing 54% dj/min 34.0 blk/min 0.1 abiHit 24 supHit 74 | medium 1/1 expert 12/13 self 9/19 sovereign 4/4 idle 1/1 easy 1/1 | roll 1.3s upd 15.0s
[brain] it 1637 [league 72%] R/ep 4.48 ent 2.30 kl 0.007 | hit/swing 55% dj/min 30.6 blk/min 0.1 abiHit 22 supHit 79 | self 6/16 expert 10/10 sovereign 5/9 idle 2/2 medium 1/1 hard 1/1 | roll 1.4s upd 18.4s
[brain] it 1638 [league 71%] R/ep 7.47 ent 2.21 kl 0.006 | hit/swing 60% dj/min 30.0 blk/min 0.2 abiHit 14 supHit 93 | expert 14/15 sovereign 4/8 self 9/15 idle 1/1 medium 1/1 hard 1/1 | roll 1.4s upd 13.2s
[brain] it 1639 [league 71%] R/ep 5.12 ent 2.27 kl 0.007 | hit/swing 51% dj/min 29.3 blk/min 0.2 abiHit 21 supHit 89 | expert 4/4 self 10/21 hard 3/3 sovereign 5/7 medium 2/2 idle 3/3 easy 1/1 | roll 1.4s upd 14.0s
[brain] it 1640 [league 70%] R/ep 6.22 ent 2.37 kl 0.007 | hit/swing 52% dj/min 33.7 blk/min 0.3 abiHit 21 supHit 68 | self 10/20 expert 10/10 sovereign 3/4 hard 1/1 easy 1/1 medium 1/1 idle 1/1 | roll 1.3s upd 13.7s
[brain] it 1641 [league 74%] R/ep 7.64 ent 2.21 kl 0.007 | hit/swing 59% dj/min 30.8 blk/min 0.0 abiHit 14 supHit 99 | self 11/17 expert 11/11 medium 2/2 sovereign 10/12 idle 2/2 easy 1/1 | roll 1.2s upd 13.8s
[brain] it 1642 [league 72%] R/ep 7.73 ent 2.34 kl 0.007 | hit/swing 54% dj/min 34.5 blk/min 0.1 abiHit 16 supHit 92 | self 15/18 expert 8/8 sovereign 4/7 easy 1/1 idle 1/1 hard 2/2 medium 2/2 | roll 1.3s upd 13.9s
[brain] it 1643 [league 70%] R/ep 9.35 ent 2.21 kl 0.007 | hit/swing 66% dj/min 29.5 blk/min 0.1 abiHit 8 supHit 105 | self 9/14 easy 3/3 sovereign 8/11 medium 5/5 expert 8/8 hard 4/4 idle 3/3 | roll 1.3s upd 14.0s
[brain] it 1644 [league 69%] R/ep 5.45 ent 2.35 kl 0.006 | hit/swing 56% dj/min 31.6 blk/min 0.2 abiHit 15 supHit 72 | self 4/14 expert 10/10 easy 2/2 sovereign 4/7 hard 3/3 idle 2/2 | roll 1.2s upd 14.2s
[brain] it 1645 [league 67%] R/ep 4.83 ent 2.41 kl 0.006 | hit/swing 49% dj/min 34.4 blk/min 0.1 abiHit 28 supHit 66 | self 12/20 sovereign 4/7 expert 3/4 medium 2/2 idle 1/1 easy 1/1 hard 1/1 | roll 1.3s upd 13.7s
[brain] it 1646 [league 69%] R/ep 7.53 ent 2.35 kl 0.007 | hit/swing 53% dj/min 32.7 blk/min 0.2 abiHit 35 supHit 83 | expert 12/12 sovereign 6/7 self 8/16 hard 2/2 easy 1/1 idle 2/2 medium 1/1 | roll 1.2s upd 14.8s
[brain] it 1647 [league 71%] R/ep 7.39 ent 2.22 kl 0.007 | hit/swing 64% dj/min 28.6 blk/min 0.0 abiHit 13 supHit 100 | self 8/15 sovereign 11/14 easy 3/3 expert 7/7 hard 2/2 medium 2/2 idle 2/2 | roll 1.3s upd 13.9s
[brain] it 1648 [league 72%] R/ep 6.43 ent 2.32 kl 0.006 | hit/swing 60% dj/min 32.0 blk/min 0.6 abiHit 27 supHit 84 | self 8/17 expert 12/12 medium 3/3 sovereign 11/13 | roll 1.2s upd 13.4s
[brain] it 1649 [league 74%] R/ep 9.91 ent 2.24 kl 0.006 | hit/swing 62% dj/min 30.2 blk/min 0.3 abiHit 16 supHit 105 | sovereign 8/11 idle 3/3 expert 10/10 self 12/15 hard 3/3 medium 2/2 easy 3/3 | roll 1.3s upd 13.9s
[brain] it 1650 [league 73%] R/ep 8.53 ent 2.33 kl 0.006 | hit/swing 58% dj/min 32.7 blk/min 0.1 abiHit 15 supHit 89 | self 9/14 medium 9/9 expert 7/7 sovereign 6/10 hard 1/1 idle 2/2 easy 1/1 | roll 1.2s upd 14.2s
[brain] it 1651 [league 73%] R/ep 7.23 ent 2.26 kl 0.007 | hit/swing 61% dj/min 32.0 blk/min 0.0 abiHit 3 supHit 56 | sovereign 8/9 expert 8/8 self 6/9 hard 1/1 | roll 6.3s upd 9.8s
[brain] it 1652 [league 73%] R/ep 8.25 ent 2.34 kl 0.007 | hit/swing 56% dj/min 33.4 blk/min 0.1 abiHit 10 supHit 62 | expert 8/8 self 5/8 sovereign 4/6 medium 2/2 hard 1/1 idle 2/2 | roll 5.3s upd 8.5s
[brain] it 1653 [league 73%] R/ep 8.02 ent 2.33 kl 0.007 | hit/swing 55% dj/min 33.0 blk/min 0.1 abiHit 13 supHit 51 | expert 6/6 hard 3/3 self 7/11 sovereign 3/4 medium 2/2 | roll 5.2s upd 9.3s
[brain] it 1654 [league 75%] R/ep 9.64 ent 2.28 kl 0.007 | hit/swing 59% dj/min 32.0 blk/min 0.2 abiHit 20 supHit 84 | self 12/17 easy 2/2 expert 9/9 medium 5/5 hard 3/3 sovereign 4/4 idle 1/1 | roll 1.3s upd 16.2s
[brain] it 1655 [league 74%] R/ep 7.12 ent 2.32 kl 0.006 | hit/swing 55% dj/min 31.3 blk/min 0.4 abiHit 21 supHit 83 | self 7/17 expert 12/13 sovereign 2/3 easy 2/2 idle 3/3 hard 1/1 medium 3/3 | roll 1.4s upd 14.9s
[brain] it 1656 [league 73%] R/ep 6.13 ent 2.25 kl 0.005 | hit/swing 55% dj/min 30.5 blk/min 0.1 abiHit 17 supHit 91 | expert 4/5 self 11/18 sovereign 5/10 easy 2/2 idle 2/2 hard 3/3 medium 1/1 | roll 1.4s upd 15.2s
[brain] it 1657 [league 73%] R/ep 5.54 ent 2.35 kl 0.005 | hit/swing 55% dj/min 33.9 blk/min 0.0 abiHit 15 supHit 77 | self 9/15 sovereign 6/10 expert 7/7 easy 1/1 medium 2/2 hard 2/2 | roll 1.4s upd 15.4s
[brain] it 1658 [league 71%] R/ep 7.95 ent 2.24 kl 0.006 | hit/swing 59% dj/min 29.1 blk/min 0.2 abiHit 11 supHit 93 | expert 14/14 idle 4/4 self 6/13 sovereign 5/8 medium 3/3 easy 1/1 | roll 1.2s upd 13.2s
[brain] it 1659 [league 71%] R/ep 5.64 ent 2.41 kl 0.008 | hit/swing 50% dj/min 34.7 blk/min 0.1 abiHit 24 supHit 75 | self 12/17 sovereign 9/12 idle 2/2 expert 8/9 | roll 1.4s upd 13.5s
[brain] it 1660 [league 68%] R/ep 5.01 ent 2.29 kl 0.007 | hit/swing 53% dj/min 30.9 blk/min 0.1 abiHit 20 supHit 87 | self 8/20 expert 8/8 sovereign 7/11 hard 1/1 medium 1/1 easy 1/1 | roll 1.3s upd 13.9s
[brain] it 1661 [league 69%] R/ep 9.06 ent 2.32 kl 0.006 | hit/swing 59% dj/min 30.9 blk/min 0.1 abiHit 15 supHit 81 | self 8/12 sovereign 5/7 expert 9/10 idle 4/4 easy 2/2 medium 1/1 hard 2/2 | roll 1.5s upd 14.7s
[brain] it 1662 [league 68%] R/ep 8.33 ent 2.35 kl 0.005 | hit/swing 55% dj/min 33.2 blk/min 0.1 abiHit 14 supHit 89 | expert 9/11 sovereign 7/11 self 11/13 medium 1/1 hard 1/1 easy 1/1 | roll 1.4s upd 14.3s
[brain] it 1663 [league 68%] R/ep 8.53 ent 2.33 kl 0.007 | hit/swing 52% dj/min 32.4 blk/min 0.3 abiHit 27 supHit 103 | expert 11/12 sovereign 5/8 self 11/17 easy 3/3 hard 4/4 idle 1/1 medium 1/1 | roll 1.4s upd 15.2s
[brain] it 1664 [league 66%] R/ep 4.81 ent 2.45 kl 0.006 | hit/swing 42% dj/min 35.6 blk/min 0.1 abiHit 29 supHit 69 | self 7/17 expert 10/12 hard 2/2 sovereign 2/4 easy 2/2 idle 1/1 | roll 1.5s upd 14.7s
[brain] it 1665 [league 66%] R/ep 9.06 ent 2.22 kl 0.007 | hit/swing 62% dj/min 29.2 blk/min 0.2 abiHit 16 supHit 98 | medium 4/4 expert 13/14 self 5/13 hard 5/5 idle 1/1 sovereign 6/8 easy 2/2 | roll 1.2s upd 13.4s
[brain] it 1666 [league 64%] R/ep 5.42 ent 2.37 kl 0.006 | hit/swing 48% dj/min 32.0 blk/min 0.0 abiHit 14 supHit 75 | sovereign 3/6 expert 11/13 self 4/12 medium 1/1 easy 2/2 idle 3/3 | roll 1.2s upd 13.6s
[brain] it 1667 [league 65%] R/ep 4.46 ent 2.32 kl 0.007 | hit/swing 55% dj/min 31.8 blk/min 0.6 abiHit 20 supHit 77 | self 11/24 expert 5/5 medium 3/3 hard 3/3 sovereign 5/5 idle 1/1 | roll 1.3s upd 14.1s
[brain] it 1668 [league 65%] R/ep 6.12 ent 2.31 kl 0.007 | hit/swing 52% dj/min 30.8 blk/min 0.2 abiHit 12 supHit 82 | self 14/19 idle 3/3 sovereign 5/10 expert 5/5 hard 2/2 easy 1/1 | roll 1.4s upd 14.0s
[brain] it 1669 [league 64%] R/ep 3.51 ent 2.38 kl 0.007 | hit/swing 50% dj/min 32.8 blk/min 0.1 abiHit 14 supHit 65 | self 9/19 expert 6/6 hard 1/1 idle 1/1 sovereign 3/6 easy 1/1 medium 1/1 | roll 1.3s upd 17.0s
[brain] it 1670 [league 65%] R/ep 9.77 ent 2.30 kl 0.004 | hit/swing 66% dj/min 32.5 blk/min 0.0 abiHit 16 supHit 87 | expert 20/21 self 8/10 easy 2/2 sovereign 5/7 idle 1/1 | roll 1.2s upd 14.2s
[brain] it 1671 [league 66%] R/ep 3.79 ent 2.53 kl 0.007 | hit/swing 43% dj/min 38.1 blk/min 0.2 abiHit 37 supHit 72 | self 7/18 expert 4/6 hard 2/2 easy 5/5 sovereign 5/6 medium 1/1 | roll 1.4s upd 14.1s
[brain] it 1672 [league 66%] R/ep 9.10 ent 2.45 kl 0.007 | hit/swing 57% dj/min 36.0 blk/min 0.0 abiHit 20 supHit 85 | self 9/12 easy 3/3 sovereign 4/6 expert 9/10 medium 3/3 idle 2/2 hard 2/2 | roll 1.3s upd 15.2s
[brain] it 1673 [league 68%] R/ep 8.10 ent 2.34 kl 0.007 | hit/swing 59% dj/min 34.2 blk/min 0.6 abiHit 16 supHit 98 | self 13/17 expert 12/12 sovereign 7/10 hard 2/2 easy 1/1 | roll 1.8s upd 17.6s
[brain] it 1674 [league 66%] R/ep 5.69 ent 2.37 kl 0.007 | hit/swing 52% dj/min 34.7 blk/min 0.1 abiHit 18 supHit 86 | expert 4/4 hard 4/4 self 12/21 easy 2/2 sovereign 5/7 idle 4/4 | roll 1.5s upd 13.1s
[brain] it 1675 [league 67%] R/ep 6.39 ent 2.28 kl 0.006 | hit/swing 56% dj/min 31.4 blk/min 0.2 abiHit 12 supHit 88 | self 7/19 idle 3/3 expert 12/12 sovereign 5/6 easy 2/2 medium 1/1 | roll 1.4s upd 13.2s
[brain] it 1676 [league 67%] R/ep 7.83 ent 2.32 kl 0.005 | hit/swing 52% dj/min 32.3 blk/min 0.1 abiHit 25 supHit 82 | self 8/16 expert 9/9 sovereign 5/6 idle 2/2 medium 1/1 hard 2/2 easy 2/2 | roll 1.2s upd 13.7s
[brain] it 1677 [league 70%] R/ep 8.18 ent 2.42 kl 0.008 | hit/swing 49% dj/min 34.6 blk/min 0.1 abiHit 27 supHit 80 | sovereign 7/10 expert 14/15 idle 1/1 self 8/12 medium 2/2 easy 1/1 | roll 1.5s upd 15.0s
[brain] it 1678 [league 70%] R/ep 5.71 ent 2.43 kl 0.006 | hit/swing 50% dj/min 35.8 blk/min 0.1 abiHit 23 supHit 84 | self 12/20 sovereign 7/9 expert 4/4 medium 2/2 hard 1/1 | roll 1.4s upd 16.1s
[brain] it 1679 [league 73%] R/ep 8.10 ent 2.25 kl 0.006 | hit/swing 57% dj/min 31.8 blk/min 0.3 abiHit 10 supHit 101 | hard 1/1 self 10/17 idle 2/2 expert 9/9 sovereign 9/10 easy 2/2 | roll 1.4s upd 15.5s
[brain] it 1680 [league 73%] R/ep 9.85 ent 2.36 kl 0.008 | hit/swing 55% dj/min 34.1 blk/min 0.1 abiHit 20 supHit 81 | expert 14/15 self 10/14 sovereign 4/5 medium 1/1 idle 2/2 hard 2/2 | roll 1.3s upd 18.5s
[brain] it 1681 [league 73%] R/ep 7.23 ent 2.32 kl 0.006 | hit/swing 55% dj/min 32.1 blk/min 0.1 abiHit 16 supHit 87 | self 9/18 hard 1/1 medium 4/4 idle 4/4 expert 3/4 sovereign 3/4 easy 1/1 | roll 1.5s upd 15.0s
[brain] it 1682 [league 73%] R/ep 7.15 ent 2.40 kl 0.007 | hit/swing 50% dj/min 34.4 blk/min 0.2 abiHit 24 supHit 78 | expert 8/8 self 6/14 idle 4/4 hard 1/1 medium 2/2 sovereign 3/5 easy 2/2 | roll 1.3s upd 14.9s
[brain] it 1683 [league 74%] R/ep 3.58 ent 2.41 kl 0.005 | hit/swing 47% dj/min 35.6 blk/min 0.1 abiHit 12 supHit 72 | self 6/16 expert 10/11 easy 1/1 sovereign 3/5 hard 1/1 | roll 1.4s upd 14.6s
[brain] it 1684 [league 74%] R/ep 8.12 ent 2.35 kl 0.007 | hit/swing 62% dj/min 34.1 blk/min 0.2 abiHit 9 supHit 91 | sovereign 5/8 expert 15/15 self 7/14 medium 2/2 easy 1/1 hard 2/2 idle 1/1 | roll 1.5s upd 14.9s
[brain] it 1685 [league 73%] R/ep 7.84 ent 2.39 kl 0.007 | hit/swing 56% dj/min 35.2 blk/min 0.3 abiHit 5 supHit 89 | medium 1/1 self 11/15 expert 13/14 sovereign 4/7 easy 2/2 hard 2/2 idle 1/1 | roll 1.5s upd 15.6s
[brain] it 1686 [league 72%] R/ep 7.94 ent 2.32 kl 0.007 | hit/swing 61% dj/min 33.8 blk/min 0.0 abiHit 8 supHit 87 | self 9/17 easy 4/4 sovereign 6/10 medium 4/4 expert 6/6 hard 2/2 idle 2/2 | roll 1.3s upd 13.3s
[brain] it 1687 [league 72%] R/ep 6.26 ent 2.43 kl 0.006 | hit/swing 52% dj/min 34.6 blk/min 0.1 abiHit 13 supHit 71 | medium 2/2 self 5/16 hard 6/6 expert 5/6 sovereign 1/2 idle 2/2 | roll 1.2s upd 17.1s
[brain] it 1688 [league 70%] R/ep 7.34 ent 2.37 kl 0.007 | hit/swing 57% dj/min 33.3 blk/min 0.0 abiHit 6 supHit 82 | self 12/17 medium 2/2 sovereign 6/10 expert 8/10 easy 2/2 hard 1/1 | roll 1.4s upd 15.2s
[brain] it 1689 [league 70%] R/ep 3.08 ent 2.53 kl 0.007 | hit/swing 42% dj/min 35.8 blk/min 0.2 abiHit 20 supHit 65 | self 6/17 expert 8/10 sovereign 4/6 hard 1/1 | roll 1.4s upd 14.3s
[brain] it 1690 [league 67%] R/ep 6.18 ent 2.42 kl 0.006 | hit/swing 53% dj/min 34.6 blk/min 0.0 abiHit 28 supHit 73 | self 9/15 sovereign 5/9 expert 10/11 idle 2/2 easy 1/1 medium 1/1 | roll 1.4s upd 14.2s
[brain] it 1691 [league 67%] R/ep 8.49 ent 2.42 kl 0.006 | hit/swing 49% dj/min 34.7 blk/min 0.0 abiHit 29 supHit 74 | self 7/14 sovereign 5/5 easy 2/2 medium 1/1 expert 13/14 idle 1/1 hard 2/2 | roll 1.3s upd 15.0s
[brain] it 1692 [league 68%] R/ep 7.67 ent 2.33 kl 0.006 | hit/swing 55% dj/min 32.0 blk/min 0.1 abiHit 7 supHit 88 | self 9/19 hard 3/3 sovereign 3/3 expert 10/10 idle 2/2 easy 2/2 | roll 1.4s upd 18.3s
[brain] it 1693 [league 70%] R/ep 7.01 ent 2.31 kl 0.006 | hit/swing 55% dj/min 31.5 blk/min 0.2 abiHit 22 supHit 100 | self 9/18 easy 4/4 sovereign 7/8 expert 7/7 medium 3/3 hard 2/2 idle 1/1 | roll 1.3s upd 15.6s
[brain] it 1694 [league 71%] R/ep 7.45 ent 2.52 kl 0.007 | hit/swing 53% dj/min 37.5 blk/min 0.1 abiHit 15 supHit 70 | expert 11/12 sovereign 11/12 idle 2/2 hard 2/2 self 1/7 easy 1/1 | roll 1.4s upd 17.0s
[brain] it 1695 [league 70%] R/ep 7.56 ent 2.39 kl 0.007 | hit/swing 60% dj/min 34.1 blk/min 0.2 abiHit 11 supHit 79 | expert 11/12 sovereign 6/8 hard 3/3 self 6/12 idle 1/1 easy 2/2 | roll 1.2s upd 17.9s
[brain] it 1696 [league 72%] R/ep 7.31 ent 2.41 kl 0.005 | hit/swing 48% dj/min 34.3 blk/min 0.1 abiHit 28 supHit 77 | sovereign 7/8 expert 12/12 medium 1/1 self 6/13 idle 2/2 | roll 1.3s upd 16.9s
[brain] it 1697 [league 74%] R/ep 6.15 ent 2.30 kl 0.007 | hit/swing 57% dj/min 30.5 blk/min 0.3 abiHit 20 supHit 101 | idle 2/2 sovereign 6/9 medium 1/1 self 10/21 hard 2/2 expert 7/7 easy 1/1 | roll 1.8s upd 24.7s
[brain] it 1698 [league 75%] R/ep 7.95 ent 2.43 kl 0.007 | hit/swing 56% dj/min 35.7 blk/min 0.2 abiHit 25 supHit 71 | self 12/17 sovereign 6/7 expert 7/7 idle 3/3 medium 2/2 | roll 1.6s upd 16.9s
[brain] it 1699 [league 76%] R/ep 7.68 ent 2.35 kl 0.006 | hit/swing 54% dj/min 33.5 blk/min 0.3 abiHit 13 supHit 89 | hard 5/5 self 4/14 medium 3/3 expert 10/11 sovereign 5/6 idle 1/1 easy 2/2 | roll 1.3s upd 15.9s
[brain] it 1700 [league 78%] R/ep 6.92 ent 2.29 kl 0.005 | hit/swing 52% dj/min 31.4 blk/min 0.1 abiHit 13 supHit 93 | sovereign 5/6 expert 7/7 self 10/17 medium 3/3 hard 4/4 easy 2/2 idle 1/1 | roll 1.3s upd 13.2s
[brain] it 1701 [league 79%] R/ep 7.28 ent 2.40 kl 0.005 | hit/swing 51% dj/min 32.2 blk/min 0.1 abiHit 32 supHit 79 | sovereign 6/6 expert 12/13 self 8/15 hard 1/1 easy 2/2 | roll 1.2s upd 13.6s
[brain] it 1702 [league 80%] R/ep 6.72 ent 2.41 kl 0.005 | hit/swing 58% dj/min 33.5 blk/min 0.2 abiHit 27 supHit 83 | self 9/15 sovereign 5/9 hard 1/1 easy 2/2 expert 7/7 medium 2/2 idle 4/4 | roll 1.2s upd 12.0s
[brain] it 1703 [league 83%] R/ep 9.12 ent 2.31 kl 0.006 | hit/swing 65% dj/min 29.1 blk/min 0.2 abiHit 7 supHit 91 | self 5/11 expert 10/10 medium 4/4 sovereign 9/10 hard 1/1 idle 6/6 | roll 1.2s upd 13.4s
[brain] it 1704 [league 79%] R/ep 4.74 ent 2.45 kl 0.006 | hit/swing 55% dj/min 34.1 blk/min 0.1 abiHit 12 supHit 77 | expert 11/12 self 5/11 sovereign 7/12 idle 1/1 medium 1/1 easy 1/1 | roll 1.3s upd 13.4s
[brain] it 1705 [league 79%] R/ep 8.47 ent 2.37 kl 0.005 | hit/swing 52% dj/min 32.2 blk/min 0.2 abiHit 19 supHit 87 | self 14/18 sovereign 5/5 expert 11/11 medium 1/1 idle 2/2 easy 2/2 | roll 1.4s upd 14.1s
[brain] it 1706 [league 79%] R/ep 6.31 ent 2.35 kl 0.007 | hit/swing 53% dj/min 32.0 blk/min 0.0 abiHit 24 supHit 78 | self 10/18 expert 8/8 sovereign 7/9 idle 2/2 hard 1/1 easy 1/1 medium 1/1 | roll 1.5s upd 15.0s
[brain] it 1707 [league 78%] R/ep 6.79 ent 2.41 kl 0.006 | hit/swing 53% dj/min 33.6 blk/min 0.3 abiHit 10 supHit 74 | self 9/16 expert 6/7 sovereign 5/6 idle 4/4 easy 2/2 medium 3/3 | roll 1.6s upd 15.8s
[brain] it 1708 [league 79%] R/ep 9.20 ent 2.49 kl 0.008 | hit/swing 45% dj/min 35.1 blk/min 0.1 abiHit 37 supHit 68 | expert 12/13 hard 1/1 self 8/11 sovereign 4/5 idle 1/1 medium 2/2 | roll 1.4s upd 14.7s
[brain] it 1709 [league 78%] R/ep 7.77 ent 2.43 kl 0.008 | hit/swing 55% dj/min 35.2 blk/min 0.1 abiHit 31 supHit 74 | self 5/11 expert 10/10 sovereign 9/11 easy 3/3 hard 1/1 idle 2/2 | roll 1.5s upd 14.1s
[brain] it 1710 [league 76%] R/ep 6.24 ent 2.39 kl 0.007 | hit/swing 56% dj/min 34.6 blk/min 0.1 abiHit 10 supHit 85 | easy 3/3 self 6/13 medium 3/3 expert 7/8 sovereign 5/10 idle 3/3 hard 1/1 | roll 1.3s upd 13.7s
[brain] it 1711 [league 76%] R/ep 7.90 ent 2.36 kl 0.007 | hit/swing 52% dj/min 34.8 blk/min 0.2 abiHit 30 supHit 84 | sovereign 5/7 expert 14/14 self 10/16 medium 1/1 hard 1/1 easy 1/1 | roll 1.4s upd 14.2s
[brain] it 1712 [league 73%] R/ep 8.07 ent 2.47 kl 0.007 | hit/swing 54% dj/min 36.6 blk/min 0.2 abiHit 16 supHit 79 | easy 2/2 idle 1/1 self 7/11 expert 11/11 sovereign 7/11 hard 2/2 medium 2/2 | roll 1.3s upd 14.3s
[brain] it 1713 [league 69%] R/ep 6.15 ent 2.36 kl 0.006 | hit/swing 54% dj/min 32.6 blk/min 0.1 abiHit 17 supHit 87 | expert 9/9 self 13/18 sovereign 2/6 hard 3/3 idle 1/1 medium 2/2 | roll 1.4s upd 14.8s
[brain] it 1714 [league 73%] R/ep 9.24 ent 2.44 kl 0.007 | hit/swing 56% dj/min 34.6 blk/min 0.1 abiHit 21 supHit 91 | hard 4/4 self 10/16 sovereign 9/10 expert 6/6 easy 3/3 idle 2/2 medium 1/1 | roll 1.3s upd 15.8s
[brain] it 1715 [league 71%] R/ep 8.27 ent 2.28 kl 0.008 | hit/swing 59% dj/min 32.0 blk/min 0.1 abiHit 22 supHit 93 | hard 2/2 self 12/17 sovereign 8/10 expert 7/7 medium 2/2 idle 4/4 easy 2/2 | roll 1.4s upd 14.1s
[brain] it 1716 [league 74%] R/ep 5.97 ent 2.27 kl 0.005 | hit/swing 57% dj/min 31.2 blk/min 0.2 abiHit 5 supHit 105 | expert 11/11 self 12/21 sovereign 9/11 easy 1/1 medium 1/1 | roll 1.4s upd 14.3s
[brain] it 1717 [league 73%] R/ep 6.91 ent 2.40 kl 0.007 | hit/swing 47% dj/min 34.0 blk/min 0.1 abiHit 15 supHit 93 | self 13/18 sovereign 9/12 expert 7/7 idle 1/1 medium 1/1 | roll 1.5s upd 13.7s
[brain] it 1718 [league 73%] R/ep 7.11 ent 2.48 kl 0.006 | hit/swing 50% dj/min 35.3 blk/min 0.3 abiHit 23 supHit 76 | self 12/19 hard 2/2 expert 11/11 medium 2/2 sovereign 3/3 idle 1/1 | roll 1.4s upd 14.9s
[brain] it 1719 [league 73%] R/ep 5.50 ent 2.41 kl 0.005 | hit/swing 53% dj/min 34.4 blk/min 0.1 abiHit 26 supHit 82 | self 13/23 sovereign 6/7 expert 3/4 hard 4/4 idle 1/1 medium 2/2 | roll 1.4s upd 13.3s
[brain] it 1720 [league 76%] R/ep 7.95 ent 2.44 kl 0.006 | hit/swing 50% dj/min 34.3 blk/min 0.1 abiHit 33 supHit 72 | self 10/14 easy 5/5 sovereign 5/5 hard 3/3 medium 1/1 expert 5/5 idle 2/2 | roll 1.8s upd 15.2s
[brain] it 1721 [league 74%] R/ep 7.12 ent 2.30 kl 0.006 | hit/swing 60% dj/min 30.6 blk/min 0.2 abiHit 14 supHit 96 | sovereign 8/11 easy 2/2 expert 9/9 self 8/14 medium 4/4 idle 2/2 | roll 1.4s upd 14.2s
[brain] it 1722 [league 79%] R/ep 6.54 ent 2.31 kl 0.006 | hit/swing 56% dj/min 32.1 blk/min 0.4 abiHit 9 supHit 102 | sovereign 9/10 self 10/19 easy 1/1 expert 8/9 hard 2/2 medium 1/1 idle 1/1 | roll 1.4s upd 14.4s
[brain] it 1723 [league 80%] R/ep 7.01 ent 2.47 kl 0.006 | hit/swing 49% dj/min 33.9 blk/min 0.0 abiHit 22 supHit 95 | sovereign 7/9 self 12/18 expert 8/8 hard 2/2 medium 1/1 easy 1/1 idle 1/1 | roll 1.5s upd 23.0s
[brain] it 1724 [league 81%] R/ep 7.54 ent 2.42 kl 0.006 | hit/swing 54% dj/min 32.3 blk/min 0.3 abiHit 36 supHit 77 | medium 4/4 expert 9/9 sovereign 9/13 hard 2/2 self 4/9 idle 1/1 | roll 1.4s upd 16.5s
[brain] it 1725 [league 79%] R/ep 5.29 ent 2.37 kl 0.007 | hit/swing 49% dj/min 33.0 blk/min 0.1 abiHit 24 supHit 95 | sovereign 5/7 expert 13/14 self 11/22 medium 1/1 hard 1/1 idle 1/1 | roll 1.6s upd 14.8s
[brain] it 1726 [league 78%] R/ep 7.37 ent 2.25 kl 0.005 | hit/swing 59% dj/min 27.3 blk/min 0.0 abiHit 9 supHit 100 | self 11/20 medium 2/2 idle 4/4 hard 2/2 expert 8/8 sovereign 3/6 easy 1/1 | roll 1.3s upd 12.9s
[brain] it 1727 [league 77%] R/ep 9.00 ent 2.44 kl 0.005 | hit/swing 61% dj/min 33.3 blk/min 0.1 abiHit 21 supHit 82 | sovereign 5/8 expert 11/11 self 6/11 idle 4/4 easy 3/3 medium 2/2 | roll 1.4s upd 13.5s
[brain] it 1728 [league 76%] R/ep 5.75 ent 2.38 kl 0.007 | hit/swing 51% dj/min 32.0 blk/min 0.2 abiHit 20 supHit 75 | self 13/20 expert 8/8 sovereign 4/6 medium 1/1 hard 2/2 | roll 1.4s upd 14.4s
[brain] it 1729 [league 75%] R/ep 7.08 ent 2.43 kl 0.007 | hit/swing 51% dj/min 32.4 blk/min 0.2 abiHit 29 supHit 83 | self 8/15 expert 6/6 sovereign 8/11 medium 1/1 idle 4/4 easy 2/2 hard 1/1 | roll 1.4s upd 13.4s
[brain] it 1730 [league 74%] R/ep 5.84 ent 2.36 kl 0.006 | hit/swing 51% dj/min 31.3 blk/min 0.2 abiHit 10 supHit 83 | sovereign 3/5 self 9/19 expert 11/12 hard 2/2 medium 1/1 easy 2/2 | roll 1.3s upd 13.1s
[brain] it 1731 [league 73%] R/ep 5.94 ent 2.43 kl 0.005 | hit/swing 51% dj/min 33.5 blk/min 0.1 abiHit 16 supHit 85 | medium 3/3 self 11/18 expert 9/9 sovereign 5/7 hard 2/2 | roll 1.3s upd 12.0s
[brain] it 1732 [league 71%] R/ep 6.18 ent 2.42 kl 0.007 | hit/swing 56% dj/min 33.2 blk/min 0.1 abiHit 15 supHit 81 | hard 4/4 medium 4/4 sovereign 7/10 expert 5/5 idle 1/1 self 5/12 easy 2/2 | roll 1.3s upd 13.3s
[brain] it 1733 [league 71%] R/ep 9.73 ent 2.33 kl 0.006 | hit/swing 60% dj/min 31.3 blk/min 0.1 abiHit 17 supHit 91 | sovereign 6/8 self 9/11 easy 1/1 expert 12/12 idle 3/3 medium 2/2 hard 1/1 | roll 1.2s upd 13.8s
[brain] it 1734 [league 70%] R/ep 8.74 ent 2.32 kl 0.005 | hit/swing 61% dj/min 31.7 blk/min 0.1 abiHit 6 supHit 98 | self 11/16 expert 13/13 easy 1/1 hard 3/3 sovereign 7/8 idle 2/2 medium 2/2 | roll 1.3s upd 14.1s
[brain] it 1735 [league 71%] R/ep 6.66 ent 2.44 kl 0.008 | hit/swing 50% dj/min 33.5 blk/min 0.2 abiHit 25 supHit 85 | hard 2/2 expert 8/9 idle 3/3 self 7/17 sovereign 6/8 easy 2/2 | roll 1.3s upd 13.8s
[brain] it 1736 [league 68%] R/ep 6.28 ent 2.31 kl 0.006 | hit/swing 58% dj/min 30.9 blk/min 0.1 abiHit 14 supHit 85 | expert 9/9 self 9/19 easy 2/2 sovereign 2/5 medium 2/2 idle 3/3 hard 1/1 | roll 1.3s upd 12.9s
[brain] it 1737 [league 68%] R/ep 6.99 ent 2.40 kl 0.006 | hit/swing 59% dj/min 34.1 blk/min 0.1 abiHit 16 supHit 91 | self 6/15 expert 10/11 hard 3/3 idle 1/1 easy 4/4 sovereign 6/8 | roll 1.4s upd 13.5s
[brain] it 1738 [league 69%] R/ep 5.78 ent 2.54 kl 0.007 | hit/swing 46% dj/min 37.8 blk/min 0.1 abiHit 35 supHit 67 | expert 8/9 self 5/12 sovereign 6/8 easy 1/1 hard 1/1 medium 3/3 | roll 1.2s upd 12.9s
[brain] it 1739 [league 68%] R/ep 2.95 ent 2.54 kl 0.006 | hit/swing 40% dj/min 37.1 blk/min 0.2 abiHit 16 supHit 66 | easy 1/1 expert 6/8 self 7/13 sovereign 5/11 hard 1/1 medium 1/1 | roll 1.4s upd 14.0s
[brain] it 1740 [league 71%] R/ep 7.93 ent 2.35 kl 0.007 | hit/swing 57% dj/min 33.9 blk/min 0.0 abiHit 19 supHit 85 | expert 12/12 sovereign 10/13 self 8/12 medium 3/3 hard 1/1 | roll 1.3s upd 14.9s
[brain] it 1741 [league 69%] R/ep 5.65 ent 2.32 kl 0.007 | hit/swing 57% dj/min 32.4 blk/min 0.0 abiHit 14 supHit 100 | expert 8/8 self 15/24 sovereign 7/10 medium 1/1 hard 1/1 | roll 1.5s upd 13.7s
[brain] it 1742 [league 69%] R/ep 8.21 ent 2.39 kl 0.006 | hit/swing 57% dj/min 32.6 blk/min 0.0 abiHit 19 supHit 74 | expert 15/16 idle 3/3 self 6/13 medium 2/2 hard 1/1 sovereign 1/3 | roll 1.3s upd 13.3s
[brain] it 1743 [league 69%] R/ep 7.83 ent 2.48 kl 0.006 | hit/swing 57% dj/min 36.6 blk/min 0.0 abiHit 18 supHit 76 | self 6/14 easy 1/1 expert 10/10 idle 1/1 sovereign 4/4 hard 6/6 medium 1/1 | roll 1.3s upd 13.5s
[brain] it 1744 [league 71%] R/ep 4.34 ent 2.28 kl 0.006 | hit/swing 55% dj/min 29.5 blk/min 0.2 abiHit 12 supHit 101 | self 19/25 expert 6/7 medium 2/2 sovereign 5/7 easy 1/1 | roll 1.4s upd 13.2s
[brain] it 1745 [league 73%] R/ep 5.84 ent 2.37 kl 0.005 | hit/swing 57% dj/min 32.2 blk/min 0.1 abiHit 11 supHit 97 | sovereign 12/12 self 7/18 expert 8/9 hard 2/2 medium 1/1 | roll 1.4s upd 13.5s
[brain] it 1746 [league 74%] R/ep 7.00 ent 2.43 kl 0.008 | hit/swing 52% dj/min 34.1 blk/min 0.1 abiHit 17 supHit 77 | sovereign 10/11 self 6/15 hard 4/4 expert 5/5 medium 4/4 | roll 1.4s upd 13.5s
[brain] it 1747 [league 75%] R/ep 7.94 ent 2.45 kl 0.007 | hit/swing 49% dj/min 35.6 blk/min 0.5 abiHit 24 supHit 73 | self 13/17 expert 14/15 sovereign 4/5 medium 1/1 easy 1/1 | roll 1.3s upd 14.0s
[brain] it 1748 [league 77%] R/ep 7.75 ent 2.38 kl 0.005 | hit/swing 53% dj/min 32.4 blk/min 0.0 abiHit 26 supHit 94 | self 6/15 expert 6/6 sovereign 9/10 medium 5/5 hard 1/1 easy 2/2 idle 2/2 | roll 1.4s upd 13.4s
[brain] it 1749 [league 79%] R/ep 8.33 ent 2.41 kl 0.007 | hit/swing 51% dj/min 35.7 blk/min 0.2 abiHit 18 supHit 75 | hard 3/3 expert 10/10 easy 2/2 self 9/15 idle 1/1 medium 1/1 sovereign 3/3 | roll 1.3s upd 14.8s
[brain] it 1750 [league 78%] R/ep 6.01 ent 2.46 kl 0.007 | hit/swing 50% dj/min 35.4 blk/min 0.0 abiHit 23 supHit 72 | self 11/18 expert 6/7 idle 1/1 sovereign 5/7 hard 1/1 medium 1/1 easy 1/1 | roll 1.3s upd 13.2s
[brain] it 1751 [league 80%] R/ep 6.65 ent 2.41 kl 0.005 | hit/swing 55% dj/min 33.3 blk/min 0.0 abiHit 19 supHit 78 | hard 1/1 self 10/15 sovereign 8/9 expert 8/11 medium 2/2 easy 1/1 | roll 1.2s upd 12.5s
[brain] it 1752 [league 83%] R/ep 7.99 ent 2.27 kl 0.007 | hit/swing 62% dj/min 31.9 blk/min 0.1 abiHit 12 supHit 92 | expert 14/15 self 10/18 sovereign 6/7 easy 1/1 medium 2/2 idle 1/1 | roll 1.2s upd 12.7s
[brain] it 1753 [league 85%] R/ep 6.93 ent 2.19 kl 0.006 | hit/swing 59% dj/min 28.0 blk/min 0.0 abiHit 6 supHit 94 | self 15/19 idle 3/3 sovereign 9/10 expert 7/8 easy 1/1 | roll 1.3s upd 13.0s
[brain] it 1754 [league 85%] R/ep 9.48 ent 2.25 kl 0.007 | hit/swing 56% dj/min 30.8 blk/min 0.1 abiHit 13 supHit 102 | sovereign 6/8 expert 9/9 self 15/18 easy 4/4 medium 2/2 idle 2/2 hard 1/1 | roll 1.2s upd 12.7s
[brain] it 1755 [league 86%] R/ep 8.53 ent 2.18 kl 0.007 | hit/swing 62% dj/min 29.9 blk/min 0.1 abiHit 7 supHit 116 | sovereign 6/8 self 13/17 medium 3/3 easy 4/4 expert 11/12 hard 3/3 | roll 1.3s upd 13.7s
[brain] it 1756 [league 85%] R/ep 5.07 ent 2.44 kl 0.006 | hit/swing 45% dj/min 35.1 blk/min 0.1 abiHit 16 supHit 73 | sovereign 2/4 self 6/17 expert 10/10 medium 2/2 idle 2/2 easy 1/1 | roll 1.3s upd 14.1s
[brain] it 1757 [league 82%] R/ep 6.97 ent 2.31 kl 0.005 | hit/swing 56% dj/min 31.8 blk/min 0.0 abiHit 14 supHit 96 | self 9/16 sovereign 5/9 expert 13/13 hard 2/2 idle 1/1 medium 1/1 easy 1/1 | roll 1.4s upd 13.4s
[brain] it 1758 [league 81%] R/ep 8.15 ent 2.21 kl 0.005 | hit/swing 62% dj/min 30.0 blk/min 0.1 abiHit 11 supHit 116 | self 11/18 medium 1/1 hard 3/3 sovereign 10/11 expert 13/13 easy 1/1 idle 1/1 | roll 1.3s upd 13.2s
[brain] it 1759 [league 81%] R/ep 9.52 ent 2.35 kl 0.007 | hit/swing 55% dj/min 32.7 blk/min 0.0 abiHit 19 supHit 83 | expert 11/11 self 9/15 sovereign 3/4 hard 2/2 idle 3/3 easy 6/6 | roll 1.1s upd 12.5s
[brain] it 1760 [league 79%] R/ep 6.22 ent 2.36 kl 0.007 | hit/swing 53% dj/min 29.9 blk/min 0.0 abiHit 12 supHit 79 | self 6/14 expert 7/7 easy 1/1 sovereign 6/8 idle 3/3 medium 1/1 hard 1/1 | roll 1.2s upd 18.0s
[brain] it 1761 [league 77%] R/ep 6.33 ent 2.46 kl 0.007 | hit/swing 50% dj/min 34.5 blk/min 0.5 abiHit 9 supHit 85 | expert 9/9 sovereign 6/10 hard 2/2 self 8/15 idle 2/2 medium 1/1 easy 1/1 | roll 1.6s upd 15.9s
[brain] it 1762 [league 76%] R/ep 5.18 ent 2.40 kl 0.006 | hit/swing 53% dj/min 35.3 blk/min 0.2 abiHit 14 supHit 70 | expert 8/11 self 8/14 sovereign 6/8 medium 1/1 idle 2/2 | roll 1.5s upd 14.8s
[brain] it 1763 [league 74%] R/ep 6.34 ent 2.34 kl 0.006 | hit/swing 50% dj/min 33.9 blk/min 0.1 abiHit 16 supHit 89 | self 14/20 medium 4/4 hard 3/3 sovereign 5/9 expert 5/5 easy 1/1 | roll 1.4s upd 14.1s
[brain] it 1764 [league 74%] R/ep 5.47 ent 2.36 kl 0.006 | hit/swing 51% dj/min 32.4 blk/min 0.1 abiHit 35 supHit 73 | self 6/14 expert 6/8 idle 2/2 sovereign 3/3 hard 2/2 medium 3/3 easy 3/3 | roll 1.2s upd 14.1s
[brain] it 1765 [league 72%] R/ep 9.18 ent 2.31 kl 0.006 | hit/swing 61% dj/min 32.4 blk/min 0.0 abiHit 14 supHit 86 | sovereign 3/6 expert 10/10 hard 2/2 self 11/16 medium 2/2 idle 3/3 easy 1/1 | roll 1.3s upd 13.8s
[brain] it 1766 [league 71%] R/ep 7.89 ent 2.42 kl 0.006 | hit/swing 54% dj/min 35.5 blk/min 0.0 abiHit 29 supHit 89 | idle 3/3 self 9/13 sovereign 10/12 expert 8/9 easy 3/3 | roll 1.2s upd 15.0s
[brain] it 1767 [league 72%] R/ep 7.25 ent 2.43 kl 0.004 | hit/swing 48% dj/min 34.6 blk/min 0.1 abiHit 35 supHit 69 | expert 10/10 sovereign 7/8 self 8/15 idle 3/3 hard 1/1 | roll 1.3s upd 14.7s
[brain] it 1768 [league 73%] R/ep 8.76 ent 2.20 kl 0.007 | hit/swing 62% dj/min 28.7 blk/min 0.0 abiHit 9 supHit 109 | sovereign 8/9 self 10/17 hard 4/4 expert 10/10 medium 2/2 idle 3/3 easy 2/2 | roll 1.3s upd 13.9s
[brain] it 1769 [league 73%] R/ep 3.24 ent 2.42 kl 0.007 | hit/swing 49% dj/min 34.7 blk/min 0.1 abiHit 20 supHit 71 | expert 6/8 hard 3/3 self 6/17 idle 2/2 easy 2/2 sovereign 3/6 medium 1/1 | roll 1.3s upd 13.6s
[brain] it 1770 [league 74%] R/ep 8.74 ent 2.27 kl 0.006 | hit/swing 61% dj/min 31.1 blk/min 0.1 abiHit 6 supHit 99 | self 9/15 expert 10/11 medium 3/3 hard 4/4 idle 2/2 sovereign 4/6 easy 4/4 | roll 1.4s upd 13.5s
[brain] it 1771 [league 71%] R/ep 6.86 ent 2.32 kl 0.005 | hit/swing 57% dj/min 32.6 blk/min 0.1 abiHit 13 supHit 95 | expert 12/12 sovereign 9/14 self 5/10 easy 3/3 medium 3/3 | roll 1.2s upd 14.3s
[brain] it 1772 [league 70%] R/ep 6.14 ent 2.39 kl 0.006 | hit/swing 53% dj/min 34.8 blk/min 0.0 abiHit 21 supHit 72 | expert 13/13 sovereign 4/7 medium 2/2 self 6/15 easy 1/1 hard 3/3 | roll 1.3s upd 16.2s
[brain] it 1773 [league 70%] R/ep 4.41 ent 2.36 kl 0.005 | hit/swing 55% dj/min 32.5 blk/min 0.1 abiHit 23 supHit 82 | expert 9/9 self 4/15 sovereign 6/10 medium 3/3 hard 4/4 easy 1/1 idle 1/1 | roll 1.4s upd 14.5s
[brain] it 1774 [league 70%] R/ep 9.18 ent 2.34 kl 0.006 | hit/swing 60% dj/min 33.1 blk/min 0.0 abiHit 17 supHit 90 | sovereign 6/8 self 9/13 expert 11/12 hard 4/4 easy 3/3 idle 2/2 medium 1/1 | roll 1.2s upd 14.4s
[brain] it 1775 [league 71%] R/ep 7.23 ent 2.27 kl 0.007 | hit/swing 61% dj/min 32.2 blk/min 0.3 abiHit 16 supHit 100 | sovereign 7/9 self 14/21 hard 2/2 medium 3/3 expert 8/8 idle 3/3 | roll 1.3s upd 13.0s
[brain] it 1776 [league 69%] R/ep 7.05 ent 2.21 kl 0.007 | hit/swing 61% dj/min 29.1 blk/min 0.1 abiHit 13 supHit 101 | sovereign 4/8 self 9/18 hard 3/3 expert 7/7 idle 3/3 medium 2/2 easy 2/2 | roll 1.3s upd 13.3s
[brain] it 1777 [league 70%] R/ep 7.06 ent 2.54 kl 0.007 | hit/swing 53% dj/min 37.4 blk/min 0.1 abiHit 16 supHit 70 | sovereign 8/10 expert 8/8 self 9/13 easy 1/1 medium 2/2 hard 1/1 | roll 1.3s upd 13.6s
[brain] it 1778 [league 69%] R/ep 8.62 ent 2.33 kl 0.006 | hit/swing 51% dj/min 33.1 blk/min 0.1 abiHit 34 supHit 79 | sovereign 4/6 idle 3/3 expert 8/9 self 13/16 medium 1/1 hard 1/1 easy 1/1 | roll 1.2s upd 12.3s
[brain] it 1779 [league 67%] R/ep 4.25 ent 2.38 kl 0.007 | hit/swing 48% dj/min 33.8 blk/min 0.3 abiHit 16 supHit 89 | sovereign 3/6 expert 9/12 self 6/17 easy 1/1 medium 4/4 idle 1/1 hard 1/1 | roll 1.3s upd 13.2s
[brain] it 1780 [league 67%] R/ep 8.16 ent 2.47 kl 0.006 | hit/swing 50% dj/min 37.6 blk/min 0.1 abiHit 31 supHit 79 | self 5/12 medium 5/5 expert 12/12 sovereign 5/5 idle 1/1 | roll 1.4s upd 13.5s
[brain] it 1781 [league 66%] R/ep 9.29 ent 2.44 kl 0.007 | hit/swing 58% dj/min 35.2 blk/min 0.1 abiHit 11 supHit 76 | idle 3/3 expert 10/10 self 5/5 sovereign 9/15 hard 3/3 medium 3/3 easy 2/2 | roll 1.3s upd 13.5s
[brain] it 1782 [league 68%] R/ep 7.73 ent 2.46 kl 0.008 | hit/swing 51% dj/min 36.4 blk/min 0.0 abiHit 21 supHit 74 | easy 2/2 expert 8/11 hard 2/2 self 12/16 idle 1/1 sovereign 4/4 | roll 1.3s upd 13.3s
[brain] it 1783 [league 68%] R/ep 7.30 ent 2.45 kl 0.006 | hit/swing 51% dj/min 35.4 blk/min 0.1 abiHit 17 supHit 68 | self 9/15 hard 1/1 expert 9/9 medium 2/2 easy 2/2 idle 1/1 sovereign 2/3 | roll 1.2s upd 19.4s
[brain] it 1784 [league 67%] R/ep 7.98 ent 2.35 kl 0.006 | hit/swing 58% dj/min 31.5 blk/min 0.0 abiHit 26 supHit 94 | sovereign 4/7 self 15/20 expert 9/9 medium 2/2 hard 1/1 easy 2/2 | roll 1.3s upd 14.8s
[brain] it 1785 [league 70%] R/ep 8.09 ent 2.45 kl 0.007 | hit/swing 54% dj/min 35.1 blk/min 0.2 abiHit 9 supHit 80 | expert 11/11 hard 2/2 self 9/15 sovereign 6/6 easy 1/1 idle 1/1 | roll 1.3s upd 13.6s
[brain] it 1786 [league 71%] R/ep 8.62 ent 2.34 kl 0.006 | hit/swing 58% dj/min 31.8 blk/min 0.0 abiHit 16 supHit 88 | idle 3/3 self 5/13 hard 3/3 sovereign 6/7 medium 2/2 easy 2/2 expert 10/10 | roll 1.2s upd 14.7s
[brain] it 1787 [league 72%] R/ep 7.40 ent 2.43 kl 0.007 | hit/swing 52% dj/min 34.5 blk/min 0.2 abiHit 13 supHit 77 | expert 5/6 self 14/18 easy 2/2 sovereign 3/5 idle 2/2 medium 2/2 | roll 1.3s upd 14.0s
[brain] it 1788 [league 73%] R/ep 7.39 ent 2.25 kl 0.006 | hit/swing 60% dj/min 28.2 blk/min 0.2 abiHit 11 supHit 81 | easy 4/4 self 8/16 medium 1/1 sovereign 6/7 expert 8/9 idle 3/3 hard 2/2 | roll 1.2s upd 12.1s
[brain] it 1789 [league 72%] R/ep 7.23 ent 2.55 kl 0.006 | hit/swing 54% dj/min 36.9 blk/min 0.1 abiHit 14 supHit 75 | self 7/11 expert 13/13 sovereign 5/8 hard 1/1 medium 1/1 easy 2/2 | roll 1.3s upd 20.2s
[brain] it 1790 [league 73%] R/ep 7.90 ent 2.32 kl 0.007 | hit/swing 59% dj/min 32.5 blk/min 0.0 abiHit 22 supHit 91 | self 10/14 expert 12/12 easy 2/2 hard 4/4 sovereign 6/8 medium 1/1 | roll 1.5s upd 16.9s
[brain] it 1791 [league 74%] R/ep 6.87 ent 2.29 kl 0.007 | hit/swing 60% dj/min 31.0 blk/min 0.3 abiHit 10 supHit 95 | self 12/16 sovereign 10/12 hard 2/2 expert 8/8 idle 2/2 easy 1/1 | roll 1.3s upd 13.8s
[brain] it 1792 [league 73%] R/ep 4.14 ent 2.31 kl 0.006 | hit/swing 52% dj/min 32.3 blk/min 0.3 abiHit 7 supHit 95 | medium 1/1 expert 6/6 self 7/21 easy 1/1 sovereign 4/7 hard 5/5 idle 1/1 | roll 1.5s upd 13.8s
[brain] it 1793 [league 72%] R/ep 7.70 ent 2.25 kl 0.005 | hit/swing 62% dj/min 30.4 blk/min 0.1 abiHit 10 supHit 100 | self 13/17 expert 9/10 sovereign 6/10 hard 1/1 easy 2/2 idle 3/3 medium 1/1 | roll 1.3s upd 14.5s
[brain] it 1794 [league 73%] R/ep 8.90 ent 2.24 kl 0.006 | hit/swing 61% dj/min 32.4 blk/min 0.3 abiHit 20 supHit 95 | expert 11/11 easy 5/5 self 10/16 sovereign 3/5 medium 4/4 hard 4/4 idle 1/1 | roll 1.3s upd 12.3s
[brain] it 1795 [league 75%] R/ep 8.31 ent 2.27 kl 0.005 | hit/swing 58% dj/min 32.1 blk/min 0.2 abiHit 5 supHit 100 | self 9/17 sovereign 6/7 medium 5/5 expert 8/8 hard 3/3 easy 2/2 idle 2/2 | roll 1.3s upd 13.8s
[brain] it 1796 [league 74%] R/ep 7.57 ent 2.35 kl 0.007 | hit/swing 52% dj/min 34.8 blk/min 0.1 abiHit 14 supHit 89 | sovereign 10/12 expert 11/11 self 6/12 medium 4/4 hard 1/1 | roll 1.2s upd 13.8s
[brain] it 1797 [league 74%] R/ep 5.88 ent 2.43 kl 0.007 | hit/swing 48% dj/min 35.2 blk/min 0.1 abiHit 16 supHit 76 | sovereign 2/5 self 10/17 easy 2/2 expert 3/5 hard 1/1 idle 4/4 | roll 1.3s upd 13.9s
[brain] it 1798 [league 73%] R/ep 7.29 ent 2.22 kl 0.006 | hit/swing 60% dj/min 29.7 blk/min 0.1 abiHit 10 supHit 91 | self 7/17 expert 15/15 sovereign 4/5 medium 2/2 idle 1/1 easy 3/3 | roll 1.2s upd 12.2s
[brain] it 1799 [league 73%] R/ep 9.10 ent 2.30 kl 0.007 | hit/swing 57% dj/min 33.3 blk/min 0.0 abiHit 22 supHit 98 | medium 4/4 expert 12/13 self 8/13 sovereign 8/9 easy 1/1 hard 1/1 idle 3/3 | roll 1.3s upd 16.3s
[brain] it 1800 [league 71%] R/ep 7.41 ent 2.23 kl 0.006 | hit/swing 62% dj/min 30.4 blk/min 0.2 abiHit 11 supHit 94 | sovereign 7/12 idle 2/2 expert 10/10 self 8/15 medium 4/4 hard 1/1 easy 1/1 | roll 1.4s upd 12.2s
[brain] it 1801 [league 74%] R/ep 8.61 ent 2.14 kl 0.007 | hit/swing 63% dj/min 28.4 blk/min 0.0 abiHit 8 supHit 73 | hard 3/3 easy 3/3 self 7/12 expert 5/5 sovereign 7/7 medium 1/1 | roll 5.6s upd 9.4s
[brain] it 1802 [league 74%] R/ep 7.78 ent 2.20 kl 0.007 | hit/swing 55% dj/min 31.7 blk/min 0.2 abiHit 10 supHit 79 | idle 1/1 sovereign 7/9 self 9/13 expert 8/8 medium 1/1 | roll 5.1s upd 9.2s
[brain] it 1803 [league 73%] R/ep 8.02 ent 2.15 kl 0.006 | hit/swing 56% dj/min 29.2 blk/min 0.4 abiHit 17 supHit 72 | self 10/14 idle 1/1 expert 7/7 sovereign 5/6 hard 1/1 easy 2/2 | roll 5.1s upd 9.2s
[brain] it 1804 [league 74%] R/ep 10.49 ent 2.25 kl 0.006 | hit/swing 61% dj/min 31.7 blk/min 0.0 abiHit 11 supHit 97 | hard 2/2 self 4/10 expert 18/19 idle 4/4 sovereign 5/6 medium 2/2 easy 1/1 | roll 1.6s upd 15.8s
[brain] it 1805 [league 76%] R/ep 7.43 ent 2.25 kl 0.007 | hit/swing 57% dj/min 31.1 blk/min 0.3 abiHit 16 supHit 95 | sovereign 11/12 self 11/17 expert 6/6 idle 4/4 medium 2/2 easy 1/1 hard 1/1 | roll 1.4s upd 13.6s
[brain] it 1806 [league 80%] R/ep 10.47 ent 2.40 kl 0.007 | hit/swing 52% dj/min 34.6 blk/min 0.1 abiHit 33 supHit 80 | self 9/14 sovereign 6/6 expert 11/11 idle 2/2 easy 1/1 medium 2/2 hard 1/1 | roll 1.2s upd 13.4s
[brain] it 1807 [league 79%] R/ep 6.26 ent 2.30 kl 0.006 | hit/swing 56% dj/min 32.0 blk/min 0.2 abiHit 17 supHit 87 | hard 5/5 self 10/19 sovereign 3/6 expert 7/7 idle 1/1 easy 1/1 | roll 1.3s upd 12.6s
[brain] it 1808 [league 79%] R/ep 5.86 ent 2.41 kl 0.006 | hit/swing 51% dj/min 35.2 blk/min 0.0 abiHit 17 supHit 67 | self 9/16 expert 7/7 sovereign 4/5 easy 4/4 medium 1/1 idle 1/1 | roll 1.5s upd 13.0s
[brain] it 1809 [league 78%] R/ep 5.76 ent 2.32 kl 0.006 | hit/swing 53% dj/min 32.9 blk/min 0.1 abiHit 13 supHit 89 | self 9/16 sovereign 9/12 hard 3/3 expert 7/8 idle 1/1 easy 1/1 medium 1/1 | roll 1.3s upd 12.2s
[brain] it 1810 [league 82%] R/ep 8.02 ent 2.52 kl 0.006 | hit/swing 40% dj/min 37.7 blk/min 0.2 abiHit 49 supHit 70 | sovereign 6/6 self 6/13 expert 10/10 easy 4/4 hard 1/1 idle 1/1 | roll 1.3s upd 13.3s
[brain] it 1811 [league 80%] R/ep 8.18 ent 2.27 kl 0.006 | hit/swing 63% dj/min 32.5 blk/min 0.3 abiHit 7 supHit 90 | expert 12/13 self 9/16 idle 1/1 sovereign 5/7 hard 2/2 medium 2/2 easy 1/1 | roll 1.2s upd 26.3s
[brain] it 1812 [league 82%] R/ep 4.80 ent 2.33 kl 0.006 | hit/swing 52% dj/min 33.6 blk/min 0.2 abiHit 13 supHit 95 | expert 8/10 self 11/20 hard 2/2 sovereign 8/9 medium 1/1 | roll 1.5s upd 13.5s
[brain] it 1813 [league 84%] R/ep 8.67 ent 2.48 kl 0.005 | hit/swing 49% dj/min 37.3 blk/min 0.2 abiHit 24 supHit 81 | self 6/12 expert 10/10 sovereign 7/8 hard 1/1 idle 2/2 medium 2/2 easy 1/1 | roll 1.2s upd 13.6s
[brain] it 1814 [league 83%] R/ep 6.62 ent 2.25 kl 0.007 | hit/swing 57% dj/min 30.7 blk/min 0.1 abiHit 5 supHit 101 | sovereign 10/11 expert 9/10 self 6/15 idle 3/3 medium 3/3 hard 1/1 | roll 1.4s upd 13.6s
[brain] it 1815 [league 84%] R/ep 6.83 ent 2.27 kl 0.006 | hit/swing 51% dj/min 33.4 blk/min 0.1 abiHit 28 supHit 94 | self 12/18 easy 1/1 medium 2/2 sovereign 9/11 idle 1/1 expert 6/6 hard 2/2 | roll 1.2s upd 13.8s
[brain] it 1816 [league 82%] R/ep 6.36 ent 2.39 kl 0.007 | hit/swing 46% dj/min 33.9 blk/min 0.1 abiHit 43 supHit 70 | expert 13/14 medium 1/1 self 5/10 idle 2/2 sovereign 4/7 hard 1/1 | roll 1.2s upd 13.3s
[brain] it 1817 [league 80%] R/ep 4.87 ent 2.24 kl 0.004 | hit/swing 52% dj/min 33.0 blk/min 0.1 abiHit 22 supHit 101 | self 9/22 sovereign 8/10 expert 8/8 idle 1/1 medium 1/1 hard 2/2 | roll 1.3s upd 13.3s
[brain] it 1818 [league 79%] R/ep 5.76 ent 2.21 kl 0.007 | hit/swing 55% dj/min 31.3 blk/min 0.3 abiHit 17 supHit 96 | self 17/23 idle 2/2 expert 7/8 sovereign 6/8 medium 1/1 easy 1/1 | roll 1.4s upd 13.5s
[brain] it 1819 [league 79%] R/ep 9.09 ent 2.28 kl 0.008 | hit/swing 60% dj/min 31.2 blk/min 0.2 abiHit 15 supHit 88 | idle 3/3 expert 6/6 self 12/19 medium 3/3 hard 3/3 sovereign 3/5 easy 3/3 | roll 1.3s upd 12.8s
[brain] it 1820 [league 79%] R/ep 6.85 ent 2.28 kl 0.006 | hit/swing 51% dj/min 33.4 blk/min 0.5 abiHit 22 supHit 82 | easy 1/1 self 12/21 sovereign 4/6 idle 2/2 expert 7/7 medium 3/3 hard 1/1 | roll 1.3s upd 13.1s
[brain] it 1821 [league 79%] R/ep 9.04 ent 2.33 kl 0.006 | hit/swing 52% dj/min 34.2 blk/min 0.1 abiHit 16 supHit 89 | self 10/14 easy 3/3 idle 3/3 expert 8/9 hard 4/4 medium 1/1 sovereign 5/7 | roll 1.4s upd 13.4s
[brain] it 1822 [league 79%] R/ep 6.64 ent 2.29 kl 0.006 | hit/swing 50% dj/min 31.9 blk/min 0.3 abiHit 23 supHit 97 | self 14/22 idle 2/2 sovereign 9/10 expert 7/7 medium 2/2 hard 1/1 | roll 1.5s upd 19.5s
[brain] it 1823 [league 77%] R/ep 7.41 ent 2.20 kl 0.007 | hit/swing 63% dj/min 28.5 blk/min 0.1 abiHit 12 supHit 104 | medium 3/3 expert 14/14 self 7/14 sovereign 9/14 idle 1/1 easy 1/1 hard 1/1 | roll 1.4s upd 13.7s
[brain] it 1824 [league 76%] R/ep 6.70 ent 2.33 kl 0.006 | hit/swing 56% dj/min 33.5 blk/min 0.0 abiHit 23 supHit 94 | sovereign 9/11 self 7/16 expert 8/10 medium 2/2 idle 1/1 easy 4/4 hard 1/1 | roll 1.3s upd 14.2s
[brain] it 1825 [league 74%] R/ep 7.49 ent 2.26 kl 0.008 | hit/swing 60% dj/min 32.2 blk/min 0.1 abiHit 10 supHit 94 | self 9/17 hard 4/4 easy 4/4 idle 2/2 sovereign 4/6 expert 8/8 medium 3/3 | roll 1.4s upd 13.2s
[brain] it 1826 [league 73%] R/ep 5.41 ent 2.50 kl 0.004 | hit/swing 50% dj/min 36.3 blk/min 0.2 abiHit 36 supHit 75 | sovereign 4/7 expert 7/8 self 7/15 idle 2/2 hard 1/1 easy 1/1 | roll 1.3s upd 13.1s
[brain] it 1827 [league 75%] R/ep 8.64 ent 2.30 kl 0.005 | hit/swing 54% dj/min 33.9 blk/min 0.0 abiHit 30 supHit 98 | sovereign 10/11 expert 11/12 self 12/15 medium 2/2 idle 1/1 easy 1/1 | roll 1.2s upd 14.2s
[brain] it 1828 [league 75%] R/ep 6.72 ent 2.33 kl 0.005 | hit/swing 57% dj/min 31.9 blk/min 0.2 abiHit 29 supHit 88 | medium 3/3 expert 9/10 self 12/20 sovereign 7/9 idle 3/3 | roll 1.4s upd 14.7s
[brain] it 1829 [league 74%] R/ep 6.08 ent 2.35 kl 0.007 | hit/swing 52% dj/min 31.6 blk/min 0.1 abiHit 21 supHit 86 | expert 10/10 easy 2/2 self 8/17 sovereign 6/8 idle 3/3 | roll 1.3s upd 12.3s
[brain] it 1830 [league 75%] R/ep 6.39 ent 2.33 kl 0.006 | hit/swing 55% dj/min 32.9 blk/min 0.2 abiHit 19 supHit 90 | expert 11/11 self 11/19 sovereign 6/8 medium 1/1 hard 1/1 | roll 1.3s upd 13.7s
[brain] it 1831 [league 75%] R/ep 5.88 ent 2.31 kl 0.005 | hit/swing 53% dj/min 30.8 blk/min 0.2 abiHit 28 supHit 91 | self 12/21 expert 11/11 sovereign 4/5 idle 1/1 medium 1/1 hard 1/1 | roll 1.4s upd 20.7s
[brain] it 1832 [league 75%] R/ep 6.96 ent 2.41 kl 0.006 | hit/swing 48% dj/min 34.6 blk/min 0.2 abiHit 23 supHit 75 | self 12/18 expert 6/7 easy 1/1 hard 2/2 sovereign 3/5 medium 3/3 idle 1/1 | roll 1.9s upd 26.3s
[brain] it 1833 [league 75%] R/ep 7.66 ent 2.35 kl 0.007 | hit/swing 53% dj/min 32.9 blk/min 0.3 abiHit 32 supHit 82 | easy 2/2 expert 14/14 sovereign 8/10 self 3/9 medium 1/1 idle 3/3 hard 1/1 | roll 1.6s upd 31.0s
[brain] it 1834 [league 74%] R/ep 5.78 ent 2.42 kl 0.008 | hit/swing 46% dj/min 36.8 blk/min 0.1 abiHit 27 supHit 69 | self 9/15 sovereign 3/5 hard 3/3 expert 6/8 | roll 1.7s upd 21.0s
[brain] it 1835 [league 75%] R/ep 6.82 ent 2.35 kl 0.006 | hit/swing 55% dj/min 33.1 blk/min 0.3 abiHit 27 supHit 92 | self 7/17 expert 14/14 hard 1/1 easy 3/3 sovereign 4/6 idle 1/1 | roll 1.6s upd 26.8s
[brain] it 1836 [league 76%] R/ep 8.45 ent 2.34 kl 0.006 | hit/swing 51% dj/min 32.8 blk/min 0.1 abiHit 35 supHit 76 | expert 10/10 self 7/15 sovereign 7/8 hard 2/2 medium 2/2 idle 3/3 | roll 1.6s upd 24.9s
[brain] it 1837 [league 76%] R/ep 6.19 ent 2.43 kl 0.006 | hit/swing 50% dj/min 38.3 blk/min 0.1 abiHit 23 supHit 73 | easy 3/3 expert 7/8 self 9/16 sovereign 4/6 hard 1/1 medium 1/1 | roll 1.6s upd 24.7s
[brain] it 1838 [league 76%] R/ep 7.68 ent 2.20 kl 0.005 | hit/swing 61% dj/min 29.7 blk/min 0.3 abiHit 7 supHit 114 | sovereign 9/11 hard 2/2 expert 12/12 self 10/17 medium 3/3 easy 2/2 | roll 1.5s upd 18.9s
[brain] it 1839 [league 76%] R/ep 7.64 ent 2.30 kl 0.006 | hit/swing 56% dj/min 32.0 blk/min 0.2 abiHit 15 supHit 96 | self 12/19 easy 3/3 sovereign 4/7 medium 2/2 expert 8/8 hard 2/2 idle 1/1 | roll 1.5s upd 21.8s
[brain] it 1840 [league 76%] R/ep 6.39 ent 2.33 kl 0.006 | hit/swing 58% dj/min 32.5 blk/min 0.2 abiHit 10 supHit 95 | sovereign 9/10 self 13/21 expert 9/9 hard 1/1 idle 1/1 medium 1/1 | roll 1.5s upd 21.8s
[brain] it 1841 [league 75%] R/ep 7.45 ent 2.37 kl 0.007 | hit/swing 53% dj/min 33.3 blk/min 0.2 abiHit 17 supHit 94 | easy 4/4 sovereign 10/14 idle 2/2 expert 5/6 self 11/14 | roll 1.5s upd 22.4s
[brain] it 1842 [league 73%] R/ep 8.00 ent 2.42 kl 0.006 | hit/swing 50% dj/min 35.5 blk/min 0.2 abiHit 31 supHit 89 | hard 1/1 sovereign 1/3 expert 6/7 medium 1/1 self 18/21 easy 1/1 idle 3/3 | roll 1.6s upd 21.7s
[brain] it 1843 [league 71%] R/ep 3.78 ent 2.37 kl 0.006 | hit/swing 48% dj/min 35.7 blk/min 0.3 abiHit 18 supHit 94 | idle 2/2 self 4/15 sovereign 9/14 expert 8/8 easy 1/1 | roll 1.5s upd 21.0s
[brain] it 1844 [league 73%] R/ep 8.26 ent 2.35 kl 0.005 | hit/swing 60% dj/min 33.6 blk/min 0.1 abiHit 10 supHit 87 | self 7/13 expert 12/12 sovereign 5/7 easy 6/6 hard 3/3 idle 1/1 medium 1/1 | roll 1.4s upd 19.1s
[brain] it 1845 [league 73%] R/ep 6.03 ent 2.30 kl 0.005 | hit/swing 55% dj/min 32.5 blk/min 0.2 abiHit 4 supHit 93 | self 13/20 sovereign 9/11 idle 2/2 expert 6/7 | roll 1.6s upd 21.1s
[brain] it 1846 [league 76%] R/ep 6.96 ent 2.38 kl 0.005 | hit/swing 51% dj/min 35.5 blk/min 0.0 abiHit 18 supHit 80 | self 13/22 hard 2/2 expert 4/4 sovereign 7/7 idle 2/2 easy 1/1 | roll 1.5s upd 20.4s
[brain] it 1847 [league 75%] R/ep 6.05 ent 2.37 kl 0.006 | hit/swing 54% dj/min 34.9 blk/min 0.1 abiHit 19 supHit 72 | expert 9/10 easy 2/2 sovereign 5/7 self 4/13 medium 3/3 idle 2/2 hard 1/1 | roll 1.4s upd 17.9s
[brain] it 1848 [league 75%] R/ep 5.32 ent 2.41 kl 0.008 | hit/swing 52% dj/min 36.8 blk/min 0.7 abiHit 13 supHit 77 | expert 9/9 self 10/20 sovereign 6/7 hard 2/2 medium 1/1 | roll 1.4s upd 42.0s
[brain] it 1849 [league 75%] R/ep 5.61 ent 2.29 kl 0.006 | hit/swing 53% dj/min 34.2 blk/min 0.1 abiHit 26 supHit 92 | self 9/23 medium 5/5 easy 1/1 expert 7/7 idle 3/3 sovereign 3/4 | roll 2.1s upd 26.8s
[brain] it 1850 [league 75%] R/ep 8.52 ent 2.44 kl 0.005 | hit/swing 56% dj/min 36.6 blk/min 0.0 abiHit 28 supHit 78 | sovereign 6/8 expert 12/13 hard 3/3 self 6/11 easy 1/1 idle 1/1 medium 1/1 | roll 1.5s upd 35.4s
[brain] it 1851 [league 76%] R/ep 8.05 ent 2.38 kl 0.005 | hit/swing 53% dj/min 36.2 blk/min 0.2 abiHit 22 supHit 87 | self 11/16 sovereign 9/11 idle 1/1 expert 9/9 hard 2/2 easy 1/1 medium 1/1 | roll 2.9s upd 18.6s
[brain] it 1852 [league 75%] R/ep 7.58 ent 2.30 kl 0.006 | hit/swing 52% dj/min 33.2 blk/min 0.2 abiHit 14 supHit 99 | sovereign 7/9 expert 9/9 medium 2/2 hard 2/2 self 8/16 idle 1/1 easy 3/3 | roll 1.5s upd 22.8s
[brain] it 1853 [league 77%] R/ep 10.05 ent 2.29 kl 0.007 | hit/swing 59% dj/min 34.1 blk/min 0.1 abiHit 16 supHit 96 | sovereign 10/12 self 9/12 expert 11/11 hard 3/3 idle 1/1 medium 4/4 easy 3/3 | roll 1.6s upd 20.2s
[brain] it 1854 [league 80%] R/ep 5.50 ent 2.40 kl 0.006 | hit/swing 52% dj/min 37.6 blk/min 0.0 abiHit 24 supHit 81 | self 3/14 hard 3/3 sovereign 8/9 expert 9/9 idle 1/1 | roll 1.5s upd 19.6s
[brain] it 1855 [league 83%] R/ep 8.31 ent 2.31 kl 0.006 | hit/swing 56% dj/min 34.6 blk/min 0.3 abiHit 17 supHit 93 | expert 11/12 sovereign 10/11 self 7/14 medium 1/1 easy 1/1 hard 2/2 | roll 1.4s upd 17.6s
[brain] it 1856 [league 84%] R/ep 4.08 ent 2.45 kl 0.005 | hit/swing 45% dj/min 37.7 blk/min 0.1 abiHit 24 supHit 70 | expert 9/10 sovereign 4/4 self 10/19 medium 1/1 | roll 1.6s upd 20.4s
[brain] it 1857 [league 84%] R/ep 9.79 ent 2.32 kl 0.006 | hit/swing 61% dj/min 35.0 blk/min 0.2 abiHit 15 supHit 87 | self 7/12 medium 1/1 easy 4/4 sovereign 6/7 expert 11/12 idle 2/2 hard 1/1 | roll 1.4s upd 19.3s
[brain] it 1858 [league 82%] R/ep 5.16 ent 2.39 kl 0.005 | hit/swing 46% dj/min 35.5 blk/min 0.2 abiHit 27 supHit 74 | sovereign 7/10 self 7/14 expert 5/5 easy 3/3 medium 3/3 | roll 1.6s upd 24.4s
[brain] it 1859 [league 81%] R/ep 6.58 ent 2.33 kl 0.006 | hit/swing 54% dj/min 33.1 blk/min 0.3 abiHit 23 supHit 91 | self 12/19 idle 3/3 medium 3/3 hard 2/2 expert 7/8 sovereign 3/5 easy 2/2 | roll 1.6s upd 25.3s
[brain] it 1860 [league 82%] R/ep 10.18 ent 2.26 kl 0.006 | hit/swing 61% dj/min 33.0 blk/min 0.0 abiHit 6 supHit 90 | expert 16/16 sovereign 8/8 self 9/14 medium 3/3 hard 1/1 idle 1/1 | roll 1.6s upd 19.5s
[brain] it 1861 [league 83%] R/ep 8.88 ent 2.21 kl 0.008 | hit/swing 61% dj/min 29.8 blk/min 0.2 abiHit 11 supHit 98 | easy 3/3 self 11/14 sovereign 7/9 idle 2/2 expert 10/10 medium 1/1 hard 5/5 | roll 1.4s upd 27.1s
[brain] it 1862 [league 80%] R/ep 8.77 ent 2.35 kl 0.007 | hit/swing 55% dj/min 35.7 blk/min 0.1 abiHit 13 supHit 84 | easy 2/2 idle 4/4 expert 8/9 sovereign 5/9 self 7/11 medium 2/2 hard 1/1 | roll 1.8s upd 23.7s
[brain] it 1863 [league 80%] R/ep 8.92 ent 2.33 kl 0.007 | hit/swing 53% dj/min 35.0 blk/min 0.2 abiHit 24 supHit 74 | idle 2/2 self 10/15 expert 13/14 sovereign 4/5 easy 2/2 medium 1/1 | roll 1.9s upd 20.0s
[brain] it 1864 [league 79%] R/ep 7.98 ent 2.46 kl 0.007 | hit/swing 49% dj/min 38.1 blk/min 0.3 abiHit 22 supHit 73 | expert 12/13 sovereign 3/7 self 11/15 hard 2/2 medium 2/2 idle 1/1 | roll 2.0s upd 21.4s
[brain] it 1865 [league 78%] R/ep 6.49 ent 2.34 kl 0.006 | hit/swing 55% dj/min 34.2 blk/min 0.2 abiHit 24 supHit 74 | sovereign 7/8 self 10/16 expert 9/9 hard 1/1 easy 1/1 idle 1/1 medium 1/1 | roll 1.4s upd 19.5s
[brain] it 1866 [league 79%] R/ep 8.70 ent 2.39 kl 0.006 | hit/swing 53% dj/min 35.1 blk/min 0.1 abiHit 16 supHit 87 | sovereign 8/9 self 7/11 expert 11/13 medium 2/2 idle 1/1 easy 1/1 hard 2/2 | roll 1.5s upd 19.3s
[brain] it 1867 [league 77%] R/ep 7.58 ent 2.55 kl 0.008 | hit/swing 46% dj/min 40.3 blk/min 0.1 abiHit 23 supHit 65 | self 9/13 expert 7/8 sovereign 4/7 idle 4/4 hard 2/2 medium 1/1 easy 1/1 | roll 1.6s upd 20.3s
[brain] it 1868 [league 77%] R/ep 7.72 ent 2.22 kl 0.006 | hit/swing 56% dj/min 31.3 blk/min 0.2 abiHit 14 supHit 93 | self 12/20 medium 2/2 idle 1/1 sovereign 5/5 expert 10/10 hard 1/1 easy 2/2 | roll 1.5s upd 18.4s
[brain] it 1869 [league 73%] R/ep 5.98 ent 2.42 kl 0.007 | hit/swing 46% dj/min 38.1 blk/min 0.2 abiHit 17 supHit 63 | sovereign 3/8 hard 1/1 self 11/15 expert 8/9 idle 1/1 | roll 1.6s upd 18.1s
[brain] it 1870 [league 72%] R/ep 8.59 ent 2.40 kl 0.006 | hit/swing 50% dj/min 35.7 blk/min 0.0 abiHit 37 supHit 73 | self 10/14 expert 9/9 sovereign 7/9 medium 3/3 idle 3/3 hard 1/1 | roll 1.5s upd 19.7s
[brain] it 1871 [league 74%] R/ep 9.45 ent 2.35 kl 0.007 | hit/swing 51% dj/min 35.9 blk/min 0.1 abiHit 30 supHit 73 | self 9/13 easy 2/2 medium 3/3 expert 10/11 sovereign 8/8 hard 2/2 | roll 1.6s upd 21.3s
[brain] it 1872 [league 77%] R/ep 8.43 ent 2.29 kl 0.007 | hit/swing 54% dj/min 32.0 blk/min 0.3 abiHit 16 supHit 88 | expert 9/11 self 8/12 sovereign 10/10 medium 2/2 easy 2/2 idle 2/2 | roll 1.5s upd 18.8s
[brain] it 1873 [league 75%] R/ep 8.22 ent 2.20 kl 0.008 | hit/swing 62% dj/min 29.9 blk/min 0.1 abiHit 11 supHit 97 | expert 8/9 sovereign 8/11 self 10/16 hard 4/4 medium 3/3 idle 3/3 easy 2/2 | roll 1.4s upd 28.3s
[brain] it 1874 [league 75%] R/ep 3.82 ent 2.33 kl 0.006 | hit/swing 49% dj/min 34.2 blk/min 0.6 abiHit 27 supHit 86 | self 13/22 expert 6/6 sovereign 6/10 medium 1/1 hard 2/2 | roll 2.0s upd 20.3s
[brain] it 1875 [league 75%] R/ep 9.32 ent 2.43 kl 0.007 | hit/swing 58% dj/min 36.2 blk/min 0.2 abiHit 19 supHit 76 | sovereign 5/7 self 9/12 expert 9/9 idle 2/2 medium 4/4 hard 3/3 easy 2/2 | roll 1.6s upd 21.1s
[brain] it 1876 [league 75%] R/ep 7.03 ent 2.26 kl 0.007 | hit/swing 60% dj/min 31.9 blk/min 0.1 abiHit 15 supHit 85 | self 9/17 hard 5/5 easy 6/6 expert 8/8 sovereign 3/7 idle 1/1 | roll 1.9s upd 20.2s
[brain] it 1877 [league 73%] R/ep 4.58 ent 2.31 kl 0.007 | hit/swing 51% dj/min 34.7 blk/min 0.0 abiHit 6 supHit 84 | self 8/19 sovereign 4/6 expert 14/16 medium 1/1 idle 1/1 | roll 1.6s upd 17.1s
[brain] it 1878 [league 75%] R/ep 6.97 ent 2.33 kl 0.005 | hit/swing 55% dj/min 34.7 blk/min 0.1 abiHit 22 supHit 82 | self 5/13 sovereign 8/8 expert 13/13 medium 1/1 easy 1/1 idle 2/2 | roll 1.6s upd 18.9s
[brain] it 1879 [league 73%] R/ep 7.19 ent 2.39 kl 0.006 | hit/swing 53% dj/min 35.0 blk/min 0.0 abiHit 23 supHit 88 | self 7/14 sovereign 6/10 expert 11/11 idle 1/1 hard 3/3 easy 3/3 medium 1/1 | roll 1.5s upd 20.3s
[brain] it 1880 [league 74%] R/ep 7.80 ent 2.21 kl 0.006 | hit/swing 56% dj/min 28.7 blk/min 0.1 abiHit 14 supHit 88 | self 10/17 expert 10/10 medium 3/3 sovereign 6/7 hard 1/1 idle 2/2 | roll 1.4s upd 17.1s
[brain] it 1881 [league 74%] R/ep 8.15 ent 2.14 kl 0.006 | hit/swing 58% dj/min 28.6 blk/min 0.1 abiHit 13 supHit 97 | self 13/18 expert 7/8 hard 4/4 easy 3/3 sovereign 3/7 idle 2/2 medium 2/2 | roll 1.7s upd 19.8s
[brain] it 1882 [league 72%] R/ep 8.29 ent 2.31 kl 0.006 | hit/swing 58% dj/min 34.2 blk/min 0.1 abiHit 9 supHit 81 | self 7/12 sovereign 6/10 idle 3/3 expert 10/10 hard 3/3 medium 2/2 easy 2/2 | roll 1.6s upd 19.9s
[brain] it 1883 [league 72%] R/ep 10.51 ent 2.20 kl 0.007 | hit/swing 59% dj/min 29.4 blk/min 0.3 abiHit 8 supHit 93 | self 12/16 expert 11/11 sovereign 5/5 hard 4/4 idle 3/3 easy 2/2 medium 1/1 | roll 1.4s upd 18.9s
[brain] it 1884 [league 69%] R/ep 7.61 ent 2.31 kl 0.007 | hit/swing 54% dj/min 33.6 blk/min 0.2 abiHit 24 supHit 79 | self 4/12 expert 13/13 hard 2/2 easy 3/3 idle 3/3 sovereign 5/8 medium 1/1 | roll 1.4s upd 25.2s
[brain] it 1885 [league 68%] R/ep 7.57 ent 2.18 kl 0.007 | hit/swing 56% dj/min 32.1 blk/min 0.1 abiHit 13 supHit 92 | sovereign 7/8 self 10/19 expert 10/10 easy 1/1 idle 2/2 hard 1/1 medium 1/1 | roll 1.6s upd 16.8s
[brain] it 1886 [league 67%] R/ep 5.98 ent 2.17 kl 0.006 | hit/swing 54% dj/min 29.7 blk/min 0.2 abiHit 14 supHit 86 | self 10/19 sovereign 3/7 idle 4/4 easy 3/3 hard 2/2 expert 4/4 medium 1/1 | roll 1.6s upd 18.4s
[brain] it 1887 [league 67%] R/ep 7.57 ent 2.29 kl 0.006 | hit/swing 54% dj/min 34.9 blk/min 0.0 abiHit 18 supHit 92 | self 10/17 expert 12/12 medium 3/3 hard 2/2 sovereign 5/6 idle 1/1 | roll 1.4s upd 18.3s
[brain] it 1888 [league 70%] R/ep 6.43 ent 2.42 kl 0.006 | hit/swing 48% dj/min 37.2 blk/min 0.1 abiHit 26 supHit 70 | sovereign 5/6 expert 9/9 easy 2/2 self 5/14 hard 2/2 medium 2/2 | roll 1.7s upd 22.6s
[brain] it 1889 [league 69%] R/ep 4.90 ent 2.47 kl 0.007 | hit/swing 41% dj/min 38.0 blk/min 0.3 abiHit 29 supHit 62 | expert 8/9 medium 2/2 self 5/14 hard 2/2 sovereign 1/3 idle 1/1 | roll 1.6s upd 18.7s
[brain] it 1890 [league 72%] R/ep 8.47 ent 2.12 kl 0.006 | hit/swing 62% dj/min 27.5 blk/min 0.2 abiHit 16 supHit 95 | medium 3/3 hard 1/1 sovereign 8/9 self 11/18 easy 1/1 idle 3/3 expert 9/9 | roll 1.7s upd 18.2s
[brain] it 1891 [league 72%] R/ep 8.40 ent 2.16 kl 0.006 | hit/swing 57% dj/min 30.2 blk/min 0.2 abiHit 14 supHit 105 | idle 4/4 sovereign 12/14 medium 2/2 expert 8/8 self 7/14 hard 1/1 easy 2/2 | roll 1.5s upd 16.6s
[brain] it 1892 [league 73%] R/ep 5.23 ent 2.28 kl 0.006 | hit/swing 56% dj/min 32.7 blk/min 0.2 abiHit 19 supHit 78 | medium 2/2 self 5/14 sovereign 5/8 expert 9/10 idle 4/4 hard 2/2 | roll 1.5s upd 19.9s
[brain] it 1893 [league 73%] R/ep 8.42 ent 2.10 kl 0.006 | hit/swing 59% dj/min 28.9 blk/min 0.1 abiHit 20 supHit 94 | sovereign 5/6 self 17/22 expert 7/8 idle 3/3 easy 2/2 hard 1/1 medium 2/2 | roll 1.6s upd 23.0s
[brain] it 1894 [league 71%] R/ep 8.00 ent 2.39 kl 0.006 | hit/swing 55% dj/min 35.7 blk/min 0.1 abiHit 12 supHit 72 | expert 14/14 self 7/13 sovereign 1/4 medium 1/1 idle 1/1 easy 2/2 | roll 2.1s upd 25.0s
[brain] it 1895 [league 72%] R/ep 6.83 ent 2.34 kl 0.007 | hit/swing 53% dj/min 34.6 blk/min 0.1 abiHit 16 supHit 78 | expert 6/6 self 9/16 sovereign 5/7 easy 1/1 hard 1/1 medium 4/4 | roll 2.1s upd 20.3s
[brain] it 1896 [league 73%] R/ep 5.99 ent 2.36 kl 0.005 | hit/swing 52% dj/min 35.4 blk/min 0.2 abiHit 19 supHit 81 | hard 2/2 self 14/21 expert 9/9 sovereign 6/9 | roll 1.7s upd 20.3s
[brain] it 1897 [league 72%] R/ep 6.56 ent 2.18 kl 0.006 | hit/swing 58% dj/min 32.0 blk/min 0.1 abiHit 8 supHit 111 | expert 9/9 self 10/16 easy 1/1 sovereign 11/15 hard 2/2 medium 2/2 idle 1/1 | roll 1.6s upd 20.4s
[brain] it 1898 [league 75%] R/ep 7.67 ent 2.19 kl 0.007 | hit/swing 60% dj/min 30.7 blk/min 0.1 abiHit 16 supHit 98 | self 11/16 idle 3/3 expert 11/13 sovereign 8/9 medium 3/3 easy 1/1 hard 1/1 | roll 1.6s upd 22.4s
[brain] it 1899 [league 75%] R/ep 5.62 ent 2.18 kl 0.005 | hit/swing 56% dj/min 30.7 blk/min 0.4 abiHit 17 supHit 85 | expert 11/11 sovereign 3/4 self 8/20 easy 4/4 idle 2/2 medium 1/1 hard 1/1 | roll 1.6s upd 19.0s
[brain] it 1900 [league 75%] R/ep 7.99 ent 2.37 kl 0.006 | hit/swing 52% dj/min 36.6 blk/min 0.1 abiHit 31 supHit 85 | sovereign 9/11 self 7/13 hard 1/1 expert 6/7 medium 3/3 idle 2/2 easy 2/2 | roll 2.0s upd 25.5s
[brain] it 1901 [league 75%] R/ep 6.27 ent 2.30 kl 0.006 | hit/swing 58% dj/min 33.3 blk/min 0.2 abiHit 26 supHit 84 | easy 2/2 self 8/18 expert 9/9 sovereign 6/8 hard 4/4 medium 2/2 | roll 1.9s upd 14.1s
[brain] it 1902 [league 72%] R/ep 6.93 ent 2.24 kl 0.008 | hit/swing 59% dj/min 32.2 blk/min 0.2 abiHit 12 supHit 92 | self 7/16 easy 4/4 hard 1/1 idle 2/2 medium 5/5 expert 8/8 sovereign 4/8 | roll 1.6s upd 14.1s
[brain] it 1903 [league 73%] R/ep 6.35 ent 2.30 kl 0.005 | hit/swing 49% dj/min 34.9 blk/min 0.3 abiHit 15 supHit 72 | expert 7/7 self 11/19 hard 1/1 idle 2/2 sovereign 4/4 easy 1/1 | roll 1.5s upd 14.3s
[brain] it 1904 [league 74%] R/ep 7.76 ent 2.17 kl 0.007 | hit/swing 56% dj/min 30.9 blk/min 0.2 abiHit 11 supHit 102 | easy 1/1 self 15/22 expert 7/7 sovereign 8/10 medium 2/2 hard 2/2 | roll 1.4s upd 13.9s
[brain] it 1905 [league 72%] R/ep 4.91 ent 2.18 kl 0.006 | hit/swing 54% dj/min 32.3 blk/min 0.5 abiHit 20 supHit 86 | idle 2/2 self 12/20 sovereign 6/9 expert 7/7 hard 3/3 | roll 1.4s upd 14.5s
[brain] it 1906 [league 72%] R/ep 7.28 ent 2.29 kl 0.006 | hit/swing 53% dj/min 32.9 blk/min 0.2 abiHit 17 supHit 74 | idle 4/4 expert 9/9 sovereign 2/6 self 12/18 medium 1/1 hard 3/3 | roll 1.4s upd 15.9s
[brain] it 1907 [league 72%] R/ep 6.31 ent 2.35 kl 0.005 | hit/swing 49% dj/min 35.2 blk/min 0.3 abiHit 19 supHit 77 | self 12/22 expert 10/10 hard 1/1 sovereign 2/3 medium 1/1 | roll 1.6s upd 17.8s
[brain] it 1908 [league 75%] R/ep 8.48 ent 2.35 kl 0.005 | hit/swing 56% dj/min 36.7 blk/min 0.3 abiHit 16 supHit 86 | sovereign 11/12 self 7/12 expert 11/11 idle 2/2 easy 1/1 hard 1/1 | roll 1.8s upd 15.2s
[brain] it 1909 [league 73%] R/ep 7.35 ent 2.28 kl 0.009 | hit/swing 58% dj/min 36.6 blk/min 0.1 abiHit 15 supHit 77 | easy 1/1 expert 12/12 self 9/13 sovereign 5/9 hard 2/2 medium 1/1 | roll 1.4s upd 15.8s
[brain] it 1910 [league 72%] R/ep 7.28 ent 2.23 kl 0.008 | hit/swing 54% dj/min 33.1 blk/min 0.2 abiHit 16 supHit 104 | expert 9/10 self 11/18 sovereign 4/7 medium 2/2 idle 2/2 hard 5/5 easy 1/1 | roll 1.5s upd 15.3s
[brain] it 1911 [league 69%] R/ep 6.81 ent 2.12 kl 0.006 | hit/swing 61% dj/min 30.5 blk/min 0.2 abiHit 15 supHit 103 | sovereign 8/13 idle 2/2 self 12/16 expert 8/8 hard 2/2 medium 2/2 easy 1/1 | roll 1.4s upd 13.8s
[brain] it 1912 [league 66%] R/ep 7.63 ent 2.26 kl 0.007 | hit/swing 56% dj/min 32.7 blk/min 0.2 abiHit 16 supHit 85 | self 7/15 expert 12/12 sovereign 5/8 easy 1/1 hard 2/2 medium 3/3 | roll 1.6s upd 15.5s
[brain] it 1913 [league 66%] R/ep 7.35 ent 2.15 kl 0.006 | hit/swing 60% dj/min 31.8 blk/min 0.3 abiHit 10 supHit 101 | self 12/19 hard 2/2 sovereign 7/11 expert 12/12 easy 1/1 idle 2/2 medium 1/1 | roll 1.5s upd 15.4s
[brain] it 1914 [league 69%] R/ep 5.50 ent 2.19 kl 0.007 | hit/swing 53% dj/min 31.5 blk/min 0.2 abiHit 11 supHit 101 | medium 1/1 easy 3/3 sovereign 9/10 self 8/20 idle 2/2 expert 7/8 hard 2/2 | roll 1.4s upd 15.3s
[brain] it 1915 [league 68%] R/ep 4.44 ent 2.36 kl 0.007 | hit/swing 45% dj/min 38.3 blk/min 0.1 abiHit 35 supHit 75 | self 9/16 easy 2/2 expert 7/7 sovereign 6/7 hard 1/1 | roll 1.4s upd 15.7s
[brain] it 1916 [league 71%] R/ep 5.99 ent 2.30 kl 0.006 | hit/swing 58% dj/min 35.9 blk/min 0.1 abiHit 30 supHit 87 | sovereign 7/8 easy 3/3 expert 9/9 hard 1/1 self 8/18 idle 1/1 | roll 1.6s upd 16.3s
[brain] it 1917 [league 75%] R/ep 8.26 ent 2.12 kl 0.005 | hit/swing 64% dj/min 31.7 blk/min 0.0 abiHit 11 supHit 97 | self 8/15 idle 3/3 expert 12/12 hard 2/2 medium 2/2 sovereign 10/11 easy 1/1 | roll 1.5s upd 15.4s
[brain] it 1918 [league 76%] R/ep 6.42 ent 2.21 kl 0.007 | hit/swing 57% dj/min 32.5 blk/min 0.5 abiHit 16 supHit 93 | self 6/18 sovereign 9/10 expert 8/8 idle 2/2 medium 4/4 easy 1/1 | roll 1.5s upd 14.9s
[brain] it 1919 [league 73%] R/ep 8.20 ent 2.24 kl 0.007 | hit/swing 58% dj/min 34.7 blk/min 0.4 abiHit 11 supHit 74 | expert 12/12 sovereign 3/6 idle 3/3 self 12/16 easy 2/2 | roll 1.3s upd 15.3s
[brain] it 1920 [league 75%] R/ep 6.92 ent 2.44 kl 0.005 | hit/swing 45% dj/min 40.7 blk/min 0.3 abiHit 31 supHit 68 | self 10/14 sovereign 6/7 expert 9/10 easy 1/1 medium 1/1 | roll 1.5s upd 15.6s
[brain] it 1921 [league 76%] R/ep 7.54 ent 2.34 kl 0.008 | hit/swing 52% dj/min 35.0 blk/min 0.2 abiHit 27 supHit 65 | hard 2/2 expert 9/9 self 10/16 sovereign 4/5 idle 2/2 medium 1/1 easy 2/2 | roll 1.5s upd 15.4s
[brain] it 1922 [league 77%] R/ep 9.05 ent 2.14 kl 0.006 | hit/swing 59% dj/min 30.1 blk/min 0.3 abiHit 15 supHit 108 | sovereign 6/7 expert 14/14 self 13/18 easy 2/2 hard 1/1 idle 2/2 medium 3/3 | roll 1.6s upd 14.6s
[brain] it 1923 [league 80%] R/ep 6.56 ent 2.23 kl 0.007 | hit/swing 58% dj/min 32.9 blk/min 0.3 abiHit 12 supHit 82 | expert 10/11 sovereign 8/10 hard 2/2 self 5/14 easy 1/1 idle 3/3 | roll 1.4s upd 15.2s
[brain] it 1924 [league 80%] R/ep 8.51 ent 2.35 kl 0.010 | hit/swing 49% dj/min 37.1 blk/min 0.0 abiHit 24 supHit 70 | self 6/11 sovereign 5/8 expert 8/8 idle 1/1 medium 3/3 easy 1/1 hard 3/3 | roll 1.4s upd 14.3s
[brain] it 1925 [league 80%] R/ep 7.04 ent 2.28 kl 0.007 | hit/swing 51% dj/min 36.0 blk/min 0.1 abiHit 27 supHit 80 | self 9/14 expert 8/8 sovereign 3/7 medium 1/1 easy 4/4 hard 3/3 idle 1/1 | roll 1.5s upd 15.6s
[brain] it 1926 [league 79%] R/ep 7.31 ent 2.15 kl 0.007 | hit/swing 58% dj/min 32.1 blk/min 0.0 abiHit 12 supHit 93 | sovereign 7/9 expert 7/7 self 14/19 medium 1/1 idle 2/2 easy 3/3 | roll 1.6s upd 15.8s
[brain] it 1927 [league 76%] R/ep 4.72 ent 2.27 kl 0.008 | hit/swing 54% dj/min 34.9 blk/min 0.4 abiHit 14 supHit 78 | expert 8/9 self 9/16 sovereign 6/10 easy 1/1 medium 3/3 idle 1/1 | roll 1.6s upd 15.0s
[brain] it 1928 [league 75%] R/ep 7.51 ent 2.23 kl 0.007 | hit/swing 53% dj/min 34.7 blk/min 0.2 abiHit 20 supHit 84 | expert 15/15 sovereign 2/3 self 5/15 easy 2/2 medium 1/1 idle 1/1 hard 2/2 | roll 1.6s upd 16.1s
[brain] it 1929 [league 76%] R/ep 9.23 ent 2.18 kl 0.007 | hit/swing 61% dj/min 31.8 blk/min 0.2 abiHit 12 supHit 93 | self 8/15 hard 3/3 sovereign 9/10 expert 10/10 medium 1/1 idle 3/3 easy 3/3 | roll 1.5s upd 15.6s
[brain] it 1930 [league 72%] R/ep 6.15 ent 2.41 kl 0.006 | hit/swing 47% dj/min 37.8 blk/min 0.2 abiHit 30 supHit 63 | expert 11/13 sovereign 2/6 self 7/11 idle 3/3 easy 1/1 | roll 1.4s upd 16.4s
[brain] it 1931 [league 70%] R/ep 5.97 ent 2.27 kl 0.006 | hit/swing 51% dj/min 35.9 blk/min 0.1 abiHit 27 supHit 80 | sovereign 3/5 expert 11/12 self 10/18 idle 2/2 easy 1/1 | roll 1.4s upd 15.5s
[brain] it 1932 [league 70%] R/ep 7.41 ent 2.13 kl 0.007 | hit/swing 60% dj/min 30.6 blk/min 0.2 abiHit 6 supHit 89 | self 13/23 expert 7/7 medium 5/5 hard 1/1 idle 2/2 easy 2/2 sovereign 4/4 | roll 1.4s upd 14.6s
[brain] it 1933 [league 70%] R/ep 9.12 ent 2.32 kl 0.009 | hit/swing 53% dj/min 35.1 blk/min 0.1 abiHit 27 supHit 83 | expert 11/11 self 10/17 sovereign 4/6 idle 4/4 hard 3/3 easy 2/2 medium 2/2 | roll 1.4s upd 14.4s
[brain] it 1934 [league 72%] R/ep 4.85 ent 2.52 kl 0.007 | hit/swing 40% dj/min 38.8 blk/min 0.2 abiHit 39 supHit 59 | sovereign 9/10 self 3/13 expert 5/6 idle 4/4 easy 1/1 | roll 1.6s upd 14.3s
[brain] it 1935 [league 71%] R/ep 9.09 ent 2.22 kl 0.006 | hit/swing 62% dj/min 33.5 blk/min 0.1 abiHit 13 supHit 112 | self 9/15 expert 14/14 sovereign 8/10 medium 4/4 hard 3/3 idle 2/2 easy 1/1 | roll 1.5s upd 14.0s
[brain] it 1936 [league 72%] R/ep 5.76 ent 2.39 kl 0.005 | hit/swing 47% dj/min 35.5 blk/min 0.1 abiHit 25 supHit 76 | hard 2/2 self 4/15 medium 2/2 sovereign 6/6 easy 2/2 expert 8/8 idle 2/2 | roll 1.7s upd 13.9s
[brain] it 1937 [league 72%] R/ep 8.42 ent 2.19 kl 0.007 | hit/swing 55% dj/min 31.9 blk/min 0.2 abiHit 12 supHit 91 | medium 3/3 self 11/20 expert 10/10 idle 1/1 sovereign 3/4 hard 2/2 easy 2/2 | roll 1.4s upd 14.5s
[brain] it 1938 [league 73%] R/ep 6.70 ent 2.24 kl 0.007 | hit/swing 60% dj/min 33.0 blk/min 0.1 abiHit 14 supHit 109 | self 7/15 expert 10/10 hard 4/4 sovereign 8/12 easy 2/2 idle 1/1 medium 1/1 | roll 1.5s upd 13.7s
[brain] it 1939 [league 76%] R/ep 8.39 ent 2.16 kl 0.006 | hit/swing 61% dj/min 29.8 blk/min 0.3 abiHit 14 supHit 101 | self 11/16 expert 14/15 easy 4/4 sovereign 5/5 idle 1/1 hard 2/2 | roll 1.3s upd 13.7s
[brain] it 1940 [league 76%] R/ep 7.00 ent 2.40 kl 0.007 | hit/swing 58% dj/min 35.7 blk/min 0.0 abiHit 30 supHit 77 | self 9/16 idle 1/1 expert 8/8 sovereign 5/6 easy 1/1 medium 3/3 hard 1/1 | roll 1.6s upd 14.2s
[brain] it 1941 [league 80%] R/ep 8.46 ent 2.14 kl 0.006 | hit/swing 60% dj/min 28.7 blk/min 0.4 abiHit 17 supHit 96 | self 9/15 expert 11/11 sovereign 11/11 idle 4/4 easy 1/1 hard 1/1 medium 2/2 | roll 1.5s upd 13.7s
[brain] it 1942 [league 80%] R/ep 7.11 ent 2.21 kl 0.008 | hit/swing 58% dj/min 29.2 blk/min 0.2 abiHit 13 supHit 95 | self 12/21 expert 10/10 sovereign 6/8 idle 3/3 medium 2/2 easy 1/1 | roll 1.7s upd 14.9s
[brain] it 1943 [league 83%] R/ep 9.01 ent 2.23 kl 0.007 | hit/swing 59% dj/min 31.6 blk/min 0.2 abiHit 28 supHit 95 | expert 10/10 medium 2/2 sovereign 10/12 easy 2/2 self 11/14 hard 1/1 idle 2/2 | roll 1.5s upd 13.5s
[brain] it 1944 [league 83%] R/ep 7.98 ent 2.12 kl 0.007 | hit/swing 59% dj/min 29.7 blk/min 0.3 abiHit 10 supHit 113 | self 12/19 expert 14/14 sovereign 7/9 easy 1/1 hard 3/3 idle 1/1 | roll 1.5s upd 14.7s
[brain] it 1945 [league 84%] R/ep 8.45 ent 2.27 kl 0.006 | hit/swing 53% dj/min 31.8 blk/min 0.2 abiHit 31 supHit 80 | self 12/15 expert 10/10 sovereign 6/7 medium 2/2 idle 1/1 hard 1/1 | roll 1.5s upd 14.8s
[brain] it 1946 [league 83%] R/ep 10.64 ent 2.10 kl 0.006 | hit/swing 65% dj/min 26.2 blk/min 0.1 abiHit 15 supHit 95 | self 10/14 hard 1/1 expert 11/11 idle 7/7 sovereign 5/6 medium 3/3 | roll 1.3s upd 14.6s
[brain] it 1947 [league 82%] R/ep 5.38 ent 2.29 kl 0.005 | hit/swing 53% dj/min 30.4 blk/min 0.1 abiHit 13 supHit 82 | easy 3/3 self 8/17 idle 2/2 sovereign 5/8 expert 10/10 hard 1/1 | roll 1.5s upd 13.4s
[brain] it 1948 [league 83%] R/ep 9.01 ent 2.12 kl 0.008 | hit/swing 58% dj/min 27.5 blk/min 0.2 abiHit 12 supHit 102 | self 20/27 sovereign 3/3 medium 2/2 expert 6/6 idle 2/2 hard 3/3 easy 1/1 | roll 1.5s upd 22.0s
[brain] it 1949 [league 81%] R/ep 6.19 ent 2.25 kl 0.006 | hit/swing 56% dj/min 31.9 blk/min 0.5 abiHit 7 supHit 96 | sovereign 6/8 self 11/21 easy 4/4 expert 10/11 medium 1/1 | roll 3.6s upd 70.6s
[brain] it 1950 [league 80%] R/ep 5.74 ent 2.48 kl 0.007 | hit/swing 52% dj/min 36.9 blk/min 0.3 abiHit 12 supHit 73 | self 9/14 sovereign 5/9 hard 4/4 expert 8/9 easy 2/2 idle 1/1 | roll 1.7s upd 14.2s
[brain] it 1951 [league 80%] R/ep 8.86 ent 2.39 kl 0.005 | hit/swing 54% dj/min 35.5 blk/min 0.0 abiHit 3 supHit 52 | medium 2/2 self 5/11 expert 7/7 sovereign 2/2 hard 1/1 easy 1/1 | roll 5.9s upd 9.5s
[brain] it 1952 [league 81%] R/ep 6.45 ent 2.44 kl 0.009 | hit/swing 50% dj/min 35.0 blk/min 0.4 abiHit 14 supHit 49 | hard 4/4 self 2/8 expert 4/5 idle 2/2 medium 1/1 sovereign 3/4 | roll 5.2s upd 10.1s
[brain] it 1953 [league 81%] R/ep 8.68 ent 2.25 kl 0.006 | hit/swing 59% dj/min 31.9 blk/min 0.1 abiHit 6 supHit 76 | self 7/10 sovereign 8/8 medium 3/3 easy 2/2 expert 7/7 | roll 5.5s upd 10.1s
[brain] it 1954 [league 82%] R/ep 9.77 ent 2.26 kl 0.005 | hit/swing 60% dj/min 32.2 blk/min 0.2 abiHit 23 supHit 98 | sovereign 7/7 easy 1/1 hard 4/4 expert 14/14 self 10/15 idle 3/3 | roll 1.8s upd 20.3s
[brain] worker 0 failed (Attempted to use detached Frame '270094FB358712A0DC6BC0641CC18131'.); relaunching
[brain] worker 1 failed (Attempted to use detached Frame '240183EE3C828C97D9CDAD216433B79B'.); relaunching
[brain] worker 2 failed (Attempted to use detached Frame '261115EECDC2F9F2DADAB4DC88C0A587'.); relaunching
[brain] no worker returned data this iteration
[brain] it 1955 [league 80%] R/ep 9.03 ent 2.38 kl 0.006 | hit/swing 53% dj/min 36.7 blk/min 0.0 abiHit 29 supHit 71 | expert 14/14 self 9/11 easy 2/2 sovereign 8/11 idle 1/1 | roll 1.3s upd 15.9s
[brain] it 1956 [league 80%] R/ep 7.35 ent 2.38 kl 0.006 | hit/swing 52% dj/min 34.7 blk/min 0.3 abiHit 23 supHit 84 | self 11/17 expert 9/10 sovereign 6/7 medium 2/2 hard 2/2 idle 1/1 | roll 1.3s upd 14.8s
[brain] it 1957 [league 78%] R/ep 8.43 ent 2.23 kl 0.008 | hit/swing 57% dj/min 30.4 blk/min 0.1 abiHit 11 supHit 105 | easy 3/3 self 12/18 expert 14/14 sovereign 2/5 medium 3/3 hard 1/1 idle 1/1 | roll 1.6s upd 605.9s
[brain] it 1958 [league 78%] R/ep 4.58 ent 2.40 kl 0.005 | hit/swing 50% dj/min 35.4 blk/min 0.1 abiHit 17 supHit 75 | self 6/19 expert 8/8 sovereign 5/6 idle 1/1 easy 1/1 hard 1/1 | roll 3.0s upd 2049.9s
[brain] stopped at iteration 1958; saved to data/brain/
